  Time                 , V(N00099)-V(N00103)  , V(N00115)-V(N00119)  , (V(N00099)+V(N00103))/2, (V(N00115)+V(N00119))/2, V(N00099)            , V(N00103)            , V(N00115)            , V(N00119)            
  0.000000000000e+00  ,4.679516116046e-06  ,3.132488792549e-04  ,8.999624703110e-01  ,8.999389315045e-01  ,8.999648100691e-01  ,8.999601305530e-01  ,9.000955559441e-01  ,8.997823070648e-01  
  1.000000000000e-12  ,4.687213541743e-06  ,3.132488792439e-04  ,8.999624703269e-01  ,8.999389315041e-01  ,8.999648139336e-01  ,8.999601267201e-01  ,9.000955559438e-01  ,8.997823070645e-01  
  2.000000000000e-12  ,4.705035138719e-06  ,3.132488792371e-04  ,8.999624703472e-01  ,8.999389315029e-01  ,8.999648228648e-01  ,8.999601178296e-01  ,9.000955559425e-01  ,8.997823070633e-01  
  3.256012183148e-12  ,4.752595012980e-06  ,3.132488792379e-04  ,8.999624703867e-01  ,8.999389315038e-01  ,8.999648466842e-01  ,8.999600940892e-01  ,9.000955559435e-01  ,8.997823070642e-01  
  5.768036549445e-12  ,4.917830540463e-06  ,3.132488792444e-04  ,8.999624704943e-01  ,8.999389315028e-01  ,8.999649294096e-01  ,8.999600115791e-01  ,9.000955559424e-01  ,8.997823070632e-01  
  1.079208528204e-11  ,5.901689588028e-06  ,3.132488792639e-04  ,8.999624708600e-01  ,8.999389315072e-01  ,8.999654217048e-01  ,8.999595200152e-01  ,9.000955559468e-01  ,8.997823070675e-01  
  1.896007529972e-11  ,1.094664324419e-05  ,3.132488792392e-04  ,8.999624717251e-01  ,8.999389315112e-01  ,8.999679450468e-01  ,8.999569984035e-01  ,9.000955559508e-01  ,8.997823070715e-01  
  3.529605533509e-11  ,4.176513615439e-05  ,3.132488791996e-04  ,8.999624739753e-01  ,8.999389314885e-01  ,8.999833565434e-01  ,8.999415914072e-01  ,9.000955559281e-01  ,8.997823070489e-01  
  6.796801540582e-11  ,2.564922173280e-04  ,3.132488801048e-04  ,8.999624839484e-01  ,8.999389315122e-01  ,9.000907300570e-01  ,8.998342378397e-01  ,9.000955559522e-01  ,8.997823070721e-01  
  1.012627974483e-10  ,7.479681654702e-04  ,3.132488818532e-04  ,8.999625088938e-01  ,8.999389315232e-01  ,9.003364929765e-01  ,8.995885248111e-01  ,9.000955559641e-01  ,8.997823070823e-01  
  1.678523615333e-10  ,2.958589932724e-03  ,3.132492670133e-04  ,8.999626078743e-01  ,8.999389293748e-01  ,9.014419028407e-01  ,8.984833129080e-01  ,9.000955540083e-01  ,8.997823047413e-01  
  2.678531229827e-10  ,9.793067950742e-03  ,3.132617174535e-04  ,8.999628022983e-01  ,8.999389061773e-01  ,9.048593362737e-01  ,8.950662683229e-01  ,9.000955370360e-01  ,8.997822753186e-01  
  3.678538844320e-10  ,2.121554929620e-02  ,3.133624694311e-04  ,8.999630148142e-01  ,8.999388250533e-01  ,9.105707894623e-01  ,8.893552401661e-01  ,9.000955062880e-01  ,8.997821438185e-01  
  4.678546458813e-10  ,3.695740015308e-02  ,3.140366859714e-04  ,8.999632758053e-01  ,8.999382931203e-01  ,9.184419758818e-01  ,8.814845757288e-01  ,9.000953114633e-01  ,8.997812747773e-01  
  5.678554073307e-10  ,5.657295222812e-02  ,3.164129338178e-04  ,8.999635444021e-01  ,8.999358613045e-01  ,9.282500205162e-01  ,8.716770682880e-01  ,9.000940677714e-01  ,8.997776548376e-01  
  6.678561687800e-10  ,7.954673147462e-02  ,3.226068990845e-04  ,8.999637948912e-01  ,8.999287694038e-01  ,9.397371606285e-01  ,8.601904291539e-01  ,9.000900728534e-01  ,8.997674659543e-01  
  7.678569302293e-10  ,1.053585324969e-01  ,3.356418785495e-04  ,8.999640166239e-01  ,8.999139466930e-01  ,9.526432828723e-01  ,8.472847503755e-01  ,9.000817676323e-01  ,8.997461257538e-01  
  8.678576916787e-10  ,1.335229264190e-01  ,3.588125856688e-04  ,8.999642082800e-01  ,8.998897389946e-01  ,9.667256714895e-01  ,8.332027450705e-01  ,9.000691452874e-01  ,8.997103327017e-01  
  9.678584531280e-10  ,1.636080901156e-01  ,3.946615780810e-04  ,8.999643811386e-01  ,8.998570467330e-01  ,9.817684261964e-01  ,8.181603360808e-01  ,9.000543775220e-01  ,8.996597159439e-01  
  1.067859214577e-09  ,1.952409314892e-01  ,4.440478117124e-04  ,8.999645518426e-01  ,8.998190660783e-01  ,9.975850175872e-01  ,8.023440860980e-01  ,9.000410899841e-01  ,8.995970421724e-01  
  1.167859976027e-09  ,2.281045435336e-01  ,5.057708645122e-04  ,8.999647301726e-01  ,8.997798821222e-01  ,1.014017001939e+00  ,7.859124584058e-01  ,9.000327675545e-01  ,8.995269966900e-01  
  1.267860737476e-09  ,2.619321435379e-01  ,5.768960320101e-04  ,8.999649149727e-01  ,8.997427628968e-01  ,1.030930986742e+00  ,7.689988432038e-01  ,9.000312109128e-01  ,8.994543148808e-01  
  1.367861498925e-09  ,2.964999529377e-01  ,6.535653885638e-04  ,8.999650985971e-01  ,8.997089278175e-01  ,1.048215075066e+00  ,7.517151221283e-01  ,9.000357105118e-01  ,8.993821451232e-01  
  1.467862260375e-09  ,3.316202747871e-01  ,7.319073584504e-04  ,8.999652732642e-01  ,8.996771521218e-01  ,1.065775410658e+00  ,7.341551358706e-01  ,9.000431058010e-01  ,8.993111984426e-01  
  1.567863021824e-09  ,3.671353056988e-01  ,8.087077049843e-04  ,8.999654346715e-01  ,8.996441868870e-01  ,1.083533087521e+00  ,7.163977818221e-01  ,9.000485407395e-01  ,8.992398330345e-01  
  1.667863783273e-09  ,4.029118387550e-01  ,8.816756200558e-04  ,8.999655821004e-01  ,8.996057736575e-01  ,1.101421501478e+00  ,6.985096627229e-01  ,9.000466114676e-01  ,8.991649358475e-01  
  1.767864544723e-09  ,4.388368355022e-01  ,9.493209939958e-04  ,8.999657166680e-01  ,8.995579500790e-01  ,1.119384134419e+00  ,6.805472989169e-01  ,9.000326105760e-01  ,8.990832895820e-01  
  1.867865306172e-09  ,4.748137731553e-01  ,1.010593835928e-03  ,8.999658397614e-01  ,8.994982689673e-01  ,1.137372726339e+00  ,6.625589531837e-01  ,9.000035658853e-01  ,8.989929720493e-01  
  1.967866067621e-09  ,5.107596529445e-01  ,1.064496637042e-03  ,8.999659525536e-01  ,8.994265111980e-01  ,1.155345779026e+00  ,6.445861260814e-01  ,8.999587595166e-01  ,8.988942628795e-01  
  2.067866829071e-09  ,5.466025588572e-01  ,1.109853598927e-03  ,8.999660562314e-01  ,8.993445903639e-01  ,1.173267335660e+00  ,6.266647768028e-01  ,8.998995171633e-01  ,8.987896635644e-01  
  2.167867590520e-09  ,5.822796687100e-01  ,1.145322664726e-03  ,8.999661522037e-01  ,8.992556639692e-01  ,1.191105986559e+00  ,6.088263178487e-01  ,8.998283253015e-01  ,8.986830026368e-01  
  2.267868351969e-09  ,6.177356346209e-01  ,1.169615082405e-03  ,8.999662419845e-01  ,8.991628345187e-01  ,1.208834059295e+00  ,5.910984246741e-01  ,8.997476420599e-01  ,8.985780269775e-01  
  2.367869113419e-09  ,6.529212644322e-01  ,1.181800303718e-03  ,8.999663269300e-01  ,8.990680189540e-01  ,1.226426959146e+00  ,5.735056947139e-01  ,8.996589191058e-01  ,8.984771188021e-01  
  2.467869874868e-09  ,6.877924482545e-01  ,1.181555705992e-03  ,8.999664080974e-01  ,8.989714655492e-01  ,1.243862632225e+00  ,5.560701839701e-01  ,8.995622434022e-01  ,8.983806876962e-01  
  2.567870636317e-09  ,7.223092847871e-01  ,1.169266750724e-03  ,8.999664862857e-01  ,8.988720668916e-01  ,1.261121128679e+00  ,5.388118438922e-01  ,8.994567002670e-01  ,8.982874335163e-01  
  2.667871397767e-09  ,7.564353705567e-01  ,1.145960608633e-03  ,8.999665621307e-01  ,8.987682437132e-01  ,1.278184247409e+00  ,5.217488768524e-01  ,8.993412240175e-01  ,8.981952634088e-01  
  2.767872159216e-09  ,7.901372220466e-01  ,1.113124945712e-03  ,8.999666361282e-01  ,8.986589455911e-01  ,1.295035247151e+00  ,5.048980251049e-01  ,8.992155080640e-01  ,8.981023831183e-01  
  2.867872920665e-09  ,8.233838062295e-01  ,1.072496017780e-03  ,8.999667085885e-01  ,8.985443207975e-01  ,1.311658611703e+00  ,4.882748054737e-01  ,8.990805688064e-01  ,8.980080727886e-01  
  2.967873682115e-09  ,8.561461595624e-01  ,1.025890442361e-03  ,8.999667796144e-01  ,8.984258115424e-01  ,1.328039859396e+00  ,4.718936998332e-01  ,8.989387567636e-01  ,8.979128663213e-01  
  3.067874443564e-09  ,8.883970792123e-01  ,9.751162346285e-04  ,8.999668491666e-01  ,8.983057090953e-01  ,1.344165388773e+00  ,4.557683095604e-01  ,8.987932672126e-01  ,8.978181509780e-01  
  3.167875205013e-09  ,9.201108732801e-01  ,9.219538397314e-04  ,8.999669171903e-01  ,8.981864216344e-01  ,1.360022353830e+00  ,4.399114805503e-01  ,8.986473985542e-01  ,8.977254447145e-01  
  3.267875966463e-09  ,9.512631591858e-01  ,8.681679676945e-04  ,8.999669837142e-01  ,8.980697853740e-01  ,1.375598563307e+00  ,4.243354041212e-01  ,8.985038693578e-01  ,8.976357013901e-01  
  3.367876727912e-09  ,9.818307013061e-01  ,8.155063941663e-04  ,8.999670488531e-01  ,8.979566821165e-01  ,1.390882399506e+00  ,4.090516982001e-01  ,8.983644353136e-01  ,8.975489289195e-01  
  3.467877489361e-09  ,1.011791280545e+00  ,7.656595795248e-04  ,8.999671127214e-01  ,8.978470682621e-01  ,1.405862752994e+00  ,3.940714724491e-01  ,8.982298980519e-01  ,8.974642384724e-01  
  3.567878250811e-09  ,1.041123589856e+00  ,7.201823584113e-04  ,8.999671753207e-01  ,8.977403478601e-01  ,1.420528970249e+00  ,3.794053803924e-01  ,8.981004390393e-01  ,8.973802566809e-01  
  3.667879012260e-09  ,1.069807150884e+00  ,6.804011822527e-04  ,8.999672364794e-01  ,8.976359007332e-01  ,1.434870811921e+00  ,3.650636610375e-01  ,8.979761013243e-01  ,8.972957001420e-01  
  3.767879773709e-09  ,1.097822247795e+00  ,6.473376077784e-04  ,8.999672958778e-01  ,8.975335416487e-01  ,1.448878419775e+00  ,3.510561719800e-01  ,8.978572104526e-01  ,8.972098728448e-01  
  3.867880535159e-09  ,1.125149875162e+00  ,6.216698872368e-04  ,8.999673531347e-01  ,8.974337392675e-01  ,1.462542290716e+00  ,3.373924155534e-01  ,8.977445742111e-01  ,8.971229043238e-01  
  3.967881296608e-09  ,1.151771697273e+00  ,6.037364565991e-04  ,8.999674079057e-01  ,8.973375357219e-01  ,1.475853256542e+00  ,3.240815592693e-01  ,8.976394039502e-01  ,8.970356674936e-01  
  4.067882058057e-09  ,1.177670016732e+00  ,5.935679815560e-04  ,8.999674599413e-01  ,8.972462320215e-01  ,1.488802468307e+00  ,3.111324515752e-01  ,8.975430160122e-01  ,8.969494480307e-01  
  4.167882819507e-09  ,1.202827750570e+00  ,5.909265214469e-04  ,8.999675090883e-01  ,8.971609917454e-01  ,1.501381384373e+00  ,2.985536338033e-01  ,8.974564550061e-01  ,8.968655284847e-01  
  4.267883580956e-09  ,1.227228412390e+00  ,5.953338992332e-04  ,8.999675552497e-01  ,8.970825329443e-01  ,1.513581761445e+00  ,2.863533490546e-01  ,8.973801998939e-01  ,8.967848659946e-01  
  4.367884342405e-09  ,1.250856099390e+00  ,6.060832504089e-04  ,8.999675983341e-01  ,8.970110234087e-01  ,1.525395648029e+00  ,2.745395486393e-01  ,8.973140650339e-01  ,8.967079817835e-01  
  4.467885103855e-09  ,1.273695483298e+00  ,6.222412159534e-04  ,8.999676382227e-01  ,8.969461964380e-01  ,1.536815379871e+00  ,2.631198965739e-01  ,8.972573170460e-01  ,8.966350758301e-01  
  4.567885865304e-09  ,1.295731804468e+00  ,6.426566571670e-04  ,8.999676747641e-01  ,8.968876094135e-01  ,1.547833576998e+00  ,2.521017725299e-01  ,8.972089377421e-01  ,8.965662810850e-01  
  4.667886626753e-09  ,1.316950868485e+00  ,6.659914470724e-04  ,8.999677077918e-01  ,8.968349173562e-01  ,1.558443142035e+00  ,2.414922735491e-01  ,8.971679130797e-01  ,8.965019216327e-01  
  4.767887388203e-09  ,1.337339044741e+00  ,6.907804684261e-04  ,8.999677371493e-01  ,8.967880454177e-01  ,1.568637259520e+00  ,2.312982147788e-01  ,8.971334356519e-01  ,8.964426551835e-01  
  4.867888149652e-09  ,1.356883266548e+00  ,7.155156512618e-04  ,8.999677627119e-01  ,8.967472047474e-01  ,1.578409395986e+00  ,2.215261294381e-01  ,8.971049625731e-01  ,8.963894469218e-01  
  4.967888911102e-09  ,1.375571032422e+00  ,7.387384136698e-04  ,8.999677843996e-01  ,8.967127715449e-01  ,1.587753300611e+00  ,2.121822681885e-01  ,8.970821407517e-01  ,8.963434023381e-01  
  5.067889672551e-09  ,1.393390408271e+00  ,7.591208456219e-04  ,8.999678021794e-01  ,8.966851035790e-01  ,1.596663006315e+00  ,2.032725980437e-01  ,8.970646640018e-01  ,8.963055431562e-01  
  5.167890434000e-09  ,1.410330030265e+00  ,7.755200086645e-04  ,8.999678160602e-01  ,8.966643815050e-01  ,1.605132831193e+00  ,1.948028009278e-01  ,8.970521415093e-01  ,8.962766215006e-01  
  5.267891195450e-09  ,1.426379108224e+00  ,7.869998672031e-04  ,8.999678260823e-01  ,8.966505356827e-01  ,1.613157380194e+00  ,1.867782719701e-01  ,8.970440356163e-01  ,8.962570357491e-01  
  5.367891956899e-09  ,1.441527429372e+00  ,7.928270965069e-04  ,8.999678323024e-01  ,8.966432720778e-01  ,1.620731546988e+00  ,1.792041176164e-01  ,8.970396856261e-01  ,8.962468585296e-01  
  5.467892718348e-09  ,1.455765362293e+00  ,7.924552797062e-04  ,8.999678347773e-01  ,8.966421676184e-01  ,1.627850515924e+00  ,1.720851536309e-01  ,8.970383952583e-01  ,8.962459399786e-01  
  5.567893479798e-09  ,1.469083860979e+00  ,7.855134453122e-04  ,8.999678335495e-01  ,8.966467836687e-01  ,1.634509764039e+00  ,1.654259030601e-01  ,8.970395403914e-01  ,8.962540269461e-01  
  5.667894241247e-09  ,1.481474468853e+00  ,7.718092301762e-04  ,8.999678286408e-01  ,8.966567504932e-01  ,1.640705063067e+00  ,1.592305942144e-01  ,8.970426551083e-01  ,8.962708458781e-01  
  5.767895002696e-09  ,1.492929322695e+00  ,7.513469998426e-04  ,8.999678200545e-01  ,8.966717980716e-01  ,1.646432481402e+00  ,1.535031587068e-01  ,8.970474715715e-01  ,8.962961245717e-01  
  5.867895764146e-09  ,1.503441156432e+00  ,7.243515866389e-04  ,8.999678077862e-01  ,8.966917358073e-01  ,1.651688386002e+00  ,1.482472295702e-01  ,8.970539116006e-01  ,8.963295600139e-01  
  5.967896525595e-09  ,1.513003304753e+00  ,6.912831631476e-04  ,8.999677918365e-01  ,8.967164032615e-01  ,1.656469444213e+00  ,1.434661394600e-01  ,8.970620448431e-01  ,8.963707616799e-01  
  6.067897287044e-09  ,1.521609706546e+00  ,6.528302412063e-04  ,8.999677722213e-01  ,8.967456199148e-01  ,1.660772625495e+00  ,1.391629189481e-01  ,8.970720350354e-01  ,8.964192047942e-01  
  6.167898048494e-09  ,1.529254908112e+00  ,6.098749960961e-04  ,8.999677489719e-01  ,8.967791551133e-01  ,1.664595203028e+00  ,1.353402949157e-01  ,8.970840926114e-01  ,8.964742176153e-01  
  6.267898809943e-09  ,1.535934066123e+00  ,5.634347625050e-04  ,8.999677221262e-01  ,8.968167257591e-01  ,1.667934755188e+00  ,1.320006890647e-01  ,8.970984431404e-01  ,8.965350083779e-01  
  6.367899571392e-09  ,1.541642950290e+00  ,5.145914843204e-04  ,8.999676917150e-01  ,8.968580161504e-01  ,1.670789166860e+00  ,1.291462165698e-01  ,8.971153118925e-01  ,8.966007204082e-01  
  6.467900332842e-09  ,1.546377945707e+00  ,4.644239700079e-04  ,8.999676577492e-01  ,8.969027069203e-01  ,1.673156630603e+00  ,1.267786848959e-01  ,8.971349189053e-01  ,8.966704949353e-01  
  6.567901094291e-09  ,1.550136054841e+00  ,4.139551263888e-04  ,8.999676202157e-01  ,8.969504998827e-01  ,1.675035647636e+00  ,1.248995927951e-01  ,8.971574774459e-01  ,8.967435223195e-01  
  6.667901855740e-09  ,1.552914899181e+00  ,3.641194940400e-04  ,8.999675790824e-01  ,8.970011309983e-01  ,1.676425028673e+00  ,1.235101294917e-01  ,8.971831907454e-01  ,8.968190712513e-01  
  6.767902617190e-09  ,1.554712720525e+00  ,3.157485393781e-04  ,8.999675343128e-01  ,8.970543709579e-01  ,1.677323894575e+00  ,1.226111740505e-01  ,8.972122452276e-01  ,8.968964966882e-01  
  6.867903378639e-09  ,1.555528381919e+00  ,2.695655252458e-04  ,8.999674858814e-01  ,8.971100183856e-01  ,1.677731676841e+00  ,1.222032949220e-01  ,8.972448011482e-01  ,8.969752356230e-01  
  6.967904140088e-09  ,1.555361368253e+00  ,2.261803721176e-04  ,8.999674337861e-01  ,8.971678923111e-01  ,1.677648117913e+00  ,1.222867496597e-01  ,8.972809824972e-01  ,8.970548021251e-01  
  7.067904901538e-09  ,1.554211786490e+00  ,1.860777776141e-04  ,8.999673780525e-01  ,8.972278283987e-01  ,1.677073271298e+00  ,1.228614848073e-01  ,8.973208672875e-01  ,8.971347895099e-01  
  7.167905662987e-09  ,1.552080365537e+00  ,1.495972887555e-04  ,8.999673187304e-01  ,8.972896792993e-01  ,1.676007501499e+00  ,1.239271359618e-01  ,8.973644779437e-01  ,8.972148806549e-01  
  7.267906424436e-09  ,1.548968455731e+00  ,1.169094944909e-04  ,8.999672558866e-01  ,8.973533159247e-01  ,1.674451483752e+00  ,1.254830280210e-01  ,8.974117706719e-01  ,8.972948611774e-01  
  7.367907185886e-09  ,1.544878027949e+00  ,8.799579733487e-05  ,8.999671895971e-01  ,8.974186253784e-01  ,1.672406203571e+00  ,1.275281756228e-01  ,8.974626232770e-01  ,8.973746274797e-01  
  7.467907947335e-09  ,1.539811672325e+00  ,6.263925437000e-05  ,8.999671199439e-01  ,8.974855031835e-01  ,1.669872956106e+00  ,1.300612837815e-01  ,8.975168228107e-01  ,8.974541835563e-01  
  7.567908708784e-09  ,1.533772596586e+00  ,4.043108924323e-05  ,8.999670470162e-01  ,8.975538411622e-01  ,1.666853345309e+00  ,1.330807487233e-01  ,8.975740567068e-01  ,8.975336256175e-01  
  7.667909470234e-09  ,1.526764623998e+00  ,2.079308567493e-05  ,8.999669709150e-01  ,8.976235157091e-01  ,1.663349282914e+00  ,1.365846589161e-01  ,8.976339122519e-01  ,8.976131191662e-01  
  7.767910231683e-09  ,1.518792190935e+00  ,3.011968296329e-06  ,8.999668917581e-01  ,8.976943822331e-01  ,1.659362987226e+00  ,1.405707962906e-01  ,8.976958882172e-01  ,8.976928762489e-01  
  7.867910993132e-09  ,1.509860344071e+00  ,-1.372052121273e-05  ,8.999668096837e-01  ,8.977662793808e-01  ,1.654896981719e+00  ,1.450366376481e-01  ,8.977594191201e-01  ,8.977731396414e-01  
  7.967911754582e-09  ,1.499974737191e+00  ,-3.026825994945e-05  ,8.999667248488e-01  ,8.978390421710e-01  ,1.649954093444e+00  ,1.499793562535e-01  ,8.978239080410e-01  ,8.978541763010e-01  
  8.067912516031e-09  ,1.489141627629e+00  ,-4.751667172620e-05  ,8.999666374246e-01  ,8.979125185375e-01  ,1.644537451239e+00  ,1.553958236102e-01  ,8.978887602017e-01  ,8.979362768734e-01  
  8.167913277480e-09  ,1.477367872333e+00  ,-6.634572908948e-05  ,8.999665475891e-01  ,8.979865814308e-01  ,1.638650483756e+00  ,1.612826114224e-01  ,8.979534085662e-01  ,8.980197542953e-01  
  8.267914038930e-09  ,1.464660923551e+00  ,-8.760917984540e-05  ,8.999664555181e-01  ,8.980611299979e-01  ,1.632296917294e+00  ,1.676359937424e-01  ,8.980173254080e-01  ,8.981049345878e-01  
  8.367914800379e-09  ,1.451028824141e+00  ,-1.121175508357e-04  ,8.999663613787e-01  ,8.981360780577e-01  ,1.625480773449e+00  ,1.744519493084e-01  ,8.980800192822e-01  ,8.981921368331e-01  
  8.467915561828e-09  ,1.436480202503e+00  ,-1.406222614414e-04  ,8.999662653232e-01  ,8.982113340398e-01  ,1.618206366575e+00  ,1.817261640716e-01  ,8.981410229091e-01  ,8.982816451705e-01  
  8.567916323278e-09  ,1.421024267149e+00  ,-1.737991375016e-04  ,8.999661674871e-01  ,8.982867809259e-01  ,1.610478301062e+00  ,1.894540339125e-01  ,8.981998813572e-01  ,8.983736804947e-01  
  8.667917084727e-09  ,1.404670800888e+00  ,-2.122311875811e-04  ,8.999660679880e-01  ,8.983622653387e-01  ,1.602301468432e+00  ,1.976306675439e-01  ,8.982561497449e-01  ,8.984683809325e-01  
  8.767917846176e-09  ,1.387430154659e+00  ,-2.563920221528e-04  ,8.999659669264e-01  ,8.984376013294e-01  ,1.593681044256e+00  ,2.062508895967e-01  ,8.983094053183e-01  ,8.985657973405e-01  
  8.867918607626e-09  ,1.369313241004e+00  ,-3.066322386809e-04  ,8.999658643865e-01  ,8.985125881742e-01  ,1.584622484888e+00  ,2.153092438848e-01  ,8.983592720549e-01  ,8.986659042935e-01  
  8.967919369075e-09  ,1.350331527182e+00  ,-3.631712215874e-04  ,8.999657604362e-01  ,8.985870354200e-01  ,1.575131524027e+00  ,2.247999968450e-01  ,8.984054498092e-01  ,8.987686210308e-01  
  9.067920130524e-09  ,1.330497027950e+00  ,-4.260961746847e-04  ,8.999656551257e-01  ,8.986607852906e-01  ,1.565214169101e+00  ,2.347171411507e-01  ,8.984477372032e-01  ,8.988738333779e-01  
  9.167920891974e-09  ,1.309822297978e+00  ,-4.953690900980e-04  ,8.999655484863e-01  ,8.987337237464e-01  ,1.554876697475e+00  ,2.450543994973e-01  ,8.984860392013e-01  ,8.989814082914e-01  
  9.267921653423e-09  ,1.288320423933e+00  ,-5.708411227848e-04  ,8.999654405286e-01  ,8.988057764022e-01  ,1.544125652495e+00  ,2.558052285618e-01  ,8.985203558408e-01  ,8.990911969636e-01  
  9.367922414872e-09  ,1.266005016217e+00  ,-6.522728081458e-04  ,8.999653312424e-01  ,8.988768918810e-01  ,1.532967839351e+00  ,2.669628231336e-01  ,8.985507554770e-01  ,8.992030282851e-01  
  9.467923176322e-09  ,1.242890200363e+00  ,-7.393579431216e-04  ,8.999652205990e-01  ,8.989470202284e-01  ,1.521410320780e+00  ,2.785201204176e-01  ,8.985773412568e-01  ,8.993166991999e-01  
  9.567923937771e-09  ,1.218990608101e+00  ,-8.317488222791e-04  ,8.999651085558e-01  ,8.990160955970e-01  ,1.509460412606e+00  ,2.904698045055e-01  ,8.986002211859e-01  ,8.994319700082e-01  
  9.667924699220e-09  ,1.194321368103e+00  ,-9.290808321931e-04  ,8.999649950624e-01  ,8.990840300537e-01  ,1.497125679114e+00  ,3.028043110111e-01  ,8.986194896376e-01  ,8.995485704698e-01  
  9.767925460670e-09  ,1.168898096405e+00  ,-1.030995028285e-03  ,8.999648800673e-01  ,8.991507202713e-01  ,1.484413928270e+00  ,3.155158318646e-01  ,8.986352227572e-01  ,8.996662177855e-01  
  9.867926222119e-09  ,1.142736886527e+00  ,-1.137158070191e-03  ,8.999647635243e-01  ,8.992160633782e-01  ,1.471333206788e+00  ,3.285963202609e-01  ,8.986474843431e-01  ,8.997846424133e-01  
  9.967926983568e-09  ,1.115854299275e+00  ,-1.247279584454e-03  ,8.999646453963e-01  ,8.992799746600e-01  ,1.457891795034e+00  ,3.420374957589e-01  ,8.986563348678e-01  ,8.999036144522e-01  
  1.006792774502e-08  ,1.088267352262e+00  ,-1.361127486816e-03  ,8.999645256589e-01  ,8.993423994848e-01  ,1.444098201790e+00  ,3.558308495281e-01  ,8.986618357413e-01  ,9.000229632282e-01  
  1.016792850647e-08  ,1.059989203429e+00  ,-1.478571202826e-03  ,8.999644043072e-01  ,8.994033174329e-01  ,1.429959006022e+00  ,3.699698025927e-01  ,8.986640318315e-01  ,9.001426030344e-01  
  1.026792926792e-08  ,1.031045198871e+00  ,-1.599466500994e-03  ,8.999642813423e-01  ,8.994627200273e-01  ,1.415486880778e+00  ,3.844416819070e-01  ,8.986629867768e-01  ,9.002624532778e-01  
  1.036793002937e-08  ,1.001451710366e+00  ,-1.723858733758e-03  ,8.999641567792e-01  ,8.995206179018e-01  ,1.400690011962e+00  ,3.992383015964e-01  ,8.986586885349e-01  ,9.003825472687e-01  
  1.046793079082e-08  ,9.712267413470e-01  ,-1.851886210040e-03  ,8.999640306529e-01  ,8.995770061801e-01  ,1.385577401326e+00  ,4.143506599795e-01  ,8.986510630750e-01  ,9.005029492851e-01  
  1.056793155226e-08  ,9.403891183265e-01  ,-1.983796259878e-03  ,8.999639030232e-01  ,8.996318551778e-01  ,1.370158462186e+00  ,4.297693438600e-01  ,8.986399570478e-01  ,9.006237533077e-01  
  1.066793231371e-08  ,9.089582230385e-01  ,-2.119951093488e-03  ,8.999637739719e-01  ,8.996851098412e-01  ,1.354442885491e+00  ,4.454846624526e-01  ,8.986251342944e-01  ,9.007450853879e-01  
  1.076793307516e-08  ,8.769538896867e-01  ,-2.260826006694e-03  ,8.999636436026e-01  ,8.997366976147e-01  ,1.338440588446e+00  ,4.614866987593e-01  ,8.986062846114e-01  ,9.008671106181e-01  
  1.086793383661e-08  ,8.443963543010e-01  ,-2.407001074714e-03  ,8.999635120413e-01  ,8.997865409139e-01  ,1.322161689192e+00  ,4.777653348908e-01  ,8.985830403766e-01  ,9.009900414513e-01  
  1.096793459806e-08  ,8.113062228317e-01  ,-2.559147585517e-03  ,8.999633794335e-01  ,8.998345688819e-01  ,1.305616490849e+00  ,4.943102680176e-01  ,8.985549950891e-01  ,9.011141426746e-01  
  1.106793535951e-08  ,7.777044476072e-01  ,-2.718010960410e-03  ,8.999632459388e-01  ,8.998807240051e-01  ,1.288815469742e+00  ,5.111110221352e-01  ,8.985217185249e-01  ,9.012397294854e-01  
  1.116793612096e-08  ,7.436123082648e-01  ,-2.884392200357e-03  ,8.999631117261e-01  ,8.999249618214e-01  ,1.271769265858e+00  ,5.281569575937e-01  ,8.984827657212e-01  ,9.013671579216e-01  
  1.126793688241e-08  ,7.090513952175e-01  ,-3.059129728702e-03  ,8.999629769677e-01  ,8.999672450743e-01  ,1.254488674576e+00  ,5.454372793589e-01  ,8.984376802099e-01  ,9.014968099386e-01  
  1.136793764386e-08  ,6.740435945056e-01  ,-3.243082885568e-03  ,8.999628418360e-01  ,9.000075358984e-01  ,1.236984639089e+00  ,5.629410445832e-01  ,8.983859944556e-01  ,9.016290773412e-01  
  1.146793840531e-08  ,6.386110733152e-01  ,-3.437117479257e-03  ,8.999627065012e-01  ,9.000457901241e-01  ,1.219268243159e+00  ,5.806571698436e-01  ,8.983272313844e-01  ,9.017643488637e-01  
  1.156793916676e-08  ,6.027707607907e-01  ,-3.641880431956e-03  ,8.999625710949e-01  ,9.000819697740e-01  ,1.201347951490e+00  ,5.985771906995e-01  ,8.982610295580e-01  ,9.019029099900e-01  
  1.166793992821e-08  ,5.665511772927e-01  ,-3.858437695263e-03  ,8.999624358299e-01  ,9.001160072123e-01  ,1.183238024476e+00  ,6.166868471835e-01  ,8.981867883647e-01  ,9.020452260599e-01  
  1.176794068966e-08  ,5.299792140427e-01  ,-4.087738029165e-03  ,8.999623008700e-01  ,9.001478425777e-01  ,1.164951907891e+00  ,6.349726938487e-01  ,8.981039735631e-01  ,9.021917115923e-01  
  1.186794145111e-08  ,4.930753216209e-01  ,-4.330457584899e-03  ,8.999621663240e-01  ,9.001774506514e-01  ,1.146499827134e+00  ,6.534245055135e-01  ,8.980122218590e-01  ,9.023426794439e-01  
  1.196794221256e-08  ,4.558563446537e-01  ,-4.587119129194e-03  ,8.999620322869e-01  ,9.002048240896e-01  ,1.127890204614e+00  ,6.720338599601e-01  ,8.979112645250e-01  ,9.024983836542e-01  
  1.206794297400e-08  ,4.183548990715e-01  ,-4.858657178389e-03  ,8.999618989151e-01  ,9.002299798702e-01  ,1.109139348451e+00  ,6.907844493794e-01  ,8.978006512810e-01  ,9.026593084594e-01  
  1.216794373545e-08  ,3.805920115003e-01  ,-5.145578041507e-03  ,8.999617662714e-01  ,9.002529626766e-01  ,1.090257772022e+00  ,7.096657605213e-01  ,8.976801736559e-01  ,9.028257516974e-01  
  1.226794449690e-08  ,3.425905651336e-01  ,-5.448375317806e-03  ,8.999616344160e-01  ,9.002738331197e-01  ,1.071256916983e+00  ,7.286663518492e-01  ,8.975496454608e-01  ,9.029980207786e-01  
  1.236794525835e-08  ,3.043741967456e-01  ,-5.767497662455e-03  ,8.999615034047e-01  ,9.002926635832e-01  ,1.052148601777e+00  ,7.477744050319e-01  ,8.974089147520e-01  ,9.031764124145e-01  
  1.246794601980e-08  ,2.659669189121e-01  ,-6.103344546634e-03  ,8.999613732813e-01  ,9.003095361853e-01  ,1.032944832737e+00  ,7.669779138252e-01  ,8.972578639120e-01  ,9.033612084586e-01  
  1.256794678125e-08  ,2.273870342922e-01  ,-6.456187712010e-03  ,8.999612440770e-01  ,9.003245187401e-01  ,1.013654761223e+00  ,7.862677269308e-01  ,8.970964248841e-01  ,9.035526125961e-01  
  1.266794754270e-08  ,1.886693384636e-01  ,-6.826498999113e-03  ,8.999611158317e-01  ,9.003377546303e-01  ,9.942957850635e-01  ,8.056264465999e-01  ,8.969245051307e-01  ,9.037510041298e-01  
  1.276794830415e-08  ,1.498355478561e-01  ,-7.214538401089e-03  ,8.999609885428e-01  ,9.003493552479e-01  ,9.748787624708e-01  ,8.250432146148e-01  ,8.967420860473e-01  ,9.039566244484e-01  
  1.286794906560e-08  ,1.109091847000e-01  ,-7.620583803636e-03  ,8.999608622145e-01  ,9.003594543858e-01  ,9.554154545645e-01  ,8.445062698645e-01  ,8.965491624840e-01  ,9.041697462876e-01  
  1.296794982705e-08  ,7.191445504480e-02  ,-8.044922843439e-03  ,8.999607368600e-01  ,9.003682006110e-01  ,9.359179643824e-01  ,8.640035093376e-01  ,8.963457391893e-01  ,9.043906620327e-01  
  1.306795058850e-08  ,3.287585551392e-02  ,-8.487856768736e-03  ,8.999606124944e-01  ,9.003757496588e-01  ,9.163985402513e-01  ,8.835226847374e-01  ,8.961318212744e-01  ,9.046196780431e-01  
  1.316795134995e-08  ,-6.188007497543e-03  ,-8.949624103637e-03  ,8.999604891352e-01  ,9.003822187898e-01  ,8.968664853865e-01  ,9.030544928840e-01  ,8.959074067380e-01  ,9.048570308416e-01  
  1.326795211140e-08  ,-4.524597827905e-02  ,-9.430646763108e-03  ,8.999603668150e-01  ,9.003877983358e-01  ,8.773373776755e-01  ,9.225833559545e-01  ,8.956724749542e-01  ,9.051031217173e-01  
  1.336795287285e-08  ,-8.426912801466e-02  ,-9.931393199013e-03  ,8.999602455619e-01  ,9.003926460214e-01  ,8.578256815546e-01  ,9.420948095692e-01  ,8.954269494219e-01  ,9.053583426209e-01  
  1.346795363430e-08  ,-1.232357134608e-01  ,-1.045228159685e-02  ,8.999601254073e-01  ,9.003968655504e-01  ,8.383422686769e-01  ,9.615779821377e-01  ,8.951707247520e-01  ,9.056230063488e-01  
  1.356795439574e-08  ,-1.621222109805e-01  ,-1.099381901375e-02  ,8.999600064031e-01  ,9.004005582106e-01  ,8.188989009129e-01  ,9.810211118934e-01  ,8.949036487037e-01  ,9.058974677175e-01  
  1.366795515719e-08  ,-2.009044921079e-01  ,-1.155658932287e-02  ,8.999598886120e-01  ,9.004038163373e-01  ,7.995076425581e-01  ,1.000412134666e+00  ,8.946255216759e-01  ,9.061821109988e-01  
  1.376795591864e-08  ,-2.395582317854e-01  ,-1.214124904054e-02  ,8.999597721030e-01  ,9.004067210847e-01  ,7.801806562103e-01  ,1.019738887996e+00  ,8.943360965645e-01  ,9.064773456050e-01  
  1.386795668009e-08  ,-2.780590705168e-01  ,-1.274852368820e-02  ,8.999596569545e-01  ,9.004093407059e-01  ,7.609301216961e-01  ,1.038989192213e+00  ,8.940350788618e-01  ,9.067836025500e-01  
  1.396795744154e-08  ,-3.163826929010e-01  ,-1.337920302886e-02  ,8.999595432552e-01  ,9.004117283326e-01  ,7.417681968047e-01  ,1.058150889706e+00  ,8.937221268181e-01  ,9.071013298470e-01  
  1.406795820299e-08  ,-3.545048737286e-01  ,-1.403413527664e-02  ,8.999594311001e-01  ,9.004139195871e-01  ,7.227069942359e-01  ,1.077211867964e+00  ,8.933968519488e-01  ,9.074309872254e-01  
  1.416795896444e-08  ,-3.924015090942e-01  ,-1.471422068087e-02  ,8.999593205866e-01  ,9.004159309805e-01  ,7.037585660395e-01  ,1.096160075134e+00  ,8.930588206401e-01  ,9.077730413210e-01  
  1.426795972589e-08  ,-4.300486396061e-01  ,-1.542040467663e-02  ,8.999592118098e-01  ,9.004177600514e-01  ,6.849348920068e-01  ,1.114983531613e+00  ,8.927075577131e-01  ,9.081279623897e-01  
  1.436796048734e-08  ,-4.674224692114e-01  ,-1.615367049980e-02  ,8.999591048611e-01  ,9.004193876740e-01  ,6.662478702554e-01  ,1.133670339467e+00  ,8.923425524241e-01  ,9.084962229239e-01  
  1.446796124879e-08  ,-5.045051371605e-01  ,-1.691477520433e-02  ,8.999589998124e-01  ,9.004207910566e-01  ,6.477064312321e-01  ,1.152211568393e+00  ,8.919634034544e-01  ,9.088781786588e-01  
  1.456796201024e-08  ,-5.412669557280e-01  ,-1.770500014040e-02  ,8.999588967790e-01  ,9.004219246708e-01  ,6.293254189150e-01  ,1.170592374643e+00  ,8.915694246006e-01  ,9.092744247410e-01  
  1.466796277169e-08  ,-5.776808068952e-01  ,-1.852557155575e-02  ,8.999587958431e-01  ,9.004227364935e-01  ,6.111183923955e-01  ,1.188799199291e+00  ,8.911599507156e-01  ,9.096855222714e-01  
  1.476796353314e-08  ,-6.137265065760e-01  ,-1.937741947856e-02  ,8.999586970591e-01  ,9.004231904697e-01  ,5.930954437711e-01  ,1.206821950347e+00  ,8.907344807304e-01  ,9.101119002090e-01  
  1.486796429459e-08  ,-6.493876553380e-01  ,-2.026129221940e-02  ,8.999586004794e-01  ,9.004232600264e-01  ,5.752647728104e-01  ,1.224652428148e+00  ,8.902926139167e-01  ,9.105539061361e-01  
  1.496796505604e-08  ,-6.846329882960e-01  ,-2.117860273755e-02  ,8.999585061882e-01  ,9.004229014797e-01  ,5.576420120402e-01  ,1.242275000336e+00  ,8.898336001109e-01  ,9.110122028484e-01  
  1.506796581748e-08  ,-7.194429310598e-01  ,-2.213021549728e-02  ,8.999584142156e-01  ,9.004220971634e-01  ,5.402369486857e-01  ,1.259679879745e+00  ,8.893569894148e-01  ,9.114872049121e-01  
  1.516796657893e-08  ,-7.537965161855e-01  ,-2.311703634891e-02  ,8.999583245942e-01  ,9.004208359231e-01  ,5.230600665014e-01  ,1.276856582687e+00  ,8.888623177487e-01  ,9.119793540976e-01  
  1.526796734038e-08  ,-7.876724711683e-01  ,-2.413995826680e-02  ,8.999582373597e-01  ,9.004191170721e-01  ,5.061220017755e-01  ,1.293794472944e+00  ,8.883491379387e-01  ,9.124890962055e-01  
  1.536796810183e-08  ,-8.210495932957e-01  ,-2.519984311060e-02  ,8.999581525448e-01  ,9.004169531039e-01  ,4.894333558969e-01  ,1.310482949193e+00  ,8.878170315486e-01  ,9.130168746592e-01  
  1.546796886328e-08  ,-8.539068955627e-01  ,-2.629751617640e-02  ,8.999580701780e-01  ,9.004143714836e-01  ,4.730046223966e-01  ,1.326911517959e+00  ,8.872656133954e-01  ,9.135631295718e-01  
  1.556796962473e-08  ,-8.862236753474e-01  ,-2.743376547873e-02  ,8.999579902856e-01  ,9.004114154548e-01  ,4.568461526119e-01  ,1.343069827959e+00  ,8.866945327154e-01  ,9.141282981941e-01  
  1.566797038618e-08  ,-9.179795536737e-01  ,-2.860934299867e-02  ,8.999579128940e-01  ,9.004081437964e-01  ,4.409681360572e-01  ,1.358947689731e+00  ,8.861034722971e-01  ,9.147128152958e-01  
  1.576797114763e-08  ,-9.491545012083e-01  ,-2.982496708505e-02  ,8.999578380324e-01  ,9.004046295964e-01  ,4.253805874282e-01  ,1.374535088636e+00  ,8.854921460539e-01  ,9.153171131389e-01  
  1.586797190908e-08  ,-9.797288573601e-01  ,-3.108132591792e-02  ,8.999577657341e-01  ,9.004009582942e-01  ,4.100933370540e-01  ,1.389822194414e+00  ,8.848602953352e-01  ,9.159416212531e-01  
  1.596797267053e-08  ,-1.009688023060e+00  ,-3.237891897551e-02  ,8.999576960322e-01  ,9.003972005393e-01  ,3.951136845021e-01  ,1.404801707562e+00  ,8.842077410516e-01  ,9.165866600271e-01  
  1.606797343198e-08  ,-1.039007939191e+00  ,-3.371856051705e-02  ,8.999576289859e-01  ,9.003934810720e-01  ,3.804536593906e-01  ,1.419461598581e+00  ,8.835342008135e-01  ,9.172527613306e-01  
  1.616797419343e-08  ,-1.067669991143e+00  ,-3.510087506176e-02  ,8.999575646454e-01  ,9.003899102727e-01  ,3.661225690738e-01  ,1.433792560217e+00  ,8.828394727418e-01  ,9.179403478036e-01  
  1.626797495488e-08  ,-1.095653298079e+00  ,-3.652658489919e-02  ,8.999575030742e-01  ,9.003866212719e-01  ,3.521308540346e-01  ,1.447784152114e+00  ,8.821233288223e-01  ,9.186499137215e-01  
  1.636797571633e-08  ,-1.122942503302e+00  ,-3.799624497974e-02  ,8.999574443377e-01  ,9.003837161885e-01  ,3.384861926868e-01  ,1.461428695989e+00  ,8.813855936986e-01  ,9.193818386784e-01  
  1.646797647778e-08  ,-1.149521291835e+00  ,-3.951046614522e-02  ,8.999573885127e-01  ,9.003813033634e-01  ,3.251967425953e-01  ,1.474718034430e+00  ,8.806260702908e-01  ,9.201365364360e-01  
  1.656797723922e-08  ,-1.175373284435e+00  ,-4.106988930981e-02  ,8.999573356837e-01  ,9.003794887343e-01  ,3.122706934660e-01  ,1.487643977901e+00  ,8.798445440794e-01  ,9.209144333892e-01  
  1.666797800067e-08  ,-1.200482354191e+00  ,-4.267517906217e-02  ,8.999572859410e-01  ,9.003783707964e-01  ,2.997161088454e-01  ,1.500198463037e+00  ,8.790407812653e-01  ,9.217159603275e-01  
  1.676797876212e-08  ,-1.224832752851e+00  ,-4.432702289892e-02  ,8.999572393787e-01  ,9.003780372487e-01  ,2.875408629534e-01  ,1.512373615804e+00  ,8.782145257993e-01  ,9.225415486982e-01  
  1.686797952357e-08  ,-1.248409170425e+00  ,-4.602613154315e-02  ,8.999571960918e-01  ,9.003785628884e-01  ,2.757526108794e-01  ,1.524161781304e+00  ,8.773654971168e-01  ,9.233916286599e-01  
  1.696798028502e-08  ,-1.271196768309e+00  ,-4.777323888141e-02  ,8.999571561728e-01  ,9.003800086345e-01  ,2.643587720181e-01  ,1.535555540328e+00  ,8.764933891938e-01  ,9.242666280752e-01  
  1.706798104647e-08  ,-1.293184663265e+00  ,-4.956890944498e-02  ,8.999571196902e-01  ,9.003824114342e-01  ,2.533647880577e-01  ,1.546549451323e+00  ,8.755979567118e-01  ,9.251668661567e-01  
  1.716798180792e-08  ,-1.314352943768e+00  ,-5.141423497283e-02  ,8.999570867580e-01  ,9.003858247921e-01  ,2.427806148742e-01  ,1.557133558642e+00  ,8.746787073057e-01  ,9.260929422785e-01  
  1.726798256937e-08  ,-1.334689950508e+00  ,-5.330992742663e-02  ,8.999570574287e-01  ,9.003902641836e-01  ,2.326120821748e-01  ,1.567302032683e+00  ,8.737353004703e-01  ,9.270452278969e-01  
  1.736798333082e-08  ,-1.354186431473e+00  ,-5.525657134343e-02  ,8.999570317430e-01  ,9.003957371758e-01  ,2.228638160066e-01  ,1.577050247479e+00  ,8.727674515041e-01  ,9.280240228475e-01  
  1.746798409227e-08  ,-1.372825216562e+00  ,-5.725530050984e-02  ,8.999570097657e-01  ,9.004022470338e-01  ,2.135444014847e-01  ,1.586369618047e+00  ,8.717745967789e-01  ,9.290298972888e-01  
  1.756798485372e-08  ,-1.390596107357e+00  ,-5.930684645642e-02  ,8.999569915173e-01  ,9.004097824367e-01  ,2.046589378387e-01  ,1.595255045196e+00  ,8.707563592085e-01  ,9.300632056649e-01  
  1.766798561517e-08  ,-1.407491042475e+00  ,-6.141180131958e-02  ,8.999569770089e-01  ,9.004183298207e-01  ,1.962114557714e-01  ,1.603702498246e+00  ,8.697124291609e-01  ,9.311242304805e-01  
  1.776798637662e-08  ,-1.423495142143e+00  ,-6.357129247106e-02  ,8.999569662447e-01  ,9.004278536037e-01  ,1.882093951730e-01  ,1.611704537316e+00  ,8.686422073682e-01  ,9.322134998392e-01  
  1.786798713807e-08  ,-1.438599676753e+00  ,-6.578602071005e-02  ,8.999569592039e-01  ,9.004383210860e-01  ,1.806571208272e-01  ,1.619256797581e+00  ,8.675453107310e-01  ,9.333313314410e-01  
  1.796798789952e-08  ,-1.452797794920e+00  ,-6.805654367368e-02  ,8.999569558644e-01  ,9.004497037142e-01  ,1.735580584042e-01  ,1.626355853325e+00  ,8.664214318774e-01  ,9.344779755510e-01  
  1.806798866096e-08  ,-1.466076961978e+00  ,-7.038390041368e-02  ,8.999569561693e-01  ,9.004619444537e-01  ,1.669184751802e-01  ,1.632995437158e+00  ,8.652699942469e-01  ,9.356538946606e-01  
  1.816798942241e-08  ,-1.478431680482e+00  ,-7.276855946443e-02  ,8.999569600800e-01  ,9.004750156012e-01  ,1.607411198390e-01  ,1.639172800321e+00  ,8.640907358689e-01  ,9.368592953334e-01  
  1.826799018386e-08  ,-1.489851560273e+00  ,-7.521141621259e-02  ,8.999569675094e-01  ,9.004888651740e-01  ,1.550311873731e-01  ,1.644882747646e+00  ,8.628831570677e-01  ,9.380945732803e-01  
  1.836799094531e-08  ,-1.500331896146e+00  ,-7.771288180143e-02  ,8.999569784091e-01  ,9.005034704917e-01  ,1.497910303361e-01  ,1.650122926482e+00  ,8.616470295910e-01  ,9.393599113924e-01  
  1.846799170676e-08  ,-1.509864843404e+00  ,-8.027364340889e-02  ,8.999569926934e-01  ,9.005187948790e-01  ,1.450245709914e-01  ,1.654889414395e+00  ,8.603819731745e-01  ,9.406556165834e-01  
  1.856799246821e-08  ,-1.518443561158e+00  ,-8.289430514144e-02  ,8.999570102743e-01  ,9.005348080099e-01  ,1.407352296954e-01  ,1.659178790853e+00  ,8.590876554392e-01  ,9.419819605806e-01  
  1.866799322966e-08  ,-1.526063466781e+00  ,-8.557527380747e-02  ,8.999570310884e-01  ,9.005514888634e-01  ,1.369252976980e-01  ,1.662988764479e+00  ,8.577638519597e-01  ,9.433391257671e-01  
  1.876799399111e-08  ,-1.532721112001e+00  ,-8.831685572426e-02  ,8.999570550877e-01  ,9.005688207182e-01  ,1.335964990874e-01  ,1.666317611088e+00  ,8.564103928561e-01  ,9.447272485803e-01  
  1.886799475256e-08  ,-1.538411111359e+00  ,-9.111953105648e-02  ,8.999570821970e-01  ,9.005867755219e-01  ,1.307515265178e-01  ,1.669162637876e+00  ,8.550270099937e-01  ,9.461465410501e-01  
  1.896799551401e-08  ,-1.543129420228e+00  ,-9.398366844032e-02  ,8.999571123601e-01  ,9.006053266759e-01  ,1.283924022462e-01  ,1.671521822474e+00  ,8.536134924558e-01  ,9.475971608961e-01  
  1.906799627546e-08  ,-1.546874138797e+00  ,-9.690944764918e-02  ,8.999571455526e-01  ,9.006244588867e-01  ,1.265200761542e-01  ,1.673394214951e+00  ,8.521697350621e-01  ,9.490791827113e-01  
  1.916799703691e-08  ,-1.549642354932e+00  ,-9.989715417220e-02  ,8.999571817411e-01  ,9.006441452755e-01  ,1.251360042753e-01  ,1.674778359207e+00  ,8.506955681894e-01  ,9.505927223616e-01  
  1.926799779836e-08  ,-1.551432164609e+00  ,-1.029470040296e-01  ,8.999572209145e-01  ,9.006643579927e-01  ,1.242411386099e-01  ,1.675673303219e+00  ,8.491908559779e-01  ,9.521378600075e-01  
  1.936799855981e-08  ,-1.552242732780e+00  ,-1.060591230435e-01  ,8.999572630775e-01  ,9.006850737697e-01  ,1.238358966874e-01  ,1.676078629468e+00  ,8.476555122480e-01  ,9.537146352915e-01  
  1.946799932126e-08  ,-1.552073635568e+00  ,-1.092336208424e-01  ,8.999573082440e-01  ,9.007062644733e-01  ,1.239204904599e-01  ,1.675994126028e+00  ,8.460894540521e-01  ,9.553230748945e-01  
  1.956800008270e-08  ,-1.550924992410e+00  ,-1.124705816131e-01  ,8.999573564369e-01  ,9.007278969888e-01  ,1.244948602318e-01  ,1.675419852642e+00  ,8.444926061823e-01  ,9.569631877954e-01  
  1.966800084415e-08  ,-1.548797514481e+00  ,-1.157700627303e-01  ,8.999574076877e-01  ,9.007499326359e-01  ,1.255586504473e-01  ,1.674356164928e+00  ,8.428649012707e-01  ,9.586349640011e-01  
  1.976800160560e-08  ,-1.545692521526e+00  ,-1.191320959418e-01  ,8.999574620340e-01  ,9.007723268036e-01  ,1.271112012712e-01  ,1.672803722797e+00  ,8.412062788327e-01  ,9.603383747745e-01  
  1.986800236705e-08  ,-1.541611421615e+00  ,-1.225566899234e-01  ,8.999575195052e-01  ,9.007950423258e-01  ,1.291518086978e-01  ,1.670763230313e+00  ,8.395166973641e-01  ,9.620733872874e-01  
  1.996800312850e-08  ,-1.536557103521e+00  ,-1.260438401784e-01  ,8.999575801518e-01  ,9.008180126019e-01  ,1.316790283915e-01  ,1.668236131912e+00  ,8.377960925127e-01  ,9.638399326911e-01  
  2.006800388995e-08  ,-1.530533414229e+00  ,-1.295934997673e-01  ,8.999576440261e-01  ,9.008411659418e-01  ,1.346909369114e-01  ,1.665224351141e+00  ,8.360444160582e-01  ,9.656379158255e-01  
  2.016800465140e-08  ,-1.523543844309e+00  ,-1.332056108062e-01  ,8.999577111638e-01  ,9.008644446466e-01  ,1.381857890093e-01  ,1.661729633318e+00  ,8.342616392435e-01  ,9.674672500497e-01  
  2.026800541285e-08  ,-1.515592649964e+00  ,-1.368800925691e-01  ,8.999577815944e-01  ,9.008877850658e-01  ,1.421614566123e-01  ,1.657754106577e+00  ,8.324477387813e-01  ,9.693278313504e-01  
  2.036800617430e-08  ,-1.506684750779e+00  ,-1.406168402696e-01  ,8.999578553390e-01  ,9.009111214612e-01  ,1.466154799494e-01  ,1.653300230729e+00  ,8.306027013264e-01  ,9.712195415960e-01  
  2.046800693575e-08  ,-1.496824287747e+00  ,-1.444157592528e-01  ,8.999579324042e-01  ,9.009344042899e-01  ,1.515457885310e-01  ,1.648370076278e+00  ,8.287265246635e-01  ,9.731422839162e-01  
  2.056800769720e-08  ,-1.486019817478e+00  ,-1.482766359626e-01  ,8.999580127909e-01  ,9.009575414825e-01  ,1.569481040520e-01  ,1.642967921530e+00  ,8.268192235012e-01  ,9.750958594638e-01  
  2.066800845865e-08  ,-1.474277521790e+00  ,-1.521992915591e-01  ,8.999580964825e-01  ,9.009804784483e-01  ,1.628193355875e-01  ,1.637096857377e+00  ,8.248808326688e-01  ,9.770801242279e-01  
  2.076800922010e-08  ,-1.461604538108e+00  ,-1.561835033828e-01  ,8.999581834468e-01  ,9.010031594744e-01  ,1.691559143927e-01  ,1.630760452501e+00  ,8.229114077830e-01  ,9.790949111658e-01  
  2.086800998155e-08  ,-1.448006746530e+00  ,-1.602290787421e-01  ,8.999582736462e-01  ,9.010255444729e-01  ,1.759549003811e-01  ,1.623961646911e+00  ,8.209110051018e-01  ,9.811400838439e-01  
  2.096801074300e-08  ,-1.433494521809e+00  ,-1.643356617695e-01  ,8.999583670067e-01  ,9.010475708706e-01  ,1.832111061020e-01  ,1.616705627911e+00  ,8.188797399859e-01  ,9.832154017554e-01  
  2.106801150444e-08  ,-1.418078645385e+00  ,-1.685028343127e-01  ,8.999584634440e-01  ,9.010691914771e-01  ,1.909191407517e-01  ,1.608997786136e+00  ,8.168177743207e-01  ,9.853206086334e-01  
  2.116801226589e-08  ,-1.401767796371e+00  ,-1.727302253933e-01  ,8.999585628824e-01  ,9.010903770845e-01  ,1.990746646971e-01  ,1.600842461068e+00  ,8.147252643878e-01  ,9.874554897811e-01  
  2.126801302734e-08  ,-1.384569367198e+00  ,-1.770175080706e-01  ,8.999586652472e-01  ,9.011111067445e-01  ,2.076739816481e-01  ,1.592243348846e+00  ,8.126023527092e-01  ,9.896198607798e-01  
  2.136801378879e-08  ,-1.366498198011e+00  ,-1.813639902872e-01  ,8.999587703883e-01  ,9.011313460239e-01  ,2.167096713828e-01  ,1.583207869394e+00  ,8.104493508803e-01  ,9.918133411675e-01  
  2.146801455024e-08  ,-1.347561956252e+00  ,-1.857692865977e-01  ,8.999588782288e-01  ,9.011510827346e-01  ,2.261779001030e-01  ,1.573739856355e+00  ,8.082664394357e-01  ,9.940357260335e-01  
  2.156801531169e-08  ,-1.327776447119e+00  ,-1.902325638227e-01  ,8.999589886150e-01  ,9.011702956743e-01  ,2.360707650555e-01  ,1.563847212175e+00  ,8.060540137630e-01  ,9.962865775857e-01  
  2.166801607314e-08  ,-1.307152784688e+00  ,-1.947531866798e-01  ,8.999591014422e-01  ,9.011889736440e-01  ,2.463827090984e-01  ,1.553535493786e+00  ,8.038123803041e-01  ,9.985655669839e-01  
  2.176801683459e-08  ,-1.285700333222e+00  ,-1.993306082900e-01  ,8.999592166204e-01  ,9.012071078823e-01  ,2.571090500096e-01  ,1.542809383231e+00  ,8.015418037373e-01  ,1.000872412027e+00  
  2.186801759604e-08  ,-1.263437679533e+00  ,-2.039637037636e-01  ,8.999593339832e-01  ,9.012246811071e-01  ,2.682404942168e-01  ,1.531678173750e+00  ,7.992428292252e-01  ,1.003206532989e+00  
  2.196801835749e-08  ,-1.240377347616e+00  ,-2.086516636789e-01  ,8.999594534366e-01  ,9.012416801280e-01  ,2.797707796288e-01  ,1.520148127244e+00  ,7.969158482885e-01  ,1.005567511967e+00  
  2.206801911894e-08  ,-1.216529832253e+00  ,-2.133937996916e-01  ,8.999595749017e-01  ,9.012580922767e-01  ,2.916946587754e-01  ,1.508224491028e+00  ,7.945611924309e-01  ,1.007954992122e+00  
  2.216801988039e-08  ,-1.191913347610e+00  ,-2.181888982050e-01  ,8.999596982461e-01  ,9.012738919637e-01  ,3.040030244413e-01  ,1.495916372051e+00  ,7.921794428612e-01  ,1.010368341066e+00  
  2.226802064184e-08  ,-1.166546075066e+00  ,-2.230356851430e-01  ,8.999598233671e-01  ,9.012890421205e-01  ,3.166867858341e-01  ,1.483232860900e+00  ,7.897711995490e-01  ,1.012806884692e+00  
  2.236802140329e-08  ,-1.140438700043e+00  ,-2.279333914546e-01  ,8.999599502112e-01  ,9.013035152239e-01  ,3.297406001897e-01  ,1.470179300233e+00  ,7.873368194966e-01  ,1.015270210951e+00  
  2.246802216474e-08  ,-1.113610289538e+00  ,-2.328806314730e-01  ,8.999600786799e-01  ,9.013172562306e-01  ,3.431549339107e-01  ,1.456765223449e+00  ,7.848769404941e-01  ,1.017757571967e+00  
  2.256802292618e-08  ,-1.086077793798e+00  ,-2.378761433867e-01  ,8.999602086976e-01  ,9.013302049222e-01  ,3.569213117987e-01  ,1.442999105596e+00  ,7.823921332288e-01  ,1.020268276616e+00  
  2.266802368763e-08  ,-1.057858552574e+00  ,-2.429186091930e-01  ,8.999603402110e-01  ,9.013422910998e-01  ,3.710310639241e-01  ,1.428889616498e+00  ,7.798829865033e-01  ,1.022801595696e+00  
  2.276802444908e-08  ,-1.028970315808e+00  ,-2.480066565416e-01  ,8.999604731554e-01  ,9.013534354427e-01  ,3.854753152513e-01  ,1.414445631060e+00  ,7.773501071719e-01  ,1.025356763714e+00  
  2.286802521053e-08  ,-9.994342284137e-01  ,-2.531386129395e-01  ,8.999606074651e-01  ,9.013635345757e-01  ,4.002434932582e-01  ,1.399677721672e+00  ,7.747942281059e-01  ,1.027932841045e+00  
  2.296802597198e-08  ,-9.692667340178e-01  ,-2.583131513700e-01  ,8.999607430974e-01  ,9.013725028860e-01  ,4.153273760885e-01  ,1.384594110106e+00  ,7.722159272010e-01  ,1.030529078571e+00  
  2.306802673343e-08  ,-9.384815231718e-01  ,-2.635291701937e-01  ,8.999608800034e-01  ,9.013802683167e-01  ,4.307201184175e-01  ,1.369201641589e+00  ,7.696156832198e-01  ,1.033144853414e+00  
  2.316802749488e-08  ,-9.071021998746e-01  ,-2.687847680586e-01  ,8.999610180989e-01  ,9.013867055442e-01  ,4.464099181616e-01  ,1.353512118036e+00  ,7.669943215149e-01  ,1.035779089573e+00  
  2.326802825633e-08  ,-8.751519439840e-01  ,-2.740780421090e-01  ,8.999611573188e-01  ,9.013916886763e-01  ,4.623851853268e-01  ,1.337537129311e+00  ,7.643526676218e-01  ,1.038430709731e+00  
  2.336802901778e-08  ,-8.426486020333e-01  ,-2.794074937586e-01  ,8.999612976077e-01  ,9.013951211014e-01  ,4.786369965911e-01  ,1.321285598624e+00  ,7.616913742221e-01  ,1.041098867981e+00  
  2.346802977923e-08  ,-8.096069687791e-01  ,-2.847718833576e-01  ,8.999614389038e-01  ,9.013969251271e-01  ,4.951579545143e-01  ,1.304764923293e+00  ,7.590109834483e-01  ,1.043782866806e+00  
  2.356803054068e-08  ,-7.760558873869e-01  ,-2.901687746852e-01  ,8.999615810902e-01  ,9.013969556984e-01  ,5.119336373968e-01  ,1.287989524784e+00  ,7.563125683559e-01  ,1.046481343041e+00  
  2.366803130213e-08  ,-7.420095674954e-01  ,-2.955969555071e-01  ,8.999617241101e-01  ,9.013951481331e-01  ,5.289569403625e-01  ,1.270966507858e+00  ,7.535966703796e-01  ,1.049193625887e+00  
  2.376803206358e-08  ,-7.074931133308e-01  ,-3.010542728450e-01  ,8.999618678592e-01  ,9.013913952754e-01  ,5.462153111938e-01  ,1.253708424525e+00  ,7.508642588529e-01  ,1.051918531698e+00  
  2.386803282503e-08  ,-6.725319473880e-01  ,-3.065384936903e-01  ,8.999620122228e-01  ,9.013856067527e-01  ,5.636960385288e-01  ,1.236227985917e+00  ,7.481163599076e-01  ,1.054654853598e+00  
  2.396803358648e-08  ,-6.371407810925e-01  ,-3.120483090984e-01  ,8.999621571293e-01  ,9.013777386405e-01  ,5.813917665831e-01  ,1.218532547676e+00  ,7.453535840913e-01  ,1.057401893190e+00  
  2.406803434792e-08  ,-6.013456217663e-01  ,-3.175813946734e-01  ,8.999623024442e-01  ,9.013677223020e-01  ,5.992894915610e-01  ,1.200635113327e+00  ,7.425770249652e-01  ,1.060158419639e+00  
  2.416803510937e-08  ,-5.651691397399e-01  ,-3.231356935478e-01  ,8.999624480473e-01  ,9.013555149596e-01  ,6.173778781774e-01  ,1.182547017917e+00  ,7.397876681857e-01  ,1.062923361733e+00  
  2.426803587082e-08  ,-5.286378814078e-01  ,-3.287087348429e-01  ,8.999625938222e-01  ,9.013410845222e-01  ,6.356436531183e-01  ,1.164281534526e+00  ,7.369867171008e-01  ,1.065695451944e+00  
  2.436803663227e-08  ,-4.917671974200e-01  ,-3.342990714065e-01  ,8.999627396879e-01  ,9.013244209467e-01  ,6.540791409779e-01  ,1.145846338398e+00  ,7.341748852435e-01  ,1.068473956650e+00  
  2.446803739372e-08  ,-4.545879782407e-01  ,-3.399037555619e-01  ,8.999628854835e-01  ,9.013055155354e-01  ,6.726688963632e-01  ,1.127256874604e+00  ,7.313536377544e-01  ,1.071257393316e+00  
  2.456803815517e-08  ,-4.171159111864e-01  ,-3.455212688161e-01  ,8.999630311310e-01  ,9.012843730797e-01  ,6.914050755379e-01  ,1.108520986724e+00  ,7.285237386716e-01  ,1.074045007488e+00  
  2.466803891662e-08  ,-3.793786398168e-01  ,-3.511489178037e-01  ,8.999631764983e-01  ,9.012610085198e-01  ,7.102738565899e-01  ,1.089652496407e+00  ,7.256865496179e-01  ,1.076835467422e+00  
  2.476803967807e-08  ,-3.414039620751e-01  ,-3.567839190369e-01  ,8.999633214680e-01  ,9.012354514464e-01  ,7.292613404304e-01  ,1.070665302506e+00  ,7.228434919280e-01  ,1.079627410965e+00  
  2.486804043952e-08  ,-3.032078655577e-01  ,-3.624246458788e-01  ,8.999634659761e-01  ,9.012077230897e-01  ,7.483595331972e-01  ,1.051567398755e+00  ,7.199954001503e-01  ,1.082420046029e+00  
  2.496804120097e-08  ,-2.648224201453e-01  ,-3.680677912730e-01  ,8.999636098971e-01  ,9.011778699882e-01  ,7.675523998245e-01  ,1.032374819970e+00  ,7.171439743516e-01  ,1.085211765625e+00  
  2.506804196242e-08  ,-2.262690701191e-01  ,-3.737110834447e-01  ,8.999637531570e-01  ,9.011459268790e-01  ,7.868292180975e-01  ,1.013098288217e+00  ,7.142903851566e-01  ,1.088001468601e+00  
  2.516804272387e-08  ,-1.875655272193e-01  ,-3.793526520123e-01  ,8.999638956893e-01  ,9.011119224554e-01  ,8.061811320797e-01  ,9.937466592989e-01  ,7.114355964493e-01  ,1.090788248462e+00  
  2.526804348532e-08  ,-1.487459082335e-01  ,-3.849888431269e-01  ,8.999640373842e-01  ,9.010759115605e-01  ,8.255910832674e-01  ,9.743369915010e-01  ,7.085814899970e-01  ,1.093570333124e+00  
  2.536804424677e-08  ,-1.098319189568e-01  ,-3.906172502332e-01  ,8.999641781915e-01  ,9.010379271136e-01  ,8.450482187131e-01  ,9.548801376699e-01  ,7.057293019970e-01  ,1.096346552230e+00  
  2.546804500822e-08  ,-7.084131075598e-02  ,-3.962358956159e-01  ,8.999643180613e-01  ,9.009979939471e-01  ,8.645436626833e-01  ,9.353849734392e-01  ,7.028800461391e-01  ,1.099115941755e+00  
  2.556804576966e-08  ,-3.180427007238e-02  ,-4.018413973490e-01  ,8.999644569001e-01  ,9.009561504649e-01  ,8.840623218639e-01  ,9.158665919362e-01  ,7.000354517904e-01  ,1.101876849139e+00  
  2.566804653111e-08  ,7.250413454153e-03  ,-4.074304454481e-01  ,8.999645946368e-01  ,9.009124236753e-01  ,9.035898013639e-01  ,8.963393879097e-01  ,6.971972009513e-01  ,1.104627646399e+00  
  2.576804729256e-08  ,4.630097699391e-02  ,-4.130004747740e-01  ,8.999647312281e-01  ,9.008668279238e-01  ,9.231152197251e-01  ,8.768142427311e-01  ,6.943665905368e-01  ,1.107367065311e+00  
  2.586804805401e-08  ,8.532959205394e-02  ,-4.185493824044e-01  ,8.999648666198e-01  ,9.008193720485e-01  ,9.426296626468e-01  ,8.573000705929e-01  ,6.915446808463e-01  ,1.110094063251e+00  
  2.596804881546e-08  ,1.243059553989e-01  ,-4.240735804193e-01  ,8.999650007130e-01  ,9.007700666659e-01  ,9.621179784124e-01  ,8.378120230136e-01  ,6.887332764563e-01  ,1.112806856876e+00  
  2.606804957691e-08  ,1.632052256874e-01  ,-4.295700810136e-01  ,8.999651334328e-01  ,9.007189130376e-01  ,9.815677462765e-01  ,8.183625205891e-01  ,6.859338725309e-01  ,1.115503953544e+00  
  2.616805033836e-08  ,2.019987940094e-01  ,-4.350353516220e-01  ,8.999652646963e-01  ,9.006659077223e-01  ,1.000964661701e+00  ,7.989658676916e-01  ,6.831482319113e-01  ,1.118183583533e+00  
  2.626805109981e-08  ,2.406703436729e-01  ,-4.404673519811e-01  ,8.999653944360e-01  ,9.006110472690e-01  ,1.020300566272e+00  ,7.796302225996e-01  ,6.803773712785e-01  ,1.120844723260e+00  
  2.636805186126e-08  ,2.791912824968e-01  ,-4.458624912604e-01  ,8.999655225340e-01  ,9.005543249839e-01  ,1.039561163782e+00  ,7.603698812856e-01  ,6.776230793537e-01  ,1.123485570614e+00  
  2.646805262271e-08  ,3.175332541826e-01  ,-4.512171299441e-01  ,8.999656488797e-01  ,9.004957340946e-01  ,1.058732275971e+00  ,7.411990217884e-01  ,6.748871691225e-01  ,1.126104299067e+00  
  2.656805338416e-08  ,3.556801237279e-01  ,-4.565291704821e-01  ,8.999657734001e-01  ,9.004352718155e-01  ,1.077805835264e+00  ,7.221257115362e-01  ,6.721706865744e-01  ,1.128699857056e+00  
  2.666805414561e-08  ,3.936036533953e-01  ,-4.617949255433e-01  ,8.999658959544e-01  ,9.003729349549e-01  ,1.096767722652e+00  ,7.031640692568e-01  ,6.694754721832e-01  ,1.131270397726e+00  
  2.676805490706e-08  ,4.312759217240e-01  ,-4.670106681153e-01  ,8.999660163990e-01  ,9.003087253619e-01  ,1.115603977261e+00  ,6.843280555370e-01  ,6.668033913042e-01  ,1.133814059420e+00  
  2.686805566851e-08  ,4.686759689845e-01  ,-4.721735361435e-01  ,8.999661346273e-01  ,9.002426490179e-01  ,1.134304119120e+00  ,6.656281501351e-01  ,6.641558809462e-01  ,1.136329417090e+00  
  2.696805642996e-08  ,5.057811924892e-01  ,-4.772804132658e-01  ,8.999662505127e-01  ,9.001747169918e-01  ,1.152856846757e+00  ,6.470756542681e-01  ,6.615345103589e-01  ,1.138814923625e+00  
  2.706805719141e-08  ,5.425685100248e-01  ,-4.823280862101e-01  ,8.999663639244e-01  ,9.001049465263e-01  ,1.171250618937e+00  ,6.286821089120e-01  ,6.589409034212e-01  ,1.141268989631e+00  
  2.716805795285e-08  ,5.790204177094e-01  ,-4.873141143412e-01  ,8.999664747601e-01  ,9.000333548366e-01  ,1.189476683615e+00  ,6.104562659055e-01  ,6.563762976660e-01  ,1.143690412007e+00  
  2.726805871430e-08  ,6.151040312511e-01  ,-4.922338587735e-01  ,8.999665828386e-01  ,8.999599835035e-01  ,1.207518598464e+00  ,5.924145672131e-01  ,6.538430541167e-01  ,1.146076912890e+00  
  2.736805947575e-08  ,6.507991153121e-01  ,-4.970843803061e-01  ,8.999666880594e-01  ,8.998848695286e-01  ,1.225366245715e+00  ,5.745671304034e-01  ,6.513426793756e-01  ,1.148427059682e+00  
  2.746806023720e-08  ,6.860892730848e-01  ,-5.018632846482e-01  ,8.999667903370e-01  ,8.998080464638e-01  ,1.243011426879e+00  ,5.569221537946e-01  ,6.488764041397e-01  ,1.150739688788e+00  
  2.756806099865e-08  ,7.209468879735e-01  ,-5.065665107392e-01  ,8.999668895292e-01  ,8.997295764269e-01  ,1.260440333516e+00  ,5.394934455424e-01  ,6.464463210573e-01  ,1.153012831796e+00  
  2.766806176010e-08  ,7.553462364002e-01  ,-5.111901622223e-01  ,8.999669855349e-01  ,8.996495305799e-01  ,1.277640103735e+00  ,5.222938673348e-01  ,6.440544494688e-01  ,1.155244611691e+00  
  2.776806252155e-08  ,7.892682021810e-01  ,-5.157312620812e-01  ,8.999670782954e-01  ,8.995679682552e-01  ,1.294601179386e+00  ,5.053329772049e-01  ,6.417023372146e-01  ,1.157433599296e+00  
  2.786806328300e-08  ,8.226972851048e-01  ,-5.201873885464e-01  ,8.999671677549e-01  ,8.994849393595e-01  ,1.311315810307e+00  ,4.886185252025e-01  ,6.393912450863e-01  ,1.159578633633e+00  
  2.796806404445e-08  ,8.556040127904e-01  ,-5.245538789597e-01  ,8.999672538208e-01  ,8.994005429525e-01  ,1.327769260216e+00  ,4.721652474256e-01  ,6.371236034727e-01  ,1.161677482432e+00  
  2.806806480590e-08  ,8.879744835347e-01  ,-5.288284917102e-01  ,8.999673364615e-01  ,8.993148286955e-01  ,1.343954578229e+00  ,4.559800946942e-01  ,6.349005828404e-01  ,1.163729074551e+00  
  2.816806556735e-08  ,9.197813283472e-01  ,-5.330067425636e-01  ,8.999674156286e-01  ,8.992278971887e-01  ,1.359858079802e+00  ,4.400767514550e-01  ,6.327245259069e-01  ,1.165731268471e+00  
  2.826806632880e-08  ,9.510068606190e-01  ,-5.370856423797e-01  ,8.999674913021e-01  ,8.991398167893e-01  ,1.375470921612e+00  ,4.244640609926e-01  ,6.305969955994e-01  ,1.167682637979e+00  
  2.836806709025e-08  ,9.816367930487e-01  ,-5.410627637799e-01  ,8.999675634655e-01  ,8.990506433358e-01  ,1.390785959990e+00  ,4.091491669411e-01  ,6.285192614459e-01  ,1.169582025226e+00  
  2.846806785170e-08  ,1.011644072081e+00  ,-5.449334437348e-01  ,8.999676321003e-01  ,8.989604848498e-01  ,1.405789668141e+00  ,3.941455960598e-01  ,6.264937629824e-01  ,1.171427206717e+00  
  2.856806861315e-08  ,1.041016029505e+00  ,-5.486954492528e-01  ,8.999676972051e-01  ,8.988693936931e-01  ,1.420475711958e+00  ,3.794596824526e-01  ,6.245216690667e-01  ,1.173217118320e+00  
  2.866806937459e-08  ,1.069730751979e+00  ,-5.523448787506e-01  ,8.999677587808e-01  ,8.987774618308e-01  ,1.434833134771e+00  ,3.651023827912e-01  ,6.226050224556e-01  ,1.174949901206e+00  
  2.876807013604e-08  ,1.097767146043e+00  ,-5.558778489345e-01  ,8.999678168345e-01  ,8.986847818903e-01  ,1.448851389856e+00  ,3.510842438130e-01  ,6.207458574230e-01  ,1.176623706358e+00  
  2.886807089749e-08  ,1.125109694576e+00  ,-5.592914162527e-01  ,8.999678713719e-01  ,8.985914247239e-01  ,1.462522718660e+00  ,3.374130240838e-01  ,6.189457165976e-01  ,1.178237132850e+00  
  2.896807165894e-08  ,1.151741912003e+00  ,-5.625824056713e-01  ,8.999679223933e-01  ,8.984974674865e-01  ,1.475838878395e+00  ,3.240969663920e-01  ,6.172062646509e-01  ,1.179788670322e+00  
  2.906807242039e-08  ,1.177651259789e+00  ,-5.657483853553e-01  ,8.999679698921e-01  ,8.984029699764e-01  ,1.488793599787e+00  ,3.111423399977e-01  ,6.155287772988e-01  ,1.181277162654e+00  
  2.916807318184e-08  ,1.202814428579e+00  ,-5.687847598794e-01  ,8.999680138581e-01  ,8.983080474623e-01  ,1.501375228148e+00  ,2.985607995685e-01  ,6.139156675226e-01  ,1.182700427402e+00  
  2.926807394329e-08  ,1.227217411736e+00  ,-5.716886597963e-01  ,8.999680542828e-01  ,8.982127755717e-01  ,1.513576760151e+00  ,2.863593484148e-01  ,6.123684456735e-01  ,1.184057105470e+00  
  2.936807470474e-08  ,1.250845443273e+00  ,-5.744569983105e-01  ,8.999680911475e-01  ,8.981172389453e-01  ,1.525390812784e+00  ,2.745453695112e-01  ,6.108887397901e-01  ,1.185345738101e+00  
  2.946807546619e-08  ,1.273687368661e+00  ,-5.770874170401e-01  ,8.999681244283e-01  ,8.980215048961e-01  ,1.536811808759e+00  ,2.631244400980e-01  ,6.094777963761e-01  ,1.186565213416e+00  
  2.956807622764e-08  ,1.295722585060e+00  ,-5.795754720871e-01  ,8.999681540779e-01  ,8.979257068520e-01  ,1.547829446608e+00  ,2.521068615477e-01  ,6.081379708084e-01  ,1.187713442896e+00  
  2.966807698909e-08  ,1.316941803102e+00  ,-5.819190898870e-01  ,8.999681800714e-01  ,8.978299127862e-01  ,1.558439081622e+00  ,2.414972785204e-01  ,6.068703678427e-01  ,1.188789457730e+00  
  2.976807775054e-08  ,1.337327034094e+00  ,-5.841141609687e-01  ,8.999682023554e-01  ,8.977342639625e-01  ,1.568631719402e+00  ,2.313046853085e-01  ,6.056771834781e-01  ,1.189791344447e+00  
  2.986807851199e-08  ,1.356869730702e+00  ,-5.861586631606e-01  ,8.999682208958e-01  ,8.976388351957e-01  ,1.578403086247e+00  ,2.215333555446e-01  ,6.045595036154e-01  ,1.190718166776e+00  
  2.996807927344e-08  ,1.375555276831e+00  ,-5.880490859818e-01  ,8.999682356305e-01  ,8.975437602264e-01  ,1.587745874046e+00  ,2.121905972151e-01  ,6.035192172355e-01  ,1.191568303217e+00  
  3.006808003489e-08  ,1.393370015313e+00  ,-5.897819927028e-01  ,8.999682464973e-01  ,8.974491791238e-01  ,1.596653254154e+00  ,2.032832388406e-01  ,6.025581827724e-01  ,1.192340175475e+00  
  3.016808079633e-08  ,1.410304164542e+00  ,-5.913548145811e-01  ,8.999682534510e-01  ,8.973552015780e-01  ,1.605120335722e+00  ,1.948161711801e-01  ,6.016777942875e-01  ,1.193032608869e+00  
  3.026808155778e-08  ,1.426349993712e+00  ,-5.927654883194e-01  ,8.999682564521e-01  ,8.972619176782e-01  ,1.613143253308e+00  ,1.867932595961e-01  ,6.008791735185e-01  ,1.193644661838e+00  
  3.036808231923e-08  ,1.441493249038e+00  ,-5.940101045907e-01  ,8.999682554298e-01  ,8.971695020959e-01  ,1.620714879949e+00  ,1.792216309107e-01  ,6.001644498005e-01  ,1.194174554391e+00  
  3.046808308068e-08  ,1.455725598725e+00  ,-5.950862353419e-01  ,8.999682503480e-01  ,8.970780674334e-01  ,1.627831049711e+00  ,1.721054509854e-01  ,5.995349497624e-01  ,1.194621185104e+00  
  3.056808384213e-08  ,1.469040522497e+00  ,-5.959919348554e-01  ,8.999682411784e-01  ,8.969877048433e-01  ,1.634488502427e+00  ,1.654479799297e-01  ,5.989917374156e-01  ,1.194983672271e+00  
  3.066808460358e-08  ,1.481427406606e+00  ,-5.967239547936e-01  ,8.999682278781e-01  ,8.968985676148e-01  ,1.640681931181e+00  ,1.592545245753e-01  ,5.985365902180e-01  ,1.195260545012e+00  
  3.076808536503e-08  ,1.492877211797e+00  ,-5.972793043028e-01  ,8.999682104259e-01  ,8.968107983509e-01  ,1.646406816325e+00  ,1.535296045272e-01  ,5.981711461995e-01  ,1.195450450502e+00  
  3.086808612648e-08  ,1.503383701753e+00  ,-5.976557709110e-01  ,8.999681888179e-01  ,8.967245016560e-01  ,1.651660039694e+00  ,1.482763379415e-01  ,5.978966162005e-01  ,1.195552387111e+00  
  3.096808688793e-08  ,1.512942074063e+00  ,-5.978515881685e-01  ,8.999681630526e-01  ,8.966397601034e-01  ,1.656439200084e+00  ,1.434971260213e-01  ,5.977139660191e-01  ,1.195565554188e+00  
  3.106808764938e-08  ,1.521543757691e+00  ,-5.978634348533e-01  ,8.999681331391e-01  ,8.965567259082e-01  ,1.660740011985e+00  ,1.391962542934e-01  ,5.976250084815e-01  ,1.195488443335e+00  
  3.116808841083e-08  ,1.529184095020e+00  ,-5.976892801234e-01  ,8.999680990978e-01  ,8.964754877762e-01  ,1.664560146608e+00  ,1.353760515877e-01  ,5.976308477146e-01  ,1.195320127838e+00  
  3.126808917228e-08  ,1.535858520328e+00  ,-5.973269811763e-01  ,8.999680609572e-01  ,8.963961362427e-01  ,1.667897321121e+00  ,1.320388007932e-01  ,5.977326456545e-01  ,1.195059626831e+00  
  3.136808993373e-08  ,1.541562896118e+00  ,-5.967744069655e-01  ,8.999680187527e-01  ,8.963187579041e-01  ,1.670749466812e+00  ,1.291865706937e-01  ,5.979315544213e-01  ,1.194705961387e+00  
  3.146809069518e-08  ,1.546294457389e+00  ,-5.960299905417e-01  ,8.999679725158e-01  ,8.962434142460e-01  ,1.673115201210e+00  ,1.268207438213e-01  ,5.982284189752e-01  ,1.194258409517e+00  
  3.156809145663e-08  ,1.550049098295e+00  ,-5.950911789451e-01  ,8.999679223054e-01  ,8.961702026855e-01  ,1.674992471453e+00  ,1.249433731579e-01  ,5.986246132130e-01  ,1.193715792158e+00  
  3.166809221807e-08  ,1.552824452250e+00  ,-5.939560401879e-01  ,8.999678681776e-01  ,8.960991924763e-01  ,1.676380094303e+00  ,1.235556420525e-01  ,5.991211723823e-01  ,1.193077212570e+00  
  3.176809297952e-08  ,1.554618779566e+00  ,-5.926227232918e-01  ,8.999678101923e-01  ,8.960304481772e-01  ,1.677277199975e+00  ,1.226584204092e-01  ,5.997190865313e-01  ,1.192341809823e+00  
  3.186809374097e-08  ,1.555430962807e+00  ,-5.910894601800e-01  ,8.999677484116e-01  ,8.959640307654e-01  ,1.677683229815e+00  ,1.222522670079e-01  ,6.004193006754e-01  ,1.191508760855e+00  
  3.196809450242e-08  ,1.555260517182e+00  ,-5.893543039731e-01  ,8.999676829076e-01  ,8.959000084342e-01  ,1.677597941499e+00  ,1.223374243165e-01  ,6.012228564477e-01  ,1.190577160421e+00  
  3.206809526387e-08  ,1.554107585019e+00  ,-5.874162002218e-01  ,8.999676137221e-01  ,8.958384195084e-01  ,1.677021406232e+00  ,1.229138212125e-01  ,6.021303193975e-01  ,1.189546519619e+00  
  3.216809602532e-08  ,1.551972845980e+00  ,-5.852733630225e-01  ,8.999675409280e-01  ,8.957793311483e-01  ,1.675953963918e+00  ,1.239811179379e-01  ,6.031426496370e-01  ,1.188416012660e+00  
  3.226809678677e-08  ,1.548857990403e+00  ,-5.829241573260e-01  ,8.999674645938e-01  ,8.957228119673e-01  ,1.674396459795e+00  ,1.255384693923e-01  ,6.042607333042e-01  ,1.187184890630e+00  
  3.236809754822e-08  ,1.544764908032e+00  ,-5.803674344128e-01  ,8.999673847680e-01  ,8.956689167419e-01  ,1.672349838784e+00  ,1.275849307522e-01  ,6.054851995355e-01  ,1.185852633948e+00  
  3.246809830967e-08  ,1.539696134819e+00  ,-5.776020257199e-01  ,8.999673015035e-01  ,8.956177076389e-01  ,1.669815368913e+00  ,1.301192340939e-01  ,6.068166947790e-01  ,1.184418720499e+00  
  3.256809907112e-08  ,1.533654837700e+00  ,-5.746268207910e-01  ,8.999672148536e-01  ,8.955692522253e-01  ,1.666794633703e+00  ,1.331397960036e-01  ,6.082558418298e-01  ,1.182882662621e+00  
  3.266809983257e-08  ,1.526643830091e+00  ,-5.714410386396e-01  ,8.999671248595e-01  ,8.955236043792e-01  ,1.663289039905e+00  ,1.366452098140e-01  ,6.098030850594e-01  ,1.181244123699e+00  
  3.276810059402e-08  ,1.518669175484e+00  ,-5.680433229586e-01  ,8.999670315944e-01  ,8.954808722333e-01  ,1.659301619336e+00  ,1.406324438524e-01  ,6.114592107540e-01  ,1.179502533713e+00  
  3.286810135547e-08  ,1.509735521613e+00  ,-5.644329688557e-01  ,8.999669351004e-01  ,8.954411313104e-01  ,1.654834695907e+00  ,1.450991742942e-01  ,6.132246468825e-01  ,1.177657615738e+00  
  3.296810211692e-08  ,1.499846970788e+00  ,-5.606094536308e-01  ,8.999668354152e-01  ,8.954044454102e-01  ,1.649890320809e+00  ,1.500433500211e-01  ,6.150997185948e-01  ,1.175709172226e+00  
  3.306810287837e-08  ,1.489012068160e+00  ,-5.565718923919e-01  ,8.999667326118e-01  ,8.953709424417e-01  ,1.644472766692e+00  ,1.554606985319e-01  ,6.170849962458e-01  ,1.173656888638e+00  
  3.316810363981e-08  ,1.477235482609e+00  ,-5.523199597176e-01  ,8.999666267266e-01  ,8.953406876565e-01  ,1.638584368031e+00  ,1.613488854219e-01  ,6.191807077977e-01  ,1.171500667515e+00  
  3.326810440126e-08  ,1.464525798227e+00  ,-5.478531602505e-01  ,8.999665178248e-01  ,8.953137971528e-01  ,1.632229416938e+00  ,1.677036187114e-01  ,6.213872170275e-01  ,1.169240377278e+00  
  3.336810516271e-08  ,1.450891114644e+00  ,-5.431712108781e-01  ,8.999664059672e-01  ,8.952903732873e-01  ,1.625411963289e+00  ,1.745208486450e-01  ,6.237047678483e-01  ,1.166875978726e+00  
  3.346810592416e-08  ,1.436340080250e+00  ,-5.382739428407e-01  ,8.999662912175e-01  ,8.952705191090e-01  ,1.618136331343e+00  ,1.817962510923e-01  ,6.261335476886e-01  ,1.164407490529e+00  
  3.356810668561e-08  ,1.420881906384e+00  ,-5.331613033515e-01  ,8.999661736469e-01  ,8.952543369872e-01  ,1.610407126839e+00  ,1.895252204549e-01  ,6.286736853115e-01  ,1.161834988663e+00  
  3.366810744706e-08  ,1.404526371243e+00  ,-5.278333570769e-01  ,8.999660533347e-01  ,8.952419270632e-01  ,1.602229238956e+00  ,1.977028677131e-01  ,6.313252485248e-01  ,1.159158605602e+00  
  3.376810820851e-08  ,1.387285564213e+00  ,-5.222903413006e-01  ,8.999659303721e-01  ,8.952334006683e-01  ,1.593608712479e+00  ,2.063231482658e-01  ,6.340882300180e-01  ,1.156378571319e+00  
  3.386810896996e-08  ,1.369166793985e+00  ,-5.165324715769e-01  ,8.999658048205e-01  ,8.952288178084e-01  ,1.584549201813e+00  ,2.153824078281e-01  ,6.369625820199e-01  ,1.153495053597e+00  
  3.396810973141e-08  ,1.350183283764e+00  ,-5.105602056843e-01  ,8.999656767936e-01  ,8.952282791157e-01  ,1.575057318676e+00  ,2.248740349116e-01  ,6.399481762736e-01  ,1.150508381958e+00  
  3.406811049286e-08  ,1.330347109404e+00  ,-5.043740890030e-01  ,8.999655463926e-01  ,8.952318619015e-01  ,1.565139101095e+00  ,2.347919916906e-01  ,6.430448174000e-01  ,1.147418906403e+00  
  3.416811125431e-08  ,1.309670849337e+00  ,-4.979747890709e-01  ,8.999654137185e-01  ,8.952396351517e-01  ,1.554800838387e+00  ,2.451299890500e-01  ,6.462522406163e-01  ,1.144227029687e+00  
  3.426811201576e-08  ,1.288167596268e+00  ,-4.913630961028e-01  ,8.999652788826e-01  ,8.952516587479e-01  ,1.544049077017e+00  ,2.558814807485e-01  ,6.495701106965e-01  ,1.140933206799e+00  
  3.436811277721e-08  ,1.265850958661e+00  ,-4.845399233896e-01  ,8.999651419954e-01  ,8.952679829555e-01  ,1.532890621326e+00  ,2.670396626647e-01  ,6.529980212607e-01  ,1.137537944650e+00  
  3.446811353866e-08  ,1.242735056801e+00  ,-4.775063075971e-01  ,8.999650031637e-01  ,8.952886481554e-01  ,1.521332531564e+00  ,2.785974747632e-01  ,6.565354943569e-01  ,1.134041801954e+00  
  3.456811430011e-08  ,1.218836940752e+00  ,-4.702636263893e-01  ,8.999648625160e-01  ,8.953136879154e-01  ,1.509383332892e+00  ,2.905463921399e-01  ,6.601818747207e-01  ,1.130445501110e+00  
  3.466811506155e-08  ,1.194166718634e+00  ,-4.628127494815e-01  ,8.999647201257e-01  ,8.953431149746e-01  ,1.497048079443e+00  ,3.028813608086e-01  ,6.639367402338e-01  ,1.126749489715e+00  
  3.476811582300e-08  ,1.168742484290e+00  ,-4.551552814428e-01  ,8.999645761243e-01  ,8.953769456327e-01  ,1.484335818269e+00  ,3.155933339791e-01  ,6.677993049113e-01  ,1.122954586354e+00  
  3.486811658445e-08  ,1.142580412898e+00  ,-4.472927540060e-01  ,8.999644306243e-01  ,8.954151830388e-01  ,1.471254637073e+00  ,3.286742241752e-01  ,6.717688060358e-01  ,1.119061560042e+00  
  3.496811734590e-08  ,1.115699829493e+00  ,-4.392271230782e-01  ,8.999642837351e-01  ,8.954578209106e-01  ,1.457814198481e+00  ,3.421143689888e-01  ,6.758442593715e-01  ,1.115071382450e+00  
  3.506811810735e-08  ,1.088115822979e+00  ,-4.309600075051e-01  ,8.999641355418e-01  ,8.955048481624e-01  ,1.444022047031e+00  ,3.559062240525e-01  ,6.800248444099e-01  ,1.110984851915e+00  
  3.516811886880e-08  ,1.059845120001e+00  ,-4.224932589299e-01  ,8.999639861368e-01  ,8.955562489711e-01  ,1.429886546138e+00  ,3.700414261361e-01  ,6.843096195062e-01  ,1.106802878436e+00  
  3.526811963025e-08  ,1.030905325227e+00  ,-4.138288880920e-01  ,8.999638356109e-01  ,8.956120034367e-01  ,1.415416498225e+00  ,3.845111729973e-01  ,6.886975593906e-01  ,1.102526447483e+00  
  3.536812039170e-08  ,1.001314651925e+00  ,-4.049690409013e-01  ,8.999636840522e-01  ,8.956720884085e-01  ,1.400621010015e+00  ,3.993063580898e-01  ,6.931875679578e-01  ,1.098156608859e+00  
  3.546812115315e-08  ,9.710918097880e-01  ,-3.959159907006e-01  ,8.999635315465e-01  ,8.957364783827e-01  ,1.385509436441e+00  ,4.144176266525e-01  ,6.977784830324e-01  ,1.093694473733e+00  
  3.556812191460e-08  ,9.402512326345e-01  ,-3.866715207613e-01  ,8.999633781632e-01  ,8.958051532000e-01  ,1.370088994480e+00  ,4.298377618460e-01  ,7.024693928193e-01  ,1.089140913581e+00  
  3.566812267605e-08  ,9.088174022488e-01  ,-3.772387067043e-01  ,8.999632240156e-01  ,8.958780784658e-01  ,1.354371925140e+00  ,4.455545228912e-01  ,7.072587251136e-01  ,1.084497431818e+00  
  3.576812343750e-08  ,8.768137457004e-01  ,-3.676206604930e-01  ,8.999630691894e-01  ,8.959552209658e-01  ,1.338369942040e+00  ,4.615561963392e-01  ,7.121448907193e-01  ,1.079765551212e+00  
  3.586812419895e-08  ,8.442538274753e-01  ,-3.578192430612e-01  ,8.999629137348e-01  ,8.960365616949e-01  ,1.322089827472e+00  ,4.778359999971e-01  ,7.171269401643e-01  ,1.074946183226e+00  
  3.596812496040e-08  ,8.111616678135e-01  ,-3.478377935909e-01  ,8.999627577501e-01  ,8.961220672752e-01  ,1.305543591657e+00  ,4.943819238434e-01  ,7.222031704798e-01  ,1.070040964071e+00  
  3.606812572185e-08  ,7.775582937326e-01  ,-3.376793302831e-01  ,8.999626013212e-01  ,8.962117087658e-01  ,1.288741748187e+00  ,5.111834544549e-01  ,7.273720436243e-01  ,1.065051373907e+00  
  3.616812648329e-08  ,7.434684446841e-01  ,-3.273475420759e-01  ,8.999624445318e-01  ,8.963054518630e-01  ,1.271696666874e+00  ,5.282282221898e-01  ,7.326316808250e-01  ,1.059979222901e+00  
  3.626812724474e-08  ,7.089064902108e-01  ,-3.168446189045e-01  ,8.999622874502e-01  ,8.964032767310e-01  ,1.254415532556e+00  ,5.455090423448e-01  ,7.379809672788e-01  ,1.054825586183e+00  
  3.636812800619e-08  ,6.738978706227e-01  ,-3.061744750003e-01  ,8.999621302026e-01  ,8.965051484403e-01  ,1.236911065514e+00  ,5.630131948913e-01  ,7.434179109401e-01  ,1.049592385940e+00  
  3.646812876764e-08  ,6.384684260444e-01  ,-2.953412289140e-01  ,8.999619729076e-01  ,8.966110309976e-01  ,1.219196185930e+00  ,5.807277598854e-01  ,7.489404165405e-01  ,1.044281645455e+00  
  3.656812952909e-08  ,6.026331089200e-01  ,-2.843473155131e-01  ,8.999618156397e-01  ,8.967209027923e-01  ,1.201278370100e+00  ,5.986452611797e-01  ,7.545472450357e-01  ,1.038894560549e+00  
  3.666813029054e-08  ,5.664183436984e-01  ,-2.731970767309e-01  ,8.999616585427e-01  ,8.968347241965e-01  ,1.183170830392e+00  ,6.167524866935e-01  ,7.602361858310e-01  ,1.033433262562e+00  
  3.676813105199e-08  ,5.298471439778e-01  ,-2.618943866657e-01  ,8.999615017438e-01  ,8.969524570919e-01  ,1.164885073733e+00  ,6.350379297549e-01  ,7.660052637591e-01  ,1.027899650425e+00  
  3.686813181344e-08  ,4.929464298673e-01  ,-2.504439270925e-01  ,8.999613453780e-01  ,8.970740503631e-01  ,1.146434560312e+00  ,6.534881304444e-01  ,7.718520868168e-01  ,1.022296013909e+00  
  3.696813257489e-08  ,4.557317525968e-01  ,-2.388484517040e-01  ,8.999611895418e-01  ,8.971994709242e-01  ,1.127827065840e+00  ,6.720953132434e-01  ,7.777752450722e-01  ,1.016623696776e+00  
  3.706813333634e-08  ,4.182305568905e-01  ,-2.271128568276e-01  ,8.999610344055e-01  ,8.973286567370e-01  ,1.109076312851e+00  ,6.908457559602e-01  ,7.837722283232e-01  ,1.010885085151e+00  
  3.716813409779e-08  ,3.804666700650e-01  ,-2.152414846609e-01  ,8.999608801061e-01  ,8.974615469334e-01  ,1.090194215139e+00  ,7.097275450735e-01  ,7.898408046030e-01  ,1.005082289264e+00  
  3.726813485924e-08  ,3.424678791020e-01  ,-2.032395544976e-01  ,8.999607267985e-01  ,8.975980629286e-01  ,1.071194666349e+00  ,7.287267872474e-01  ,7.959782856798e-01  ,9.992178401774e-01  
  3.736813562069e-08  ,3.042501910708e-01  ,-1.911101227243e-01  ,8.999605745841e-01  ,8.977381565007e-01  ,1.052085670119e+00  ,7.478354790487e-01  ,8.021830951385e-01  ,9.932932178628e-01  
  3.746813638214e-08  ,2.658457281783e-01  ,-1.788594106226e-01  ,8.999604236543e-01  ,8.978817265699e-01  ,1.032883287744e+00  ,7.670375595652e-01  ,8.084520212586e-01  ,9.873114318812e-01  
  3.756813714359e-08  ,2.272707261569e-01  ,-1.664906182324e-01  ,8.999602741029e-01  ,8.980287185683e-01  ,1.013595637181e+00  ,7.863249110245e-01  ,8.147834094521e-01  ,9.812740276845e-01  
  3.766813790503e-08  ,1.885577748644e-01  ,-1.540102493878e-01  ,8.999601261104e-01  ,8.981790180038e-01  ,9.942390135426e-01  ,8.056812386782e-01  ,8.211738933099e-01  ,9.751841426976e-01  
  3.776813866648e-08  ,1.497284852334e-01  ,-1.414227683997e-01  ,8.999599797805e-01  ,8.983325420331e-01  ,9.748242223972e-01  ,8.250957371638e-01  ,8.276211578333e-01  ,9.690439262329e-01  
  3.786813942793e-08  ,1.108063345687e-01  ,-1.287330893036e-01  ,8.999598352281e-01  ,8.984891974264e-01  ,9.553630025125e-01  ,8.445566679438e-01  ,8.341226527747e-01  ,9.628557420782e-01  
  3.796814018938e-08  ,7.181552971268e-02  ,-1.159463390669e-01  ,8.999596925719e-01  ,8.986488850989e-01  ,9.358674574282e-01  ,8.640519277156e-01  ,8.406757155655e-01  ,9.566220546324e-01  
  3.806814095083e-08  ,3.277459120321e-02  ,-1.030664511641e-01  ,8.999595519040e-01  ,8.988115281365e-01  ,9.163468475056e-01  ,8.835722563024e-01  ,8.472783025544e-01  ,9.503447537186e-01  
  3.816814171228e-08  ,-6.285396682991e-03  ,-9.010006823376e-02  ,8.999594133659e-01  ,8.989769959355e-01  ,8.968167150244e-01  ,9.031021117074e-01  ,8.539269618186e-01  ,9.440270300524e-01  
  3.826814247373e-08  ,-4.533545710736e-02  ,-7.705358004558e-02  ,8.999592770522e-01  ,8.991451623486e-01  ,8.772915484985e-01  ,9.226270056058e-01  ,8.606183723258e-01  ,9.376719523713e-01  
  3.836814323518e-08  ,-8.435910961504e-02  ,-6.393069564050e-02  ,8.999591430170e-01  ,8.993159547090e-01  ,8.577795882095e-01  ,9.421386978246e-01  ,8.673506068887e-01  ,9.312813025292e-01  
  3.846814399663e-08  ,-1.233235048963e-01  ,-5.073891662019e-02  ,8.999590113685e-01  ,8.994892269293e-01  ,8.382972589204e-01  ,9.616207638166e-01  ,8.741197686192e-01  ,9.248586852394e-01  
  3.856814475808e-08  ,-1.622122136662e-01  ,-3.748206217345e-02  ,8.999588821570e-01  ,8.996649051602e-01  ,8.188527753239e-01  ,9.810649889901e-01  ,8.809238740734e-01  ,9.184059362469e-01  
  3.866814551953e-08  ,-2.009964633487e-01  ,-2.416686820430e-02  ,8.999587554594e-01  ,8.998428591393e-01  ,7.994605237851e-01  ,1.000456987134e+00  ,8.877594250371e-01  ,9.119262932414e-01  
  3.876814628098e-08  ,-2.396477327715e-01  ,-1.080019831720e-02  ,8.999586313371e-01  ,9.000229560491e-01  ,7.801347649513e-01  ,1.019782497723e+00  ,8.946228568905e-01  ,9.054230552077e-01  
  3.886814704243e-08  ,-2.781445453367e-01  ,2.612642408109e-03  ,8.999585098369e-01  ,9.002050935929e-01  ,7.608862371685e-01  ,1.039030782505e+00  ,9.015114147969e-01  ,8.988987723888e-01  
  3.896814780388e-08  ,-3.164693542229e-01  ,1.606731018624e-02  ,8.999583910086e-01  ,9.003891883373e-01  ,7.417237138971e-01  ,1.058193068120e+00  ,9.084228434304e-01  ,8.923555332442e-01  
  3.906814856533e-08  ,-3.545924099448e-01  ,2.955640155373e-02  ,8.999582749390e-01  ,9.005750983628e-01  ,7.226620699666e-01  ,1.077254479911e+00  ,9.153532991397e-01  ,8.857968975860e-01  
  3.916814932677e-08  ,-3.924856058349e-01  ,4.307272668320e-02  ,8.999581616871e-01  ,9.007626853235e-01  ,7.037153587696e-01  ,1.096200964605e+00  ,9.222990486651e-01  ,8.792263219819e-01  
  3.926815008822e-08  ,-4.301330095482e-01  ,5.661213473877e-02  ,8.999580512853e-01  ,9.009518682378e-01  ,6.848915465113e-01  ,1.115024556059e+00  ,9.292579356072e-01  ,8.726458008684e-01  
  3.936815084967e-08  ,-4.675067810762e-01  ,7.016732140338e-02  ,8.999579438073e-01  ,9.011425029506e-01  ,6.662045532692e-01  ,1.133711334345e+00  ,9.362261636523e-01  ,8.660588422489e-01  
  3.946815161112e-08  ,-5.045794811167e-01  ,8.373088505103e-02  ,8.999578393272e-01  ,9.013344383748e-01  ,6.476680987688e-01  ,1.152247579886e+00  ,9.431998809003e-01  ,8.594689958493e-01  
  3.956815237257e-08  ,-5.413355576150e-01  ,9.729855994133e-02  ,8.999577378842e-01  ,9.015275847335e-01  ,6.292899590767e-01  ,1.170625516692e+00  ,9.501768647042e-01  ,8.528783047629e-01  
  3.966815313402e-08  ,-5.777441471852e-01  ,1.108617639612e-01  ,8.999576395693e-01  ,9.017217568452e-01  ,6.110855659767e-01  ,1.188829713162e+00  ,9.571526388258e-01  ,8.462908748645e-01  
  3.976815389547e-08  ,-6.137899440132e-01  ,1.244161652815e-01  ,8.999575444351e-01  ,9.019168576105e-01  ,5.930625724285e-01  ,1.206852516442e+00  ,9.641249402512e-01  ,8.397087749697e-01  
  3.986815465692e-08  ,-6.494462649814e-01  ,1.379541533197e-01  ,8.999574525691e-01  ,9.021127140535e-01  ,5.752343200784e-01  ,1.224680585060e+00  ,9.710897907134e-01  ,8.331356373937e-01  
  3.996815541837e-08  ,-6.846869541342e-01  ,1.514680465186e-01  ,8.999573640600e-01  ,9.023091461405e-01  ,5.576138869929e-01  ,1.242300841127e+00  ,9.780431693998e-01  ,8.265751228813e-01  
  4.006815617982e-08  ,-7.194924998465e-01  ,1.649519532542e-01  ,8.999572789767e-01  ,9.025060123762e-01  ,5.402110290535e-01  ,1.259703528900e+00  ,9.849819890033e-01  ,8.200300357491e-01  
  4.016815694127e-08  ,-7.538470568029e-01  ,1.784010706126e-01  ,8.999571973825e-01  ,9.027031955727e-01  ,5.230336689810e-01  ,1.276880725784e+00  ,9.919037308790e-01  ,8.135026602664e-01  
  4.026815770272e-08  ,-7.877204509192e-01  ,1.918061279461e-01  ,8.999571193930e-01  ,9.029004649245e-01  ,5.060968939334e-01  ,1.293817344853e+00  ,9.988035288975e-01  ,8.069974009514e-01  
  4.036815846417e-08  ,-8.210984148007e-01  ,2.051626494008e-01  ,8.999570450606e-01  ,9.030977053036e-01  ,4.894078376603e-01  ,1.310506252461e+00  ,1.005679030004e+00  ,8.005163806032e-01  
  4.046815922562e-08  ,-8.539561746878e-01  ,2.184627873430e-01  ,8.999569744754e-01  ,9.032947126407e-01  ,4.729788871315e-01  ,1.326935061819e+00  ,1.012526106312e+00  ,7.940633189692e-01  
  4.056815998707e-08  ,-8.862729375872e-01  ,2.316997897425e-01  ,8.999569077158e-01  ,9.034913080558e-01  ,4.568204389222e-01  ,1.343093376509e+00  ,1.019341202927e+00  ,7.876414131845e-01  
  4.066816074851e-08  ,-9.180251125516e-01  ,2.448657598331e-01  ,8.999568448582e-01  ,9.036872814404e-01  ,4.409442885824e-01  ,1.358969401134e+00  ,1.026120161357e+00  ,7.812544015238e-01  
  4.076816150996e-08  ,-9.491951927405e-01  ,2.579546711982e-01  ,8.999567859551e-01  ,9.038824731385e-01  ,4.253591895848e-01  ,1.374554382325e+00  ,1.032859808738e+00  ,7.749051375394e-01  
  4.086816227141e-08  ,-9.797690162104e-01  ,2.709616248783e-01  ,8.999567310536e-01  ,9.040767541139e-01  ,4.100722229484e-01  ,1.389841239159e+00  ,1.039557566553e+00  ,7.685959416748e-01  
  4.096816303286e-08  ,-1.009722795637e+00  ,2.838783283560e-01  ,8.999566802275e-01  ,9.042699075250e-01  ,3.950952824092e-01  ,1.404818078046e+00  ,1.046209071703e+00  ,7.623307433470e-01  
  4.106816379431e-08  ,-1.039037543288e+00  ,2.966979965056e-01  ,8.999566335209e-01  ,9.044617594217e-01  ,3.804378618771e-01  ,1.419475405165e+00  ,1.052810757675e+00  ,7.561127611689e-01  
  4.116816455576e-08  ,-1.067691866923e+00  ,3.094127224636e-01  ,8.999565909742e-01  ,9.046521119074e-01  ,3.661106575126e-01  ,1.433802524436e+00  ,1.059358473139e+00  ,7.499457506756e-01  
  4.126816531721e-08  ,-1.095673815079e+00  ,3.220179951701e-01  ,8.999565526156e-01  ,9.048408546425e-01  ,3.521196450761e-01  ,1.447793460155e+00  ,1.065849852228e+00  ,7.438318570575e-01  
  4.136816607866e-08  ,-1.122959929630e+00  ,3.345048079070e-01  ,8.999565184865e-01  ,9.050277711365e-01  ,3.384765536715e-01  ,1.461436483302e+00  ,1.072280175090e+00  ,7.377753671830e-01  
  4.146816684011e-08  ,-1.149538805303e+00  ,3.468686719604e-01  ,8.999564885985e-01  ,9.052127566618e-01  ,3.251870859470e-01  ,1.474725891250e+00  ,1.078647092642e+00  ,7.317784206816e-01  
  4.156816760156e-08  ,-1.175390747053e+00  ,3.591017473301e-01  ,8.999564629686e-01  ,9.053956310175e-01  ,3.122610894423e-01  ,1.487651836495e+00  ,1.084946504683e+00  ,7.258447573525e-01  
  4.166816836301e-08  ,-1.200496896580e+00  ,3.711962368073e-01  ,8.999564416053e-01  ,9.055762224992e-01  ,2.997079933152e-01  ,1.500204889895e+00  ,1.091174340903e+00  ,7.199781040955e-01  
  4.176816912446e-08  ,-1.224846794279e+00  ,3.831477053733e-01  ,8.999564245133e-01  ,9.057544367982e-01  ,2.875330273736e-01  ,1.512379821653e+00  ,1.097328289485e+00  ,7.141805841115e-01  
  4.186816988591e-08  ,-1.248422412403e+00  ,3.949484148126e-01  ,8.999564117040e-01  ,9.059301123899e-01  ,2.757452055027e-01  ,1.524167617905e+00  ,1.103404319796e+00  ,7.084559049836e-01  
  4.196817064736e-08  ,-1.271206580066e+00  ,4.065906890518e-01  ,8.999564031787e-01  ,9.061030952430e-01  ,2.643531131455e-01  ,1.535559693212e+00  ,1.109398439769e+00  ,7.028077507171e-01  
  4.206817140881e-08  ,-1.293189818306e+00  ,4.180701699762e-01  ,8.999563989318e-01  ,9.062732994294e-01  ,2.533614897790e-01  ,1.546551308085e+00  ,1.115308384418e+00  ,6.972382144414e-01  
  4.216817217025e-08  ,-1.314355838344e+00  ,4.293792617135e-01  ,8.999563989596e-01  ,9.064405761777e-01  ,2.427784797876e-01  ,1.557134318132e+00  ,1.121130207034e+00  ,6.917509453209e-01  
  4.226817293170e-08  ,-1.334689243742e+00  ,4.405104499367e-01  ,8.999564032596e-01  ,9.066047800857e-01  ,2.326117813884e-01  ,1.567301025131e+00  ,1.126860005054e+00  ,6.863495551173e-01  
  4.236817369315e-08  ,-1.354178909284e+00  ,4.514580659680e-01  ,8.999564118249e-01  ,9.067658014312e-01  ,2.228669571830e-01  ,1.577045866467e+00  ,1.132494834415e+00  ,6.810367684471e-01  
  4.246817445460e-08  ,-1.372813184239e+00  ,4.622160153252e-01  ,8.999564246530e-01  ,9.069235212885e-01  ,2.135498325334e-01  ,1.586363016773e+00  ,1.138031528951e+00  ,6.758155136259e-01  
  4.256817521605e-08  ,-1.390580572011e+00  ,4.727781031523e-01  ,8.999564417419e-01  ,9.070778170642e-01  ,2.046661557362e-01  ,1.595246727748e+00  ,1.143466868640e+00  ,6.706887654881e-01  
  4.266817597750e-08  ,-1.407472640538e+00  ,4.831396829536e-01  ,8.999564630903e-01  ,9.072285954162e-01  ,1.962201428214e-01  ,1.603692783359e+00  ,1.148798436893e+00  ,6.656587539393e-01  
  4.276817673895e-08  ,-1.423474088726e+00  ,4.932920434829e-01  ,8.999564886922e-01  ,9.073756779851e-01  ,1.882194443293e-01  ,1.611693533055e+00  ,1.154021699727e+00  ,6.607296562436e-01  
  4.286817750040e-08  ,-1.438576136927e+00  ,5.032298102136e-01  ,8.999565185405e-01  ,9.075189502412e-01  ,1.806684500773e-01  ,1.619244587004e+00  ,1.159133855348e+00  ,6.559040451344e-01  
  4.296817826185e-08  ,-1.452771903849e+00  ,5.129486532960e-01  ,8.999565526312e-01  ,9.076583181063e-01  ,1.735706007064e-01  ,1.626342504556e+00  ,1.164132644754e+00  ,6.511839914583e-01  
  4.306817902330e-08  ,-1.466048814354e+00  ,5.224403374339e-01  ,8.999565909531e-01  ,9.077935980012e-01  ,1.669321837759e-01  ,1.632980998130e+00  ,1.169013766718e+00  ,6.465734292843e-01  
  4.316817978475e-08  ,-1.478399643364e+00  ,5.316997079472e-01  ,8.999566334928e-01  ,9.079246691796e-01  ,1.607568118106e-01  ,1.639156455175e+00  ,1.173774523153e+00  ,6.420748152060e-01  
  4.326818054620e-08  ,-1.489817028589e+00  ,5.407212528992e-01  ,8.999566802327e-01  ,9.080513993000e-01  ,1.550481659385e-01  ,1.644865194527e+00  ,1.178412025750e+00  ,6.376907728504e-01  
  4.336818130765e-08  ,-1.500293939767e+00  ,5.494994044054e-01  ,8.999567311533e-01  ,9.081736514489e-01  ,1.498097612696e-01  ,1.650103701037e+00  ,1.182923353652e+00  ,6.334239492462e-01  
  4.346818206910e-08  ,-1.509825389761e+00  ,5.580300095821e-01  ,8.999567862383e-01  ,9.082913216548e-01  ,1.450440913577e-01  ,1.654869481119e+00  ,1.187306326446e+00  ,6.292763168638e-01  
  4.356818283055e-08  ,-1.518403528869e+00  ,5.663062180757e-01  ,8.999568454564e-01  ,9.084042362908e-01  ,1.407550810217e-01  ,1.659158609891e+00  ,1.191557345329e+00  ,6.252511272529e-01  
  4.366818359199e-08  ,-1.526022179486e+00  ,5.743218200834e-01  ,8.999569087663e-01  ,9.085122338560e-01  ,1.369458190233e-01  ,1.662967998509e+00  ,1.195673143898e+00  ,6.213513238144e-01  
  4.376818435344e-08  ,-1.532677281505e+00  ,5.820721994878e-01  ,8.999569761298e-01  ,9.086151931364e-01  ,1.336183353771e-01  ,1.666295616883e+00  ,1.199651292880e+00  ,6.175790933925e-01  
  4.386818511489e-08  ,-1.538365820171e+00  ,5.895536600259e-01  ,8.999570475139e-01  ,9.087130168324e-01  ,1.307741374283e-01  ,1.669139957599e+00  ,1.203489846845e+00  ,6.139361868194e-01  
  4.396818587634e-08  ,-1.543082672621e+00  ,5.967592258389e-01  ,8.999571228473e-01  ,9.088055214425e-01  ,1.284157865368e-01  ,1.671498459158e+00  ,1.207185134362e+00  ,6.104259085230e-01  
  4.406818663779e-08  ,-1.546825386300e+00  ,6.036845980869e-01  ,8.999572020768e-01  ,9.088925948845e-01  ,1.265445089269e-01  ,1.673369895227e+00  ,1.210734893928e+00  ,6.070502958411e-01  
  4.416818739924e-08  ,-1.549592265445e+00  ,6.103263437599e-01  ,8.999572851561e-01  ,9.089741485786e-01  ,1.251611524338e-01  ,1.674753417878e+00  ,1.214137320458e+00  ,6.038109766986e-01  
  4.426818816069e-08  ,-1.551380913667e+00  ,6.166787506213e-01  ,8.999573720040e-01  ,9.090500369951e-01  ,1.242669151704e-01  ,1.675647828838e+00  ,1.217389412306e+00  ,6.007106616845e-01  
  4.436818892214e-08  ,-1.552190234436e+00  ,6.227373273368e-01  ,8.999574625484e-01  ,9.091201496904e-01  ,1.238623453304e-01  ,1.676052579766e+00  ,1.220488813359e+00  ,5.977514860219e-01  
  4.446818968359e-08  ,-1.552019741150e+00  ,6.284977184454e-01  ,8.999575567142e-01  ,9.091843833598e-01  ,1.239476861391e-01  ,1.675967427289e+00  ,1.223433242583e+00  ,5.949355241371e-01  
  4.456819044504e-08  ,-1.550869668753e+00  ,6.339550326395e-01  ,8.999576544102e-01  ,9.092426277356e-01  ,1.245228200339e-01  ,1.675392488786e+00  ,1.226220144055e+00  ,5.922651114158e-01  
  4.466819120649e-08  ,-1.548740566373e+00  ,6.391065700817e-01  ,8.999577555819e-01  ,9.092948249214e-01  ,1.255874723954e-01  ,1.674328038768e+00  ,1.228848109962e+00  ,5.897415398805e-01  
  4.476819196794e-08  ,-1.545633822656e+00  ,6.439477032969e-01  ,8.999578601337e-01  ,9.093408786448e-01  ,1.271409488055e-01  ,1.672774771462e+00  ,1.231314730293e+00  ,5.873670269964e-01  
  4.486819272939e-08  ,-1.541551415169e+00  ,6.484746519071e-01  ,8.999579679837e-01  ,9.093807157119e-01  ,1.291822603990e-01  ,1.670733675568e+00  ,1.233618041665e+00  ,5.851433897583e-01  
  4.496819349084e-08  ,-1.536496425251e+00  ,6.526832118982e-01  ,8.999580790409e-01  ,9.094142600069e-01  ,1.317098664152e-01  ,1.668206291667e+00  ,1.235755865956e+00  ,5.830726540578e-01  
  4.506819425229e-08  ,-1.530471791126e+00  ,6.565703408153e-01  ,8.999581932355e-01  ,9.094414601627e-01  ,1.347222976727e-01  ,1.665194088798e+00  ,1.237726630570e+00  ,5.811562897551e-01  
  4.516819501373e-08  ,-1.523481180158e+00  ,6.601328674882e-01  ,8.999583104919e-01  ,9.094622653762e-01  ,1.382177204130e-01  ,1.661698900571e+00  ,1.239528699120e+00  ,5.793958316321e-01  
  4.526819577518e-08  ,-1.515527805473e+00  ,6.633684407355e-01  ,8.999584307506e-01  ,9.094766398881e-01  ,1.421945280143e-01  ,1.657722333487e+00  ,1.241160860256e+00  ,5.777924195204e-01  
  4.536819653663e-08  ,-1.506618489838e+00  ,6.662727839348e-01  ,8.999585539041e-01  ,9.094845224411e-01  ,1.466493089854e-01  ,1.653267798823e+00  ,1.242620914409e+00  ,5.763481304737e-01  
  4.546819729808e-08  ,-1.496758355177e+00  ,6.688434284655e-01  ,8.999586798906e-01  ,9.094858817967e-01  ,1.515795023021e-01  ,1.648337857479e+00  ,1.243907596029e+00  ,5.750641675640e-01  
  4.556819805953e-08  ,-1.485951888084e+00  ,6.710784477514e-01  ,8.999588086566e-01  ,9.094806945961e-01  ,1.569828646144e-01  ,1.642934752699e+00  ,1.245019918472e+00  ,5.739414707204e-01  
  4.566819882098e-08  ,-1.474207172905e+00  ,6.729747094065e-01  ,8.999589401103e-01  ,9.094689242551e-01  ,1.628553536577e-01  ,1.637062526563e+00  ,1.245956278958e+00  ,5.729815695518e-01  
  4.576819958243e-08  ,-1.461531664550e+00  ,6.745298882353e-01  ,8.999590741807e-01  ,9.094505459317e-01  ,1.691932419059e-01  ,1.630724906455e+00  ,1.246715490049e+00  ,5.721856018140e-01  
  4.586820034388e-08  ,-1.447934718050e+00  ,6.757415088089e-01  ,8.999592107943e-01  ,9.094255349549e-01  ,1.759918517692e-01  ,1.623926569819e+00  ,1.247296289359e+00  ,5.715547805505e-01  
  4.596820110533e-08  ,-1.433422073039e+00  ,6.766082742981e-01  ,8.999593499019e-01  ,9.093938792866e-01  ,1.832483133822e-01  ,1.616670386422e+00  ,1.247698016436e+00  ,5.710897421376e-01  
  4.606820186678e-08  ,-1.418004203505e+00  ,6.771280344084e-01  ,8.999594914158e-01  ,9.093555598654e-01  ,1.909573896633e-01  ,1.608961593168e+00  ,1.247919577070e+00  ,5.707915426612e-01  
  4.616820262823e-08  ,-1.401690839115e+00  ,6.772991730338e-01  ,8.999596352621e-01  ,9.093105641510e-01  ,1.991142157044e-01  ,1.600805054820e+00  ,1.247960150668e+00  ,5.706609776341e-01  
  4.626820338968e-08  ,-1.384493969220e+00  ,6.771200539223e-01  ,8.999597813549e-01  ,9.092588817508e-01  ,2.077127967450e-01  ,1.592206765965e+00  ,1.247818908712e+00  ,5.706988547897e-01  
  4.636820415113e-08  ,-1.366423226829e+00  ,6.765896228411e-01  ,8.999599296206e-01  ,9.092005081754e-01  ,2.167483162063e-01  ,1.583171543035e+00  ,1.247495319596e+00  ,5.709056967549e-01  
  4.646820491258e-08  ,-1.347486791133e+00  ,6.757071118173e-01  ,8.999600799920e-01  ,9.091354414575e-01  ,2.262166844256e-01  ,1.573703475559e+00  ,1.246988997366e+00  ,5.712818855488e-01  
  4.656820567403e-08  ,-1.327701017859e+00  ,6.744712557180e-01  ,8.999602323395e-01  ,9.090636822252e-01  ,2.361097234102e-01  ,1.563810741269e+00  ,1.246299310084e+00  ,5.718280543662e-01  
  4.666820643547e-08  ,-1.307074301114e+00  ,6.728816213363e-01  ,8.999603865965e-01  ,9.089852346620e-01  ,2.464232360397e-01  ,1.553497537153e+00  ,1.245426045330e+00  ,5.725444239939e-01  
  4.676820719692e-08  ,-1.285623880100e+00  ,6.709375351110e-01  ,8.999605426294e-01  ,9.089001121931e-01  ,2.571486025792e-01  ,1.542772482680e+00  ,1.244368879749e+00  ,5.734313446376e-01  
  4.686820795837e-08  ,-1.263358823354e+00  ,6.686388216067e-01  ,8.999607003625e-01  ,9.088083259215e-01  ,2.682812886854e-01  ,1.531640112040e+00  ,1.243127736725e+00  ,5.744889151182e-01  
  4.696820871982e-08  ,-1.240295381079e+00  ,6.659853040730e-01  ,8.999608596596e-01  ,9.087098991206e-01  ,2.798131691198e-01  ,1.520108550199e+00  ,1.241702551157e+00  ,5.757172470841e-01  
  4.706820948127e-08  ,-1.216448129265e+00  ,6.629770783764e-01  ,8.999610204002e-01  ,9.086048592563e-01  ,2.917369557677e-01  ,1.508185085033e+00  ,1.240093398445e+00  ,5.771163200682e-01  
  4.716821024272e-08  ,-1.191832084259e+00  ,6.596144378542e-01  ,8.999611824654e-01  ,9.084932401368e-01  ,3.040451403357e-01  ,1.495877224595e+00  ,1.238300459064e+00  ,5.786860212097e-01  
  4.726821100417e-08  ,-1.166462723287e+00  ,6.558978741979e-01  ,8.999613457273e-01  ,9.083750819257e-01  ,3.167299840838e-01  ,1.483192707371e+00  ,1.236324019025e+00  ,5.804261448268e-01  
  4.736821176562e-08  ,-1.140355989500e+00  ,6.518280782351e-01  ,8.999615100531e-01  ,9.082504309307e-01  ,3.297835153030e-01  ,1.470139504803e+00  ,1.234164470048e+00  ,5.823363918132e-01  
  4.746821252707e-08  ,-1.113528289034e+00  ,6.474059406507e-01  ,8.999616753111e-01  ,9.081193394613e-01  ,3.431975307942e-01  ,1.456725819828e+00  ,1.231822309787e+00  ,5.844163691360e-01  
  4.756821328852e-08  ,-1.085996484103e+00  ,6.426325525500e-01  ,8.999618413624e-01  ,9.079818659370e-01  ,3.569635993110e-01  ,1.442960083414e+00  ,1.229298142212e+00  ,5.866655896620e-01  
  4.766821404997e-08  ,-1.057780730919e+00  ,6.375094601469e-01  ,8.999620080552e-01  ,9.078380869315e-01  ,3.710716425957e-01  ,1.428852373515e+00  ,1.226592817005e+00  ,5.890833568581e-01  
  4.776821481142e-08  ,-1.028892876802e+00  ,6.320376809213e-01  ,8.999621752986e-01  ,9.076880501497e-01  ,3.855157368977e-01  ,1.414408613700e+00  ,1.223706890610e+00  ,5.916692096891e-01  
  4.786821557287e-08  ,-9.993570247500e-01  ,6.262194507223e-01  ,8.999623429111e-01  ,9.075318563866e-01  ,4.002838305361e-01  ,1.399640855286e+00  ,1.220641581748e+00  ,5.944221310255e-01  
  4.796821633432e-08  ,-9.691897010075e-01  ,6.200565128932e-01  ,8.999625107798e-01  ,9.073695792789e-01  ,4.153676602760e-01  ,1.384557361284e+00  ,1.217397835725e+00  ,5.973413228323e-01  
  4.806821709577e-08  ,-9.384091303968e-01  ,6.135509142760e-01  ,8.999626787834e-01  ,9.072013021726e-01  ,4.307581135850e-01  ,1.369167243982e+00  ,1.213976759311e+00  ,6.004258450346e-01  
  4.816821785721e-08  ,-9.070296965358e-01  ,6.067043398764e-01  ,8.999628468219e-01  ,9.070270915023e-01  ,4.464479985540e-01  ,1.353477695090e+00  ,1.210379261440e+00  ,6.036749215641e-01  
  4.826821861866e-08  ,-8.750791919619e-01  ,5.995202261215e-01  ,8.999630147169e-01  ,9.068470778364e-01  ,4.624234187359e-01  ,1.337502610698e+00  ,1.206607190897e+00  ,6.070869647757e-01  
  4.836821938011e-08  ,-8.425755887003e-01  ,5.920010257627e-01  ,8.999631823720e-01  ,9.066613483566e-01  ,4.786753880219e-01  ,1.321250976722e+00  ,1.202661861238e+00  ,6.106608354752e-01  
  4.846822014156e-08  ,-8.095337450974e-01  ,5.841488251206e-01  ,8.999633497023e-01  ,9.064699751904e-01  ,4.951964771536e-01  ,1.304730222251e+00  ,1.198544387751e+00  ,6.143955626301e-01  
  4.856822090301e-08  ,-7.759825702405e-01  ,5.759678571613e-01  ,8.999635165503e-01  ,9.062731000728e-01  ,5.119722314301e-01  ,1.287954801671e+00  ,1.194257028653e+00  ,6.182891714921e-01  
  4.866822166446e-08  ,-7.419362731432e-01  ,5.674603337869e-01  ,8.999636828446e-01  ,9.060707935238e-01  ,5.289955462730e-01  ,1.270931819416e+00  ,1.189800960417e+00  ,6.223406266303e-01  
  4.876822242591e-08  ,-7.074199528762e-01  ,5.586302559830e-01  ,8.999638484656e-01  ,9.058631808029e-01  ,5.462538720274e-01  ,1.253673824904e+00  ,1.185178308794e+00  ,6.265480528114e-01  
  4.886822318736e-08  ,-6.724590210483e-01  ,5.494819488475e-01  ,8.999640133027e-01  ,9.056503917707e-01  ,5.637345027785e-01  ,1.236193523827e+00  ,1.180391366194e+00  ,6.309094173470e-01  
  4.896822394881e-08  ,-6.370681829781e-01  ,5.400180125379e-01  ,8.999641772911e-01  ,9.054325024211e-01  ,5.814300858020e-01  ,1.218498268780e+00  ,1.175441508690e+00  ,6.354234961522e-01  
  4.906822471026e-08  ,-6.012734359070e-01  ,5.302431252151e-01  ,8.999643403123e-01  ,9.052096475045e-01  ,5.993276223588e-01  ,1.200601058266e+00  ,1.170331210112e+00  ,6.400880848970e-01  
  4.916822547171e-08  ,-5.650974427754e-01  ,5.201615379574e-01  ,8.999645022647e-01  ,9.049819459989e-01  ,6.174157808771e-01  ,1.182513223652e+00  ,1.165062714978e+00  ,6.449011770202e-01  
  4.926822623316e-08  ,-5.285667427820e-01  ,5.097784678200e-01  ,8.999646630516e-01  ,9.047495411570e-01  ,6.356812916607e-01  ,1.164248034443e+00  ,1.159638775067e+00  ,6.498603072470e-01  
  4.936822699461e-08  ,-4.916966830924e-01  ,4.990970210483e-01  ,8.999648226052e-01  ,9.045125173375e-01  ,6.541164810590e-01  ,1.145813164151e+00  ,1.154061027862e+00  ,6.549640068133e-01  
  4.946822775606e-08  ,-4.545181479920e-01  ,4.881235957701e-01  ,8.999649807901e-01  ,9.042710476275e-01  ,6.727059067941e-01  ,1.127224054786e+00  ,1.148332845512e+00  ,6.602092497424e-01  
  4.956822851751e-08  ,-4.170468223106e-01  ,4.768615449465e-01  ,8.999651375387e-01  ,9.040252225100e-01  ,6.914417263834e-01  ,1.108488548694e+00  ,1.142455994983e+00  ,6.655944500368e-01  
  4.966822927895e-08  ,-3.793103456372e-01  ,4.653168577492e-01  ,8.999652927320e-01  ,9.037752040509e-01  ,7.103101199134e-01  ,1.089620465551e+00  ,1.136433632925e+00  ,6.711167751763e-01  
  4.976823004040e-08  ,-3.413365127795e-01  ,4.534958246245e-01  ,8.999654462534e-01  ,9.035211640140e-01  ,7.292971898636e-01  ,1.070633702643e+00  ,1.130269076326e+00  ,6.767732517017e-01  
  4.986823080185e-08  ,-3.031413097975e-01  ,4.414021587588e-01  ,8.999655980340e-01  ,9.032632045769e-01  ,7.483949431352e-01  ,1.051536252933e+00  ,1.123964283956e+00  ,6.825621251975e-01  
  4.996823156330e-08  ,-2.647528928997e-01  ,4.290424753528e-01  ,8.999657479441e-01  ,9.030015085480e-01  ,7.675893014942e-01  ,1.032342194394e+00  ,1.117522746224e+00  ,6.884802708716e-01  
  5.006823232475e-08  ,-2.261956115616e-01  ,4.164226646422e-01  ,8.999658958683e-01  ,9.027362402937e-01  ,7.868680900874e-01  ,1.013063701649e+00  ,1.110947572615e+00  ,6.945249079726e-01  
  5.016823308620e-08  ,-1.874979032331e-01  ,4.035498306602e-01  ,8.999660416924e-01  ,9.024676001561e-01  ,8.062170900759e-01  ,9.937149933090e-01  ,1.104242515486e+00  ,7.006926848260e-01  
  5.026823384765e-08  ,-1.486813530139e-01  ,3.904295592905e-01  ,8.999661853236e-01  ,9.021957471345e-01  ,8.256255088167e-01  ,9.743068618306e-01  ,1.097410526780e+00  ,7.069809674892e-01  
  5.036823460910e-08  ,-1.097636317633e-01  ,3.770664665606e-01  ,8.999663266774e-01  ,9.019208130941e-01  ,8.450845107957e-01  ,9.548481425590e-01  ,1.090454046374e+00  ,7.133875798138e-01  
  5.046823537055e-08  ,-7.077481054997e-02  ,3.634684869174e-01  ,8.999664656110e-01  ,9.016430252786e-01  ,8.645790603361e-01  ,9.353538708860e-01  ,1.083377268737e+00  ,7.199087818199e-01  
  5.056823613200e-08  ,-3.174362633095e-02  ,3.496434853302e-01  ,8.999666020032e-01  ,9.013626099460e-01  ,8.840947888377e-01  ,9.158384151687e-01  ,1.076184352611e+00  ,7.265408672809e-01  
  5.066823689345e-08  ,7.313480304281e-03  ,3.355960594958e-01  ,8.999667357844e-01  ,9.010796993701e-01  ,9.036234759365e-01  ,8.963099956322e-01  ,1.068877729118e+00  ,7.332816696222e-01  
  5.076823765490e-08  ,4.636365728435e-02  ,3.213355559017e-01  ,8.999668668136e-01  ,9.007945616377e-01  ,9.231486954558e-01  ,8.767850381714e-01  ,1.061462339589e+00  ,7.401267836868e-01  
  5.086823841635e-08  ,8.539041550514e-02  ,3.068667721179e-01  ,8.999669950182e-01  ,9.005073333585e-01  ,9.426622027707e-01  ,8.572717872656e-01  ,1.053940719417e+00  ,7.470739472995e-01  
  5.096823917780e-08  ,1.243608681449e-01  ,2.921994470722e-01  ,8.999671202690e-01  ,9.002182898760e-01  ,9.621475543415e-01  ,8.377866861966e-01  ,1.046318013412e+00  ,7.541185663399e-01  
  5.106823993925e-08  ,1.632585544704e-01  ,2.773385683053e-01  ,8.999672425026e-01  ,8.999275704471e-01  ,9.815965197378e-01  ,8.183379652674e-01  ,1.038596854600e+00  ,7.612582862945e-01  
  5.116824070069e-08  ,2.020546427598e-01  ,2.622929550176e-01  ,8.999673616087e-01  ,8.996354195549e-01  ,1.000994682989e+00  ,7.989400402288e-01  ,1.030781897064e+00  ,7.684889420460e-01  
  5.126824146214e-08  ,2.407244819889e-01  ,2.470703360913e-01  ,8.999674775010e-01  ,8.993420476139e-01  ,1.020329718495e+00  ,7.796052365066e-01  ,1.022877215660e+00  ,7.758068795682e-01  
  5.136824222359e-08  ,2.792396647809e-01  ,2.316799034410e-01  ,8.999675900952e-01  ,8.990476992635e-01  ,1.039587422486e+00  ,7.603477577047e-01  ,1.014887650984e+00  ,7.832077475430e-01  
  5.146824298504e-08  ,3.175839970364e-01  ,2.161269925723e-01  ,8.999676993356e-01  ,8.987525134782e-01  ,1.058759697854e+00  ,7.411757008174e-01  ,1.006816009764e+00  ,7.906890171920e-01  
  5.156824374649e-08  ,3.557291171803e-01  ,2.004210208260e-01  ,8.999678051270e-01  ,8.984567324048e-01  ,1.077832363717e+00  ,7.221032465369e-01  ,9.986672428178e-01  ,7.982462219918e-01  
  5.166824450794e-08  ,3.936469400183e-01  ,1.845716010535e-01  ,8.999679073981e-01  ,8.981605951499e-01  ,1.096791377407e+00  ,7.031444373889e-01  ,9.904463956766e-01  ,8.058747946232e-01  
  5.176824526939e-08  ,4.313215057411e-01  ,1.685843007971e-01  ,8.999680061072e-01  ,8.978642368388e-01  ,1.115628758978e+00  ,6.843072532367e-01  ,9.821563872374e-01  ,8.135720864402e-01  
  5.186824603084e-08  ,4.687249056146e-01  ,1.524689348741e-01  ,8.999681011718e-01  ,8.975678922837e-01  ,1.134330553979e+00  ,6.656056483645e-01  ,9.738023597208e-01  ,8.213334248466e-01  
  5.196824679229e-08  ,5.058333770723e-01  ,1.362340486396e-01  ,8.999681925228e-01  ,8.972717597194e-01  ,1.152884881059e+00  ,6.470515039866e-01  ,9.653887840392e-01  ,8.291547353996e-01  
  5.206824755374e-08  ,5.426196675244e-01  ,1.198897458703e-01  ,8.999682801065e-01  ,8.969760679640e-01  ,1.171278113869e+00  ,6.286584463442e-01  ,9.569209408992e-01  ,8.370311950289e-01  
  5.216824831519e-08  ,5.790683134342e-01  ,1.034418628284e-01  ,8.999683638806e-01  ,8.966809469427e-01  ,1.189502520598e+00  ,6.104342071635e-01  ,9.484018783569e-01  ,8.449600155285e-01  
  5.226824907664e-08  ,6.151486224044e-01  ,8.690216058705e-02  ,8.999684437685e-01  ,8.963866554551e-01  ,1.207542754971e+00  ,5.923941325663e-01  ,9.398377357486e-01  ,8.529355751616e-01  
  5.236824983809e-08  ,6.508404843428e-01  ,7.027858714303e-02  ,8.999685197290e-01  ,8.960933648479e-01  ,1.225388761900e+00  ,5.745482775576e-01  ,9.312326584194e-01  ,8.609540712763e-01  
  5.246825059954e-08  ,6.861222972911e-01  ,5.357981463344e-02  ,8.999685917115e-01  ,8.958012603067e-01  ,1.243029740357e+00  ,5.569074430659e-01  ,9.225911676234e-01  ,8.690113529900e-01  
  5.256825136099e-08  ,7.209774433501e-01  ,3.681255556291e-02  ,8.999686596680e-01  ,8.955104840888e-01  ,1.260457381343e+00  ,5.394799379929e-01  ,9.139167618703e-01  ,8.771042063074e-01  
  5.266825212243e-08  ,7.553746465713e-01  ,1.998964721054e-02  ,8.999687235171e-01  ,8.952213064449e-01  ,1.277656046803e+00  ,5.222814002315e-01  ,9.052161300501e-01  ,8.852264828396e-01  
  5.276825288388e-08  ,7.892993182560e-01  ,3.117235245765e-03  ,8.999687832247e-01  ,8.949338555873e-01  ,1.294618442353e+00  ,5.053191240967e-01  ,8.964924732102e-01  ,8.933752379645e-01  
  5.286825364533e-08  ,8.227261324419e-01  ,-1.379388534448e-02  ,8.999688387305e-01  ,8.946483565069e-01  ,1.311331904951e+00  ,4.886057725095e-01  ,8.877514138346e-01  ,9.015452991791e-01  
  5.296825440678e-08  ,8.556338323906e-01  ,-3.073438938428e-02  ,8.999688899820e-01  ,8.943650035421e-01  ,1.327785806177e+00  ,4.721519737867e-01  ,8.789978088500e-01  ,9.097321982342e-01  
  5.306825516823e-08  ,8.879982788223e-01  ,-4.769333024925e-02  ,8.999689369353e-01  ,8.940840258698e-01  ,1.343968076347e+00  ,4.559697975242e-01  ,8.702373607452e-01  ,9.179306909944e-01  
  5.316825592968e-08  ,9.198058910129e-01  ,-6.466442348283e-02  ,8.999689795613e-01  ,8.938055558340e-01  ,1.359871925068e+00  ,4.400660340548e-01  ,8.614733440926e-01  ,9.261377675754e-01  
  5.326825669113e-08  ,9.510298776888e-01  ,-8.163506276636e-02  ,8.999690178030e-01  ,8.935298600349e-01  ,1.375483956647e+00  ,4.244540789586e-01  ,8.527123286517e-01  ,9.343473914181e-01  
  5.336825745258e-08  ,9.816570950524e-01  ,-9.859891618784e-02  ,8.999690516342e-01  ,8.932570730828e-01  ,1.390797599160e+00  ,4.091405041080e-01  ,8.439576149889e-01  ,9.425565311767e-01  
  5.346825821403e-08  ,1.011661681976e+00  ,-1.155432933456e-01  ,8.999690810084e-01  ,8.929874647567e-01  ,1.405799921997e+00  ,3.941382400202e-01  ,8.352158180839e-01  ,9.507591114295e-01  
  5.356825897548e-08  ,1.041031002835e+00  ,-1.324618292923e-01  ,8.999691059005e-01  ,8.927211701574e-01  ,1.420484607318e+00  ,3.794536044829e-01  ,8.264902555112e-01  ,9.589520848036e-01  
  5.366825973693e-08  ,1.069743177513e+00  ,-1.493433743230e-01  ,8.999691262713e-01  ,8.924584255207e-01  ,1.434840715028e+00  ,3.650975375149e-01  ,8.177867383592e-01  ,9.671301126822e-01  
  5.376826049838e-08  ,1.097777107632e+00  ,-1.661767578433e-01  ,8.999691421009e-01  ,8.921994665459e-01  ,1.448857695917e+00  ,3.510805882852e-01  ,8.091110876243e-01  ,9.752878454676e-01  
  5.386826125983e-08  ,1.125121025924e+00  ,-1.829555933893e-01  ,8.999691533812e-01  ,8.919444276915e-01  ,1.462529666343e+00  ,3.374086404191e-01  ,8.004666309969e-01  ,9.834222243862e-01  
  5.396826202128e-08  ,1.151754581330e+00  ,-1.996687054164e-01  ,8.999691600970e-01  ,8.916935439402e-01  ,1.475846450762e+00  ,3.240918694319e-01  ,7.918591912320e-01  ,9.915278966484e-01  
  5.406826278273e-08  ,1.177658223163e+00  ,-2.163049272513e-01  ,8.999691622467e-01  ,8.914470486940e-01  ,1.488798273828e+00  ,3.111400506654e-01  ,7.832945850684e-01  ,9.995995123197e-01  
  5.416826354417e-08  ,1.202817622745e+00  ,-2.328557653564e-01  ,8.999691598383e-01  ,8.912051174867e-01  ,1.501377971211e+00  ,2.985603484659e-01  ,7.747772348085e-01  ,1.007633000165e+00  
  5.426826430562e-08  ,1.227217606578e+00  ,-2.493120345472e-01  ,8.999691528767e-01  ,8.909679377729e-01  ,1.513577956166e+00  ,2.863603495880e-01  ,7.663119204993e-01  ,1.015623955047e+00  
  5.436826506707e-08  ,1.250846673623e+00  ,-2.656666824383e-01  ,8.999691413638e-01  ,8.907356515554e-01  ,1.525392478175e+00  ,2.745458045523e-01  ,7.579023103362e-01  ,1.023568992775e+00  
  5.446826582852e-08  ,1.273685872859e+00  ,-2.819079185481e-01  ,8.999691253094e-01  ,8.905084930923e-01  ,1.536812061739e+00  ,2.631261888800e-01  ,7.495545338182e-01  ,1.031462452366e+00  
  5.456826658997e-08  ,1.295720619399e+00  ,-2.980262852667e-01  ,8.999691047360e-01  ,8.902866442732e-01  ,1.547829414436e+00  ,2.521087950364e-01  ,7.412735016398e-01  ,1.039299786907e+00  
  5.466826735142e-08  ,1.316934766019e+00  ,-3.140108045263e-01  ,8.999690796771e-01  ,8.900703103560e-01  ,1.558436462687e+00  ,2.415016966677e-01  ,7.330649080928e-01  ,1.047075712619e+00  
  5.476826811287e-08  ,1.337316619130e+00  ,-3.298531616069e-01  ,8.999690501566e-01  ,8.898596428180e-01  ,1.568627359721e+00  ,2.313107405919e-01  ,7.249330620146e-01  ,1.054786223621e+00  
  5.486826887432e-08  ,1.356853908412e+00  ,-3.455443919509e-01  ,8.999690162026e-01  ,8.896548023457e-01  ,1.578395970409e+00  ,2.215420619966e-01  ,7.168826063703e-01  ,1.062426998321e+00  
  5.496826963577e-08  ,1.375537420796e+00  ,-3.610776317612e-01  ,8.999689778358e-01  ,8.894559101883e-01  ,1.587737688234e+00  ,2.122002674379e-01  ,7.089170943077e-01  ,1.069994726069e+00  
  5.506827039722e-08  ,1.393352100755e+00  ,-3.764414337982e-01  ,8.999689350930e-01  ,8.892631658992e-01  ,1.596644985470e+00  ,2.032928847158e-01  ,7.010424490001e-01  ,1.077483882798e+00  
  5.516827115867e-08  ,1.410284855081e+00  ,-3.916251594016e-01  ,8.999688880168e-01  ,8.890767479709e-01  ,1.605111315557e+00  ,1.948264604761e-01  ,6.932641682701e-01  ,1.084889327672e+00  
  5.526827192012e-08  ,1.426328599582e+00  ,-4.066227791179e-01  ,8.999688366290e-01  ,8.888967546036e-01  ,1.613133136420e+00  ,1.868045368378e-01  ,6.855853650446e-01  ,1.092208144163e+00  
  5.536827268157e-08  ,1.441471299757e+00  ,-4.214237946949e-01  ,8.999687809638e-01  ,8.887233537814e-01  ,1.620704430842e+00  ,1.792331310853e-01  ,6.780114564339e-01  ,1.099435251129e+00  
  5.546827344302e-08  ,1.455701906619e+00  ,-4.360178474466e-01  ,8.999687210602e-01  ,8.885567046520e-01  ,1.627819674370e+00  ,1.721177677505e-01  ,6.705477809287e-01  ,1.106565628375e+00  
  5.556827420447e-08  ,1.469014493823e+00  ,-4.503990787381e-01  ,8.999686569445e-01  ,8.883968953423e-01  ,1.634475903856e+00  ,1.654614100330e-01  ,6.631973559732e-01  ,1.113596434711e+00  
  5.566827496591e-08  ,1.481399060470e+00  ,-4.645573003531e-01  ,8.999685886590e-01  ,8.882440777656e-01  ,1.640668118894e+00  ,1.592690584242e-01  ,6.559654275891e-01  ,1.120522727942e+00  
  5.576827572736e-08  ,1.492846594076e+00  ,-4.784824915183e-01  ,8.999685162430e-01  ,8.880983982470e-01  ,1.646391813281e+00  ,1.535452192049e-01  ,6.488571524878e-01  ,1.127339644006e+00  
  5.586827648881e-08  ,1.503350863283e+00  ,-4.921671297871e-01  ,8.999684397280e-01  ,8.879599647607e-01  ,1.651643871370e+00  ,1.482930080865e-01  ,6.418763998671e-01  ,1.134043529654e+00  
  5.596827725026e-08  ,1.512907066622e+00  ,-5.056051568488e-01  ,8.999683591376e-01  ,8.878288633253e-01  ,1.656421892449e+00  ,1.435148258266e-01  ,6.350262849008e-01  ,1.140631441750e+00  
  5.606827801171e-08  ,1.521506630799e+00  ,-5.187850540608e-01  ,8.999682745201e-01  ,8.877052550125e-01  ,1.660721589920e+00  ,1.392149591205e-01  ,6.283127279821e-01  ,1.147097782043e+00  
  5.616827877316e-08  ,1.529145986227e+00  ,-5.317014030906e-01  ,8.999681859032e-01  ,8.875892133802e-01  ,1.664541179017e+00  ,1.353951927899e-01  ,6.217385118349e-01  ,1.153439914925e+00  
  5.626827953461e-08  ,1.535818610791e+00  ,-5.443434968399e-01  ,8.999680933445e-01  ,8.874808809059e-01  ,1.667877398740e+00  ,1.320587879492e-01  ,6.153091324859e-01  ,1.159652629326e+00  
  5.636828029606e-08  ,1.541521757476e+00  ,-5.567060921117e-01  ,8.999679968738e-01  ,8.873803249557e-01  ,1.670728875612e+00  ,1.292071181358e-01  ,6.090272788999e-01  ,1.165733371012e+00  
  5.646828105751e-08  ,1.546251032058e+00  ,-5.687801062304e-01  ,8.999678965459e-01  ,8.872876604523e-01  ,1.673093412575e+00  ,1.268423805169e-01  ,6.028976073370e-01  ,1.171677713567e+00  
  5.656828181896e-08  ,1.550003451451e+00  ,-5.805579334664e-01  ,8.999677924135e-01  ,8.872029805202e-01  ,1.674969518139e+00  ,1.249660666882e-01  ,5.969240137870e-01  ,1.177481947253e+00  
  5.666828258041e-08  ,1.552776366470e+00  ,-5.920309044397e-01  ,8.999676845442e-01  ,8.871263881903e-01  ,1.676355867779e+00  ,1.235795013094e-01  ,5.911109359704e-01  ,1.183141840410e+00  
  5.676828334186e-08  ,1.554568384643e+00  ,-6.031925753534e-01  ,8.999675729944e-01  ,8.870579569712e-01  ,1.677251765316e+00  ,1.226833806727e-01  ,5.854616692945e-01  ,1.188654244648e+00  
  5.686828410331e-08  ,1.555378682011e+00  ,-6.140377864267e-01  ,8.999674578133e-01  ,8.869977438813e-01  ,1.677656798819e+00  ,1.222781168077e-01  ,5.799788506679e-01  ,1.194016637095e+00  
  5.696828486476e-08  ,1.555206350407e+00  ,-6.245579293996e-01  ,8.999673390876e-01  ,8.869458407053e-01  ,1.677570514291e+00  ,1.223641638841e-01  ,5.746668760055e-01  ,1.199224805405e+00  
  5.706828562621e-08  ,1.554051638595e+00  ,-6.347450913028e-01  ,8.999672169073e-01  ,8.869023231138e-01  ,1.676993036205e+00  ,1.229413976097e-01  ,5.695297774624e-01  ,1.204274868765e+00  
  5.716828638765e-08  ,1.551915344955e+00  ,-6.445934244251e-01  ,8.999670913459e-01  ,8.868672415871e-01  ,1.675924763823e+00  ,1.240094188686e-01  ,5.645705293746e-01  ,1.209163953800e+00  
  5.726828714910e-08  ,1.548798440474e+00  ,-6.540982622144e-01  ,8.999669624684e-01  ,8.868406339598e-01  ,1.674366182706e+00  ,1.255677422313e-01  ,5.597915028526e-01  ,1.213889765067e+00  
  5.736828791055e-08  ,1.544703068166e+00  ,-6.632518452626e-01  ,8.999668303886e-01  ,8.868225592402e-01  ,1.672318364471e+00  ,1.276152963058e-01  ,5.551966366089e-01  ,1.218448481871e+00  
  5.746828867200e-08  ,1.539632377830e+00  ,-6.720471044661e-01  ,8.999666952175e-01  ,8.868130617324e-01  ,1.669782884132e+00  ,1.301505063027e-01  ,5.507895094993e-01  ,1.222836613965e+00  
  5.756828943345e-08  ,1.533588578836e+00  ,-6.804801281826e-01  ,8.999665570214e-01  ,8.868121623406e-01  ,1.666760846439e+00  ,1.331722676034e-01  ,5.465720982493e-01  ,1.227052226432e+00  
  5.766829019490e-08  ,1.526575971571e+00  ,-6.885442015509e-01  ,8.999664159215e-01  ,8.868198931709e-01  ,1.663254401707e+00  ,1.366784301362e-01  ,5.425477923955e-01  ,1.231091993946e+00  
  5.776829095635e-08  ,1.518599030535e+00  ,-6.962338185840e-01  ,8.999662720253e-01  ,8.868362732473e-01  ,1.659265787293e+00  ,1.406667567578e-01  ,5.387193639553e-01  ,1.234953182539e+00  
  5.786829171780e-08  ,1.509662820297e+00  ,-7.035436760462e-01  ,8.999661254371e-01  ,8.868613148480e-01  ,1.654797535586e+00  ,1.451347152884e-01  ,5.350894768249e-01  ,1.238633152871e+00  
  5.796829247925e-08  ,1.499774001362e+00  ,-7.104678686083e-01  ,8.999659762829e-01  ,8.868950233323e-01  ,1.649852976964e+00  ,1.500789756021e-01  ,5.316610890281e-01  ,1.242128957636e+00  
  5.806829324070e-08  ,1.488938220861e+00  ,-7.170021160067e-01  ,8.999658246579e-01  ,8.869373963994e-01  ,1.644434935088e+00  ,1.554967142275e-01  ,5.284363383961e-01  ,1.245438454403e+00  
  5.816829400215e-08  ,1.477162081047e+00  ,-7.231419514008e-01  ,8.999656706664e-01  ,8.869884271656e-01  ,1.638546711190e+00  ,1.613846301429e-01  ,5.254174514652e-01  ,1.248559402866e+00  
  5.826829476360e-08  ,1.464451070384e+00  ,-7.288840588840e-01  ,8.999655143932e-01  ,8.870481074272e-01  ,1.632191049585e+00  ,1.677399792011e-01  ,5.226060779852e-01  ,1.251490136869e+00  
  5.836829552505e-08  ,1.450814928682e+00  ,-7.342230601064e-01  ,8.999653559794e-01  ,8.871164194930e-01  ,1.625372820320e+00  ,1.745578916386e-01  ,5.200048894398e-01  ,1.254227949546e+00  
  5.846829628650e-08  ,1.436263884158e+00  ,-7.391543181079e-01  ,8.999651955470e-01  ,8.871933378484e-01  ,1.618097137626e+00  ,1.818332534677e-01  ,5.176161787945e-01  ,1.256770496902e+00  
  5.856829704795e-08  ,1.420806210036e+00  ,-7.436745358311e-01  ,8.999650331870e-01  ,8.872788385347e-01  ,1.610368138205e+00  ,1.895619281692e-01  ,5.154415706192e-01  ,1.259116106450e+00  
  5.866829780939e-08  ,1.404451320729e+00  ,-7.477803237382e-01  ,8.999648690025e-01  ,8.873728920514e-01  ,1.602190529367e+00  ,1.977392086382e-01  ,5.134827301824e-01  ,1.261263053921e+00  
  5.876829857084e-08  ,1.387209406438e+00  ,-7.514684152127e-01  ,8.999647030987e-01  ,8.874754640219e-01  ,1.593569406318e+00  ,2.063599998799e-01  ,5.117412564155e-01  ,1.263209671628e+00  
  5.886829933229e-08  ,1.369088608132e+00  ,-7.547364789873e-01  ,8.999645355574e-01  ,8.875865257399e-01  ,1.584508839623e+00  ,2.154202314916e-01  ,5.102182862463e-01  ,1.264954765234e+00  
  5.896830009374e-08  ,1.350105004337e+00  ,-7.575803883059e-01  ,8.999643665269e-01  ,8.877060175819e-01  ,1.575016868695e+00  ,2.249118643585e-01  ,5.089158234289e-01  ,1.266496211735e+00  
  5.906830085519e-08  ,1.330266740026e+00  ,-7.599984281262e-01  ,8.999641960772e-01  ,8.878339073188e-01  ,1.565097566090e+00  ,2.348308260643e-01  ,5.078346932557e-01  ,1.267833121382e+00  
  5.916830161664e-08  ,1.309588433420e+00  ,-7.619877588282e-01  ,8.999640243322e-01  ,8.879701359593e-01  ,1.554758241042e+00  ,2.451698076220e-01  ,5.069762565452e-01  ,1.268964015373e+00  
  5.926830237809e-08  ,1.288083253932e+00  ,-7.635462540936e-01  ,8.999638514012e-01  ,8.881146479038e-01  ,1.544005478367e+00  ,2.559222244352e-01  ,5.063415208570e-01  ,1.269887774951e+00  
  5.936830313954e-08  ,1.265764834498e+00  ,-7.646720342831e-01  ,8.999636773869e-01  ,8.882673829869e-01  ,1.532846094636e+00  ,2.670812601381e-01  ,5.059313658454e-01  ,1.270603400128e+00  
  5.946830390099e-08  ,1.242649639097e+00  ,-7.653632451370e-01  ,8.999635024067e-01  ,8.884282635744e-01  ,1.521288321955e+00  ,2.786386828581e-01  ,5.057466410059e-01  ,1.271109886143e+00  
  5.956830466244e-08  ,1.218750647401e+00  ,-7.656187338691e-01  ,8.999633265532e-01  ,8.885972243038e-01  ,1.509338650254e+00  ,2.905880028527e-01  ,5.057878573693e-01  ,1.271406591238e+00  
  5.966830542389e-08  ,1.194078756957e+00  ,-7.654376829740e-01  ,8.999631499095e-01  ,8.887742091732e-01  ,1.497002528388e+00  ,3.029237714312e-01  ,5.060553676862e-01  ,1.271493050660e+00  
  5.976830618534e-08  ,1.168652896229e+00  ,-7.648189005608e-01  ,8.999629726216e-01  ,8.889591187262e-01  ,1.484289420736e+00  ,3.156365245070e-01  ,5.065496684458e-01  ,1.271368569007e+00  
  5.986830694679e-08  ,1.142489302292e+00  ,-7.637617656824e-01  ,8.999627948075e-01  ,8.891518628481e-01  ,1.471207445954e+00  ,3.287181436613e-01  ,5.072709800069e-01  ,1.271032745689e+00  
  5.996830770824e-08  ,1.115604589216e+00  ,-7.622659136946e-01  ,8.999626165780e-01  ,8.893523449518e-01  ,1.457764911186e+00  ,3.421603219701e-01  ,5.082193881045e-01  ,1.270485301799e+00  
  6.006830846969e-08  ,1.088018585631e+00  ,-7.603312698014e-01  ,8.999624380737e-01  ,8.895604432751e-01  ,1.443971730889e+00  ,3.559531452584e-01  ,5.093948083744e-01  ,1.269726078176e+00  
  6.016830923113e-08  ,1.059742946131e+00  ,-7.579579635223e-01  ,8.999622593764e-01  ,8.897760835469e-01  ,1.429833732442e+00  ,3.700907863108e-01  ,5.107971017857e-01  ,1.268755065308e+00  
  6.026830999258e-08  ,1.030798440136e+00  ,-7.551463940743e-01  ,8.999620806284e-01  ,8.899991306757e-01  ,1.415361300696e+00  ,3.845628605604e-01  ,5.124259336386e-01  ,1.267572327713e+00  
  6.036831075403e-08  ,1.001206479453e+00  ,-7.518973922878e-01  ,8.999619019682e-01  ,8.902294363541e-01  ,1.400565141695e+00  ,3.993586622416e-01  ,5.142807402102e-01  ,1.266178132498e+00  
  6.046831151548e-08  ,9.709836641295e-01  ,-7.482118600182e-01  ,8.999617234987e-01  ,8.904668794559e-01  ,1.385453555563e+00  ,4.144698914340e-01  ,5.163609494468e-01  ,1.264572809465e+00  
  6.056831227693e-08  ,9.401438017857e-01  ,-7.440906525522e-01  ,8.999615453165e-01  ,8.907113581982e-01  ,1.370033446209e+00  ,4.298896444236e-01  ,5.186660319221e-01  ,1.262756684474e+00  
  6.066831303838e-08  ,9.087106830263e-01  ,-7.395354136696e-01  ,8.999613675899e-01  ,8.909626952624e-01  ,1.354316709103e+00  ,4.456060260767e-01  ,5.211949884277e-01  ,1.260730402097e+00  
  6.076831379983e-08  ,8.767043831366e-01  ,-7.345478502059e-01  ,8.999611904457e-01  ,8.912207366197e-01  ,1.338313382014e+00  ,4.616089988774e-01  ,5.239468115167e-01  ,1.258494661723e+00  
  6.086831456128e-08  ,8.441452287755e-01  ,-7.291299284563e-01  ,8.999610139962e-01  ,8.914853224570e-01  ,1.322033628384e+00  ,4.778883996085e-01  ,5.269203582289e-01  ,1.256050286685e+00  
  6.096831532273e-08  ,8.110572053871e-01  ,-7.232842944964e-01  ,8.999608383849e-01  ,8.917562588958e-01  ,1.305489441079e+00  ,4.944322356914e-01  ,5.301141116476e-01  ,1.253398406144e+00  
  6.106831608418e-08  ,7.774588171311e-01  ,-7.170132314834e-01  ,8.999606637133e-01  ,8.920333927217e-01  ,1.288690072279e+00  ,5.112312551477e-01  ,5.335267769800e-01  ,1.250540008463e+00  
  6.116831684563e-08  ,7.433654003521e-01  ,-7.103187155949e-01  ,8.999604900710e-01  ,8.923165969193e-01  ,1.271643190247e+00  ,5.282777898950e-01  ,5.371572391219e-01  ,1.247475954717e+00  
  6.126831760708e-08  ,7.088032918841e-01  ,-7.032042845650e-01  ,8.999603176131e-01  ,8.926056525838e-01  ,1.254361963555e+00  ,5.455586716711e-01  ,5.410035103013e-01  ,1.244207794866e+00  
  6.136831836853e-08  ,6.737945568696e-01  ,-6.956731884579e-01  ,8.999601464545e-01  ,8.929003738877e-01  ,1.236857424889e+00  ,5.630628680197e-01  ,5.450637796587e-01  ,1.240736968117e+00  
  6.146831912998e-08  ,6.383614236175e-01  ,-6.877289307170e-01  ,8.999599766980e-01  ,8.932005717752e-01  ,1.219140688507e+00  ,5.807792648893e-01  ,5.493361064166e-01  ,1.237065037134e+00  
  6.156831989143e-08  ,6.025299732681e-01  ,-6.793759418216e-01  ,8.999598084815e-01  ,8.935060232538e-01  ,1.201224795116e+00  ,5.986948218475e-01  ,5.538180523430e-01  ,1.233193994165e+00  
  6.166832065288e-08  ,5.663202153979e-01  ,-6.706178570468e-01  ,8.999596418971e-01  ,8.938165567359e-01  ,1.183119749596e+00  ,6.167995341981e-01  ,5.585076282125e-01  ,1.229125485259e+00  
  6.176832141432e-08  ,5.297540571521e-01  ,-6.614588106293e-01  ,8.999594770423e-01  ,8.941319845907e-01  ,1.164836505618e+00  ,6.350824484663e-01  ,5.634025792761e-01  ,1.224861389905e+00  
  6.186832217577e-08  ,4.928542460398e-01  ,-6.519032649162e-01  ,8.999593140209e-01  ,8.944521122967e-01  ,1.146386437041e+00  ,6.535321910010e-01  ,5.685004798386e-01  ,1.220403744755e+00  
  6.196832293722e-08  ,4.556439937655e-01  ,-6.419559533932e-01  ,8.999591529376e-01  ,8.947767416855e-01  ,1.127781149820e+00  ,6.721371560548e-01  ,5.737987649889e-01  ,1.215754718382e+00  
  6.206832369867e-08  ,4.181410530271e-01  ,-6.316205845679e-01  ,8.999589938783e-01  ,8.951057225750e-01  ,1.109029520392e+00  ,6.908884673647e-01  ,5.792954302911e-01  ,1.210916014859e+00  
  6.216832446012e-08  ,3.803753037188e-01  ,-6.209035423235e-01  ,8.999588369866e-01  ,8.954388031593e-01  ,1.090146488846e+00  ,7.097711851272e-01  ,5.849870319975e-01  ,1.205890574321e+00  
  6.226832522157e-08  ,3.423709427721e-01  ,-6.098102960835e-01  ,8.999586823671e-01  ,8.957757794404e-01  ,1.071144153753e+00  ,7.287732109811e-01  ,5.908706313986e-01  ,1.200680927482e+00  
  6.236832598302e-08  ,3.041521164076e-01  ,-5.983465513292e-01  ,8.999585301113e-01  ,8.961164458094e-01  ,1.052034588315e+00  ,7.478824719075e-01  ,5.969431701448e-01  ,1.195289721474e+00  
  6.246832674447e-08  ,2.657469116070e-01  ,-5.865192812423e-01  ,8.999583803303e-01  ,8.964605599017e-01  ,1.032831836134e+00  ,7.670849245268e-01  ,6.032009192806e-01  ,1.189720200523e+00  
  6.256832750592e-08  ,2.271767126333e-01  ,-5.743340362206e-01  ,8.999582331025e-01  ,8.968079348752e-01  ,1.013546589419e+00  ,7.863698767859e-01  ,6.096409167649e-01  ,1.183974952986e+00  
  6.266832826737e-08  ,1.884591735104e-01  ,-5.617954325398e-01  ,8.999580885047e-01  ,8.971584177777e-01  ,9.941876752599e-01  ,8.057285017495e-01  ,6.162607015078e-01  ,1.178056134048e+00  
  6.276832902882e-08  ,1.496282590805e-01  ,-5.489125974773e-01  ,8.999579466765e-01  ,8.975117116468e-01  ,9.747720762167e-01  ,8.251438171362e-01  ,6.230554129081e-01  ,1.171968010385e+00  
  6.286832979027e-08  ,1.107056801338e-01  ,-5.356916747519e-01  ,8.999578077012e-01  ,8.978676230350e-01  ,9.553106477681e-01  ,8.446049676343e-01  ,6.300217856590e-01  ,1.165713460411e+00  
  6.296833055172e-08  ,7.171500229728e-02  ,-5.221394904648e-01  ,8.999576716762e-01  ,8.982259405281e-01  ,9.358151728248e-01  ,8.641001705276e-01  ,6.371561952957e-01  ,1.159295685761e+00  
  6.306833131317e-08  ,3.267454382350e-02  ,-5.082614135510e-01  ,8.999575386877e-01  ,8.985865001872e-01  ,9.162948105994e-01  ,8.836202667759e-01  ,6.444557934117e-01  ,1.152717206963e+00  
  6.316833207462e-08  ,-6.384846348988e-03  ,-4.940666057849e-01  ,8.999574088744e-01  ,8.989490253633e-01  ,8.967649856999e-01  ,9.031498320489e-01  ,6.519157224708e-01  ,1.145982328256e+00  
  6.326833283606e-08  ,-4.543424356880e-02  ,-4.795640754648e-01  ,8.999572823332e-01  ,8.993132505125e-01  ,8.772401605488e-01  ,9.226744041176e-01  ,6.595312127801e-01  ,1.139095288245e+00  
  6.336833359751e-08  ,-8.445718122874e-02  ,-4.647591043344e-01  ,8.999571591215e-01  ,8.996790216072e-01  ,8.577285685071e-01  ,9.421857497358e-01  ,6.672994694400e-01  ,1.132058573774e+00  
  6.346833435896e-08  ,-1.234247979212e-01  ,-4.496610664347e-01  ,8.999570393525e-01  ,9.000460667154e-01  ,8.382446403919e-01  ,9.616694383131e-01  ,6.752155334980e-01  ,1.124876599933e+00  
  6.356833512041e-08  ,-1.623084299698e-01  ,-4.342796578192e-01  ,8.999569231278e-01  ,9.004141080426e-01  ,8.188027081429e-01  ,9.811111381127e-01  ,6.832742791329e-01  ,1.117553936952e+00  
  6.366833588186e-08  ,-2.010864614508e-01  ,-4.186224592636e-01  ,8.999568105107e-01  ,9.007829307111e-01  ,7.994135797853e-01  ,1.000500041236e+00  ,6.914717010793e-01  ,1.110094160343e+00  
  6.376833664331e-08  ,-2.397354983634e-01  ,-4.026978263197e-01  ,8.999567015804e-01  ,9.011523003187e-01  ,7.800889523987e-01  ,1.019824450762e+00  ,6.998033871589e-01  ,1.102501213479e+00  
  6.386833740476e-08  ,-2.782374150668e-01  ,-3.865122848629e-01  ,8.999565964050e-01  ,9.015220358473e-01  ,7.608378888716e-01  ,1.039075303938e+00  ,7.082658934159e-01  ,1.094778178279e+00  
  6.396833816621e-08  ,-3.165578494450e-01  ,-3.700784390304e-01  ,8.999564950984e-01  ,9.018917928221e-01  ,7.416775703759e-01  ,1.058235419821e+00  ,7.168525733069e-01  ,1.086931012337e+00  
  6.406833892766e-08  ,-3.546753521096e-01  ,-3.534044910200e-01  ,8.999563977173e-01  ,9.022613533374e-01  ,7.226187216625e-01  ,1.077294073772e+00  ,7.255591078274e-01  ,1.078963598847e+00  
  6.416833968911e-08  ,-3.925724676591e-01  ,-3.364971818144e-01  ,8.999563043146e-01  ,9.026305401991e-01  ,7.036700704850e-01  ,1.096242538144e+00  ,7.343819492919e-01  ,1.070879131106e+00  
  6.426834045056e-08  ,-4.302196835994e-01  ,-3.193680394529e-01  ,8.999562149802e-01  ,9.029990529883e-01  ,6.848463731805e-01  ,1.115066056780e+00  ,7.433150332618e-01  ,1.062683072715e+00  
  6.436834121201e-08  ,-4.675930600114e-01  ,-3.020267131122e-01  ,8.999561297709e-01  ,9.033666445486e-01  ,6.661595997653e-01  ,1.133752659777e+00  ,7.523532879925e-01  ,1.054380001105e+00  
  6.446834197346e-08  ,-5.046652044680e-01  ,-2.844846591925e-01  ,8.999560487280e-01  ,9.037330251053e-01  ,6.476234464940e-01  ,1.152288650962e+00  ,7.614906955090e-01  ,1.045975354702e+00  
  6.456834273491e-08  ,-5.414205835975e-01  ,-2.667485178321e-01  ,8.999559718879e-01  ,9.040980289693e-01  ,6.292456800891e-01  ,1.170666263687e+00  ,7.707237700532e-01  ,1.037472287885e+00  
  6.466834349636e-08  ,-5.778283642421e-01  ,-2.488317031780e-01  ,8.999558993130e-01  ,9.044613260592e-01  ,6.110417171919e-01  ,1.188870081434e+00  ,7.800454744702e-01  ,1.028877177648e+00  
  6.476834425780e-08  ,-6.138732509288e-01  ,-2.307410314120e-01  ,8.999558310307e-01  ,9.048227528586e-01  ,5.930192055663e-01  ,1.206892456495e+00  ,7.894522371525e-01  ,1.020193268565e+00  
  6.486834501925e-08  ,-6.495285764540e-01  ,-2.124885133625e-01  ,8.999557670892e-01  ,9.051820250886e-01  ,5.751914788622e-01  ,1.224720055316e+00  ,7.989377684074e-01  ,1.011426281770e+00  
  6.496834578070e-08  ,-6.847681961849e-01  ,-1.940863595460e-01  ,8.999557075286e-01  ,9.055388633285e-01  ,5.575716094362e-01  ,1.242339805621e+00  ,8.084956835555e-01  ,1.002582043101e+00  
  6.506834654215e-08  ,-7.195773474675e-01  ,-1.755416222794e-01  ,8.999556523703e-01  ,9.058931097669e-01  ,5.401669786365e-01  ,1.259744326104e+00  ,8.181222986272e-01  ,9.936639209065e-01  
  6.516834730360e-08  ,-7.539303090824e-01  ,-1.568667139448e-01  ,8.999556016575e-01  ,9.062444895481e-01  ,5.229904471163e-01  ,1.276920756199e+00  ,8.278111325757e-01  ,9.846778465205e-01  
  6.526834806505e-08  ,-7.878053540966e-01  ,-1.380724035881e-01  ,8.999555554257e-01  ,9.065927688309e-01  ,5.060528783774e-01  ,1.293858232474e+00  ,8.375565670368e-01  ,9.756289706249e-01  
  6.536834882650e-08  ,-8.211777385202e-01  ,-1.191713823338e-01  ,8.999555136898e-01  ,9.069376752721e-01  ,4.893666444297e-01  ,1.310544382950e+00  ,8.473519841052e-01  ,9.665233664390e-01  
  6.546834958795e-08  ,-8.540335132526e-01  ,-1.001709602471e-01  ,8.999554764688e-01  ,9.072790536646e-01  ,4.729387198425e-01  ,1.326972233095e+00  ,8.571935735410e-01  ,9.573645337881e-01  
  6.556835034940e-08  ,-8.863451250416e-01  ,-8.108583708038e-02  ,8.999554438004e-01  ,9.076165953983e-01  ,4.567828812796e-01  ,1.343128006321e+00  ,8.670736768582e-01  ,9.481595139385e-01  
  6.566835111085e-08  ,-9.180946876733e-01  ,-6.192590742221e-02  ,8.999554157020e-01  ,9.079500978281e-01  ,4.409080718653e-01  ,1.359002759539e+00  ,8.769871441170e-01  ,9.389130515392e-01  
  6.576835187230e-08  ,-9.492677386789e-01  ,-4.269924233833e-02  ,8.999553921933e-01  ,9.082793978348e-01  ,4.253215228538e-01  ,1.374589261533e+00  ,8.869297766657e-01  ,9.296290190040e-01  
  6.586835263375e-08  ,-9.798399882822e-01  ,-2.341954830431e-02  ,8.999553733106e-01  ,9.086042217085e-01  ,4.100353791695e-01  ,1.389875367452e+00  ,8.968944475564e-01  ,9.203139958607e-01  
  6.596835339520e-08  ,-1.009789001597e+00  ,-4.100014950158e-03  ,8.999553590733e-01  ,9.089243131729e-01  ,3.950608582750e-01  ,1.404849859872e+00  ,9.068743056978e-01  ,9.109743206479e-01  
  6.606835415665e-08  ,-1.039102249344e+00  ,1.525178848149e-02  ,8.999553494910e-01  ,9.092395270777e-01  ,3.804042248192e-01  ,1.419506474163e+00  ,9.168654213184e-01  ,9.016136328369e-01  
  6.616835491810e-08  ,-1.067758031914e+00  ,3.462258808235e-02  ,8.999553445898e-01  ,9.095496102907e-01  ,3.660763286326e-01  ,1.433834360547e+00  ,9.268609043318e-01  ,8.922383162495e-01  
  6.626835567954e-08  ,-1.095735420637e+00  ,5.399904877948e-02  ,8.999553443865e-01  ,9.098543115746e-01  ,3.520876340682e-01  ,1.447823054705e+00  ,9.368538359644e-01  ,8.828547871849e-01  
  6.636835644099e-08  ,-1.123019016118e+00  ,7.337098311050e-02  ,8.999553488812e-01  ,9.101534409614e-01  ,3.384458408221e-01  ,1.461464856940e+00  ,9.468389325167e-01  ,8.734679494062e-01  
  6.646835720244e-08  ,-1.149596424587e+00  ,9.273010455419e-02  ,8.999553580837e-01  ,9.104468452335e-01  ,3.251571457902e-01  ,1.474753570377e+00  ,9.568118975106e-01  ,8.640817929564e-01  
  6.656835796389e-08  ,-1.175444291160e+00  ,1.120604617150e-01  ,8.999553720084e-01  ,9.107342334446e-01  ,3.122332264284e-01  ,1.487677517588e+00  ,9.667644643022e-01  ,8.547040025871e-01  
  6.666835872534e-08  ,-1.200548334688e+00  ,1.313518333204e-01  ,8.999553906539e-01  ,9.110154247146e-01  ,2.996812233100e-01  ,1.500229557998e+00  ,9.766913413749e-01  ,8.453395080544e-01  
  6.676835948679e-08  ,-1.224897117558e+00  ,1.505959150857e-01  ,8.999554140215e-01  ,9.112902742716e-01  ,2.875068552424e-01  ,1.512403972801e+00  ,9.865882318145e-01  ,8.359923167288e-01  
  6.686836024824e-08  ,-1.248469193520e+00  ,1.697767447046e-01  ,8.999554421092e-01  ,9.115585087392e-01  ,2.757208453490e-01  ,1.524190038869e+00  ,9.964468810915e-01  ,8.266701363869e-01  
  6.696836100969e-08  ,-1.271251564413e+00  ,1.888841226639e-01  ,8.999554749036e-01  ,9.118199590460e-01  ,2.643296926971e-01  ,1.535581257110e+00  ,1.006262020378e+00  ,8.173778977141e-01  
  6.706836177114e-08  ,-1.293230557167e+00  ,2.079070181950e-01  ,8.999555123870e-01  ,9.120744451537e-01  ,2.533402338036e-01  ,1.546570790971e+00  ,1.016027954251e+00  ,8.081209360562e-01  
  6.716836253259e-08  ,-1.314395869158e+00  ,2.268369615626e-01  ,8.999555545482e-01  ,9.123218307660e-01  ,2.427576199692e-01  ,1.557153489127e+00  ,1.025740311547e+00  ,7.989033499848e-01  
  6.726836329404e-08  ,-1.334730602305e+00  ,2.456597925032e-01  ,8.999556013644e-01  ,9.125618909213e-01  ,2.325903002119e-01  ,1.567320902517e+00  ,1.035391787173e+00  ,7.897319946697e-01  
  6.736836405549e-08  ,-1.354219907430e+00  ,2.643622689152e-01  ,8.999556527959e-01  ,9.127944227998e-01  ,2.228456990809e-01  ,1.577065606511e+00  ,1.044975557257e+00  ,7.806132883422e-01  
  6.746836481694e-08  ,-1.372853121163e+00  ,2.829343540493e-01  ,8.999557088083e-01  ,9.130192778696e-01  ,2.135291482267e-01  ,1.586382269390e+00  ,1.054486454894e+00  ,7.715521008450e-01  
  6.756836557839e-08  ,-1.390621789395e+00  ,3.013679201809e-01  ,8.999557693771e-01  ,9.132363384933e-01  ,2.046448746798e-01  ,1.595266664074e+00  ,1.063920298584e+00  ,7.625523784029e-01  
  6.766836633984e-08  ,-1.407511976341e+00  ,3.196492594206e-01  ,8.999558344576e-01  ,9.134454105746e-01  ,1.961998462872e-01  ,1.603711822628e+00  ,1.073270040285e+00  ,7.536207808643e-01  
  6.776836710128e-08  ,-1.423513029633e+00  ,3.377672476742e-01  ,8.999559040011e-01  ,9.136463444330e-01  ,1.881993891848e-01  ,1.611712418818e+00  ,1.082529968270e+00  ,7.447627205959e-01  
  6.786836786273e-08  ,-1.438613376328e+00  ,3.557090117818e-01  ,8.999559779436e-01  ,9.138389737284e-01  ,1.806492897798e-01  ,1.619262666107e+00  ,1.091693479619e+00  ,7.359844678375e-01  
  6.796836862418e-08  ,-1.452804819529e+00  ,3.734648319033e-01  ,8.999560562388e-01  ,9.140231774477e-01  ,1.735536464740e-01  ,1.626358466003e+00  ,1.100755593399e+00  ,7.272907614960e-01  
  6.806836938563e-08  ,-1.466078913782e+00  ,3.910242516742e-01  ,8.999561388343e-01  ,9.141988285675e-01  ,1.669166819432e-01  ,1.632995595725e+00  ,1.109710954405e+00  ,7.186867027304e-01  
  6.816837014708e-08  ,-1.478427491192e+00  ,4.083766350918e-01  ,8.999562256742e-01  ,9.143658013948e-01  ,1.607424800783e-01  ,1.639169971270e+00  ,1.118554118941e+00  ,7.101774838489e-01  
  6.826837090853e-08  ,-1.489844683795e+00  ,4.255139995622e-01  ,8.999563167154e-01  ,9.145240039178e-01  ,1.550339748177e-01  ,1.644878658613e+00  ,1.127281003699e+00  ,7.017670041367e-01  
  6.836837166998e-08  ,-1.500321153245e+00  ,4.424231072304e-01  ,8.999564118833e-01  ,9.146732868674e-01  ,1.497958352607e-01  ,1.650116988506e+00  ,1.135884840483e+00  ,6.934617332522e-01  
  6.846837243143e-08  ,-1.509849315249e+00  ,4.590917894736e-01  ,8.999565111016e-01  ,9.148135210923e-01  ,1.450318534771e-01  ,1.654881168726e+00  ,1.144359415829e+00  ,6.852676263555e-01  
  6.856837319288e-08  ,-1.518425251287e+00  ,4.755131752395e-01  ,8.999566143269e-01  ,9.149446365508e-01  ,1.407439886835e-01  ,1.659169239970e+00  ,1.152701224171e+00  ,6.771880489311e-01  
  6.866837395433e-08  ,-1.526042503461e+00  ,4.916753269868e-01  ,8.999567214835e-01  ,9.150665141649e-01  ,1.369354697529e-01  ,1.662977973214e+00  ,1.160904177658e+00  ,6.692288506714e-01  
  6.876837471578e-08  ,-1.532696301299e+00  ,5.075681811971e-01  ,8.999568325037e-01  ,9.151790580565e-01  ,1.336086818540e-01  ,1.666304983153e+00  ,1.168963148655e+00  ,6.613949674580e-01  
  6.886837547723e-08  ,-1.538382487702e+00  ,5.231818165131e-01  ,8.999569473149e-01  ,9.152821765671e-01  ,1.307657034638e-01  ,1.669148191166e+00  ,1.176873084824e+00  ,6.536912683105e-01  
  6.896837623868e-08  ,-1.543097514765e+00  ,5.385064601211e-01  ,8.999570658464e-01  ,9.153757822030e-01  ,1.284083084638e-01  ,1.671505823229e+00  ,1.184629012263e+00  ,6.461225521424e-01  
  6.906837700013e-08  ,-1.546838060966e+00  ,5.535309223553e-01  ,8.999571880158e-01  ,9.154597791626e-01  ,1.265381575327e-01  ,1.673376218499e+00  ,1.192225240340e+00  ,6.386943179850e-01  
  6.916837776158e-08  ,-1.549602635646e+00  ,5.682489169407e-01  ,8.999573137745e-01  ,9.155341160348e-01  ,1.251559959516e-01  ,1.674758631597e+00  ,1.199658574505e+00  ,6.314096575644e-01  
  6.926837852303e-08  ,-1.551389043542e+00  ,5.826495547058e-01  ,8.999574430366e-01  ,9.155987062830e-01  ,1.242629212653e-01  ,1.675651964808e+00  ,1.206923483636e+00  ,6.242739289301e-01  
  6.936837928447e-08  ,-1.552196180305e+00  ,5.967237177249e-01  ,8.999575757242e-01  ,9.156534822723e-01  ,1.238594855717e-01  ,1.676055665877e+00  ,1.214015341135e+00  ,6.172916234099e-01  
  6.946838004592e-08  ,-1.552023552100e+00  ,6.104624668188e-01  ,8.999577117564e-01  ,9.156983817128e-01  ,1.239459357063e-01  ,1.675969487806e+00  ,1.220929615122e+00  ,6.104671483033e-01  
  6.956838080737e-08  ,-1.550871386778e+00  ,6.238556257277e-01  ,8.999578510384e-01  ,9.157333394714e-01  ,1.245221576493e-01  ,1.675393544428e+00  ,1.227661152335e+00  ,6.038055266076e-01  
  6.966838156882e-08  ,-1.548740466590e+00  ,6.368956407858e-01  ,8.999579934955e-01  ,9.157583118156e-01  ,1.255877602005e-01  ,1.674328226791e+00  ,1.234206132208e+00  ,5.973104914227e-01  
  6.976838233027e-08  ,-1.545632123820e+00  ,6.495744862057e-01  ,8.999581390434e-01  ,9.157732560958e-01  ,1.271420771335e-01  ,1.672774200953e+00  ,1.240560499199e+00  ,5.909860129930e-01  
  6.986838309172e-08  ,-1.541547761300e+00  ,6.618861001965e-01  ,8.999582876138e-01  ,9.157781429510e-01  ,1.291844069639e-01  ,1.670732168264e+00  ,1.246721193049e+00  ,5.848350928527e-01  
  6.996838385317e-08  ,-1.536490768108e+00  ,6.738192094742e-01  ,8.999584390754e-01  ,9.157729244196e-01  ,1.317130550215e-01  ,1.668203823129e+00  ,1.252682529157e+00  ,5.788633196825e-01  
  7.006838461462e-08  ,-1.530464120821e+00  ,6.853669938676e-01  ,8.999585933436e-01  ,9.157575801102e-01  ,1.347265329331e-01  ,1.665190653754e+00  ,1.258441077044e+00  ,5.730740831764e-01  
  7.016838537607e-08  ,-1.523470559464e+00  ,6.965240155688e-01  ,8.999587503455e-01  ,9.157320970333e-01  ,1.382234706133e-01  ,1.661694030078e+00  ,1.263994104818e+00  ,5.674700892489e-01  
  7.026838613752e-08  ,-1.515515214259e+00  ,7.072812404173e-01  ,8.999589099544e-01  ,9.156964590234e-01  ,1.422013028248e-01  ,1.657716517084e+00  ,1.269337079232e+00  ,5.620558388148e-01  
  7.036838689897e-08  ,-1.506604037282e+00  ,7.176304565107e-01  ,8.999590720501e-01  ,9.156506647640e-01  ,1.466570534090e-01  ,1.653261090691e+00  ,1.274465893019e+00  ,5.568354365086e-01  
  7.046838766042e-08  ,-1.496742107121e+00  ,7.275656498490e-01  ,8.999592365411e-01  ,9.155947213471e-01  ,1.515881829807e-01  ,1.648330290102e+00  ,1.279377546272e+00  ,5.518118964226e-01  
  7.056838842187e-08  ,-1.485933887386e+00  ,7.370820467386e-01  ,8.999594033466e-01  ,9.155286382040e-01  ,1.569924596536e-01  ,1.642926347040e+00  ,1.284069661573e+00  ,5.469876148347e-01  
  7.066838918332e-08  ,-1.474187436972e+00  ,7.461717512081e-01  ,8.999595723270e-01  ,9.154524371787e-01  ,1.628658538409e-01  ,1.637053290813e+00  ,1.288538312783e+00  ,5.423665615746e-01  
  7.076838994477e-08  ,-1.461511484224e+00  ,7.548276714057e-01  ,8.999597433550e-01  ,9.153661533563e-01  ,1.692040012429e-01  ,1.630715485467e+00  ,1.292779989059e+00  ,5.379523176534e-01  
  7.086839070621e-08  ,-1.447913188173e+00  ,7.630446647513e-01  ,8.999599163335e-01  ,9.152698216161e-01  ,1.760033222473e-01  ,1.623916510420e+00  ,1.296792153992e+00  ,5.337474892404e-01  
  7.096839146766e-08  ,-1.433398707722e+00  ,7.708186734929e-01  ,8.999600911759e-01  ,9.151634739527e-01  ,1.832607373151e-01  ,1.616659445037e+00  ,1.300572810699e+00  ,5.297541372063e-01  
  7.106839222911e-08  ,-1.417980533074e+00  ,7.781421835556e-01  ,8.999602677182e-01  ,9.150471803501e-01  ,1.909700011811e-01  ,1.608950534255e+00  ,1.304118272128e+00  ,5.259760885723e-01  
  7.116839299056e-08  ,-1.401665218234e+00  ,7.850118266345e-01  ,8.999604458830e-01  ,9.149209811865e-01  ,1.991278367660e-01  ,1.600793055000e+00  ,1.307426894504e+00  ,5.224150678692e-01  
  7.126839375201e-08  ,-1.384466368805e+00  ,7.914211324598e-01  ,8.999606255187e-01  ,9.147849641529e-01  ,2.077274411162e-01  ,1.592193809921e+00  ,1.310495530383e+00  ,5.190743979231e-01  
  7.136839451346e-08  ,-1.366393667710e+00  ,7.973661258721e-01  ,8.999608065238e-01  ,9.146391961169e-01  ,2.167639726687e-01  ,1.583157640379e+00  ,1.313322259053e+00  ,5.159561331809e-01  
  7.146839527491e-08  ,-1.347455318881e+00  ,8.028437059297e-01  ,8.999609888112e-01  ,9.144837343565e-01  ,2.262333293705e-01  ,1.573688648252e+00  ,1.315905587321e+00  ,5.130618813916e-01  
  7.156839603636e-08  ,-1.327665693304e+00  ,8.078488327670e-01  ,8.999611722325e-01  ,9.143186804379e-01  ,2.361283255804e-01  ,1.563794018885e+00  ,1.318243096821e+00  ,5.103942640544e-01  
  7.166839679781e-08  ,-1.307039423225e+00  ,8.123771998818e-01  ,8.999613566568e-01  ,9.141441422714e-01  ,2.464416450441e-01  ,1.553481068269e+00  ,1.320332742212e+00  ,5.079555423304e-01  
  7.176839755926e-08  ,-1.285585206291e+00  ,8.164265338685e-01  ,8.999615420093e-01  ,9.139601853631e-01  ,2.571689388640e-01  ,1.542754145155e+00  ,1.322173452297e+00  ,5.057469184289e-01  
  7.186839832071e-08  ,-1.263318660056e+00  ,8.199930454579e-01  ,8.999617281506e-01  ,9.137669280085e-01  ,2.683023981228e-01  ,1.531621058178e+00  ,1.323763450738e+00  ,5.037704052796e-01  
  7.196839908216e-08  ,-1.240253845577e+00  ,8.230738464673e-01  ,8.999619149597e-01  ,9.135644783590e-01  ,2.798349921713e-01  ,1.520088837748e+00  ,1.325101401593e+00  ,5.020275551253e-01  
  7.206839984361e-08  ,-1.216405279400e+00  ,8.256663369366e-01  ,8.999621023286e-01  ,9.133529496878e-01  ,2.917594626284e-01  ,1.508164742029e+00  ,1.326186118156e+00  ,5.005197812195e-01  
  7.216840060506e-08  ,-1.191787951201e+00  ,8.277682072894e-01  ,8.999622901378e-01  ,9.131324603103e-01  ,3.040683145375e-01  ,1.495856265738e+00  ,1.327016563955e+00  ,4.992483566656e-01  
  7.226840136651e-08  ,-1.166417327638e+00  ,8.293774403048e-01  ,8.999624782678e-01  ,9.129031333834e-01  ,3.167538144488e-01  ,1.483171142087e+00  ,1.327591853536e+00  ,4.982144132310e-01  
  7.236840212795e-08  ,-1.140311980137e+00  ,8.304920833987e-01  ,8.999626665918e-01  ,9.126651189799e-01  ,3.298066765233e-01  ,1.470118656660e+00  ,1.327911160679e+00  ,4.974190772806e-01  
  7.246840288940e-08  ,-1.113486456213e+00  ,8.311109563287e-01  ,8.999628550022e-01  ,9.124185364947e-01  ,3.432196268958e-01  ,1.456706083109e+00  ,1.327974014659e+00  ,4.968630583303e-01  
  7.256840365085e-08  ,-1.085956910418e+00  ,8.312330160755e-01  ,8.999630433830e-01  ,9.121635193222e-01  ,3.569845881738e-01  ,1.442941498592e+00  ,1.327780027360e+00  ,4.965470112845e-01  
  7.266840441230e-08  ,-1.057736168037e+00  ,8.308576255216e-01  ,8.999632316386e-01  ,9.119001729459e-01  ,3.710951476201e-01  ,1.428831315657e+00  ,1.327328985707e+00  ,4.964713601851e-01  
  7.276840517375e-08  ,-1.028846194585e+00  ,8.299839572945e-01  ,8.999634196078e-01  ,9.116286782428e-01  ,3.855403223155e-01  ,1.414386516900e+00  ,1.326620656890e+00  ,4.966366995956e-01  
  7.286840593520e-08  ,-9.993083863930e-01  ,8.286118020325e-01  ,8.999636071521e-01  ,9.113492152085e-01  ,4.003094139556e-01  ,1.399617800349e+00  ,1.325655116225e+00  ,4.970433141923e-01  
  7.296840669665e-08  ,-9.691392639394e-01  ,8.267413133702e-01  ,8.999637941679e-01  ,9.110619264640e-01  ,4.153941621983e-01  ,1.384533426138e+00  ,1.324432583149e+00  ,4.976912697789e-01  
  7.306840745810e-08  ,-9.383525549130e-01  ,8.243727589259e-01  ,8.999639805583e-01  ,9.107669304782e-01  ,4.307877031017e-01  ,1.369140258015e+00  ,1.322953309941e+00  ,4.985805510153e-01  
  7.316840821955e-08  ,-9.069718990355e-01  ,8.215068203801e-01  ,8.999641661584e-01  ,9.104644320591e-01  ,4.464782166406e-01  ,1.353450115676e+00  ,1.321217842249e+00  ,4.997110218691e-01  
  7.326840898100e-08  ,-8.750204690090e-01  ,8.181446991184e-01  ,8.999643508337e-01  ,9.101546373707e-01  ,4.624541163292e-01  ,1.337474585338e+00  ,1.319226986930e+00  ,5.010822878115e-01  
  7.336840974245e-08  ,-8.425117233857e-01  ,8.142872832087e-01  ,8.999645345046e-01  ,9.098376681383e-01  ,4.787086728118e-01  ,1.321220396197e+00  ,1.316981309743e+00  ,5.026940265340e-01  
  7.346841050390e-08  ,-8.094695158136e-01  ,8.099363281764e-01  ,8.999647170174e-01  ,9.095137409927e-01  ,4.952299591106e-01  ,1.304699474924e+00  ,1.314481905081e+00  ,5.045455769046e-01  
  7.356841126535e-08  ,-7.759147567528e-01  ,8.050937198084e-01  ,8.999648982369e-01  ,9.091830482111e-01  ,5.120075198605e-01  ,1.287922276613e+00  ,1.311729908115e+00  ,5.066361883069e-01  
  7.366841202680e-08  ,-7.418686154407e-01  ,7.997616453834e-01  ,8.999650780478e-01  ,9.088457871125e-01  ,5.290307703274e-01  ,1.270899385768e+00  ,1.308726609804e+00  ,5.089649644208e-01  
  7.376841278825e-08  ,-7.073560350519e-01  ,7.939430658496e-01  ,8.999652563064e-01  ,9.085021950614e-01  ,5.462872387804e-01  ,1.253643273832e+00  ,1.305473727986e+00  ,5.115306621366e-01  
  7.386841354969e-08  ,-6.723962194368e-01  ,7.876405474399e-01  ,8.999654329104e-01  ,9.081524582347e-01  ,5.637673231920e-01  ,1.236163542629e+00  ,1.301972731955e+00  ,5.143321845147e-01  
  7.396841431114e-08  ,-6.370102419729e-01  ,7.808571053346e-01  ,8.999656077466e-01  ,9.077967821264e-01  ,5.814604867602e-01  ,1.218470728733e+00  ,1.298225334794e+00  ,5.173682294591e-01  
  7.406841507259e-08  ,-6.012146466274e-01  ,7.735952228485e-01  ,8.999657807177e-01  ,9.074353274150e-01  ,5.993584574040e-01  ,1.200573104031e+00  ,1.294232938839e+00  ,5.206377159907e-01  
  7.416841583404e-08  ,-5.650375123053e-01  ,7.658592958892e-01  ,8.999659516630e-01  ,9.070683669142e-01  ,6.174471955104e-01  ,1.182484707816e+00  ,1.289998014859e+00  ,5.241387189696e-01  
  7.426841659549e-08  ,-5.285056344887e-01  ,7.576540144648e-01  ,8.999661204595e-01  ,9.066961654396e-01  ,6.357133032151e-01  ,1.164218937704e+00  ,1.285523172672e+00  ,5.278691582072e-01  
  7.436841735694e-08  ,-4.916344257952e-01  ,7.489822527375e-01  ,8.999662870346e-01  ,9.063188768523e-01  ,6.541490741370e-01  ,1.145783499932e+00  ,1.280810003221e+00  ,5.318277504836e-01  
  7.446841811839e-08  ,-4.544510624324e-01  ,7.398492332598e-01  ,8.999664512512e-01  ,9.059367726465e-01  ,6.727409200350e-01  ,1.127191982467e+00  ,1.275861389276e+00  ,5.360121560166e-01  
  7.456841887984e-08  ,-4.169829171505e-01  ,7.302606576841e-01  ,8.999666129904e-01  ,9.055501297935e-01  ,6.914751544152e-01  ,1.108458071566e+00  ,1.270680458636e+00  ,5.404198009514e-01  
  7.466841964129e-08  ,-3.792508643964e-01  ,7.202211642284e-01  ,8.999667721771e-01  ,9.051591627371e-01  ,7.103413399789e-01  ,1.089592204375e+00  ,1.265269744851e+00  ,5.450485806229e-01  
  7.476842040274e-08  ,-3.412776811171e-01  ,7.097359990204e-01  ,8.999669287169e-01  ,9.047641062135e-01  ,7.293280881583e-01  ,1.070605769275e+00  ,1.259632105724e+00  ,5.498961067033e-01  
  7.486842116419e-08  ,-3.030811565626e-01  ,6.988093514586e-01  ,8.999670825273e-01  ,9.043651422708e-01  ,7.484265042460e-01  ,1.051507660809e+00  ,1.253769818000e+00  ,5.549604665415e-01  
  7.496842192564e-08  ,-2.646952945581e-01  ,6.874495063699e-01  ,8.999672334646e-01  ,9.039626193568e-01  ,7.676195861856e-01  ,1.032314880744e+00  ,1.247687372542e+00  ,5.602378661719e-01  
  7.506842268709e-08  ,-2.261363910172e-01  ,6.756606495549e-01  ,8.999673814643e-01  ,9.035567043990e-01  ,7.868991859556e-01  ,1.013035576973e+00  ,1.241387029176e+00  ,5.657263796216e-01  
  7.516842344854e-08  ,-1.874331577283e-01  ,6.634502858222e-01  ,8.999675264075e-01  ,9.031476906190e-01  ,8.062509475434e-01  ,9.936841052717e-01  ,1.234872833530e+00  ,5.714225477079e-01  
  7.526842420999e-08  ,-1.486142623321e-01  ,6.508263650092e-01  ,8.999676681915e-01  ,9.027358742012e-01  ,8.256605370254e-01  ,9.742747993575e-01  ,1.228149056706e+00  ,5.773226916966e-01  
  7.536842497143e-08  ,-1.096960035034e-01  ,6.377936046776e-01  ,8.999678067661e-01  ,9.023214258090e-01  ,8.451198050144e-01  ,9.548158085178e-01  ,1.221218228148e+00  ,5.834246234702e-01  
  7.546842573288e-08  ,-7.071092878487e-02  ,6.243616972999e-01  ,8.999679420264e-01  ,9.019046893727e-01  ,8.646124776340e-01  ,9.353234064189e-01  ,1.214085538023e+00  ,5.897238407228e-01  
  7.556842649433e-08  ,-3.168070855360e-02  ,6.105374247763e-01  ,8.999680738979e-01  ,9.014858975331e-01  ,8.841277196211e-01  ,9.158084281747e-01  ,1.206754609921e+00  ,5.962171851449e-01  
  7.566842725578e-08  ,7.376870335293e-03  ,5.963264148850e-01  ,8.999682023157e-01  ,9.010652404419e-01  ,9.036566374833e-01  ,8.962797671480e-01  ,1.199228447884e+00  ,6.029020329994e-01  
  7.576842801723e-08  ,4.643153123558e-02  ,5.817383777910e-01  ,8.999683271673e-01  ,9.006430413129e-01  ,9.231840927851e-01  ,8.767525615495e-01  ,1.191512230208e+00  ,6.097738524174e-01  
  7.586842877868e-08  ,8.545838520798e-02  ,5.667815982224e-01  ,8.999684483641e-01  ,9.002195665398e-01  ,9.426976409681e-01  ,8.572392557601e-01  ,1.183610365651e+00  ,6.168287674286e-01  
  7.596842954013e-08  ,1.244287242335e-01  ,5.514660643409e-01  ,8.999685658193e-01  ,8.997951274100e-01  ,9.621829279361e-01  ,8.377542037026e-01  ,1.175528159581e+00  ,6.240620952396e-01  
  7.606843030158e-08  ,1.633261533942e-01  ,5.357976386519e-01  ,8.999686794722e-01  ,8.993699021821e-01  ,9.816317561693e-01  ,8.183056027751e-01  ,1.167268721508e+00  ,6.314710828562e-01  
  7.616843106303e-08  ,2.021219216840e-01  ,5.197867320937e-01  ,8.999687892192e-01  ,8.989442038345e-01  ,1.001029750061e+00  ,7.989078283773e-01  ,1.158837569881e+00  ,6.390508377877e-01  
  7.626843182448e-08  ,2.407874641200e-01  ,5.034441278894e-01  ,8.999688949861e-01  ,8.985183489459e-01  ,1.020362627046e+00  ,7.795751629262e-01  ,1.150240412891e+00  ,6.467962850012e-01  
  7.636843258593e-08  ,2.793012568985e-01  ,4.867782647793e-01  ,8.999689967179e-01  ,8.980925814194e-01  ,1.039619625167e+00  ,7.603183682686e-01  ,1.141481713809e+00  ,6.547034490298e-01  
  7.646843334738e-08  ,3.176400245134e-01  ,4.697984494316e-01  ,8.999690943419e-01  ,8.976671667579e-01  ,1.058789106599e+00  ,7.411490820852e-01  ,1.132566391474e+00  ,6.627679420422e-01  
  7.656843410883e-08  ,3.557857483785e-01  ,4.525119542398e-01  ,8.999691877936e-01  ,8.972423097046e-01  ,1.077862061983e+00  ,7.220763136044e-01  ,1.123498286825e+00  ,6.709863325847e-01  
  7.666843487028e-08  ,3.937081959667e-01  ,4.349311214942e-01  ,8.999692769700e-01  ,8.968183533605e-01  ,1.096823374953e+00  ,7.031151789866e-01  ,1.114283914108e+00  ,6.793527926134e-01  
  7.676843563173e-08  ,4.313792786582e-01  ,4.170679296312e-01  ,8.999693618016e-01  ,8.963956196520e-01  ,1.115659001131e+00  ,6.842797224725e-01  ,1.104929584468e+00  ,6.878616548364e-01  
  7.686843639318e-08  ,4.687779929189e-01  ,3.989316990839e-01  ,8.999694422426e-01  ,8.959743525146e-01  ,1.134358438702e+00  ,6.655804457831e-01  ,1.095440202057e+00  ,6.965085029727e-01  
  7.696843715462e-08  ,5.058817160188e-01  ,3.805326689485e-01  ,8.999695182354e-01  ,8.955548153196e-01  ,1.152910376245e+00  ,6.470286602260e-01  ,1.085821149794e+00  ,7.052884808453e-01  
  7.706843791607e-08  ,5.426729954335e-01  ,3.618788125493e-01  ,8.999695897305e-01  ,8.951372102408e-01  ,1.171306087447e+00  ,6.286330920138e-01  ,1.076076616515e+00  ,7.141978039661e-01  
  7.716843867752e-08  ,5.791226262258e-01  ,3.429836218295e-01  ,8.999696566521e-01  ,8.947218756829e-01  ,1.189530969765e+00  ,6.104083435392e-01  ,1.066213686598e+00  ,7.232300647682e-01  
  7.726843943897e-08  ,6.152036378365e-01  ,3.238600968199e-01  ,8.999697189563e-01  ,8.943091295098e-01  ,1.207571537875e+00  ,5.923679000381e-01  ,1.056239177920e+00  ,7.323790810998e-01  
  7.736844020042e-08  ,6.509008247182e-01  ,3.045157695731e-01  ,8.999697766157e-01  ,8.938991529331e-01  ,1.225420188975e+00  ,5.745193642566e-01  ,1.046157037720e+00  ,7.416412681466e-01  
  7.746844096187e-08  ,6.861876898104e-01  ,2.849639203433e-01  ,8.999698295727e-01  ,8.934922616874e-01  ,1.243063674478e+00  ,5.568759846675e-01  ,1.035974221859e+00  ,7.510103015158e-01  
  7.756844172332e-08  ,7.210382820227e-01  ,2.652180697350e-01  ,8.999698777837e-01  ,8.930887668038e-01  ,1.260489018795e+00  ,5.394507367723e-01  ,1.025697801671e+00  ,7.604797319363e-01  
  7.766844248477e-08  ,7.554332526272e-01  ,2.452886585286e-01  ,8.999699212324e-01  ,8.926889014959e-01  ,1.277686547546e+00  ,5.222532949188e-01  ,1.015333230760e+00  ,7.700445722316e-01  
  7.776844324622e-08  ,7.893568936500e-01  ,2.251842299547e-01  ,8.999699598952e-01  ,8.922928536115e-01  ,1.294648406720e+00  ,5.052915130702e-01  ,1.004884968589e+00  ,7.797007386341e-01  
  7.786844400767e-08  ,8.227827295887e-01  ,2.049193346098e-01  ,8.999699937311e-01  ,8.919009385226e-01  ,1.311361358525e+00  ,4.885786289368e-01  ,9.943606058275e-01  ,7.894412712177e-01  
  7.796844476912e-08  ,8.556861012260e-01  ,1.845080755247e-01  ,8.999700227214e-01  ,8.915134515987e-01  ,1.327813073334e+00  ,4.721269721085e-01  ,9.837674893610e-01  ,7.992594138363e-01  
  7.806844553057e-08  ,8.880531640680e-01  ,1.639585827772e-01  ,8.999700468543e-01  ,8.911305599185e-01  ,1.343996628888e+00  ,4.559434648203e-01  ,9.731098513071e-01  ,8.091512685300e-01  
  7.816844629202e-08  ,9.198598650994e-01  ,1.432851504142e-01  ,8.999700661007e-01  ,8.907525544071e-01  ,1.359899998650e+00  ,4.400401335510e-01  ,9.623951296142e-01  ,8.191099792000e-01  
  7.826844705347e-08  ,9.510828264065e-01  ,1.225022299510e-01  ,8.999700804488e-01  ,8.903797221135e-01  ,1.375511493652e+00  ,4.244286672456e-01  ,9.516308370890e-01  ,8.291286071380e-01  
  7.836844781492e-08  ,9.817089350765e-01  ,1.016181359837e-01  ,8.999700898999e-01  ,8.900122251548e-01  ,1.390824557438e+00  ,4.091156223617e-01  ,9.408212931467e-01  ,8.392031571630e-01  
  7.846844857636e-08  ,1.011715435779e+00  ,8.064747064900e-02  ,8.999700944449e-01  ,8.896503448119e-01  ,1.405827812335e+00  ,3.941123765553e-01  ,9.299740801364e-01  ,8.493266094874e-01  
  7.856844933781e-08  ,1.041083277801e+00  ,5.960284267451e-02  ,8.999700940738e-01  ,8.892943172647e-01  ,1.420511732975e+00  ,3.794284551731e-01  ,9.190957386020e-01  ,8.594928959275e-01  
  7.866845009926e-08  ,1.069790942219e+00  ,3.849904686584e-02  ,8.999700887976e-01  ,8.889444126389e-01  ,1.434865559907e+00  ,3.650746176879e-01  ,9.081939360718e-01  ,8.696948892060e-01  
  7.876845086071e-08  ,1.097826392017e+00  ,1.734457372872e-02  ,8.999700786111e-01  ,8.886007830649e-01  ,1.448883274620e+00  ,3.510568826027e-01  ,8.972730699292e-01  ,8.799284962005e-01  
  7.886845162216e-08  ,1.125165989599e+00  ,-3.843550195810e-03  ,8.999700635133e-01  ,8.882637300526e-01  ,1.462553058313e+00  ,3.373870687140e-01  ,8.863419549547e-01  ,8.901855051505e-01  
  7.896845238361e-08  ,1.151798234732e+00  ,-2.505677713944e-02  ,8.999700435100e-01  ,8.879334021104e-01  ,1.475869160876e+00  ,3.240709261441e-01  ,8.754050135407e-01  ,9.004617906802e-01  
  7.906845314506e-08  ,1.177703265227e+00  ,-4.628012765724e-02  ,8.999700186113e-01  ,8.876100573206e-01  ,1.488821651225e+00  ,3.111183859979e-01  ,8.644699934920e-01  ,9.107501211492e-01  
  7.916845390651e-08  ,1.202864623377e+00  ,-6.750072798458e-02  ,8.999699888238e-01  ,8.872939132472e-01  ,1.501402300512e+00  ,2.985376771354e-01  ,8.535435492549e-01  ,9.210442772395e-01  
  7.926845466796e-08  ,1.227263884376e+00  ,-8.870353751690e-02  ,8.999699541699e-01  ,8.869852189007e-01  ,1.513601896358e+00  ,2.863380119819e-01  ,8.426334501422e-01  ,9.313369876591e-01  
  7.936845542941e-08  ,1.250887573176e+00  ,-1.098770901694e-01  ,8.999699146665e-01  ,8.866841599978e-01  ,1.525413701254e+00  ,2.745261280786e-01  ,8.317456149132e-01  ,9.416227050825e-01  
  7.946845619086e-08  ,1.273721451934e+00  ,-1.310089667396e-01  ,8.999698703312e-01  ,8.863909347097e-01  ,1.536830596298e+00  ,2.631091443644e-01  ,8.208864513399e-01  ,9.518954180795e-01  
  7.956845695231e-08  ,1.295754755311e+00  ,-1.520896183558e-01  ,8.999698211779e-01  ,8.861056933184e-01  ,1.547847198833e+00  ,2.520924435226e-01  ,8.100608841405e-01  ,9.621505024963e-01  
  7.966845771376e-08  ,1.316969784365e+00  ,-1.731030616712e-01  ,8.999697672335e-01  ,8.858286842529e-01  ,1.558454659416e+00  ,2.414848750509e-01  ,7.992771534174e-01  ,9.723802150885e-01  
  7.976845847521e-08  ,1.337350905886e+00  ,-1.940343050190e-01  ,8.999697085363e-01  ,8.855601328585e-01  ,1.568645161479e+00  ,2.312942555934e-01  ,7.885429803490e-01  ,9.825772853680e-01  
  7.986845923666e-08  ,1.356886862352e+00  ,-2.148719611062e-01  ,8.999696451185e-01  ,8.853002058287e-01  ,1.578413076295e+00  ,2.215262139423e-01  ,7.778642252756e-01  ,9.927361863819e-01  
  7.996845999810e-08  ,1.375568712174e+00  ,-2.356067973885e-01  ,8.999695770026e-01  ,8.850490362567e-01  ,1.587753933090e+00  ,2.121852209157e-01  ,7.672456375624e-01  ,1.002852434951e+00  
  8.006846075955e-08  ,1.393379862140e+00  ,-2.562211125826e-01  ,8.999695042406e-01  ,8.848068743812e-01  ,1.596659435311e+00  ,2.032795731705e-01  ,7.566963180899e-01  ,1.012917430673e+00  
  8.016846152100e-08  ,1.410310473488e+00  ,-2.767036514801e-01  ,8.999694268775e-01  ,8.845738730941e-01  ,1.605124663622e+00  ,1.948141901335e-01  ,7.462220473540e-01  ,1.022925698834e+00  
  8.026846228245e-08  ,1.426352785264e+00  ,-2.970453001471e-01  ,8.999693449488e-01  ,8.843501538523e-01  ,1.613145737581e+00  ,1.867929523170e-01  ,7.358275037787e-01  ,1.032872803926e+00  
  8.036846304390e-08  ,1.441492510042e+00  ,-3.172286121176e-01  ,8.999692585238e-01  ,8.841359432024e-01  ,1.620715513545e+00  ,1.792230035030e-01  ,7.255216371436e-01  ,1.042750249261e+00  
  8.046846380535e-08  ,1.455723303394e+00  ,-3.372452827874e-01  ,8.999691676378e-01  ,8.839313439568e-01  ,1.627830819335e+00  ,1.721075159410e-01  ,7.153087025630e-01  ,1.052553985350e+00  
  8.056846456680e-08  ,1.469033085213e+00  ,-3.570787918669e-01  ,8.999690723671e-01  ,8.837365549636e-01  ,1.634485614974e+00  ,1.654525297606e-01  ,7.051971590301e-01  ,1.062275950897e+00  
  8.066846532825e-08  ,1.481416302981e+00  ,-3.767209567333e-01  ,8.999689727526e-01  ,8.835516700212e-01  ,1.640677124243e+00  ,1.592608212620e-01  ,6.951911916545e-01  ,1.071912148388e+00  
  8.076846608970e-08  ,1.492863625510e+00  ,-3.961575264831e-01  ,8.999688688684e-01  ,8.833768487346e-01  ,1.646400681624e+00  ,1.535370561132e-01  ,6.852980854931e-01  ,1.081455611976e+00  
  8.086846685115e-08  ,1.503366731859e+00  ,-4.153744308244e-01  ,8.999687607969e-01  ,8.832122390644e-01  ,1.651652126726e+00  ,1.482853948674e-01  ,6.755250236522e-01  ,1.090899454477e+00  
  8.096846761260e-08  ,1.512919920461e+00  ,-4.343610734139e-01  ,8.999686486020e-01  ,8.830579462349e-01  ,1.656428608832e+00  ,1.435086883718e-01  ,6.658774095279e-01  ,1.100238482942e+00  
  8.106846837405e-08  ,1.521518826433e+00  ,-4.531089046471e-01  ,8.999685323348e-01  ,8.829140523492e-01  ,1.660727945551e+00  ,1.392091191184e-01  ,6.563596000257e-01  ,1.109468504673e+00  
  8.116846913550e-08  ,1.529156506438e+00  ,-4.716035554378e-01  ,8.999684120834e-01  ,8.827806910198e-01  ,1.664546665302e+00  ,1.353901588646e-01  ,6.469789133009e-01  ,1.118582468739e+00  
  8.126846989695e-08  ,1.535827435221e+00  ,-4.898315590373e-01  ,8.999682879389e-01  ,8.826579770975e-01  ,1.667882005549e+00  ,1.320545703283e-01  ,6.377421975789e-01  ,1.127573756616e+00  
  8.136847065840e-08  ,1.541528044539e+00  ,-5.077828094486e-01  ,8.999681599726e-01  ,8.825459908367e-01  ,1.670732182242e+00  ,1.292041377029e-01  ,6.286545861124e-01  ,1.136437395561e+00  
  8.146847141984e-08  ,1.546255725534e+00  ,-5.254491692385e-01  ,8.999680282427e-01  ,8.824447940487e-01  ,1.673095891010e+00  ,1.268401654758e-01  ,6.197202094295e-01  ,1.145169378668e+00  
  8.156847218129e-08  ,1.550006531805e+00  ,-5.428169887582e-01  ,8.999678928489e-01  ,8.823544858877e-01  ,1.674971158752e+00  ,1.249646269463e-01  ,6.109459915086e-01  ,1.153762980267e+00  
  8.166847294274e-08  ,1.552778100340e+00  ,-5.598753292629e-01  ,8.999677538758e-01  ,8.822751375686e-01  ,1.676356804046e+00  ,1.235787037059e-01  ,6.023374729372e-01  ,1.162212802200e+00  
  8.176847370419e-08  ,1.554568690785e+00  ,-5.766134268466e-01  ,8.999676114093e-01  ,8.822068135770e-01  ,1.677251956802e+00  ,1.226832660169e-01  ,5.939001001538e-01  ,1.170513527000e+00  
  8.186847446564e-08  ,1.555377183513e+00  ,-5.930206993144e-01  ,8.999674655374e-01  ,8.821495719575e-01  ,1.677656057294e+00  ,1.222788737808e-01  ,5.856392223003e-01  ,1.178659921615e+00  
  8.196847522709e-08  ,1.555203079073e+00  ,-6.090867529395e-01  ,8.999673163497e-01  ,8.821034643316e-01  ,1.677568855886e+00  ,1.223657768132e-01  ,5.775600878619e-01  ,1.186646840801e+00  
  8.206847598854e-08  ,1.554046609576e+00  ,-6.247997287644e-01  ,8.999671639505e-01  ,8.820685419593e-01  ,1.676990468738e+00  ,1.229438591627e-01  ,5.696686775772e-01  ,1.194468406342e+00  
  8.216847674999e-08  ,1.551908328362e+00  ,-6.401529854027e-01  ,8.999670084020e-01  ,8.820448296548e-01  ,1.675921172583e+00  ,1.240128442212e-01  ,5.619683369534e-01  ,1.202121322356e+00  
  8.226847751144e-08  ,1.548789637184e+00  ,-6.551350398856e-01  ,8.999668498152e-01  ,8.820323663560e-01  ,1.674361668407e+00  ,1.255720312231e-01  ,5.544648464132e-01  ,1.209599886299e+00  
  8.236847827289e-08  ,1.544692946613e+00  ,-6.697347652794e-01  ,8.999666883024e-01  ,8.820311799747e-01  ,1.672313161609e+00  ,1.276202149957e-01  ,5.471637973350e-01  ,1.216898562614e+00  
  8.246847903434e-08  ,1.539620690459e+00  ,-6.839439149763e-01  ,8.999665239499e-01  ,8.820412850880e-01  ,1.669776869179e+00  ,1.301561787204e-01  ,5.400693275999e-01  ,1.224013242576e+00  
  8.256847979579e-08  ,1.533575993995e+00  ,-6.977537368057e-01  ,8.999663568557e-01  ,8.820626923028e-01  ,1.666754353853e+00  ,1.331783598581e-01  ,5.331858239000e-01  ,1.230939560706e+00  
  8.266848055724e-08  ,1.526562628928e+00  ,-7.111554656150e-01  ,8.999661871228e-01  ,8.820954064287e-01  ,1.663247501587e+00  ,1.366848726590e-01  ,5.265176736212e-01  ,1.237673139236e+00  
  8.276848131869e-08  ,1.518584999078e+00  ,-7.241404924388e-01  ,8.999660148571e-01  ,8.821394257188e-01  ,1.659258514396e+00  ,1.406735153178e-01  ,5.200691794994e-01  ,1.244209671938e+00  
  8.286848208014e-08  ,1.509646850111e+00  ,-7.367024918652e-01  ,8.999658401419e-01  ,8.821947445787e-01  ,1.654789265198e+00  ,1.451424150863e-01  ,5.138434986461e-01  ,1.250545990511e+00  
  8.296848284158e-08  ,1.499755995318e+00  ,-7.488298112215e-01  ,8.999656631350e-01  ,8.822613438345e-01  ,1.649843660794e+00  ,1.500876654762e-01  ,5.078464382238e-01  ,1.256676249445e+00  
  8.306848360303e-08  ,1.488916721744e+00  ,-7.605172095770e-01  ,8.999654839127e-01  ,8.823392075246e-01  ,1.644423844784e+00  ,1.555071230408e-01  ,5.020806027362e-01  ,1.262597812313e+00  
  8.316848436448e-08  ,1.477136937524e+00  ,-7.717556896775e-01  ,8.999653026102e-01  ,8.824283029280e-01  ,1.638533771372e+00  ,1.613968338483e-01  ,4.965504580893e-01  ,1.268306147767e+00  
  8.326848512593e-08  ,1.464425444395e+00  ,-7.825366960650e-01  ,8.999651193637e-01  ,8.825285851820e-01  ,1.632177841561e+00  ,1.677523971663e-01  ,4.912602371495e-01  ,1.273796933214e+00  
  8.336848588738e-08  ,1.450789471446e+00  ,-7.928539926445e-01  ,8.999649342755e-01  ,8.826400123054e-01  ,1.625359669999e+00  ,1.745701985523e-01  ,4.862130159832e-01  ,1.279067008628e+00  
  8.346848664883e-08  ,1.436237317995e+00  ,-8.027010430559e-01  ,8.999647474616e-01  ,8.827625328024e-01  ,1.618083406459e+00  ,1.818460884639e-01  ,4.814120112745e-01  ,1.284113054330e+00  
  8.356848741028e-08  ,1.420778044452e+00  ,-8.120713968437e-01  ,8.999645590445e-01  ,8.828960870535e-01  ,1.610353581270e+00  ,1.895755368186e-01  ,4.768603886316e-01  ,1.288931785475e+00  
  8.366848817173e-08  ,1.404421365149e+00  ,-8.209588225130e-01  ,8.999643691492e-01  ,8.830406078352e-01  ,1.602175051723e+00  ,1.977536865750e-01  ,4.725611965787e-01  ,1.293520019092e+00  
  8.376848893318e-08  ,1.387175029656e+00  ,-8.293588098355e-01  ,8.999641778748e-01  ,8.831960401116e-01  ,1.593551692703e+00  ,2.063766630468e-01  ,4.685166351939e-01  ,1.297875445029e+00  
  8.386848969463e-08  ,1.369054362060e+00  ,-8.372631892152e-01  ,8.999639854047e-01  ,8.833622710869e-01  ,1.584491166435e+00  ,2.154368043748e-01  ,4.647306764793e-01  ,1.301993865694e+00  
  8.396849045608e-08  ,1.350069701909e+00  ,-8.446672592274e-01  ,8.999637918493e-01  ,8.835392194979e-01  ,1.574998642804e+00  ,2.249289408949e-01  ,4.612055898842e-01  ,1.305872849112e+00  
  8.406849121753e-08  ,1.330229766757e+00  ,-8.515673424102e-01  ,8.999635973036e-01  ,8.837268159054e-01  ,1.565078480682e+00  ,2.348487139252e-01  ,4.579431447003e-01  ,1.309510487110e+00  
  8.416849197898e-08  ,1.309551888929e+00  ,-8.579567073858e-01  ,8.999634019472e-01  ,8.839249186033e-01  ,1.554739346412e+00  ,2.451874574828e-01  ,4.549465649104e-01  ,1.312903272296e+00  
  8.426849274043e-08  ,1.288044897958e+00  ,-8.638324032756e-01  ,8.999632058656e-01  ,8.841334528805e-01  ,1.543985654845e+00  ,2.559407568864e-01  ,4.522172512427e-01  ,1.316049654518e+00  
  8.436849350188e-08  ,1.265724615987e+00  ,-8.691894730847e-01  ,8.999630092064e-01  ,8.843522831865e-01  ,1.532825317200e+00  ,2.671007012130e-01  ,4.497575466441e-01  ,1.318947019729e+00  
  8.446849426332e-08  ,1.242607592019e+00  ,-8.740234807693e-01  ,8.999628121145e-01  ,8.845812624056e-01  ,1.521266608124e+00  ,2.786590161048e-01  ,4.475695220210e-01  ,1.321593002790e+00  
  8.456849502477e-08  ,1.218703617890e+00  ,-8.783321022860e-01  ,8.999626146751e-01  ,8.848203022179e-01  ,1.509314423620e+00  ,2.906108057302e-01  ,4.456542510748e-01  ,1.323986353361e+00  
  8.466849578622e-08  ,1.194030222693e+00  ,-8.821114832036e-01  ,8.999624170409e-01  ,8.850692440607e-01  ,1.496977528387e+00  ,3.029473056944e-01  ,4.440135024589e-01  ,1.326124985663e+00  
  8.476849654767e-08  ,1.168603088256e+00  ,-8.853587238942e-01  ,8.999622193426e-01  ,8.853279445360e-01  ,1.484263763470e+00  ,3.156606752147e-01  ,4.426485825889e-01  ,1.328007306483e+00  
  8.486849730912e-08  ,1.142440979086e+00  ,-8.880708820096e-01  ,8.999620217139e-01  ,8.855962283919e-01  ,1.471182511257e+00  ,3.287415321708e-01  ,4.415607873872e-01  ,1.329631669397e+00  
  8.496849807057e-08  ,1.115554952259e+00  ,-8.902464932769e-01  ,8.999618242405e-01  ,8.858739915845e-01  ,1.457739300370e+00  ,3.421843481111e-01  ,4.407507449460e-01  ,1.330997238223e+00  
  8.506849883202e-08  ,1.087964741942e+00  ,-8.918832134294e-01  ,8.999616270764e-01  ,8.861610481040e-01  ,1.443943998047e+00  ,3.559792561054e-01  ,4.402194413893e-01  ,1.332102654819e+00  
  8.516849959347e-08  ,1.059687887343e+00  ,-8.929794471578e-01  ,8.999614303457e-01  ,8.864572309632e-01  ,1.429805374017e+00  ,3.701174866740e-01  ,4.399675073843e-01  ,1.332946954542e+00  
  8.526850035492e-08  ,1.030742310650e+00  ,-8.935339291514e-01  ,8.999612341651e-01  ,8.867623670159e-01  ,1.415332389490e+00  ,3.845900788402e-01  ,4.399954024402e-01  ,1.333529331592e+00  
  8.536850111637e-08  ,1.001149338385e+00  ,-8.935456342491e-01  ,8.999610386778e-01  ,8.870762461343e-01  ,1.400535707870e+00  ,3.993863694852e-01  ,4.403034290097e-01  ,1.333849063259e+00  
  8.546850187782e-08  ,9.709255444663e-01  ,-8.930141262507e-01  ,8.999608439879e-01  ,8.873987025276e-01  ,1.385423616221e+00  ,4.144980717547e-01  ,4.408916394023e-01  ,1.333905765653e+00  
  8.556850263927e-08  ,9.400847238615e-01  ,-8.919392081886e-01  ,8.999606501882e-01  ,8.877295990084e-01  ,1.370003012119e+00  ,4.299182882574e-01  ,4.417599949141e-01  ,1.333699203103e+00  
  8.566850340072e-08  ,9.086538757024e-01  ,-8.903208750800e-01  ,8.999604574545e-01  ,8.880686657930e-01  ,1.354287395306e+00  ,4.456335196034e-01  ,4.429082282530e-01  ,1.333229103333e+00  
  8.576850416217e-08  ,8.766507301757e-01  ,-8.881595811029e-01  ,8.999602658898e-01  ,8.884157228880e-01  ,1.338285630978e+00  ,4.616349008019e-01  ,4.443359323365e-01  ,1.332495513439e+00  
  8.586850492362e-08  ,8.440947544334e-01  ,-8.854560825508e-01  ,8.999600756089e-01  ,8.887705710635e-01  ,1.322007452826e+00  ,4.779126983922e-01  ,4.460425297881e-01  ,1.331498612339e+00  
  8.596850568507e-08  ,8.110062528893e-01  ,-8.822114565626e-01  ,8.999598867365e-01  ,8.891330011154e-01  ,1.305463013181e+00  ,4.944567602919e-01  ,4.480272728341e-01  ,1.330238729397e+00  
  8.606850644651e-08  ,7.774009361294e-01  ,-8.784267159725e-01  ,8.999596993733e-01  ,8.895028515800e-01  ,1.288660167438e+00  ,5.112592313086e-01  ,4.502894935938e-01  ,1.328716209566e+00  
  8.616850720796e-08  ,7.433054203939e-01  ,-8.741038252391e-01  ,8.999595136827e-01  ,8.898798483127e-01  ,1.271612223880e+00  ,5.283068034858e-01  ,4.528279356931e-01  ,1.326931760932e+00  
  8.626850796941e-08  ,7.087450764912e-01  ,-8.692452634661e-01  ,8.999593297952e-01  ,8.902637240056e-01  ,1.254331868041e+00  ,5.455867915496e-01  ,4.556410922725e-01  ,1.324886355739e+00  
  8.636850873086e-08  ,6.737345382125e-01  ,-8.638526686257e-01  ,8.999591477884e-01  ,8.906543222892e-01  ,1.236826416895e+00  ,5.630918786821e-01  ,4.587279879763e-01  ,1.322580656602e+00  
  8.646850949231e-08  ,6.383032714220e-01  ,-8.579296473148e-01  ,8.999589678238e-01  ,8.910513254389e-01  ,1.219110603535e+00  ,5.808073321128e-01  ,4.620865017815e-01  ,1.320016149096e+00  
  8.656851025376e-08  ,6.024662713029e-01  ,-8.514782777762e-01  ,8.999587899851e-01  ,8.914545705254e-01  ,1.201191925637e+00  ,5.987256543336e-01  ,4.657154316374e-01  ,1.317193709414e+00  
  8.666851101521e-08  ,5.662500074503e-01  ,-8.445024156141e-01  ,8.999586144114e-01  ,8.918637692712e-01  ,1.183083618137e+00  ,6.168336106862e-01  ,4.696125614641e-01  ,1.314114977078e+00  
  8.676851177666e-08  ,5.296774922739e-01  ,-8.370057783880e-01  ,8.999584412181e-01  ,8.922786687569e-01  ,1.164797187355e+00  ,6.351196950812e-01  ,4.737757795629e-01  ,1.310781557951e+00  
  8.686851253811e-08  ,4.927756347452e-01  ,-8.289931447858e-01  ,8.999582705323e-01  ,8.926989684904e-01  ,1.146346087905e+00  ,6.535704531597e-01  ,4.782023960974e-01  ,1.307195540883e+00  
  8.696851329956e-08  ,4.555599783228e-01  ,-8.204674604363e-01  ,8.999581024344e-01  ,8.931244944476e-01  ,1.127738091596e+00  ,6.721781132730e-01  ,4.828907642294e-01  ,1.303358224666e+00  
  8.706851406101e-08  ,4.180579541743e-01  ,-8.114340936841e-01  ,8.999579370693e-01  ,8.935549397281e-01  ,1.108986914156e+00  ,6.909289599821e-01  ,4.878378928860e-01  ,1.299271986570e+00  
  8.716851482246e-08  ,3.802933788041e-01  ,-8.018980483543e-01  ,8.999577745494e-01  ,8.939900365197e-01  ,1.090104463951e+00  ,7.098110851474e-01  ,4.930410123425e-01  ,1.294939060697e+00  
  8.726851558391e-08  ,3.422940286103e-01  ,-7.918655906038e-01  ,8.999576149810e-01  ,8.944294670676e-01  ,1.071104629286e+00  ,7.288106006759e-01  ,4.984966717657e-01  ,1.290362262370e+00  
  8.736851634536e-08  ,3.040759055435e-01  ,-7.813405088182e-01  ,8.999574584395e-01  ,8.948730476148e-01  ,1.051995411211e+00  ,7.479195056678e-01  ,5.042027932056e-01  ,1.285543302024e+00  
  8.746851710681e-08  ,2.656711228079e-01  ,-7.703306876544e-01  ,8.999573050686e-01  ,8.953204081726e-01  ,1.032792866473e+00  ,7.671217436646e-01  ,5.101550643454e-01  ,1.280485752000e+00  
  8.756851786825e-08  ,2.271011628028e-01  ,-7.588417682778e-01  ,8.999571549524e-01  ,8.957712991389e-01  ,1.013507736354e+00  ,7.864065735510e-01  ,5.163504150000e-01  ,1.275192183278e+00  
  8.766851862970e-08  ,1.883837375031e-01  ,-7.468784762777e-01  ,8.999570081695e-01  ,8.962255166827e-01  ,9.941488769211e-01  ,8.057651394180e-01  ,5.227862785438e-01  ,1.269664754822e+00  
  8.776851939115e-08  ,1.495528884198e-01  ,-7.344502329762e-01  ,8.999568648550e-01  ,8.966826666934e-01  ,9.747333090649e-01  ,8.251804206451e-01  ,5.294575502053e-01  ,1.263907783182e+00  
  8.786852015260e-08  ,1.106250406014e-01  ,-7.215618314548e-01  ,8.999567250692e-01  ,8.971425585264e-01  ,9.552692453700e-01  ,8.446442047685e-01  ,5.363616427991e-01  ,1.257923474254e+00  
  8.796852091405e-08  ,7.162902993750e-02  ,-7.082218529408e-01  ,8.999565889196e-01  ,8.976048579279e-01  ,9.357711038884e-01  ,8.641420739509e-01  ,5.434939314576e-01  ,1.251715784398e+00  
  8.806852167550e-08  ,3.259360597443e-02  ,-6.944393569876e-01  ,8.999564565114e-01  ,8.980692289065e-01  ,9.162532594986e-01  ,8.836596535242e-01  ,5.508495504127e-01  ,1.245288907400e+00  
  8.816852243695e-08  ,-6.464792391433e-03  ,-6.802197079487e-01  ,8.999563278984e-01  ,8.985354784880e-01  ,8.967239317027e-01  ,9.031887240942e-01  ,5.584256245137e-01  ,1.238645332462e+00  
  8.826852319840e-08  ,-4.551730677850e-02  ,-6.655724776973e-01  ,8.999562031784e-01  ,8.990032677695e-01  ,8.771975497891e-01  ,9.227148565676e-01  ,5.662170289208e-01  ,1.231789506618e+00  
  8.836852395985e-08  ,-8.453518759588e-02  ,-6.505076930143e-01  ,8.999560824421e-01  ,8.994722552837e-01  ,8.576884886441e-01  ,9.422236762400e-01  ,5.742184087765e-01  ,1.224726101791e+00  
  8.846852472130e-08  ,-1.235020184790e-01  ,-6.350312611899e-01  ,8.999559657375e-01  ,8.999422453558e-01  ,8.382049564981e-01  ,9.617069749770e-01  ,5.824266147608e-01  ,1.217457875951e+00  
  8.856852548275e-08  ,-1.623890089004e-01  ,-6.191536943576e-01  ,8.999558531598e-01  ,9.004128954344e-01  ,8.187613487096e-01  ,9.811503576101e-01  ,5.908360482556e-01  ,1.209989742613e+00  
  8.866852624420e-08  ,-2.011714897261e-01  ,-6.028843295460e-01  ,8.999557447949e-01  ,9.008839117989e-01  ,7.993699999318e-01  ,1.000541489658e+00  ,5.994417470259e-01  ,1.202326076572e+00  
  8.876852700565e-08  ,-2.398210076260e-01  ,-5.862344015947e-01  ,8.999556407080e-01  ,9.013549515964e-01  ,7.800451368950e-01  ,1.019866144521e+00  ,6.082377507991e-01  ,1.194472152394e+00  
  8.886852776710e-08  ,-2.783213330565e-01  ,-5.692104939771e-01  ,8.999555409481e-01  ,9.018258186354e-01  ,7.607948744199e-01  ,1.039116207476e+00  ,6.172205716468e-01  ,1.186431065624e+00  
  8.896852852855e-08  ,-3.166440346229e-01  ,-5.518242874090e-01  ,8.999554456046e-01  ,9.022961691411e-01  ,7.416334282932e-01  ,1.058277462916e+00  ,6.263840254366e-01  ,1.178208312846e+00  
  8.906852928999e-08  ,-3.547609408604e-01  ,-5.340878545704e-01  ,8.999553547431e-01  ,9.027656580580e-01  ,7.225748843129e-01  ,1.077335825173e+00  ,6.357217307728e-01  ,1.169809585343e+00  
  8.916853005144e-08  ,-3.926560365143e-01  ,-5.160082455760e-01  ,8.999552684023e-01  ,9.032340876442e-01  ,7.036272501451e-01  ,1.096283286659e+00  ,6.452299648561e-01  ,1.161238210432e+00  
  8.926853081289e-08  ,-4.303013093470e-01  ,-4.975979453741e-01  ,8.999551866613e-01  ,9.037011114665e-01  ,6.848045319878e-01  ,1.115105841335e+00  ,6.549021387794e-01  ,1.152500084153e+00  
  8.936853157434e-08  ,-4.676728964723e-01  ,-4.788679298339e-01  ,8.999551095824e-01  ,9.041664322400e-01  ,6.661186613463e-01  ,1.133791557819e+00  ,6.647324673230e-01  ,1.143600397157e+00  
  8.946853233579e-08  ,-5.047434176399e-01  ,-4.598312873138e-01  ,8.999550372116e-01  ,9.046297038013e-01  ,6.475833283917e-01  ,1.152326746032e+00  ,6.747140601444e-01  ,1.134545347458e+00  
  8.956853309724e-08  ,-5.414923267642e-01  ,-4.404981975428e-01  ,8.999549695947e-01  ,9.050906632474e-01  ,6.292088062126e-01  ,1.170701132977e+00  ,6.848415644760e-01  ,1.125339762019e+00  
  8.966853385869e-08  ,-5.779028862353e-01  ,-4.208770228221e-01  ,8.999549067728e-01  ,9.055490974102e-01  ,6.110034636552e-01  ,1.188906349890e+00  ,6.951105859992e-01  ,1.115987608821e+00  
  8.976853462014e-08  ,-6.139467992616e-01  ,-4.009820575697e-01  ,8.999548488101e-01  ,9.060046462579e-01  ,5.929814491793e-01  ,1.206928248441e+00  ,7.055136174731e-01  ,1.106495675043e+00  
  8.986853538159e-08  ,-6.496011480009e-01  ,-3.808252549045e-01  ,8.999547957463e-01  ,9.064570164780e-01  ,5.751542217458e-01  ,1.224755369747e+00  ,7.160443890258e-01  ,1.096869643930e+00  
  8.996853614304e-08  ,-6.848398048795e-01  ,-3.604207955185e-01  ,8.999547476155e-01  ,9.069058671334e-01  ,5.575348451758e-01  ,1.242374650055e+00  ,7.266954693741e-01  ,1.087116264893e+00  
  9.006853690449e-08  ,-7.196432658559e-01  ,-3.397796542397e-01  ,8.999547044479e-01  ,9.073509398501e-01  ,5.401330715200e-01  ,1.259776337376e+00  ,7.374611127303e-01  ,1.077240766970e+00  
  9.016853766594e-08  ,-7.539956888414e-01  ,-3.189108222320e-01  ,8.999546662727e-01  ,9.077920255306e-01  ,5.229568218521e-01  ,1.276952510693e+00  ,7.483366144146e-01  ,1.067247436647e+00  
  9.026853842739e-08  ,-7.878703612989e-01  ,-2.978296304327e-01  ,8.999546331332e-01  ,9.082287717904e-01  ,5.060194524838e-01  ,1.293889813783e+00  ,7.593139565741e-01  ,1.057143587007e+00  
  9.036853918884e-08  ,-8.212423802063e-01  ,-2.765509797405e-01  ,8.999546050452e-01  ,9.086608464148e-01  ,4.893334149421e-01  ,1.310575795148e+00  ,7.703853565445e-01  ,1.046936336285e+00  
  9.046853995029e-08  ,-8.540977564312e-01  ,-2.550834749851e-01  ,8.999545820182e-01  ,9.090880616161e-01  ,4.729057038026e-01  ,1.327003460234e+00  ,7.815463241236e-01  ,1.036629799109e+00  
  9.056854071173e-08  ,-8.864088907334e-01  ,-2.334444517076e-01  ,8.999545640777e-01  ,9.095100453741e-01  ,4.567501187110e-01  ,1.343159009444e+00  ,7.927878195203e-01  ,1.026232271228e+00  
  9.066854147318e-08  ,-9.181622330642e-01  ,-2.116426790823e-01  ,8.999545512377e-01  ,9.099266146234e-01  ,4.408734347055e-01  ,1.359035667770e+00  ,8.041052750823e-01  ,1.015747954165e+00  
  9.076854223463e-08  ,-9.493310964629e-01  ,-1.896958054492e-01  ,8.999545435089e-01  ,9.103374065674e-01  ,4.252889952774e-01  ,1.374620091740e+00  ,8.154895038428e-01  ,1.005185309292e+00  
  9.086854299608e-08  ,-9.798982370529e-01  ,-1.676157275908e-01  ,8.999545408889e-01  ,9.107421835703e-01  ,4.100054223625e-01  ,1.389903659415e+00  ,8.269343197749e-01  ,9.945500473657e-01  
  9.096854375753e-08  ,-1.009845271593e+00  ,-1.454154065388e-01  ,8.999545433770e-01  ,9.111406911654e-01  ,3.950319075806e-01  ,1.404877179173e+00  ,8.384329878960e-01  ,9.838483944348e-01  
  9.106854451898e-08  ,-1.039153662545e+00  ,-1.231082130288e-01  ,8.999545509732e-01  ,9.115326720947e-01  ,3.803777197007e-01  ,1.419531382246e+00  ,8.499785655803e-01  ,9.730867786091e-01  
  9.116854528043e-08  ,-1.067809515596e+00  ,-1.007043062771e-01  ,8.999545636814e-01  ,9.119179343948e-01  ,3.660498058835e-01  ,1.433859321479e+00  ,8.615657812563e-01  ,9.622700875334e-01  
  9.126854604188e-08  ,-1.095789890995e+00  ,-7.822070661867e-02  ,8.999545815037e-01  ,9.122961612773e-01  ,3.520596360062e-01  ,1.447849527001e+00  ,8.731858079680e-01  ,9.514065145867e-01  
  9.136854680333e-08  ,-1.123074231996e+00  ,-5.567346821439e-02  ,8.999546044212e-01  ,9.126670650458e-01  ,3.384174884233e-01  ,1.461491720419e+00  ,8.848303309386e-01  ,9.405037991530e-01  
  9.146854756478e-08  ,-1.149651134989e+00  ,-3.307180049077e-02  ,8.999546324223e-01  ,9.130304843995e-01  ,3.251290649279e-01  ,1.474780199917e+00  ,8.964945841542e-01  ,9.295663846449e-01  
  9.156854832623e-08  ,-1.175500916268e+00  ,-1.043184985134e-02  ,8.999546654917e-01  ,9.133861402455e-01  ,3.122042073576e-01  ,1.487705123626e+00  ,9.081702153198e-01  ,9.186020651712e-01  
  9.166854908768e-08  ,-1.200604740781e+00  ,1.223017259291e-02  ,8.999547036047e-01  ,9.137337613663e-01  ,2.996523332144e-01  ,1.500257073995e+00  ,9.198488476628e-01  ,9.076186750698e-01  
  9.176854984913e-08  ,-1.224948833986e+00  ,3.490188840265e-02  ,8.999547467330e-01  ,9.140731458412e-01  ,2.874803297402e-01  ,1.512429163726e+00  ,9.315240900425e-01  ,8.966222016399e-01  
  9.186855061058e-08  ,-1.248522153744e+00  ,5.757323182049e-02  ,8.999547948614e-01  ,9.144041317809e-01  ,2.756937179895e-01  ,1.524215871733e+00  ,9.431907476911e-01  ,8.856175158706e-01  
  9.196855137203e-08  ,-1.271306308787e+00  ,8.022715924206e-02  ,8.999548479653e-01  ,9.147264489190e-01  ,2.643016935718e-01  ,1.535608002359e+00  ,9.548400285400e-01  ,8.746128692980e-01  
  9.206855213347e-08  ,-1.293286898086e+00  ,1.028497153559e-01  ,8.999549060157e-01  ,9.150398833426e-01  ,2.533114569724e-01  ,1.546598355059e+00  ,9.664647410206e-01  ,8.636150256647e-01  
  9.216855289492e-08  ,-1.314447953516e+00  ,1.254246276848e-01  ,8.999549689699e-01  ,9.153441933081e-01  ,2.427309922118e-01  ,1.557178945728e+00  ,9.780565071505e-01  ,8.526318794657e-01  
  9.226855365637e-08  ,-1.334777903698e+00  ,1.479395152242e-01  ,8.999550367980e-01  ,9.156392004325e-01  ,2.325660849492e-01  ,1.567343988647e+00  ,9.896089580446e-01  ,8.416694428204e-01  
  9.236855441782e-08  ,-1.354267532523e+00  ,1.703843303463e-01  ,8.999551094743e-01  ,9.159247622756e-01  ,2.228213432130e-01  ,1.577088875736e+00  ,1.001116927449e+00  ,8.307325971024e-01  
  9.246855517927e-08  ,-1.372899689250e+00  ,1.927397868903e-01  ,8.999551869416e-01  ,9.162006106370e-01  ,2.135053423164e-01  ,1.586405031567e+00  ,1.012570504082e+00  ,8.198307171919e-01  
  9.256855594072e-08  ,-1.390664151733e+00  ,2.149935948906e-01  ,8.999552691562e-01  ,9.164665808697e-01  ,2.046231932896e-01  ,1.595287345023e+00  ,1.023963378315e+00  ,8.089697834244e-01  
  9.266855670217e-08  ,-1.407550284703e+00  ,2.371324821940e-01  ,8.999553560707e-01  ,9.167224989275e-01  ,1.961802137191e-01  ,1.603730498422e+00  ,1.035288740025e+00  ,7.981562578305e-01  
  9.276855746362e-08  ,-1.423550167901e+00  ,2.591462716607e-01  ,8.999554476510e-01  ,9.169682341407e-01  ,1.881803637004e-01  ,1.611730531601e+00  ,1.046541369971e+00  ,7.873950983103e-01  
  9.286855822507e-08  ,-1.438650946879e+00  ,2.810179681530e-01  ,8.999555438371e-01  ,9.172035725853e-01  ,1.806300703975e-01  ,1.619281017277e+00  ,1.057712556662e+00  ,7.766945885089e-01  
  9.296855898652e-08  ,-1.452841636371e+00  ,3.027317251904e-01  ,8.999556445590e-01  ,9.174283253161e-01  ,1.735348263733e-01  ,1.626376462745e+00  ,1.068794187911e+00  ,7.660624627209e-01  
  9.306855974797e-08  ,-1.466116362383e+00  ,3.242785437753e-01  ,8.999557497736e-01  ,9.176423889283e-01  ,1.668975685820e-01  ,1.633013930965e+00  ,1.079781660816e+00  ,7.555031170406e-01  
  9.316856050942e-08  ,-1.478465221413e+00  ,3.456427374955e-01  ,8.999558594066e-01  ,9.178455870059e-01  ,1.607232487002e-01  ,1.639188470113e+00  ,1.090666955754e+00  ,7.450242182582e-01  
  9.326856127087e-08  ,-1.489879303714e+00  ,3.668087845213e-01  ,8.999559733773e-01  ,9.180377543458e-01  ,1.550163215203e-01  ,1.644895625234e+00  ,1.101442146606e+00  ,7.346333620851e-01  
  9.336856203232e-08  ,-1.500353911786e+00  ,3.877678884615e-01  ,8.999560916361e-01  ,9.182188009394e-01  ,1.497791357431e-01  ,1.650133047529e+00  ,1.112102745170e+00  ,7.243348567087e-01  
  9.346856279377e-08  ,-1.509881207520e+00  ,4.085047344503e-01  ,8.999562140974e-01  ,9.183885736920e-01  ,1.450156103373e-01  ,1.654896817858e+00  ,1.122640940917e+00  ,7.141362064669e-01  
  9.356856355522e-08  ,-1.518454345953e+00  ,4.290042142457e-01  ,8.999563406711e-01  ,9.185469309339e-01  ,1.407291676946e-01  ,1.659183513648e+00  ,1.133049038057e+00  ,7.040448238110e-01  
  9.366856431666e-08  ,-1.526068740516e+00  ,4.492549576964e-01  ,8.999564712833e-01  ,9.186937724302e-01  ,1.369221010253e-01  ,1.662990841541e+00  ,1.143321251278e+00  ,6.940662935820e-01  
  9.376856507811e-08  ,-1.532720939907e+00  ,4.692477944610e-01  ,8.999566058742e-01  ,9.188290204275e-01  ,1.335961359206e-01  ,1.666317075828e+00  ,1.153452917658e+00  ,6.842051231970e-01  
  9.386856583956e-08  ,-1.538404973564e+00  ,4.889652573212e-01  ,8.999567443259e-01  ,9.189525342178e-01  ,1.307542575438e-01  ,1.669159231108e+00  ,1.163435162878e+00  ,6.744699055572e-01  
  9.396856660101e-08  ,-1.543117842621e+00  ,5.083963807365e-01  ,8.999568865575e-01  ,9.190642344392e-01  ,1.283979652469e-01  ,1.671515807868e+00  ,1.173262424807e+00  ,6.648660440709e-01  
  9.406856736246e-08  ,-1.546857404208e+00  ,5.275323343313e-01  ,8.999570325021e-01  ,9.191640601876e-01  ,1.265283303982e-01  ,1.673385734606e+00  ,1.182930227353e+00  ,6.553978930219e-01  
  9.416856812391e-08  ,-1.549620502320e+00  ,5.463583048243e-01  ,8.999571820448e-01  ,9.192519140123e-01  ,1.251469308848e-01  ,1.674767433205e+00  ,1.192431066424e+00  ,6.460727616002e-01  
  9.426856888536e-08  ,-1.551405232777e+00  ,5.648604764298e-01  ,8.999573350735e-01  ,9.193277162520e-01  ,1.242547186851e-01  ,1.675659951462e+00  ,1.201757954467e+00  ,6.368974780371e-01  
  9.436856964681e-08  ,-1.552210920217e+00  ,5.830310806039e-01  ,8.999574915226e-01  ,9.193914262282e-01  ,1.238520314141e-01  ,1.676062951631e+00  ,1.210906966530e+00  ,6.278758859263e-01  
  9.446857040826e-08  ,-1.552036816894e+00  ,6.008547781126e-01  ,8.999576512589e-01  ,9.194429700392e-01  ,1.239392428120e-01  ,1.675976059706e+00  ,1.219870359095e+00  ,6.190155809829e-01  
  9.456857116971e-08  ,-1.550883176380e+00  ,6.183215983381e-01  ,8.999578141924e-01  ,9.194823080160e-01  ,1.245162260024e-01  ,1.675399402382e+00  ,1.228643107185e+00  ,6.103215088470e-01  
  9.466857193116e-08  ,-1.548750518902e+00  ,6.354235403374e-01  ,8.999579802477e-01  ,9.195094116550e-01  ,1.255827207965e-01  ,1.674333239699e+00  ,1.237221181824e+00  ,6.017976414863e-01  
  9.476857269261e-08  ,-1.545640214800e+00  ,6.521472278374e-01  ,8.999581492953e-01  ,9.195242387032e-01  ,1.271380418951e-01  ,1.672778256696e+00  ,1.245597852622e+00  ,5.934506247845e-01  
  9.486857345406e-08  ,-1.541554665436e+00  ,6.684802960448e-01  ,8.999583212127e-01  ,9.195267630538e-01  ,1.291809884946e-01  ,1.670735653931e+00  ,1.253766911076e+00  ,5.852866150313e-01  
  9.496857421551e-08  ,-1.536496283161e+00  ,6.844135657043e-01  ,8.999584959059e-01  ,9.195169725732e-01  ,1.317103543253e-01  ,1.668206637487e+00  ,1.261723755425e+00  ,5.773101897211e-01  
  9.506857497696e-08  ,-1.530468161773e+00  ,6.999372827960e-01  ,8.999586732700e-01  ,9.194948598251e-01  ,1.347245923835e-01  ,1.665192754157e+00  ,1.269463501223e+00  ,5.695262184271e-01  
  9.516857573840e-08  ,-1.523473067889e+00  ,7.150440794230e-01  ,8.999588532206e-01  ,9.194604230628e-01  ,1.382223192760e-01  ,1.661695387165e+00  ,1.276982462774e+00  ,5.619383833513e-01  
  9.526857649985e-08  ,-1.515516975489e+00  ,7.297202514439e-01  ,8.999590355998e-01  ,9.194136675058e-01  ,1.422005478554e-01  ,1.657717523344e+00  ,1.284273793228e+00  ,5.545535417839e-01  
  9.536857726130e-08  ,-1.506603312923e+00  ,7.439595495246e-01  ,8.999592203319e-01  ,9.193546026213e-01  ,1.466575638705e-01  ,1.653260876793e+00  ,1.291334377384e+00  ,5.473748278590e-01  
  9.546857802275e-08  ,-1.496739486595e+00  ,7.577497397105e-01  ,8.999594072657e-01  ,9.192832549972e-01  ,1.515896639680e-01  ,1.648329150563e+00  ,1.298158124852e+00  ,5.404083851419e-01  
  9.556857878420e-08  ,-1.485929703766e+00  ,7.710849282443e-01  ,8.999595963217e-01  ,9.191996443896e-01  ,1.569947444387e-01  ,1.642924448205e+00  ,1.304742108512e+00  ,5.336571802674e-01  
  9.566857954565e-08  ,-1.474181746720e+00  ,7.839549846784e-01  ,8.999597873607e-01  ,9.191038106726e-01  ,1.628689140009e-01  ,1.637050660720e+00  ,1.311081303012e+00  ,5.271263183334e-01  
  9.576858030710e-08  ,-1.461504312286e+00  ,7.963502441503e-01  ,8.999599802465e-01  ,9.189958069647e-01  ,1.692078241037e-01  ,1.630712136389e+00  ,1.317170929040e+00  ,5.208206848896e-01  
  9.586858106855e-08  ,-1.447904549954e+00  ,8.082636409637e-01  ,8.999601748762e-01  ,9.188756818287e-01  ,1.760078998992e-01  ,1.623912449853e+00  ,1.323007502311e+00  ,5.147438613468e-01  
  9.596858183000e-08  ,-1.433388614106e+00  ,8.196895724179e-01  ,8.999603711590e-01  ,9.187434783075e-01  ,1.832660641060e-01  ,1.616654678212e+00  ,1.328588264516e+00  ,5.088986920986e-01  
  9.606858259145e-08  ,-1.417967427079e+00  ,8.306187807600e-01  ,8.999605689384e-01  ,9.185992749457e-01  ,1.909768553991e-01  ,1.608944282478e+00  ,1.333908665326e+00  ,5.032898845657e-01  
  9.616858335290e-08  ,-1.401652413341e+00  ,8.410429741948e-01  ,8.999607680716e-01  ,9.184431605462e-01  ,1.991345614009e-01  ,1.600786974742e+00  ,1.338964647644e+00  ,4.979216734488e-01  
  9.626858411435e-08  ,-1.384452745169e+00  ,8.509561539004e-01  ,8.999609684504e-01  ,9.182752108939e-01  ,2.077345958661e-01  ,1.592187341035e+00  ,1.343753287844e+00  ,4.927971339436e-01  
  9.636858487580e-08  ,-1.366376218514e+00  ,8.603535931003e-01  ,8.999611699781e-01  ,9.180954913524e-01  ,2.167730607212e-01  ,1.583149279235e+00  ,1.348272287903e+00  ,4.879186948023e-01  
  9.646858563725e-08  ,-1.347436523629e+00  ,8.692275305494e-01  ,8.999613724896e-01  ,9.179041186469e-01  ,2.262431106750e-01  ,1.573679634304e+00  ,1.352517883922e+00  ,4.832903533722e-01  
  9.656858639870e-08  ,-1.327645670827e+00  ,8.775720577844e-01  ,8.999615758567e-01  ,9.177011995707e-01  ,2.361387404430e-01  ,1.563784411270e+00  ,1.356487228463e+00  ,4.789151706785e-01  
  9.666858716014e-08  ,-1.307016135205e+00  ,8.853815892062e-01  ,8.999617799552e-01  ,9.174868489846e-01  ,2.464537123524e-01  ,1.553469847558e+00  ,1.360177643588e+00  ,4.747960543815e-01  
  9.676858792159e-08  ,-1.285560887021e+00  ,8.926508658273e-01  ,8.999619846485e-01  ,9.172611895700e-01  ,2.571815411379e-01  ,1.542742428159e+00  ,1.363586622484e+00  ,4.709357566564e-01  
  9.686858868304e-08  ,-1.263295643589e+00  ,8.993742023516e-01  ,8.999621897869e-01  ,9.170243747141e-01  ,2.683143679921e-01  ,1.531610011582e+00  ,1.366711475890e+00  ,4.673372735383e-01  
  9.696858944449e-08  ,-1.240229756314e+00  ,9.055485727771e-01  ,8.999623952823e-01  ,9.167764970676e-01  ,2.798475171253e-01  ,1.520077273439e+00  ,1.369550783456e+00  ,4.640022106790e-01  
  9.706859020594e-08  ,-1.216380000281e+00  ,9.111689064137e-01  ,8.999626009744e-01  ,9.165177237702e-01  ,2.917726008340e-01  ,1.508152601115e+00  ,1.372102176977e+00  ,4.609332705633e-01  
  9.716859096739e-08  ,-1.191763923392e+00  ,9.162306979268e-01  ,8.999628067130e-01  ,9.162482341046e-01  ,3.040808450168e-01  ,1.495844768409e+00  ,1.374363583068e+00  ,4.581328851413e-01  
  9.726859172884e-08  ,-1.166391883898e+00  ,9.207316013893e-01  ,8.999630124113e-01  ,9.159681350831e-01  ,3.167670704624e-01  ,1.483158954360e+00  ,1.376333935778e+00  ,4.556023343884e-01  
  9.736859249029e-08  ,-1.140282394194e+00  ,9.246677417129e-01  ,8.999632179061e-01  ,9.156776184092e-01  ,3.298220208090e-01  ,1.470104415003e+00  ,1.378011489266e+00  ,4.533437475528e-01  
  9.746859325174e-08  ,-1.113454669060e+00  ,9.280358222177e-01  ,8.999634230412e-01  ,9.153768869892e-01  ,3.432360885114e-01  ,1.456690757571e+00  ,1.379394798098e+00  ,4.513589758803e-01  
  9.756859401319e-08  ,-1.085923687602e+00  ,9.308336942182e-01  ,8.999636277102e-01  ,9.150661025392e-01  ,3.570017839091e-01  ,1.442925471511e+00  ,1.380482949648e+00  ,4.496492554301e-01  
  9.766859477464e-08  ,-1.057701951876e+00  ,9.330597780335e-01  ,8.999638318140e-01  ,9.147453996560e-01  ,3.711128558761e-01  ,1.428814807752e+00  ,1.381275288673e+00  ,4.482155106392e-01  
  9.776859553609e-08  ,-1.028811068796e+00  ,9.347116671795e-01  ,8.999640351822e-01  ,9.144150110361e-01  ,3.855585007843e-01  ,1.414369569580e+00  ,1.381770844626e+00  ,4.470591774464e-01  
  9.786859629754e-08  ,-9.992723808692e-01  ,9.357877086793e-01  ,8.999642376709e-01  ,9.140751700233e-01  ,4.003280472363e-01  ,1.399600428105e+00  ,1.381969024363e+00  ,4.461813156836e-01  
  9.796859705899e-08  ,-9.691023936763e-01  ,9.362870121917e-01  ,8.999644391725e-01  ,9.137260602306e-01  ,4.154132423344e-01  ,1.384515636011e+00  ,1.381869566326e+00  ,4.455825541347e-01  
  9.806859782044e-08  ,-9.383148284876e-01  ,9.362090228407e-01  ,8.999646395867e-01  ,9.133678334670e-01  ,4.308072253429e-01  ,1.369122053831e+00  ,1.381472344887e+00  ,4.452633220467e-01  
  9.816859858188e-08  ,-9.069365182254e-01  ,9.355530737894e-01  ,8.999648387291e-01  ,9.130007878589e-01  ,4.464965796164e-01  ,1.353433097842e+00  ,1.380777324754e+00  ,4.452242509642e-01  
  9.826859934333e-08  ,-8.749807508229e-01  ,9.343191725267e-01  ,8.999650365164e-01  ,9.126250715398e-01  ,4.624746611050e-01  ,1.337455411928e+00  ,1.379784657803e+00  ,4.454654852765e-01  
  9.836860010478e-08  ,-8.424710515051e-01  ,9.325075711199e-01  ,8.999652328026e-01  ,9.122409473460e-01  ,4.787297070501e-01  ,1.321200758555e+00  ,1.378494732906e+00  ,4.459871617860e-01  
  9.846860086623e-08  ,-8.094280130845e-01  ,9.301189379973e-01  ,8.999654274589e-01  ,9.118486472757e-01  ,4.952514209166e-01  ,1.304679434001e+00  ,1.376908116274e+00  ,4.467891782770e-01  
  9.856860162768e-08  ,-7.758758815054e-01  ,9.271545408173e-01  ,8.999656203489e-01  ,9.114484489475e-01  ,5.120276795962e-01  ,1.287903561102e+00  ,1.375025719356e+00  ,4.478711785389e-01  
  9.866860238913e-08  ,-7.418287512871e-01  ,9.236153426796e-01  ,8.999658113880e-01  ,9.110405144311e-01  ,5.290514357445e-01  ,1.270880187032e+00  ,1.372848185771e+00  ,4.492328430914e-01  
  9.876860315058e-08  ,-7.073115891262e-01  ,9.195032673519e-01  ,8.999660004244e-01  ,9.106251308975e-01  ,5.463102058613e-01  ,1.253621794987e+00  ,1.370376764573e+00  ,4.508734972216e-01  
  9.886860391203e-08  ,-6.723497867197e-01  ,9.148208334418e-01  ,8.999661873258e-01  ,9.102025941742e-01  ,5.637912939659e-01  ,1.236141080686e+00  ,1.367613010895e+00  ,4.527921774534e-01  
  9.896860467348e-08  ,-6.369628296852e-01  ,9.095703285230e-01  ,8.999663719948e-01  ,9.097731344818e-01  ,5.814849571522e-01  ,1.218447786837e+00  ,1.364558298743e+00  ,4.549879702202e-01  
  9.906860543493e-08  ,-6.011668252219e-01  ,9.037537785657e-01  ,8.999665543365e-01  ,9.093369408694e-01  ,5.993831417255e-01  ,1.200549966947e+00  ,1.361213830152e+00  ,4.574600515866e-01  
  9.916860619638e-08  ,-5.649930669601e-01  ,8.973754751463e-01  ,8.999667341751e-01  ,9.088943816609e-01  ,6.174702006951e-01  ,1.182463267655e+00  ,1.357582119234e+00  ,4.602066440877e-01  
  9.926860695783e-08  ,-5.284618398564e-01  ,8.904386467205e-01  ,8.999669114131e-01  ,9.084456986364e-01  ,6.357359914849e-01  ,1.164197831341e+00  ,1.353665021997e+00  ,4.632263752762e-01  
  9.936860771928e-08  ,-4.915898451390e-01  ,8.829460813667e-01  ,8.999670859642e-01  ,9.079910904710e-01  ,6.541721633947e-01  ,1.145762008534e+00  ,1.349464131154e+00  ,4.665180497877e-01  
  9.946860848073e-08  ,-4.544094153505e-01  ,8.749035298444e-01  ,8.999672576651e-01  ,9.075309444049e-01  ,6.727625499899e-01  ,1.127171965340e+00  ,1.344982709327e+00  ,4.700791794827e-01  
  9.956860924218e-08  ,-4.169363011311e-01  ,8.663140694173e-01  ,8.999674264392e-01  ,9.070654504137e-01  ,6.914992758736e-01  ,1.108435577005e+00  ,1.340222485122e+00  ,4.739084157051e-01  
  9.966861000362e-08  ,-3.791982153840e-01  ,8.571833135475e-01  ,8.999675921556e-01  ,9.065949437099e-01  ,7.103684844636e-01  ,1.089566699848e+00  ,1.335186600484e+00  ,4.780032869361e-01  
  9.976861076507e-08  ,-3.412191016422e-01  ,8.475165039172e-01  ,8.999677547025e-01  ,9.061197167691e-01  ,7.293582038814e-01  ,1.070577305524e+00  ,1.329877968728e+00  ,4.823614648105e-01  
  9.986861152652e-08  ,-3.030268405568e-01  ,8.373202137878e-01  ,8.999679139664e-01  ,9.056401160537e-01  ,7.484544936880e-01  ,1.051481334245e+00  ,1.324300222948e+00  ,4.869800091598e-01  
  9.996861228797e-08  ,-2.646374810797e-01  ,8.265984214621e-01  ,8.999680698775e-01  ,9.051563418492e-01  ,7.676493293376e-01  ,1.032286810417e+00  ,1.318455552580e+00  ,4.918571311181e-01  
  1.000686130494e-07  ,-2.260792920646e-01  ,8.153583088680e-01  ,8.999682223074e-01  ,9.046687466064e-01  ,7.869285762751e-01  ,1.013007868340e+00  ,1.312347901040e+00  ,4.969895921723e-01  
  1.001686138109e-07  ,-1.873768276794e-01  ,8.036064458013e-01  ,8.999683711491e-01  ,9.041776358457e-01  ,8.062799573094e-01  ,9.936567849888e-01  ,1.305980858746e+00  ,5.023744129450e-01  
  1.002686145723e-07  ,-1.485586338481e-01  ,7.913509359737e-01  ,8.999685163026e-01  ,9.036833690971e-01  ,8.256891993785e-01  ,9.742478332266e-01  ,1.299358837084e+00  ,5.080079011103e-01  
  1.003686153338e-07  ,-1.096462498939e-01  ,7.785982831977e-01  ,8.999686576885e-01  ,9.031862225758e-01  ,8.451455327416e-01  ,9.547917826355e-01  ,1.292485364175e+00  ,5.138870809769e-01  
  1.004686160952e-07  ,-7.065734422128e-02  ,7.653539198758e-01  ,8.999687952343e-01  ,9.026864217931e-01  ,8.646401231236e-01  ,9.352974673449e-01  ,1.285363381731e+00  ,5.200094618551e-01  
  1.005686168567e-07  ,-3.162600530890e-02  ,7.516286399095e-01  ,8.999689288084e-01  ,9.021844030691e-01  ,8.841559261540e-01  ,9.157819314629e-01  ,1.277998723024e+00  ,5.263700831143e-01  
  1.006686176181e-07  ,7.425937822968e-03  ,7.374297707712e-01  ,8.999690583418e-01  ,9.016804487122e-01  ,9.036820272533e-01  ,8.962560894303e-01  ,1.270395334098e+00  ,5.329655633266e-01  
  1.007686183796e-07  ,4.648061349867e-02  ,7.227634073257e-01  ,8.999691837719e-01  ,9.011747888903e-01  ,9.232094905212e-01  ,8.767288770225e-01  ,1.262556492553e+00  ,5.397930852275e-01  
  1.008686191410e-07  ,8.550765384710e-02  ,7.076400878964e-01  ,8.999693049877e-01  ,9.006678139885e-01  ,9.427231319112e-01  ,8.572154780641e-01  ,1.254487857937e+00  ,5.468477700403e-01  
  1.009686199025e-07  ,1.244781981701e-01  ,6.920704040136e-01  ,8.999694218996e-01  ,9.001598979867e-01  ,9.622085209846e-01  ,8.377303228145e-01  ,1.246195099993e+00  ,5.541246959799e-01  
  1.010686206639e-07  ,1.633758119026e-01  ,6.760605977175e-01  ,8.999695344602e-01  ,8.996512547872e-01  ,9.816574404114e-01  ,8.182816285089e-01  ,1.237681553646e+00  ,5.616209559284e-01  
  1.011686214254e-07  ,2.021677386102e-01  ,6.596234310918e-01  ,8.999696425714e-01  ,8.991423128192e-01  ,1.001053511876e+00  ,7.988857732663e-01  ,1.228954028365e+00  ,5.693305972733e-01  
  1.012686221868e-07  ,2.408376034526e-01  ,6.427655141855e-01  ,8.999697461848e-01  ,8.986332868453e-01  ,1.020388547911e+00  ,7.795509444585e-01  ,1.220016043938e+00  ,5.772505297526e-01  
  1.013686229483e-07  ,2.793567444658e-01  ,6.254985925307e-01  ,8.999698452247e-01  ,8.981245530139e-01  ,1.039648217458e+00  ,7.602914729918e-01  ,1.210873849279e+00  ,5.853752567486e-01  
  1.014686237097e-07  ,3.177006923262e-01  ,6.078330664411e-01  ,8.999699396283e-01  ,8.976164340050e-01  ,1.058820285791e+00  ,7.411195934652e-01  ,1.201532967226e+00  ,5.936999007845e-01  
  1.015686244712e-07  ,3.558412878249e-01  ,5.897814161405e-01  ,8.999700293279e-01  ,8.971093057001e-01  ,1.077890673240e+00  ,7.220493854155e-01  ,1.192000013770e+00  ,6.022185976299e-01  
  1.016686252326e-07  ,3.937624989786e-01  ,5.713509387607e-01  ,8.999701142814e-01  ,8.966033824570e-01  ,1.096851363771e+00  ,7.030888647921e-01  ,1.182278851837e+00  ,6.109279130766e-01  
  1.017686259941e-07  ,4.314362696468e-01  ,5.525545655774e-01  ,8.999701944117e-01  ,8.960990389618e-01  ,1.115688329235e+00  ,6.842520595882e-01  ,1.172376321750e+00  ,6.198217561731e-01  
  1.018686267555e-07  ,4.688348680953e-01  ,5.334056232289e-01  ,8.999702696635e-01  ,8.955966486667e-01  ,1.134387703711e+00  ,6.655528356158e-01  ,1.162299460281e+00  ,6.288938370523e-01  
  1.019686275170e-07  ,5.059425566843e-01  ,5.139118791093e-01  ,8.999703400083e-01  ,8.950964242784e-01  ,1.152941618350e+00  ,6.469990616662e-01  ,1.152052363833e+00  ,6.381404847238e-01  
  1.020686282784e-07  ,5.427280794774e-01  ,4.940890878589e-01  ,8.999704053808e-01  ,8.945987898765e-01  ,1.171334445119e+00  ,6.286063656421e-01  ,1.141643333806e+00  ,6.475542459471e-01  
  1.021686290399e-07  ,5.791759159169e-01  ,4.739453067683e-01  ,8.999704657442e-01  ,8.941039564407e-01  ,1.189558423703e+00  ,6.103825077858e-01  ,1.131076609825e+00  ,6.571313030566e-01  
  1.022686298013e-07  ,6.152589934033e-01  ,4.534947737253e-01  ,8.999705210436e-01  ,8.936122925273e-01  ,1.207600017745e+00  ,5.923410243420e-01  ,1.120359679390e+00  ,6.668649056646e-01  
  1.023686305628e-07  ,6.509543762903e-01  ,4.327499481680e-01  ,8.999705712396e-01  ,8.931241128789e-01  ,1.225447759385e+00  ,5.744933830945e-01  ,1.109499086963e+00  ,6.767491387949e-01  
  1.024686313242e-07  ,6.862358550515e-01  ,4.117256265661e-01  ,8.999706162998e-01  ,8.926397829269e-01  ,1.243088543826e+00  ,5.568526887741e-01  ,1.098502596210e+00  ,6.867769696439e-01  
  1.025686320857e-07  ,7.210886047986e-01  ,3.904303864614e-01  ,8.999706562017e-01  ,8.921595100764e-01  ,1.260514958601e+00  ,5.394263538024e-01  ,1.087374703307e+00  ,6.969443168457e-01  
  1.026686328471e-07  ,7.554867819203e-01  ,3.688793557560e-01  ,8.999706909018e-01  ,8.916836554469e-01  ,1.277714081862e+00  ,5.222272999417e-01  ,1.076123333325e+00  ,7.072439775690e-01  
  1.027686336086e-07  ,7.894085358259e-01  ,3.470857177474e-01  ,8.999707203710e-01  ,8.912125250996e-01  ,1.294674988284e+00  ,5.052664524581e-01  ,1.064755383973e+00  ,7.176696662258e-01  
  1.028686343700e-07  ,8.228289722162e-01  ,3.250650702212e-01  ,8.999707445968e-01  ,8.907464726625e-01  ,1.311385230705e+00  ,4.885562584887e-01  ,1.053279007773e+00  ,7.282139375519e-01  
  1.029686351315e-07  ,8.557340537043e-01  ,3.028264270853e-01  ,8.999707635620e-01  ,8.902856985068e-01  ,1.327837790414e+00  ,4.721037367099e-01  ,1.041698912049e+00  ,7.388724849641e-01  
  1.030686358929e-07  ,8.880993564949e-01  ,2.803856580507e-01  ,8.999707772374e-01  ,8.898305512499e-01  ,1.344020455485e+00  ,4.559210989900e-01  ,1.030023380275e+00  ,7.496377222246e-01  
  1.031686366544e-07  ,9.199043188208e-01  ,2.577565407071e-01  ,8.999707856103e-01  ,8.893813256157e-01  ,1.359922945021e+00  ,4.400186261999e-01  ,1.018259595969e+00  ,7.605030552621e-01  
  1.032686374158e-07  ,9.511256073372e-01  ,2.349553207164e-01  ,8.999707886802e-01  ,8.889383607155e-01  ,1.375533592349e+00  ,4.244079850115e-01  ,1.006416021074e+00  ,7.714607003573e-01  
  1.033686381773e-07  ,9.817459143641e-01  ,2.119944961231e-01  ,8.999707864452e-01  ,8.885019111791e-01  ,1.390843743627e+00  ,4.090978292632e-01  ,9.944991592407e-01  ,7.825046631175e-01  
  1.034686389387e-07  ,1.011746754888e+00  ,1.888876901756e-01  ,8.999707789048e-01  ,8.880722496696e-01  ,1.405844156349e+00  ,3.940974014610e-01  ,9.825160947574e-01  ,7.936284045818e-01  
  1.035686397001e-07  ,1.041113998124e+00  ,1.656454379344e-01  ,8.999707660547e-01  ,8.876495836007e-01  ,1.420527765117e+00  ,3.794137669927e-01  ,9.704723025679e-01  ,8.048268646335e-01  
  1.036686404616e-07  ,1.069821236695e+00  ,1.422878652022e-01  ,8.999707478981e-01  ,8.872343018639e-01  ,1.434881366246e+00  ,3.650601295506e-01  ,9.583782344650e-01  ,8.160903692628e-01  
  1.037686412230e-07  ,1.097852439463e+00  ,1.188278049461e-01  ,8.999707244495e-01  ,8.868266435441e-01  ,1.448896944181e+00  ,3.510445047178e-01  ,9.462405460171e-01  ,8.274127410710e-01  
  1.038686419845e-07  ,1.125194728838e+00  ,9.527571794299e-02  ,8.999706957169e-01  ,8.864268005280e-01  ,1.462568060136e+00  ,3.373733312978e-01  ,9.340646594995e-01  ,8.387889415565e-01  
  1.039686427459e-07  ,1.151826595907e+00  ,7.164935725938e-02  ,8.999706617122e-01  ,8.860350936882e-01  ,1.475883959666e+00  ,3.240573637589e-01  ,9.218597723179e-01  ,8.502104150585e-01  
  1.040686435074e-07  ,1.177728422698e+00  ,4.796577787005e-02  ,8.999706224640e-01  ,8.856518201136e-01  ,1.488834833813e+00  ,3.111064111151e-01  ,9.096347090486e-01  ,8.616689311786e-01  
  1.041686442688e-07  ,1.202885868268e+00  ,2.423802051756e-02  ,8.999705780030e-01  ,8.852772010435e-01  ,1.501413512137e+00  ,2.985276438689e-01  ,8.973962113022e-01  ,8.731581907847e-01  
  1.042686450303e-07  ,1.227283757998e+00  ,4.802395875052e-04  ,8.999705283576e-01  ,8.849114720761e-01  ,1.513612407357e+00  ,2.863286493587e-01  ,8.851515918698e-01  ,8.846713522823e-01  
  1.043686457917e-07  ,1.250910595429e+00  ,-2.329666115692e-02  ,8.999704735463e-01  ,8.845548114286e-01  ,1.525425771261e+00  ,2.745151758317e-01  ,8.729064808501e-01  ,8.962031420070e-01  
  1.044686465532e-07  ,1.273747441299e+00  ,-4.707440039258e-02  ,8.999704136043e-01  ,8.842075129987e-01  ,1.536844134254e+00  ,2.630966929550e-01  ,8.606703128024e-01  ,9.077447131950e-01  
  1.045686473146e-07  ,1.295779724356e+00  ,-7.083821958521e-02  ,8.999703485699e-01  ,8.838698050153e-01  ,1.547860210748e+00  ,2.520804863917e-01  ,8.484506952227e-01  ,9.192889148079e-01  
  1.046686480761e-07  ,1.316991311204e+00  ,-9.457089937568e-02  ,8.999702784944e-01  ,8.835419452730e-01  ,1.558465934097e+00  ,2.414746228922e-01  ,8.362564955851e-01  ,9.308273949608e-01  
  1.047686488375e-07  ,1.337373331532e+00  ,-1.182626056907e-01  ,8.999702034038e-01  ,8.832240769925e-01  ,1.568656869170e+00  ,2.312835376378e-01  ,8.240927741471e-01  ,9.423553798378e-01  
  1.048686495990e-07  ,1.356908582263e+00  ,-1.418936895242e-01  ,8.999701233586e-01  ,8.829164806529e-01  ,1.578424414490e+00  ,2.215158322272e-01  ,8.119696358908e-01  ,9.538633254150e-01  
  1.049686503604e-07  ,1.375586292717e+00  ,-1.654510839426e-01  ,8.999700384078e-01  ,8.826193358203e-01  ,1.587763184766e+00  ,2.121768920495e-01  ,7.998937938490e-01  ,9.653448777915e-01  
  1.050686511219e-07  ,1.393397920608e+00  ,-1.889241899156e-01  ,8.999699485894e-01  ,8.823327856003e-01  ,1.596668908893e+00  ,2.032709882855e-01  ,7.878706906425e-01  ,9.767948805581e-01  
  1.051686518833e-07  ,1.410327644307e+00  ,-2.122926751948e-01  ,8.999698539775e-01  ,8.820570982815e-01  ,1.605133676131e+00  ,1.948060318238e-01  ,7.759107606841e-01  ,9.882034358789e-01  
  1.052686526448e-07  ,1.426368358595e+00  ,-2.355468262571e-01  ,8.999697546091e-01  ,8.817923968045e-01  ,1.613153933906e+00  ,1.867855753119e-01  ,7.640189836760e-01  ,9.995658099331e-01  
  1.053686534062e-07  ,1.441508003666e+00  ,-2.586696867933e-01  ,8.999696505515e-01  ,8.815388917572e-01  ,1.620723652384e+00  ,1.792156487186e-01  ,7.522040483605e-01  ,1.010873735154e+00  
  1.054686541677e-07  ,1.455736977399e+00  ,-2.816468089634e-01  ,8.999695418658e-01  ,8.812967549266e-01  ,1.627838030565e+00  ,1.721010531665e-01  ,7.404733504449e-01  ,1.022120159408e+00  
  1.055686549291e-07  ,1.469046282963e+00  ,-3.044638249569e-01  ,8.999694286208e-01  ,8.810661510787e-01  ,1.634492570102e+00  ,1.654462871394e-01  ,7.288342386002e-01  ,1.033298063557e+00  
  1.056686556906e-07  ,1.481426254137e+00  ,-3.271040958071e-01  ,8.999693109022e-01  ,8.808472628255e-01  ,1.640682437971e+00  ,1.592561838336e-01  ,7.172952149220e-01  ,1.044399310729e+00  
  1.057686564520e-07  ,1.492871751186e+00  ,-3.495581801042e-01  ,8.999691887578e-01  ,8.806401897763e-01  ,1.646405064351e+00  ,1.535333131648e-01  ,7.058610997243e-01  ,1.055419279828e+00  
  1.058686572135e-07  ,1.503373080240e+00  ,-3.718073053785e-01  ,8.999690622873e-01  ,8.804451240261e-01  ,1.651655602407e+00  ,1.482825221674e-01  ,6.945414713369e-01  ,1.066348776715e+00  
  1.059686579749e-07  ,1.512925877870e+00  ,-3.938421812877e-01  ,8.999689315420e-01  ,8.802621556717e-01  ,1.656431870477e+00  ,1.435059926070e-01  ,6.833410650279e-01  ,1.077183246316e+00  
  1.060686587364e-07  ,1.521522903159e+00  ,-4.156466340542e-01  ,8.999687966141e-01  ,8.800914374991e-01  ,1.660730248193e+00  ,1.392073450347e-01  ,6.722681204720e-01  ,1.087914754526e+00  
  1.061686594978e-07  ,1.529157929497e+00  ,-4.372047107261e-01  ,8.999686576014e-01  ,8.799331095567e-01  ,1.664547622350e+00  ,1.353896928527e-01  ,6.613307541937e-01  ,1.098535464920e+00  
  1.062686602593e-07  ,1.535827807441e+00  ,-4.585073910844e-01  ,8.999685145624e-01  ,8.797872463852e-01  ,1.667882418283e+00  ,1.320546108417e-01  ,6.505335508430e-01  ,1.109040941927e+00  
  1.063686610207e-07  ,1.541527431010e+00  ,-4.795389911993e-01  ,8.999683676006e-01  ,8.796539727995e-01  ,1.670732083106e+00  ,1.292046520954e-01  ,6.398844771998e-01  ,1.119423468399e+00  
  1.064686617822e-07  ,1.546253198097e+00  ,-5.002862654535e-01  ,8.999682168086e-01  ,8.795333852345e-01  ,1.673094815857e+00  ,1.268416177602e-01  ,6.293902525078e-01  ,1.129676517961e+00  
  1.065686625436e-07  ,1.550002127244e+00  ,-5.207361360848e-01  ,8.999680622830e-01  ,8.794255720378e-01  ,1.674969125905e+00  ,1.249669986609e-01  ,6.190575039954e-01  ,1.139793640080e+00  
  1.066686633051e-07  ,1.552771568412e+00  ,-5.408735874647e-01  ,8.999679041380e-01  ,8.793306254764e-01  ,1.676353688344e+00  ,1.235821199322e-01  ,6.088938317441e-01  ,1.149767419209e+00  
  1.067686640665e-07  ,1.554560127969e+00  ,-5.606873731807e-01  ,8.999677424623e-01  ,8.792486074934e-01  ,1.677247806447e+00  ,1.226876784777e-01  ,5.989049209030e-01  ,1.159592294084e+00  
  1.068686648280e-07  ,1.555366781511e+00  ,-5.801654648142e-01  ,8.999675773545e-01  ,8.791795785855e-01  ,1.677650968110e+00  ,1.222841865989e-01  ,5.890968461784e-01  ,1.169262310993e+00  
  1.069686655894e-07  ,1.555191037481e+00  ,-5.992957080864e-01  ,8.999674089182e-01  ,8.791235930678e-01  ,1.677562927659e+00  ,1.223718901775e-01  ,5.794757390246e-01  ,1.178771447111e+00  
  1.070686663509e-07  ,1.554032996766e+00  ,-6.180660476159e-01  ,8.999672372600e-01  ,8.790806973696e-01  ,1.676983735643e+00  ,1.229507388769e-01  ,5.700476735616e-01  ,1.188113721178e+00  
  1.071686671123e-07  ,1.551893145917e+00  ,-6.364675483780e-01  ,8.999670624631e-01  ,8.790509210592e-01  ,1.675913635422e+00  ,1.240204895044e-01  ,5.608171468702e-01  ,1.197284695248e+00  
  1.072686678738e-07  ,1.548772839325e+00  ,-6.544854936898e-01  ,8.999668846680e-01  ,8.790343062469e-01  ,1.674353304331e+00  ,1.255804650053e-01  ,5.517915594020e-01  ,1.206277053092e+00  
  1.073686686352e-07  ,1.544674518826e+00  ,-6.721065764423e-01  ,8.999667040057e-01  ,8.790308756735e-01  ,1.672303963418e+00  ,1.276294445928e-01  ,5.429775874523e-01  ,1.215084163895e+00  
  1.074686693967e-07  ,1.539600629101e+00  ,-6.893209074471e-01  ,8.999665205766e-01  ,8.790406380829e-01  ,1.669766835127e+00  ,1.301662060259e-01  ,5.343801843593e-01  ,1.223701091806e+00  
  1.075686701581e-07  ,1.533554302706e+00  ,-7.061179700954e-01  ,8.999663344929e-01  ,8.790635964760e-01  ,1.666743485846e+00  ,1.331891831397e-01  ,5.260046114283e-01  ,1.232122581524e+00  
  1.076686709196e-07  ,1.526539315579e+00  ,-7.224872073624e-01  ,8.999661458716e-01  ,8.790997465055e-01  ,1.663235803661e+00  ,1.366964880823e-01  ,5.178561428243e-01  ,1.240343350187e+00  
  1.077686716810e-07  ,1.518560073834e+00  ,-7.384182231639e-01  ,8.999659548315e-01  ,8.791490758443e-01  ,1.659245991749e+00  ,1.406859179143e-01  ,5.099399642623e-01  ,1.248358187426e+00  
  1.078686724425e-07  ,1.509621605976e+00  ,-7.539008542699e-01  ,8.999657614933e-01  ,8.792115639446e-01  ,1.654776564481e+00  ,1.451549585054e-01  ,5.022611368096e-01  ,1.256161991080e+00  
  1.079686732039e-07  ,1.499728124183e+00  ,-7.689276393803e-01  ,8.999655659514e-01  ,8.792871902209e-01  ,1.649829628043e+00  ,1.501015038602e-01  ,4.948233705307e-01  ,1.263751009911e+00  
  1.080686739654e-07  ,1.488887200498e+00  ,-7.834863708994e-01  ,8.999653683647e-01  ,8.793759134734e-01  ,1.644408968614e+00  ,1.555217681156e-01  ,4.876327280237e-01  ,1.271119098923e+00  
  1.081686747268e-07  ,1.477107005869e+00  ,-7.975661990637e-01  ,8.999651688762e-01  ,8.794776793000e-01  ,1.638518671811e+00  ,1.614116659417e-01  ,4.806945797682e-01  ,1.278260778832e+00  
  1.082686754883e-07  ,1.464394270120e+00  ,-8.111591613638e-01  ,8.999649675939e-01  ,8.795924378973e-01  ,1.632162102654e+00  ,1.677678325338e-01  ,4.740128572154e-01  ,1.285172018579e+00  
  1.083686762497e-07  ,1.450754801856e+00  ,-8.242589294073e-01  ,8.999647646122e-01  ,8.797201450131e-01  ,1.625342165540e+00  ,1.745873636844e-01  ,4.675906803094e-01  ,1.291849609717e+00  
  1.084686770112e-07  ,1.436200423504e+00  ,-8.368536727924e-01  ,8.999645601101e-01  ,8.798607065568e-01  ,1.618064771862e+00  ,1.818643483579e-01  ,4.614338701606e-01  ,1.298287542953e+00  
  1.085686777726e-07  ,1.420737374201e+00  ,-8.489379933958e-01  ,8.999643541730e-01  ,8.800140700129e-01  ,1.610333041273e+00  ,1.895956670725e-01  ,4.555450733150e-01  ,1.304483066711e+00  
  1.086686785341e-07  ,1.404376975847e+00  ,-8.605026540116e-01  ,8.999641469522e-01  ,8.801801381478e-01  ,1.602152634876e+00  ,1.977756590287e-01  ,4.499288111420e-01  ,1.310431465154e+00  
  1.087686792955e-07  ,1.387131396730e+00  ,-8.715389471941e-01  ,8.999639386005e-01  ,8.803588005086e-01  ,1.593529636965e+00  ,2.063982402356e-01  ,4.445893269115e-01  ,1.316128274106e+00  
  1.088686800570e-07  ,1.369007963805e+00  ,-8.820421135376e-01  ,8.999637292070e-01  ,8.805499887602e-01  ,1.584467711110e+00  ,2.154597473044e-01  ,4.395289319915e-01  ,1.321571045529e+00  
  1.089686808184e-07  ,1.350019919591e+00  ,-8.920040435487e-01  ,8.999635189310e-01  ,8.807535780805e-01  ,1.574973478726e+00  ,2.249535591355e-01  ,4.347515563061e-01  ,1.326755599855e+00  
  1.090686815799e-07  ,1.330181353841e+00  ,-9.014171815946e-01  ,8.999633079262e-01  ,8.809694304528e-01  ,1.565053984847e+00  ,2.348726310056e-01  ,4.302608396555e-01  ,1.331678021250e+00  
  1.091686823413e-07  ,1.309503453196e+00  ,-9.102761221322e-01  ,8.999630963046e-01  ,8.811974324841e-01  ,1.554714822902e+00  ,2.452113697068e-01  ,4.260593714180e-01  ,1.336335493550e+00  
  1.092686831028e-07  ,1.287995656471e+00  ,-9.185766349317e-01  ,8.999628841675e-01  ,8.814374883345e-01  ,1.543960712403e+00  ,2.559650559320e-01  ,4.221491708686e-01  ,1.340725805800e+00  
  1.093686838642e-07  ,1.265674432137e+00  ,-9.263118220873e-01  ,8.999626716903e-01  ,8.816894298965e-01  ,1.532799887759e+00  ,2.671254556220e-01  ,4.185335188528e-01  ,1.344845340940e+00  
  1.094686846257e-07  ,1.242556392620e+00  ,-9.334757322613e-01  ,8.999624590282e-01  ,8.819530824714e-01  ,1.521240655338e+00  ,2.786842627184e-01  ,4.152152163407e-01  ,1.348690948602e+00  
  1.095686853871e-07  ,1.218651350871e+00  ,-9.400652000159e-01  ,8.999622462703e-01  ,8.822283410415e-01  ,1.509287921706e+00  ,2.906365708346e-01  ,4.121957410336e-01  ,1.352260941049e+00  
  1.096686861486e-07  ,1.193976864855e+00  ,-9.460749233185e-01  ,8.999620335822e-01  ,8.825150167191e-01  ,1.496950466010e+00  ,3.029736011546e-01  ,4.094775550598e-01  ,1.355552478378e+00  
  1.097686869100e-07  ,1.168548629433e+00  ,-9.515008090772e-01  ,8.999618211054e-01  ,8.828129380643e-01  ,1.484236135822e+00  ,3.156875063891e-01  ,4.070625335257e-01  ,1.358563342603e+00  
  1.098686876715e-07  ,1.142382763250e+00  ,-9.563391257169e-01  ,8.999616089661e-01  ,8.831219262537e-01  ,1.471152990591e+00  ,3.287702273409e-01  ,4.049523633953e-01  ,1.361291489112e+00  
  1.099686884329e-07  ,1.115495827783e+00  ,-9.605865056808e-01  ,8.999613973051e-01  ,8.834417950369e-01  ,1.457709311197e+00  ,3.422134834135e-01  ,4.031485421965e-01  ,1.363735047877e+00  
  1.100686891944e-07  ,1.087907630640e+00  ,-9.642395191638e-01  ,8.999611862777e-01  ,8.837723170772e-01  ,1.443915001598e+00  ,3.560073709577e-01  ,4.016525574953e-01  ,1.365892076659e+00  
  1.101686899558e-07  ,1.059633633422e+00  ,-9.672959356651e-01  ,8.999609759971e-01  ,8.841133117848e-01  ,1.429777792708e+00  ,3.701441592860e-01  ,4.004653439523e-01  ,1.367761279617e+00  
  1.102686907173e-07  ,1.030686738138e+00  ,-9.697541180600e-01  ,8.999607665686e-01  ,8.844646291790e-01  ,1.415304135638e+00  ,3.846173974995e-01  ,3.995875701490e-01  ,1.369341688209e+00  
  1.103686914787e-07  ,1.001092265823e+00  ,-9.716113347792e-01  ,8.999605581864e-01  ,8.848259733675e-01  ,1.400506691098e+00  ,3.994144252748e-01  ,3.990203059779e-01  ,1.370631640757e+00  
  1.104686922402e-07  ,9.708628228491e-01  ,-9.728666161944e-01  ,8.999603509395e-01  ,8.851971963697e-01  ,1.385391762364e+00  ,4.145289395150e-01  ,3.987638882725e-01  ,1.371630504467e+00  
  1.105686930016e-07  ,9.400239163345e-01  ,-9.735183981752e-01  ,8.999601450026e-01  ,8.855779960869e-01  ,1.369972103170e+00  ,4.299481868354e-01  ,3.988187969994e-01  ,1.372337195175e+00  
  1.106686937631e-07  ,9.085886398848e-01  ,-9.735662116528e-01  ,8.999599404685e-01  ,8.859682163537e-01  ,1.354254260411e+00  ,4.456656205261e-01  ,3.991851105273e-01  ,1.372751322180e+00  
  1.107686945245e-07  ,8.765834729956e-01  ,-9.730094950601e-01  ,8.999597375119e-01  ,8.863675385687e-01  ,1.338251474010e+00  ,4.616680010141e-01  ,3.998627910386e-01  ,1.372872286099e+00  
  1.108686952860e-07  ,8.440219904906e-01  ,-9.718482815297e-01  ,8.999595362192e-01  ,8.867757981417e-01  ,1.321970531464e+00  ,4.779485409739e-01  ,4.008516573769e-01  ,1.372699938907e+00  
  1.109686960474e-07  ,8.109282348186e-01  ,-9.700828802758e-01  ,8.999593367414e-01  ,8.871927028036e-01  ,1.305423454151e+00  ,4.944952193321e-01  ,4.021512626657e-01  ,1.372234142942e+00  
  1.110686968088e-07  ,7.773232561590e-01  ,-9.677140318114e-01  ,8.999591392053e-01  ,8.876179943609e-01  ,1.288620767285e+00  ,5.112975111258e-01  ,4.037609784552e-01  ,1.371475010267e+00  
  1.111686975703e-07  ,7.432283545176e-01  ,-9.647428532635e-01  ,8.999589437313e-01  ,8.880514094049e-01  ,1.271573120990e+00  ,5.283447664725e-01  ,4.056799827731e-01  ,1.370422836037e+00  
  1.112686983317e-07  ,7.086686163011e-01  ,-9.611711600986e-01  ,8.999587504638e-01  ,8.884926343423e-01  ,1.254293058614e+00  ,5.456244423132e-01  ,4.079070542930e-01  ,1.369078214392e+00  
  1.113686990932e-07  ,6.736633484798e-01  ,-9.570007250015e-01  ,8.999585595091e-01  ,8.889414254214e-01  ,1.236790233749e+00  ,5.631268852692e-01  ,4.104410629207e-01  ,1.367441787922e+00  
  1.114686998546e-07  ,6.382285265384e-01  ,-9.522331651742e-01  ,8.999583709592e-01  ,8.893975823428e-01  ,1.219072634228e+00  ,5.808441076900e-01  ,4.132809997557e-01  ,1.365514164930e+00  
  1.115687006161e-07  ,6.023952152840e-01  ,-9.468720088815e-01  ,8.999581849849e-01  ,8.898607146483e-01  ,1.201155792627e+00  ,5.987605773429e-01  ,4.164247102076e-01  ,1.363296719089e+00  
  1.116687013775e-07  ,5.661835772827e-01  ,-9.409200240827e-01  ,8.999580016859e-01  ,8.903305661264e-01  ,1.183049790327e+00  ,6.168662130445e-01  ,4.198705540851e-01  ,1.360790578168e+00  
  1.117687021390e-07  ,5.296102190063e-01  ,-9.343796345387e-01  ,8.999578211510e-01  ,8.908069265096e-01  ,1.164762930654e+00  ,6.351527116478e-01  ,4.236171092403e-01  ,1.357996743779e+00  
  1.118687029004e-07  ,4.927073018343e-01  ,-9.272559140502e-01  ,8.999576435495e-01  ,8.912893865004e-01  ,1.146311294467e+00  ,6.536039926323e-01  ,4.276614294753e-01  ,1.354917343525e+00  
  1.119687036619e-07  ,4.554955749990e-01  ,-9.195526122663e-01  ,8.999574689780e-01  ,8.917776781278e-01  ,1.127705256478e+00  ,6.722096814786e-01  ,4.320013719946e-01  ,1.351553984261e+00  
  1.120687044233e-07  ,4.179920987290e-01  ,-9.112729474962e-01  ,8.999572975197e-01  ,8.922715816402e-01  ,1.108953346884e+00  ,6.909612481552e-01  ,4.366351078921e-01  ,1.347908055388e+00  
  1.121687051848e-07  ,3.802298525660e-01  ,-9.024235135006e-01  ,8.999571293296e-01  ,8.927706699880e-01  ,1.090072055613e+00  ,7.098422030465e-01  ,4.415589132377e-01  ,1.343982426738e+00  
  1.122687059462e-07  ,3.422300440483e-01  ,-8.930090221459e-01  ,8.999569644968e-01  ,8.932746648905e-01  ,1.071071986521e+00  ,7.288419424726e-01  ,4.467701538175e-01  ,1.339779175963e+00  
  1.123687067077e-07  ,3.040100855379e-01  ,-8.830334694329e-01  ,8.999568031008e-01  ,8.937833388148e-01  ,1.051961845870e+00  ,7.479517603319e-01  ,4.522666040984e-01  ,1.335300073531e+00  
  1.124687074691e-07  ,2.655996516192e-01  ,-8.725038847769e-01  ,8.999566452818e-01  ,8.942963044761e-01  ,1.032756471091e+00  ,7.671568194722e-01  ,4.580443620877e-01  ,1.330548246865e+00  
  1.125687082306e-07  ,2.270232294028e-01  ,-8.614265088811e-01  ,8.999564911464e-01  ,8.948132409028e-01  ,1.013468105848e+00  ,7.864448764450e-01  ,4.640999864623e-01  ,1.325526495343e+00  
  1.126687089920e-07  ,1.883092932110e-01  ,-8.498090924665e-01  ,8.999563407979e-01  ,8.953337696536e-01  ,9.941109874034e-01  ,8.058016941924e-01  ,4.704292234204e-01  ,1.320238315887e+00  
  1.127687097535e-07  ,1.494793497195e-01  ,-8.376578940737e-01  ,8.999561943180e-01  ,8.958575995424e-01  ,9.746958691778e-01  ,8.252165194583e-01  ,4.770286525056e-01  ,1.314686546579e+00  
  1.128687105149e-07  ,1.105510674818e-01  ,-8.249781576129e-01  ,8.999560517818e-01  ,8.963844927974e-01  ,9.552315855227e-01  ,8.446805180409e-01  ,4.838954139909e-01  ,1.308873571604e+00  
  1.129687112764e-07  ,7.155857540046e-02  ,-8.117803401474e-01  ,8.999559133240e-01  ,8.969139895281e-01  ,9.357352010242e-01  ,8.641766256238e-01  ,4.910238194544e-01  ,1.302804159602e+00  
  1.130687120378e-07  ,3.252373034129e-02  ,-7.980715850661e-01  ,8.999557790190e-01  ,8.974457924308e-01  ,9.162176441897e-01  ,8.836939138484e-01  ,4.984099998978e-01  ,1.296481584964e+00  
  1.131687127993e-07  ,-6.535586916070e-03  ,-7.838578486407e-01  ,8.999556489333e-01  ,8.979796591535e-01  ,8.966878554753e-01  ,9.032234423913e-01  ,5.060507348332e-01  ,1.289908583474e+00  
  1.132687135607e-07  ,-4.558900472026e-02  ,-7.691494523049e-01  ,8.999555231840e-01  ,8.985151785435e-01  ,8.771610208239e-01  ,9.227500255442e-01  ,5.139404523910e-01  ,1.283089904696e+00  
  1.133687143222e-07  ,-8.460766966435e-02  ,-7.539568231205e-01  ,8.999554018655e-01  ,8.990519561389e-01  ,8.576515670334e-01  ,9.422592366977e-01  ,5.220735445787e-01  ,1.276030367699e+00  
  1.134687150836e-07  ,-1.235751455696e-01  ,-7.382861247249e-01  ,8.999552850266e-01  ,8.995897659710e-01  ,8.381677122418e-01  ,9.617428578114e-01  ,5.304467036085e-01  ,1.268732828333e+00  
  1.135687158451e-07  ,-1.624626253754e-01  ,-7.221483449775e-01  ,8.999551727612e-01  ,9.001282119136e-01  ,8.187238600735e-01  ,9.811864854489e-01  ,5.390540394248e-01  ,1.261202384402e+00  
  1.136687166065e-07  ,-2.012415092104e-01  ,-7.055549683829e-01  ,8.999550651486e-01  ,9.006668961906e-01  ,7.993343105434e-01  ,1.000575819754e+00  ,5.478894119992e-01  ,1.253444380382e+00  
  1.137687173680e-07  ,-2.398954995648e-01  ,-6.885127508657e-01  ,8.999549622277e-01  ,9.012055910073e-01  ,7.800072124452e-01  ,1.019902712010e+00  ,5.569492155744e-01  ,1.245461966440e+00  
  1.138687181294e-07  ,-2.783921246846e-01  ,-6.710354870982e-01  ,8.999548640873e-01  ,9.017438406215e-01  ,7.607588017450e-01  ,1.039150926430e+00  ,5.662260970724e-01  ,1.237261584171e+00  
  1.139687188909e-07  ,-3.167151684811e-01  ,-6.531303073521e-01  ,8.999547707776e-01  ,9.022814172939e-01  ,7.415971865371e-01  ,1.058312355018e+00  ,5.757162636178e-01  ,1.228846570970e+00  
  1.140687196523e-07  ,-3.548362687580e-01  ,-6.348098705251e-01  ,8.999546823751e-01  ,9.028179230473e-01  ,7.225365479961e-01  ,1.077372816754e+00  ,5.854129877848e-01  ,1.220222858310e+00  
  1.141687204138e-07  ,-3.927274046236e-01  ,-6.160872801737e-01  ,8.999545989402e-01  ,9.033529616492e-01  ,7.035908966283e-01  ,1.096318301252e+00  ,5.953093215623e-01  ,1.211396601736e+00  
  1.142687211752e-07  ,-4.303726634596e-01  ,-5.969701960961e-01  ,8.999545205095e-01  ,9.038863075354e-01  ,6.847681887797e-01  ,1.115140852239e+00  ,6.054012094873e-01  ,1.202371405583e+00  
  1.143687219367e-07  ,-4.677442259989e-01  ,-5.774721902516e-01  ,8.999544471475e-01  ,9.044175667811e-01  ,6.660823341480e-01  ,1.133826560147e+00  ,6.156814716552e-01  ,1.193153661907e+00  
  1.144687226981e-07  ,-5.048184169588e-01  ,-5.576052075159e-01  ,8.999543789044e-01  ,9.049464030610e-01  ,6.475451704251e-01  ,1.152363587384e+00  ,6.261437993030e-01  ,1.183749006819e+00  
  1.145687234596e-07  ,-5.415680915839e-01  ,-5.373835048355e-01  ,8.999543158175e-01  ,9.054724248558e-01  ,6.291702700256e-01  ,1.170738361609e+00  ,6.367806724380e-01  ,1.174164177274e+00  
  1.146687242210e-07  ,-5.779728956603e-01  ,-5.168181802057e-01  ,8.999542579199e-01  ,9.059953348052e-01  ,6.109678100897e-01  ,1.188940705750e+00  ,6.475862447024e-01  ,1.164404424908e+00  
  1.147687249825e-07  ,-6.140109116304e-01  ,-4.959214289200e-01  ,8.999542052494e-01  ,9.065148121595e-01  ,5.929487494342e-01  ,1.206959661065e+00  ,6.585540976995e-01  ,1.154475526620e+00  
  1.148687257439e-07  ,-6.496597990311e-01  ,-4.747059503714e-01  ,8.999541578426e-01  ,9.070305299648e-01  ,5.751242583270e-01  ,1.224784057358e+00  ,6.696775547791e-01  ,1.144383505151e+00  
  1.149687265054e-07  ,-6.849026486864e-01  ,-4.531814712778e-01  ,8.999541157306e-01  ,9.075422424825e-01  ,5.575027913874e-01  ,1.242405440074e+00  ,6.809515068436e-01  ,1.134132978121e+00  
  1.150687272668e-07  ,-7.197113254394e-01  ,-4.313643940884e-01  ,8.999540789609e-01  ,9.080495418017e-01  ,5.400984162412e-01  ,1.259809741681e+00  ,6.923673447576e-01  ,1.123731738846e+00  
  1.151687280283e-07  ,-7.540636334502e-01  ,-4.092681636016e-01  ,8.999540475574e-01  ,9.085521051393e-01  ,5.229222308323e-01  ,1.276985864282e+00  ,7.039180233385e-01  ,1.113186186940e+00  
  1.152687287897e-07  ,-7.879344003542e-01  ,-3.869087117819e-01  ,8.999540215344e-01  ,9.090495598110e-01  ,5.059868213573e-01  ,1.293921221711e+00  ,7.155952039200e-01  ,1.102503915702e+00  
  1.153687295512e-07  ,-8.213094537629e-01  ,-3.642952575401e-01  ,8.999540009087e-01  ,9.095416944515e-01  ,4.892992740273e-01  ,1.310608727790e+00  ,7.273940656815e-01  ,1.091689323222e+00  
  1.154687303126e-07  ,-8.541608000592e-01  ,-3.414464008038e-01  ,8.999539857000e-01  ,9.100280883627e-01  ,4.728735856704e-01  ,1.327034385730e+00  ,7.393048879608e-01  ,1.080751288765e+00  
  1.155687310741e-07  ,-8.864702588700e-01  ,-3.183747377674e-01  ,8.999539759080e-01  ,9.105084639370e-01  ,4.567188464730e-01  ,1.343189105343e+00  ,7.513210950533e-01  ,1.069695832821e+00  
  1.156687318355e-07  ,-9.182183975438e-01  ,-2.950940272936e-01  ,8.999539715365e-01  ,9.109825230834e-01  ,4.408447727646e-01  ,1.359063170308e+00  ,7.634355094366e-01  ,1.058529536730e+00  
  1.157687325970e-07  ,-9.493855624537e-01  ,-2.716185039138e-01  ,8.999539725937e-01  ,9.114499638780e-01  ,4.252611913668e-01  ,1.374646753821e+00  ,7.756407119211e-01  ,1.047259215835e+00  
  1.158687333584e-07  ,-9.799569819533e-01  ,-2.479590098659e-01  ,8.999539790900e-01  ,9.119105608256e-01  ,4.099754881134e-01  ,1.389932470067e+00  ,7.879310558926e-01  ,1.035890065759e+00  
  1.159687341199e-07  ,-1.009908212948e+00  ,-2.241337465704e-01  ,8.999539910380e-01  ,9.123639416434e-01  ,3.949998845640e-01  ,1.404908097512e+00  ,8.002970683582e-01  ,1.024430814929e+00  
  1.160687348813e-07  ,-1.039220207682e+00  ,-2.001574863654e-01  ,8.999540084320e-01  ,9.128098151887e-01  ,3.803439045911e-01  ,1.419564112273e+00  ,8.127310720060e-01  ,1.012888558371e+00  
  1.161687356428e-07  ,-1.067871562105e+00  ,-1.760476019194e-01  ,8.999540312490e-01  ,9.132478478538e-01  ,3.660182501966e-01  ,1.433889812301e+00  ,8.252240468942e-01  ,1.001271648814e+00  
  1.162687364042e-07  ,-1.095850330580e+00  ,-1.518140817813e-01  ,8.999540594817e-01  ,9.136778516568e-01  ,3.520288941919e-01  ,1.447879224772e+00  ,8.377708107662e-01  ,9.895848925475e-01  
  1.163687371657e-07  ,-1.123135841774e+00  ,-1.274744607603e-01  ,8.999540931145e-01  ,9.140995001343e-01  ,3.383861722276e-01  ,1.461522014001e+00  ,8.503622697541e-01  ,9.778367305144e-01  
  1.164687379271e-07  ,-1.149710897071e+00  ,-1.030438661078e-01  ,8.999541321234e-01  ,9.145125182948e-01  ,3.250986835877e-01  ,1.474809580659e+00  ,8.629905852409e-01  ,9.660344513487e-01  
  1.165687386886e-07  ,-1.175556177389e+00  ,-7.854003236533e-02  ,8.999541764718e-01  ,9.149165917317e-01  ,3.121760877772e-01  ,1.487732265166e+00  ,8.756465755490e-01  ,9.541866079144e-01  
  1.166687394500e-07  ,-1.200657504570e+00  ,-5.397652601779e-02  ,8.999542261360e-01  ,9.153114874209e-01  ,2.996254738508e-01  ,1.500282978421e+00  ,8.883232244120e-01  ,9.422997504297e-01  
  1.167687402115e-07  ,-1.224999858579e+00  ,-2.936807715852e-02  ,8.999542810894e-01  ,9.156969587736e-01  ,2.874543517997e-01  ,1.512454210379e+00  ,9.010129201944e-01  ,9.303809973529e-01  
  1.168687409729e-07  ,-1.248571852192e+00  ,-4.726036655004e-03  ,8.999543413131e-01  ,9.160728201960e-01  ,2.756684152170e-01  ,1.524240267409e+00  ,9.137098018685e-01  ,9.184358385235e-01  
  1.169687417344e-07  ,-1.271354720352e+00  ,1.993055936311e-02  ,8.999544067701e-01  ,9.164387664655e-01  ,2.642770465939e-01  ,1.535631766946e+00  ,9.264040461470e-01  ,9.064734867839e-01  
  1.170687424958e-07  ,-1.293334020119e+00  ,4.458633384053e-02  ,8.999544774162e-01  ,9.167945612457e-01  ,2.532874673566e-01  ,1.546621487476e+00  ,9.390877281660e-01  ,8.945013943254e-01  
  1.171687432573e-07  ,-1.314493763490e+00  ,6.922333813991e-02  ,8.999545531912e-01  ,9.171399363097e-01  ,2.427076714462e-01  ,1.557201434936e+00  ,9.517516053797e-01  ,8.825282672398e-01  
  1.172687440187e-07  ,-1.334822373934e+00  ,9.382790236869e-02  ,8.999546340534e-01  ,9.174746928302e-01  ,2.325434470862e-01  ,1.567365821020e+00  ,9.643886440145e-01  ,8.705607416458e-01  
  1.173687447802e-07  ,-1.354310633343e+00  ,1.183889267194e-01  ,8.999547199692e-01  ,9.177986719261e-01  ,2.227994032979e-01  ,1.577110036641e+00  ,9.769931352858e-01  ,8.586042085664e-01  
  1.174687455416e-07  ,-1.372943286886e+00  ,1.428876426256e-01  ,8.999548108770e-01  ,9.181116093306e-01  ,2.134831674339e-01  ,1.586426454320e+00  ,9.895554306434e-01  ,8.466677880178e-01  
  1.175687463031e-07  ,-1.390706767974e+00  ,1.673061851576e-01  ,8.999549067034e-01  ,9.184132651559e-01  ,2.046015227164e-01  ,1.595308290690e+00  ,1.002066357735e+00  ,8.347601725771e-01  
  1.176687470645e-07  ,-1.407591377784e+00  ,1.916309878609e-01  ,8.999550073915e-01  ,9.187034652451e-01  ,1.961593184994e-01  ,1.603750696284e+00  ,1.014518959176e+00  ,8.228879713146e-01  
  1.177687478260e-07  ,-1.423589455777e+00  ,2.158510528652e-01  ,8.999551128994e-01  ,9.189820722048e-01  ,1.881603850109e-01  ,1.611749840788e+00  ,1.026907598637e+00  ,8.110565457722e-01  
  1.178687485874e-07  ,-1.438686885524e+00  ,2.399452978321e-01  ,8.999552231422e-01  ,9.192488309843e-01  ,1.806117803802e-01  ,1.619298665904e+00  ,1.039221479900e+00  ,7.992761820683e-01  
  1.179687493489e-07  ,-1.452877390754e+00  ,2.639036632869e-01  ,8.999553380740e-01  ,9.195036262010e-01  ,1.735166426968e-01  ,1.626394033451e+00  ,1.051455457844e+00  ,7.875517945576e-01  
  1.180687501103e-07  ,-1.466150368591e+00  ,2.877085983839e-01  ,8.999554576102e-01  ,9.197462602711e-01  ,1.668802733148e-01  ,1.633030641906e+00  ,1.063600559463e+00  ,7.758919610791e-01  
  1.181687508718e-07  ,-1.478496221606e+00  ,3.113426965922e-01  ,8.999555816612e-01  ,9.199765463728e-01  ,1.607074708584e-01  ,1.639203692464e+00  ,1.075647894669e+00  ,7.643051980767e-01  
  1.182687516332e-07  ,-1.489908271337e+00  ,3.347928000079e-01  ,8.999557101568e-01  ,9.201943492837e-01  ,1.550015744881e-01  ,1.644909845826e+00  ,1.087590749288e+00  ,7.527979492798e-01  
  1.183687523947e-07  ,-1.500379734817e+00  ,3.580447421351e-01  ,8.999558430208e-01  ,9.203995285033e-01  ,1.497659756125e-01  ,1.650145710429e+00  ,1.099421899571e+00  ,7.413771574357e-01  
  1.184687531561e-07  ,-1.509905695949e+00  ,3.810876902051e-01  ,8.999559801942e-01  ,9.205919803127e-01  ,1.450031322198e-01  ,1.654908828169e+00  ,1.111135825415e+00  ,7.300481352101e-01  
  1.185687539176e-07  ,-1.518478378002e+00  ,4.039035980783e-01  ,8.999561215740e-01  ,9.207715375671e-01  ,1.407169325728e-01  ,1.659195310575e+00  ,1.122723336606e+00  ,7.188197385280e-01  
  1.186687546790e-07  ,-1.526091603964e+00  ,4.264757435466e-01  ,8.999562670542e-01  ,9.209380591742e-01  ,1.369104650724e-01  ,1.663002069036e+00  ,1.134175930947e+00  ,7.077001874009e-01  
  1.187687554404e-07  ,-1.532742257947e+00  ,4.487946674950e-01  ,8.999564165738e-01  ,9.210914703952e-01  ,1.335852876005e-01  ,1.666327545547e+00  ,1.145488804143e+00  ,6.966941366477e-01  
  1.188687562019e-07  ,-1.538425292442e+00  ,4.708439189144e-01  ,8.999565700259e-01  ,9.212316461022e-01  ,1.307439238051e-01  ,1.669169216247e+00  ,1.156653605559e+00  ,6.858096866450e-01  
  1.189687569633e-07  ,-1.543136672156e+00  ,4.926073133429e-01  ,8.999567272991e-01  ,9.213584746161e-01  ,1.283883912210e-01  ,1.671525063377e+00  ,1.167662131288e+00  ,6.750548179446e-01  
  1.190687577248e-07  ,-1.546873947171e+00  ,5.140726991135e-01  ,8.999568883042e-01  ,9.214718785667e-01  ,1.265199147188e-01  ,1.673393861890e+00  ,1.178508228123e+00  ,6.644355290100e-01  
  1.191687584862e-07  ,-1.549635422095e+00  ,5.352302887665e-01  ,8.999570529675e-01  ,9.215717986660e-01  ,1.251393419199e-01  ,1.674774764015e+00  ,1.189186943049e+00  ,6.539566542827e-01  
  1.192687592477e-07  ,-1.551418699537e+00  ,5.560636603035e-01  ,8.999572211624e-01  ,9.216581406188e-01  ,1.242478713940e-01  ,1.675666570931e+00  ,1.199689970771e+00  ,6.436263104671e-01  
  1.193687600091e-07  ,-1.552222680430e+00  ,5.765596445838e-01  ,8.999573927827e-01  ,9.217308389572e-01  ,1.238460525677e-01  ,1.676068732998e+00  ,1.210010661249e+00  ,6.334510166653e-01  
  1.194687607706e-07  ,-1.552046888467e+00  ,5.967031571213e-01  ,8.999575677041e-01  ,9.217898299846e-01  ,1.239341234709e-01  ,1.675981011937e+00  ,1.220141408545e+00  ,6.234382514240e-01  
  1.195687615320e-07  ,-1.550891465302e+00  ,6.164857205833e-01  ,8.999577458523e-01  ,9.218350835697e-01  ,1.245120132015e-01  ,1.675403478503e+00  ,1.230077943861e+00  ,6.135922232781e-01  
  1.196687622935e-07  ,-1.548757084250e+00  ,6.358926474435e-01  ,8.999579270943e-01  ,9.218665530594e-01  ,1.255793849694e-01  ,1.674336469219e+00  ,1.239812876781e+00  ,6.039202293376e-01  
  1.197687630549e-07  ,-1.545645108887e+00  ,6.549116335263e-01  ,8.999581113142e-01  ,9.218842097024e-01  ,1.271355568705e-01  ,1.672780665758e+00  ,1.249340026466e+00  ,5.944283929392e-01  
  1.198687638164e-07  ,-1.541557505741e+00  ,6.735306109871e-01  ,8.999582983964e-01  ,9.218880331884e-01  ,1.291795455260e-01  ,1.670737051267e+00  ,1.258653338682e+00  ,5.851227276948e-01  
  1.199687645778e-07  ,-1.536496847688e+00  ,6.917377560272e-01  ,8.999584882217e-01  ,9.218780115015e-01  ,1.317100643776e-01  ,1.668206912066e+00  ,1.267746889515e+00  ,5.760091334879e-01  
  1.200687653393e-07  ,-1.530466314817e+00  ,7.095214964102e-01  ,8.999586806691e-01  ,9.218541410571e-01  ,1.347255232605e-01  ,1.665191838078e+00  ,1.276614889262e+00  ,5.670933928520e-01  
  1.201687661007e-07  ,-1.523470392224e+00  ,7.268686851684e-01  ,8.999588755983e-01  ,9.218164296956e-01  ,1.382236794863e-01  ,1.661694071710e+00  ,1.285250772280e+00  ,5.583820871114e-01  
  1.202687668622e-07  ,-1.515512060459e+00  ,7.437719878649e-01  ,8.999590729253e-01  ,9.217648879991e-01  ,1.422030426960e-01  ,1.657715103155e+00  ,1.293650881932e+00  ,5.498788940667e-01  
  1.203687676236e-07  ,-1.506596973103e+00  ,7.602187520092e-01  ,8.999592725023e-01  ,9.216995406488e-01  ,1.466607859508e-01  ,1.653257759054e+00  ,1.301808916653e+00  ,5.415901646442e-01  
  1.204687683851e-07  ,-1.496731752148e+00  ,7.761967900866e-01  ,8.999594741835e-01  ,9.216204275037e-01  ,1.515935981094e-01  ,1.648325350258e+00  ,1.309718822547e+00  ,5.335220324604e-01  
  1.205687691465e-07  ,-1.485921995126e+00  ,7.916971160412e-01  ,8.999596778575e-01  ,9.215275880274e-01  ,1.569986802945e-01  ,1.642920675420e+00  ,1.317376146048e+00  ,5.256790300068e-01  
  1.206687699080e-07  ,-1.474172592398e+00  ,8.067125682690e-01  ,8.999598834280e-01  ,9.214210583210e-01  ,1.628735872292e-01  ,1.637046179627e+00  ,1.324777342456e+00  ,5.180647741865e-01  
  1.207687706694e-07  ,-1.461493614208e+00  ,8.212297109607e-01  ,8.999600907117e-01  ,9.213009173032e-01  ,1.692132836078e-01  ,1.630706897816e+00  ,1.331915772784e+00  ,5.106860618229e-01  
  1.208687714309e-07  ,-1.447892263306e+00  ,8.352403627704e-01  ,8.999602995952e-01  ,9.211672270832e-01  ,1.760141679423e-01  ,1.623906431248e+00  ,1.338787408468e+00  ,5.035470456981e-01  
  1.209687721923e-07  ,-1.433374722837e+00  ,8.487380245429e-01  ,8.999605099821e-01  ,9.210200421464e-01  ,1.832731485635e-01  ,1.616647871401e+00  ,1.345389054418e+00  ,4.966510298749e-01  
  1.210687729538e-07  ,-1.417951947873e+00  ,8.617119377476e-01  ,8.999607217053e-01  ,9.208594611749e-01  ,1.909847477686e-01  ,1.608936695642e+00  ,1.351715430049e+00  ,4.900034923011e-01  
  1.211687737152e-07  ,-1.401633723175e+00  ,8.741537465882e-01  ,8.999609346298e-01  ,9.206855768784e-01  ,1.991440730423e-01  ,1.600777796217e+00  ,1.357762450172e+00  ,4.836087035843e-01  
  1.212687744767e-07  ,-1.384430334085e+00  ,8.860554238322e-01  ,8.999611486270e-01  ,9.204984905779e-01  ,2.077459815844e-01  ,1.592176315670e+00  ,1.363526202494e+00  ,4.774707786618e-01  
  1.213687752381e-07  ,-1.366352593350e+00  ,8.974092760386e-01  ,8.999613635583e-01  ,9.202983121072e-01  ,2.167850668835e-01  ,1.583137660233e+00  ,1.369002950126e+00  ,4.715936740879e-01  
  1.214687759996e-07  ,-1.347413755004e+00  ,9.082067898051e-01  ,8.999615792703e-01  ,9.200851808788e-01  ,2.262547017684e-01  ,1.573668456772e+00  ,1.374188575781e+00  ,4.659817859763e-01  
  1.215687767610e-07  ,-1.327624406312e+00  ,9.184418366926e-01  ,8.999617956480e-01  ,9.198592115094e-01  ,2.361495924917e-01  ,1.563773998804e+00  ,1.379080129856e+00  ,4.606382931631e-01  
  1.216687775225e-07  ,-1.306993503790e+00  ,9.281096024822e-01  ,8.999620125884e-01  ,9.196205009056e-01  ,2.464652606932e-01  ,1.553458764484e+00  ,1.383675302147e+00  ,4.555656996646e-01  
  1.217687782839e-07  ,-1.285538886669e+00  ,9.372012244155e-01  ,8.999622298975e-01  ,9.193692442826e-01  ,2.571927865631e-01  ,1.542731673232e+00  ,1.387969856490e+00  ,4.507686320748e-01  
  1.218687790454e-07  ,-1.263272634685e+00  ,9.457115178555e-01  ,8.999624474571e-01  ,9.191055773182e-01  ,2.683261301146e-01  ,1.531598764799e+00  ,1.391961336246e+00  ,4.462498183905e-01  
  1.219687798068e-07  ,-1.240204884618e+00  ,9.536364412447e-01  ,8.999626651640e-01  ,9.188296139349e-01  ,2.798602228551e-01  ,1.520065107473e+00  ,1.395647834557e+00  ,4.420113933126e-01  
  1.220687805683e-07  ,-1.216355675699e+00  ,9.609686309131e-01  ,8.999628828216e-01  ,9.185415820356e-01  ,2.917850449720e-01  ,1.508140720671e+00  ,1.399025897492e+00  ,4.380572665790e-01  
  1.221687813297e-07  ,-1.191735116604e+00  ,9.677048881323e-01  ,8.999631003361e-01  ,9.182415982678e-01  ,3.040955420341e-01  ,1.495830658638e+00  ,1.402094042334e+00  ,4.343891542016e-01  
  1.222687820912e-07  ,-1.166361244251e+00  ,9.738398628852e-01  ,8.999633175464e-01  ,9.179298720889e-01  ,3.167826954207e-01  ,1.483143939672e+00  ,1.404849803532e+00  ,4.310099406463e-01  
  1.223687828526e-07  ,-1.140250106320e+00  ,9.793694403109e-01  ,8.999635343147e-01  ,9.176065930341e-01  ,3.298384811547e-01  ,1.470088587475e+00  ,1.407291313190e+00  ,4.279218728786e-01  
  1.224687836141e-07  ,-1.113418151557e+00  ,9.842898822804e-01  ,8.999637505067e-01  ,9.172719583022e-01  ,3.432546747282e-01  ,1.456672826285e+00  ,1.409416899442e+00  ,4.251270171620e-01  
  1.225687843755e-07  ,-1.085882255449e+00  ,9.885978299197e-01  ,8.999639659859e-01  ,9.169261724478e-01  ,3.570228382615e-01  ,1.442905093710e+00  ,1.411225087408e+00  ,4.226272574879e-01  
  1.226687851370e-07  ,-1.057662573387e+00  ,9.922898844316e-01  ,8.999641805933e-01  ,9.165694838855e-01  ,3.711328938996e-01  ,1.428795467287e+00  ,1.412714426101e+00  ,4.204245416697e-01  
  1.227687858984e-07  ,-1.028774819788e+00  ,9.953638548570e-01  ,8.999643942139e-01  ,9.162020891927e-01  ,3.855769843201e-01  ,1.414351804108e+00  ,1.413884016621e+00  ,4.185201617642e-01  
  1.228687866599e-07  ,-9.992363901596e-01  ,9.978176729981e-01  ,8.999646067159e-01  ,9.158242066776e-01  ,4.003464116361e-01  ,1.399582801796e+00  ,1.414733043177e+00  ,4.169153701785e-01  
  1.229687874213e-07  ,-9.690655630865e-01  ,9.996495670800e-01  ,8.999648179616e-01  ,9.154360661954e-01  ,4.154320364183e-01  ,1.384497599505e+00  ,1.415260849735e+00  ,4.156112826554e-01  
  1.230687881828e-07  ,-9.382765634185e-01  ,1.000858427675e+00  ,8.999650278414e-01  ,9.150378454303e-01  ,4.308267461322e-01  ,1.369103309551e+00  ,1.415467059268e+00  ,4.146086315929e-01  
  1.231687889442e-07  ,-9.068967980510e-01  ,1.001442624156e+00  ,8.999652361586e-01  ,9.146298884103e-01  ,4.465168371331e-01  ,1.353413635184e+00  ,1.415351200488e+00  ,4.139085763322e-01  
  1.232687897057e-07  ,-8.749396048742e-01  ,1.001401765691e+00  ,8.999654428229e-01  ,9.142123636218e-01  ,4.624956403858e-01  ,1.337435245260e+00  ,1.414913246467e+00  ,4.135114807764e-01  
  1.233687904671e-07  ,-8.424285662968e-01  ,1.000735429157e+00  ,8.999656476771e-01  ,9.137855702215e-01  ,4.787513645287e-01  ,1.321179930825e+00  ,1.414153284800e+00  ,4.134178556430e-01  
  1.234687912286e-07  ,-8.093842828142e-01  ,9.994437457163e-01  ,8.999658505879e-01  ,9.133497728033e-01  ,4.952737091807e-01  ,1.304657991995e+00  ,1.413071645661e+00  ,4.136278999451e-01  
  1.235687919900e-07  ,-7.758276046140e-01  ,9.975272379022e-01  ,8.999660514330e-01  ,9.129052424309e-01  ,5.120522491260e-01  ,1.287879853740e+00  ,1.411668861382e+00  ,4.141416234798e-01  
  1.236687927515e-07  ,-7.417831098878e-01  ,9.949870474977e-01  ,8.999662500733e-01  ,9.124523037223e-01  ,5.290746951294e-01  ,1.270857805017e+00  ,1.409945827471e+00  ,4.149587799734e-01  
  1.237687935129e-07  ,-7.072650874729e-01  ,9.918240872839e-01  ,8.999664464222e-01  ,9.119911458817e-01  ,5.463339026858e-01  ,1.253598990159e+00  ,1.407903189524e+00  ,4.160791022397e-01  
  1.238687942744e-07  ,-6.722988426267e-01  ,9.880402146093e-01  ,8.999666403287e-01  ,9.115221032014e-01  ,5.638172190153e-01  ,1.236116061642e+00  ,1.405542210506e+00  ,4.175019958968e-01  
  1.239687950358e-07  ,-6.369065063301e-01  ,9.836375131904e-01  ,8.999668316643e-01  ,9.110454678491e-01  ,5.815135784992e-01  ,1.218420084829e+00  ,1.402864224444e+00  ,4.192267112538e-01  
  1.240687957973e-07  ,-6.011140458778e-01  ,9.786189428059e-01  ,8.999670202934e-01  ,9.105615861128e-01  ,5.994099973545e-01  ,1.200524043232e+00  ,1.399871057516e+00  ,4.212521147099e-01  
  1.241687965587e-07  ,-5.649413866659e-01  ,9.729871598097e-01  ,8.999672061112e-01  ,9.100707261912e-01  ,6.174965127783e-01  ,1.182437899444e+00  ,1.396564306096e+00  ,4.235771462864e-01  
  1.242687973202e-07  ,-5.284049890931e-01  ,9.667445043856e-01  ,8.999673890240e-01  ,9.095731081720e-01  ,6.357648944775e-01  ,1.164169883571e+00  ,1.392945360365e+00  ,4.262008559792e-01  
  1.243687980816e-07  ,-4.915330378044e-01  ,9.598952271944e-01  ,8.999675688771e-01  ,9.090691082096e-01  ,6.542010499749e-01  ,1.145734087779e+00  ,1.389016721807e+00  ,4.291214946124e-01  
  1.244687988431e-07  ,-4.543490003873e-01  ,9.524433393343e-01  ,8.999677455599e-01  ,9.085590410642e-01  ,6.727932453663e-01  ,1.127142245754e+00  ,1.384780710731e+00  ,4.323373713971e-01  
  1.245687996045e-07  ,-4.168802211718e-01  ,9.443940356688e-01  ,8.999679189562e-01  ,9.080432805132e-01  ,6.915278083703e-01  ,1.108408029542e+00  ,1.380240298348e+00  ,4.358462626787e-01  
  1.246688003660e-07  ,-3.791475702418e-01  ,9.357516635833e-01  ,8.999680889667e-01  ,9.075221153637e-01  ,7.103943038458e-01  ,1.089541874088e+00  ,1.375397947155e+00  ,4.396462835721e-01  
  1.247688011274e-07  ,-3.411682390059e-01  ,9.265199313566e-01  ,8.999682555048e-01  ,9.069957817662e-01  ,7.293841360018e-01  ,1.070552375008e+00  ,1.370255747444e+00  ,4.437358160879e-01  
  1.248688018889e-07  ,-3.029715906617e-01  ,9.167053950931e-01  ,8.999684184283e-01  ,9.064646816064e-01  ,7.484826230975e-01  ,1.051454213759e+00  ,1.364817379153e+00  ,4.481119840598e-01  
  1.249688026503e-07  ,-2.645858535689e-01  ,9.063149838638e-01  ,8.999685776282e-01  ,9.059292035955e-01  ,7.676756508437e-01  ,1.032261504413e+00  ,1.359086695527e+00  ,4.527717116635e-01  
  1.250688034118e-07  ,-2.260324461561e-01  ,8.953543532409e-01  ,8.999687330244e-01  ,9.053896463874e-01  ,7.869525099463e-01  ,1.012984956102e+00  ,1.353066823008e+00  ,4.577124697670e-01  
  1.251688041732e-07  ,-1.873347907603e-01  ,8.838299132544e-01  ,8.999688845128e-01  ,9.048463354040e-01  ,8.063014891326e-01  ,9.936362798929e-01  ,1.346761292031e+00  ,4.629313787768e-01  
  1.252688049347e-07  ,-1.485169731319e-01  ,8.717485585158e-01  ,8.999690319924e-01  ,9.042996068465e-01  ,8.257105454264e-01  ,9.742275185583e-01  ,1.340173886104e+00  ,4.684253275886e-01  
  1.253688056961e-07  ,-1.095973807936e-01  ,8.591157120493e-01  ,8.999691753865e-01  ,9.037497167393e-01  ,8.451704849897e-01  ,9.547678657832e-01  ,1.333307572764e+00  ,4.741918607147e-01  
  1.254688064576e-07  ,-7.060686937018e-02  ,8.459407129369e-01  ,8.999693145718e-01  ,9.031970950486e-01  ,8.646658798867e-01  ,9.352727492569e-01  ,1.326167451517e+00  ,4.802267385802e-01  
  1.255688072190e-07  ,-3.157426973226e-02  ,8.322329629317e-01  ,8.999694494531e-01  ,9.026421494196e-01  ,8.841823145870e-01  ,9.157565843193e-01  ,1.318758630885e+00  ,4.865256679538e-01  
  1.256688079805e-07  ,7.478650721674e-03  ,8.179999742260e-01  ,8.999695799619e-01  ,9.020851920998e-01  ,9.037089053227e-01  ,8.962302546010e-01  ,1.311085179213e+00  ,4.930852049868e-01  
  1.257688087419e-07  ,4.653406066097e-02  ,8.032480069829e-01  ,8.999697060292e-01  ,9.015264772280e-01  ,9.232367363597e-01  ,8.767026756987e-01  ,1.303150480719e+00  ,4.999024737366e-01  
  1.258688095034e-07  ,8.555765490403e-02  ,7.879894662574e-01  ,8.999698275329e-01  ,9.009664945937e-01  ,9.427486549849e-01  ,8.571910000809e-01  ,1.294961227722e+00  ,5.069717614649e-01  
  1.259688102648e-07  ,1.245275878184e-01  ,7.722327334132e-01  ,8.999699444132e-01  ,9.004055590057e-01  ,9.622337383224e-01  ,8.377061505040e-01  ,1.286521925712e+00  ,5.142891922991e-01  
  1.260688110263e-07  ,1.634260143221e-01  ,7.559847668648e-01  ,8.999700566146e-01  ,8.998439266540e-01  ,9.816830637757e-01  ,8.182570494535e-01  ,1.277836310086e+00  ,5.218515432216e-01  
  1.261688117877e-07  ,2.022186933616e-01  ,7.392592951459e-01  ,8.999701640302e-01  ,8.992820908242e-01  ,1.001079510711e+00  ,7.988608173494e-01  ,1.268911738397e+00  ,5.296524432513e-01  
  1.262688125491e-07  ,2.408891999403e-01  ,7.220631885981e-01  ,8.999702666093e-01  ,8.987202886532e-01  ,1.020414866579e+00  ,7.795256666391e-01  ,1.259751882952e+00  ,5.376886943541e-01  
  1.263688133106e-07  ,2.794088193727e-01  ,7.044086686624e-01  ,8.999703642688e-01  ,8.981589352870e-01  ,1.039674773955e+00  ,7.602659545824e-01  ,1.250363269618e+00  ,5.459546009558e-01  
  1.264688140720e-07  ,3.177530843479e-01  ,6.863065819597e-01  ,8.999704569427e-01  ,8.975983869906e-01  ,1.058846999117e+00  ,7.410939147687e-01  ,1.240751677970e+00  ,5.544450960108e-01  
  1.265688148335e-07  ,3.558938498544e-01  ,6.677699697020e-01  ,8.999705445743e-01  ,8.970390597207e-01  ,1.077917469502e+00  ,7.220236196471e-01  ,1.230924044572e+00  ,5.631540748697e-01  
  1.266688155949e-07  ,3.938150937162e-01  ,6.488064687787e-01  ,8.999706271271e-01  ,8.964811909134e-01  ,1.096878173985e+00  ,7.030630802690e-01  ,1.220884425303e+00  ,5.720779565240e-01  
  1.267688163564e-07  ,4.314887767563e-01  ,6.294296237500e-01  ,8.999707045305e-01  ,8.959251953522e-01  ,1.115715092909e+00  ,6.842263161524e-01  ,1.210640007227e+00  ,5.812103834772e-01  
  1.268688171178e-07  ,4.688871825539e-01  ,6.096534207239e-01  ,8.999707767305e-01  ,8.953714855703e-01  ,1.134414368007e+00  ,6.655271854536e-01  ,1.200198195932e+00  ,5.905447752084e-01  
  1.269688178793e-07  ,5.059895167545e-01  ,5.894887793920e-01  ,8.999708436943e-01  ,8.948203740993e-01  ,1.152965602072e+00  ,6.469760853171e-01  ,1.189564763795e+00  ,6.000759844033e-01  
  1.270688186407e-07  ,5.427788333208e-01  ,5.689446885276e-01  ,8.999709053826e-01  ,8.942721139968e-01  ,1.171360322043e+00  ,6.285814887222e-01  ,1.178744458261e+00  ,6.097997697329e-01  
  1.271688194022e-07  ,5.792227342764e-01  ,5.480387037554e-01  ,8.999709617293e-01  ,8.937271897347e-01  ,1.189582328868e+00  ,6.103595945911e-01  ,1.167746541612e+00  ,6.197078378571e-01  
  1.272688201636e-07  ,6.153057934440e-01  ,5.267794681829e-01  ,8.999710127101e-01  ,8.931858320506e-01  ,1.207623909432e+00  ,5.923181159881e-01  ,1.156575566142e+00  ,6.297960979592e-01  
  1.273688209251e-07  ,6.509974973734e-01  ,5.051844912931e-01  ,8.999710582848e-01  ,8.926485003805e-01  ,1.225469806972e+00  ,5.744723095981e-01  ,1.145240746027e+00  ,6.400562547340e-01  
  1.274688216865e-07  ,6.862827820828e-01  ,4.832627101691e-01  ,8.999710984309e-01  ,8.921154226979e-01  ,1.243112489472e+00  ,5.568297073895e-01  ,1.133746777782e+00  ,6.504840676133e-01  
  1.275688224480e-07  ,7.211354166692e-01  ,4.610299032744e-01  ,8.999711331121e-01  ,8.915869964106e-01  ,1.260538841447e+00  ,5.394034247775e-01  ,1.122101948048e+00  ,6.610720447734e-01  
  1.276688232094e-07  ,7.555297525285e-01  ,4.385021854895e-01  ,8.999711623089e-01  ,8.910636147643e-01  ,1.277736038573e+00  ,5.222062860446e-01  ,1.110314707509e+00  ,6.718125220195e-01  
  1.277688239709e-07  ,7.894466875478e-01  ,4.156920310303e-01  ,8.999711860113e-01  ,8.905455743302e-01  ,1.294694529785e+00  ,5.052478422374e-01  ,1.098391589845e+00  ,6.826995588151e-01  
  1.278688247323e-07  ,8.228707243127e-01  ,3.926096604297e-01  ,8.999712042032e-01  ,8.900331144600e-01  ,1.311406566359e+00  ,4.885358420468e-01  ,1.086337944675e+00  ,6.937282842451e-01  
  1.279688254938e-07  ,8.557757581008e-01  ,3.692725023689e-01  ,8.999712168574e-01  ,8.895266373355e-01  ,1.327859095908e+00  ,4.720833378070e-01  ,1.074162888520e+00  ,7.048903861511e-01  
  1.280688262552e-07  ,8.881408133436e-01  ,3.456950539034e-01  ,8.999712239650e-01  ,8.890264663531e-01  ,1.344041630637e+00  ,4.559008172932e-01  ,1.061873993305e+00  ,7.161789394014e-01  
  1.281688270167e-07  ,9.199421221004e-01  ,3.218944400089e-01  ,8.999712255292e-01  ,8.885329727609e-01  ,1.359942286579e+00  ,4.400001644790e-01  ,1.049480192765e+00  ,7.275857527565e-01  
  1.282688277781e-07  ,9.511620540604e-01  ,2.978838586194e-01  ,8.999712215465e-01  ,8.880464351321e-01  ,1.375552248577e+00  ,4.243901945163e-01  ,1.036988364442e+00  ,7.391045058224e-01  
  1.283688285396e-07  ,9.817817693811e-01  ,2.736777134191e-01  ,8.999712120171e-01  ,8.875671522765e-01  ,1.390862096708e+00  ,4.090803273265e-01  ,1.024406008986e+00  ,7.507282955669e-01  
  1.284688293010e-07  ,1.011782229428e+00  ,2.492908915922e-01  ,8.999711969455e-01  ,8.870954272639e-01  ,1.405862311659e+00  ,3.940800822317e-01  ,1.011740873060e+00  ,7.624499814678e-01  
  1.285688300625e-07  ,1.041144555888e+00  ,2.247385176560e-01  ,8.999711763394e-01  ,8.866315617982e-01  ,1.420543454284e+00  ,3.793988983952e-01  ,9.990008206262e-01  ,7.742623029703e-01  
  1.286688308239e-07  ,1.069854682103e+00  ,2.000320343752e-01  ,8.999711502021e-01  ,8.861757800397e-01  ,1.434898491254e+00  ,3.650438091504e-01  ,9.861917972273e-01  ,7.861597628521e-01  
  1.287688315854e-07  ,1.097886531890e+00  ,1.751931932442e-01  ,8.999711185484e-01  ,8.857284994621e-01  ,1.448914384493e+00  ,3.510278526034e-01  ,9.733250960842e-01  ,7.981319028400e-01  
  1.288688323468e-07  ,1.125224449767e+00  ,1.502357885570e-01  ,8.999710813982e-01  ,8.852899742940e-01  ,1.462583306282e+00  ,3.373588565146e-01  ,9.604078685725e-01  ,8.101720800155e-01  
  1.289688331083e-07  ,1.151851869895e+00  ,1.251748247778e-01  ,8.999710387740e-01  ,8.848604753384e-01  ,1.475896973721e+00  ,3.240451038267e-01  ,9.474478877273e-01  ,8.222730629495e-01  
  1.290688338697e-07  ,1.177752209162e+00  ,1.000257533903e-01  ,8.999709907007e-01  ,8.844402752210e-01  ,1.488847095281e+00  ,3.110948861198e-01  ,9.344531519162e-01  ,8.344273985259e-01  
  1.291688346312e-07  ,1.202909169127e+00  ,7.480421253423e-02  ,8.999709372083e-01  ,8.840296435000e-01  ,1.501425521772e+00  ,2.985163526445e-01  ,9.214317497671e-01  ,8.466275372329e-01  
  1.292688353926e-07  ,1.227306849345e+00  ,4.952593381645e-02  ,8.999708783310e-01  ,8.836288449462e-01  ,1.513624303004e+00  ,2.863174536584e-01  ,9.083918118545e-01  ,8.588658780380e-01  
  1.293688361541e-07  ,1.250933534067e+00  ,2.420275383931e-02  ,8.999708140926e-01  ,8.832380747336e-01  ,1.525437581126e+00  ,2.745040470589e-01  ,8.953394516532e-01  ,8.711366978139e-01  
  1.294688369155e-07  ,1.273770053794e+00  ,-1.145566953382e-03  ,8.999707445346e-01  ,8.828576531740e-01  ,1.536855771432e+00  ,2.630857176378e-01  ,8.822848696973e-01  ,8.834304366507e-01  
  1.295688376770e-07  ,1.295801829222e+00  ,-2.650317209722e-02  ,8.999706696993e-01  ,8.824878271867e-01  ,1.547871584310e+00  ,2.520697550884e-01  ,8.692362411381e-01  ,8.957394132353e-01  
  1.296688384384e-07  ,1.317012741387e+00  ,-5.185154742030e-02  ,8.999705896470e-01  ,8.821288754898e-01  ,1.558476960341e+00  ,2.414642189533e-01  ,8.562031017797e-01  ,9.080546492000e-01  
  1.297688391999e-07  ,1.337393932385e+00  ,-7.718011268897e-02  ,8.999705044099e-01  ,8.817809526524e-01  ,1.568667470602e+00  ,2.312735382174e-01  ,8.431908963079e-01  ,9.203710089969e-01  
  1.298688399613e-07  ,1.356930217724e+00  ,-1.024703585019e-01  ,8.999704140483e-01  ,8.814443244231e-01  ,1.578435522910e+00  ,2.215053051861e-01  ,8.302091451721e-01  ,9.326795036740e-01  
  1.299688407228e-07  ,1.375609233074e+00  ,-1.277064377786e-01  ,8.999703186239e-01  ,8.811192096019e-01  ,1.587774935161e+00  ,2.121657020868e-01  ,8.172659907126e-01  ,9.449724284912e-01  
  1.300688414842e-07  ,1.393417371051e+00  ,-1.528699019544e-01  ,8.999702182122e-01  ,8.808058537201e-01  ,1.596678903738e+00  ,2.032615326866e-01  ,8.043709027429e-01  ,9.572408046974e-01  
  1.301688422457e-07  ,1.410344867150e+00  ,-1.779467371565e-01  ,8.999701128681e-01  ,8.805044362539e-01  ,1.605142546443e+00  ,1.947976792930e-01  ,7.915310676757e-01  ,9.694778048322e-01  
  1.302688430071e-07  ,1.426381559253e+00  ,-2.029218027889e-01  ,8.999700026532e-01  ,8.802151456579e-01  ,1.613160782280e+00  ,1.867792230268e-01  ,7.787542442635e-01  ,9.816760470524e-01  
  1.303688437686e-07  ,1.441519885425e+00  ,-2.277834842309e-01  ,8.999698876155e-01  ,8.799381226592e-01  ,1.620729830328e+00  ,1.792099449031e-01  ,7.660463805437e-01  ,9.938298647747e-01  
  1.304688445300e-07  ,1.455746126708e+00  ,-2.525097922896e-01  ,8.999697678539e-01  ,8.796736254157e-01  ,1.627842831208e+00  ,1.720967045002e-01  ,7.534187292709e-01  ,1.005928521560e+00  
  1.305688452915e-07  ,1.469052449381e+00  ,-2.770869444079e-01  ,8.999696434394e-01  ,8.794218056747e-01  ,1.634495868130e+00  ,1.654434187491e-01  ,7.408783334708e-01  ,1.017965277879e+00  
  1.306688460529e-07  ,1.481432748859e+00  ,-3.015037846011e-01  ,8.999695144287e-01  ,8.791827828809e-01  ,1.640685888858e+00  ,1.592531399993e-01  ,7.284308905803e-01  ,1.029934675181e+00  
  1.307688468144e-07  ,1.492877127532e+00  ,-3.257415059885e-01  ,8.999693809180e-01  ,8.789567530539e-01  ,1.646407944684e+00  ,1.535308171518e-01  ,7.160860000596e-01  ,1.041827506048e+00  
  1.308688475758e-07  ,1.503378318680e+00  ,-3.497848622450e-01  ,8.999692429904e-01  ,8.787438654330e-01  ,1.651658402330e+00  ,1.482800836505e-01  ,7.038514343105e-01  ,1.053636296556e+00  
  1.309688483373e-07  ,1.512929683774e+00  ,-3.736187228057e-01  ,8.999691007364e-01  ,8.785442614550e-01  ,1.656433942623e+00  ,1.435042588494e-01  ,6.917349000521e-01  ,1.065353622858e+00  
  1.310688490987e-07  ,1.521525197765e+00  ,-3.972280824447e-01  ,8.999689542456e-01  ,8.783580745628e-01  ,1.660731553128e+00  ,1.392063553633e-01  ,6.797440333405e-01  ,1.076972115785e+00  
  1.311688498602e-07  ,1.529158663616e+00  ,-4.205956205628e-01  ,8.999688036265e-01  ,8.781854487431e-01  ,1.664548135435e+00  ,1.353894718183e-01  ,6.678876384617e-01  ,1.088483259025e+00  
  1.312688506216e-07  ,1.535825986407e+00  ,-4.437082930012e-01  ,8.999686489639e-01  ,8.780264843588e-01  ,1.667881642168e+00  ,1.320556557603e-01  ,6.561723378582e-01  ,1.099880630859e+00  
  1.313688513831e-07  ,1.541524120768e+00  ,-4.665555751479e-01  ,8.999684903266e-01  ,8.778812587121e-01  ,1.670730550711e+00  ,1.292064299423e-01  ,6.446034711382e-01  ,1.111159046286e+00  
  1.314688521445e-07  ,1.546248372352e+00  ,-4.891197786179e-01  ,8.999683278335e-01  ,8.777498959468e-01  ,1.673092514009e+00  ,1.268441416576e-01  ,6.331900066378e-01  ,1.122309785256e+00  
  1.315688529060e-07  ,1.549995756282e+00  ,-5.113866639039e-01  ,8.999681615876e-01  ,8.776324854920e-01  ,1.674966039728e+00  ,1.249702834468e-01  ,6.219391535400e-01  ,1.133325817444e+00  
  1.316688536674e-07  ,1.552763624567e+00  ,-5.333398661067e-01  ,8.999679917106e-01  ,8.775291200866e-01  ,1.676349803994e+00  ,1.235861794269e-01  ,6.108591870333e-01  ,1.144199053140e+00  
  1.317688544289e-07  ,1.554550586788e+00  ,-5.549671163978e-01  ,8.999678182969e-01  ,8.774398614843e-01  ,1.677243111691e+00  ,1.226925249028e-01  ,5.999563032855e-01  ,1.154923419683e+00  
  1.318688551903e-07  ,1.555355622294e+00  ,-5.762552837631e-01  ,8.999676414515e-01  ,8.773647697198e-01  ,1.677645452599e+00  ,1.222898303046e-01  ,5.892371278383e-01  ,1.165492411601e+00  
  1.319688559518e-07  ,1.555178310009e+00  ,-5.971943823685e-01  ,8.999674612577e-01  ,8.773038861284e-01  ,1.677556616262e+00  ,1.223783062532e-01  ,5.787066949441e-01  ,1.175901077313e+00  
  1.320688567132e-07  ,1.554018463918e+00  ,-6.177678572882e-01  ,8.999672778569e-01  ,8.772572728252e-01  ,1.676976509816e+00  ,1.229580458977e-01  ,5.683733441811e-01  ,1.186141201469e+00  
  1.321688574747e-07  ,1.551876854928e+00  ,-6.379626844200e-01  ,8.999670913650e-01  ,8.772249667308e-01  ,1.675905518829e+00  ,1.240286639007e-01  ,5.582436245208e-01  ,1.196206308941e+00  
  1.322688582361e-07  ,1.548755171780e+00  ,-6.577639869061e-01  ,8.999669019175e-01  ,8.772069981666e-01  ,1.674344487807e+00  ,1.255893160275e-01  ,5.483250047135e-01  ,1.206088991620e+00  
  1.323688589976e-07  ,1.544654797563e+00  ,-6.771634247877e-01  ,8.999667095952e-01  ,8.772033781903e-01  ,1.672294108377e+00  ,1.276393108136e-01  ,5.386216657965e-01  ,1.215785090584e+00  
  1.324688597590e-07  ,1.539578588118e+00  ,-6.961465695433e-01  ,8.999665145411e-01  ,8.772141199676e-01  ,1.669755808600e+00  ,1.301772204820e-01  ,5.291408351959e-01  ,1.225287404739e+00  
  1.325688605205e-07  ,1.533530397117e+00  ,-7.146994177499e-01  ,8.999663168973e-01  ,8.772392214260e-01  ,1.666731515456e+00  ,1.332011183389e-01  ,5.198895125510e-01  ,1.234588930301e+00  
  1.326688612819e-07  ,1.526513745610e+00  ,-7.328115763196e-01  ,8.999661167726e-01  ,8.772786717679e-01  ,1.663222989578e+00  ,1.367092439676e-01  ,5.108728836081e-01  ,1.243684459928e+00  
  1.327688620434e-07  ,1.518531832192e+00  ,-7.504747301626e-01  ,8.999659142607e-01  ,8.773324580526e-01  ,1.659231830357e+00  ,1.406999981647e-01  ,5.020950929713e-01  ,1.252569823134e+00  
  1.328688628048e-07  ,1.509590581081e+00  ,-7.676750181486e-01  ,8.999657095226e-01  ,8.774005516404e-01  ,1.654761000063e+00  ,1.451704189822e-01  ,4.935630425661e-01  ,1.261238060715e+00  
  1.329688635663e-07  ,1.499695720139e+00  ,-7.844014929320e-01  ,8.999655026888e-01  ,8.774829164991e-01  ,1.649813362758e+00  ,1.501176426191e-01  ,4.852821700331e-01  ,1.269683662965e+00  
  1.330688643277e-07  ,1.488854638928e+00  ,-8.006417828295e-01  ,8.999652939076e-01  ,8.775794978205e-01  ,1.644392613372e+00  ,1.555379744437e-01  ,4.772586064057e-01  ,1.277900389235e+00  
  1.331688650892e-07  ,1.477073521123e+00  ,-8.163867748437e-01  ,8.999650832970e-01  ,8.776902441253e-01  ,1.638501843859e+00  ,1.614283227353e-01  ,4.694968567035e-01  ,1.285883631547e+00  
  1.332688658506e-07  ,1.464357739218e+00  ,-8.316292102892e-01  ,8.999648709562e-01  ,8.778151092484e-01  ,1.632143740565e+00  ,1.677860013472e-01  ,4.620005041038e-01  ,1.293629714393e+00  
  1.333688666121e-07  ,1.450718294408e+00  ,-8.463554810461e-01  ,8.999646570737e-01  ,8.779539942807e-01  ,1.625323804277e+00  ,1.746055098700e-01  ,4.547762537576e-01  ,1.301131734804e+00  
  1.334688673735e-07  ,1.436162985451e+00  ,-8.605573131559e-01  ,8.999644417670e-01  ,8.781068236972e-01  ,1.618045934493e+00  ,1.818829490414e-01  ,4.478281671192e-01  ,1.308385480275e+00  
  1.335688681349e-07  ,1.420698482975e+00  ,-8.742281383862e-01  ,8.999642251368e-01  ,8.782735320305e-01  ,1.610313466624e+00  ,1.896149836493e-01  ,4.411594628374e-01  ,1.315387601224e+00  
  1.336688688964e-07  ,1.404336569759e+00  ,-8.873570912704e-01  ,8.999640073569e-01  ,8.784540019800e-01  ,1.602132292236e+00  ,1.977957224776e-01  ,4.347754563448e-01  ,1.322132547615e+00  
  1.337688696578e-07  ,1.387089461569e+00  ,-8.999344095207e-01  ,8.999637885873e-01  ,8.786481059427e-01  ,1.593508519372e+00  ,2.064190578030e-01  ,4.286809011823e-01  ,1.328615310703e+00  
  1.338688704193e-07  ,1.368964498922e+00  ,-9.119547432407e-01  ,8.999635689187e-01  ,8.788557652433e-01  ,1.584445818379e+00  ,2.154813194579e-01  ,4.228783936230e-01  ,1.334833136864e+00  
  1.339688711807e-07  ,1.349976875658e+00  ,-9.234077414064e-01  ,8.999633485367e-01  ,8.790768137853e-01  ,1.574951786366e+00  ,2.249749107076e-01  ,4.173729430821e-01  ,1.340780684488e+00  
  1.340688719422e-07  ,1.330137339118e+00  ,-9.342869468029e-01  ,8.999631275630e-01  ,8.793111298721e-01  ,1.565031797122e+00  ,2.348944580041e-01  ,4.121676564707e-01  ,1.346454603274e+00  
  1.341688727036e-07  ,1.309457956660e+00  ,-9.445856477848e-01  ,8.999629061296e-01  ,8.795585749323e-01  ,1.554691884459e+00  ,2.452339277998e-01  ,4.072657510399e-01  ,1.351851398825e+00  
  1.342688734651e-07  ,1.287948414971e+00  ,-9.542988814735e-01  ,8.999626843453e-01  ,8.798190377437e-01  ,1.543936891831e+00  ,2.559884768596e-01  ,4.026695970069e-01  ,1.356968478480e+00  
  1.343688742265e-07  ,1.265625457511e+00  ,-9.634186269811e-01  ,8.999624623937e-01  ,8.800923254678e-01  ,1.532775191149e+00  ,2.671497336381e-01  ,3.983830119772e-01  ,1.361801638958e+00  
  1.344688749880e-07  ,1.242503381476e+00  ,-9.719389542752e-01  ,8.999622404154e-01  ,8.803782710036e-01  ,1.521213931153e+00  ,2.787105496776e-01  ,3.944087938660e-01  ,1.366347748141e+00  
  1.345688757494e-07  ,1.218596884162e+00  ,-9.798543072127e-01  ,8.999620185460e-01  ,8.806766995762e-01  ,1.509260460627e+00  ,2.906635764652e-01  ,3.907495459699e-01  ,1.370603853183e+00  
  1.346688765109e-07  ,1.193921110094e+00  ,-9.871595072125e-01  ,8.999617969324e-01  ,8.809874287545e-01  ,1.496922351979e+00  ,3.030012418854e-01  ,3.874076751482e-01  ,1.374567182361e+00  
  1.347688772723e-07  ,1.168494247714e+00  ,-9.938490317014e-01  ,8.999615757307e-01  ,8.813102349590e-01  ,1.484208699588e+00  ,3.157144518737e-01  ,3.843857191083e-01  ,1.378234750810e+00  
  1.348688780338e-07  ,1.142327039252e+00  ,-9.999199811485e-01  ,8.999613550314e-01  ,8.816449849929e-01  ,1.471124874657e+00  ,3.287978354056e-01  ,3.816849944186e-01  ,1.381604975567e+00  
  1.349688787952e-07  ,1.115438677168e+00  ,-1.005367539430e+00  ,8.999611350018e-01  ,8.819914403318e-01  ,1.457680473586e+00  ,3.422417964181e-01  ,3.793076706170e-01  ,1.384675210047e+00  
  1.350688795567e-07  ,1.087849059255e+00  ,-1.010187538666e+00  ,8.999609158018e-01  ,8.823493495210e-01  ,1.443885445429e+00  ,3.560363861744e-01  ,3.772555801879e-01  ,1.387443118854e+00  
  1.351688803181e-07  ,1.059573675147e+00  ,-1.014377210634e+00  ,8.999606975496e-01  ,8.827185137779e-01  ,1.429747535123e+00  ,3.701738599763e-01  ,3.755299084610e-01  ,1.389907119095e+00  
  1.352688810796e-07  ,1.030629670526e+00  ,-1.017933868868e+00  ,8.999604803831e-01  ,8.830987125082e-01  ,1.415275315646e+00  ,3.846456451199e-01  ,3.741317780743e-01  ,1.392065646942e+00  
  1.353688818410e-07  ,1.001035066260e+00  ,-1.020855115816e+00  ,8.999602644428e-01  ,8.834897134198e-01  ,1.400477797573e+00  ,3.994427313126e-01  ,3.730621555119e-01  ,1.393917271328e+00  
  1.354688826025e-07  ,9.708084829739e-01  ,-1.023138914988e+00  ,8.999600498665e-01  ,8.838912757821e-01  ,1.385364291354e+00  ,4.145558083796e-01  ,3.723218182883e-01  ,1.395460733276e+00  
  1.355688833639e-07  ,9.399690271629e-01  ,-1.024783616500e+00  ,8.999598367906e-01  ,8.843031514508e-01  ,1.369944350372e+00  ,4.299753232092e-01  ,3.719113432005e-01  ,1.396694959701e+00  
  1.356688841254e-07  ,9.085314250072e-01  ,-1.025788229801e+00  ,8.999596253234e-01  ,8.847251498673e-01  ,1.354225337827e+00  ,4.456939128198e-01  ,3.718310349668e-01  ,1.397619264768e+00  
  1.357688848868e-07  ,8.765206369274e-01  ,-1.026151436980e+00  ,8.999594156446e-01  ,8.851569476440e-01  ,1.338219734108e+00  ,4.616990971808e-01  ,3.720812291541e-01  ,1.398232666134e+00  
  1.358688856483e-07  ,8.439605108636e-01  ,-1.025872787134e+00  ,8.999592079028e-01  ,8.855982296211e-01  ,1.321939463335e+00  ,4.779789524710e-01  ,3.726618360541e-01  ,1.398534623188e+00  
  1.359688864097e-07  ,8.108648424447e-01  ,-1.024952290918e+00  ,8.999590021839e-01  ,8.860488113223e-01  ,1.305391423406e+00  ,4.945265809615e-01  ,3.735726658635e-01  ,1.398524956781e+00  
  1.360688871712e-07  ,7.772580484142e-01  ,-1.023390235364e+00  ,8.999587986457e-01  ,8.865083657777e-01  ,1.288587822853e+00  ,5.113297744386e-01  ,3.748132480958e-01  ,1.398203483460e+00  
  1.361688879326e-07  ,7.431649446625e-01  ,-1.021187578259e+00  ,8.999585974334e-01  ,8.869765562560e-01  ,1.271541069765e+00  ,5.283761251021e-01  ,3.763827671264e-01  ,1.397570345386e+00  
  1.362688886941e-07  ,7.085999187063e-01  ,-1.018345134943e+00  ,8.999583986258e-01  ,8.874531868357e-01  ,1.254258357979e+00  ,5.456584392727e-01  ,3.782806193640e-01  ,1.396625754307e+00  
  1.363688894555e-07  ,6.735884300831e-01  ,-1.014864599910e+00  ,8.999582023753e-01  ,8.879379113711e-01  ,1.236752417417e+00  ,5.631639873338e-01  ,3.805056114162e-01  ,1.395370211326e+00  
  1.364688902170e-07  ,6.381563185677e-01  ,-1.010748335886e+00  ,8.999580088316e-01  ,8.884303756827e-01  ,1.219036168116e+00  ,5.808798495478e-01  ,3.830562077396e-01  ,1.393804543626e+00  
  1.365688909784e-07  ,6.023233895473e-01  ,-1.005998557437e+00  ,8.999578180953e-01  ,8.889303049362e-01  ,1.201119512869e+00  ,5.987961233217e-01  ,3.859310262180e-01  ,1.391929583654e+00  
  1.366688917399e-07  ,5.661060029661e-01  ,-1.000617251978e+00  ,8.999576302621e-01  ,8.894374734743e-01  ,1.183010631745e+00  ,6.169046287790e-01  ,3.891288474851e-01  ,1.389746099463e+00  
  1.367688925013e-07  ,5.295321732696e-01  ,-9.946080833108e-01  ,8.999574454951e-01  ,8.899514956291e-01  ,1.164723532130e+00  ,6.351913588603e-01  ,3.926474539737e-01  ,1.387255537285e+00  
  1.368688932628e-07  ,4.926252335070e-01  ,-9.879746013420e-01  ,8.999572639080e-01  ,8.904720490018e-01  ,1.146269880661e+00  ,6.536446471544e-01  ,3.964847483308e-01  ,1.384459349673e+00  
  1.369688940242e-07  ,4.554123851520e-01  ,-9.807214821329e-01  ,8.999570856181e-01  ,8.909987513691e-01  ,1.127663278194e+00  ,6.722508930421e-01  ,4.006380103026e-01  ,1.381359492435e+00  
  1.370688947857e-07  ,4.179093141994e-01  ,-9.728516578641e-01  ,8.999569107096e-01  ,8.915313815816e-01  ,1.108911567809e+00  ,6.910022536099e-01  ,4.051055526496e-01  ,1.377957210514e+00  
  1.371688955471e-07  ,3.801436842678e-01  ,-9.643705182243e-01  ,8.999567393232e-01  ,8.920695500599e-01  ,1.090028581457e+00  ,7.098848971893e-01  ,4.098842909477e-01  ,1.374254809172e+00  
  1.372688963086e-07  ,3.421433478136e-01  ,-9.552840954112e-01  ,8.999565715736e-01  ,8.926128609654e-01  ,1.071028245480e+00  ,7.288848976668e-01  ,4.149708132598e-01  ,1.370254908671e+00  
  1.373688970700e-07  ,3.039295150074e-01  ,-9.455973804920e-01  ,8.999564075460e-01  ,8.931610092651e-01  ,1.051921165050e+00  ,7.479916500422e-01  ,4.203623190191e-01  ,1.365959699511e+00  
  1.374688978315e-07  ,2.655253005473e-01  ,-9.353160784194e-01  ,8.999562473411e-01  ,8.937136624838e-01  ,1.032718897615e+00  ,7.671935970674e-01  ,4.260556232741e-01  ,1.361371701693e+00  
  1.375688985929e-07  ,2.269487348125e-01  ,-9.244447848887e-01  ,8.999560910450e-01  ,8.942705636115e-01  ,1.013430458451e+00  ,7.864817236387e-01  ,4.320481711671e-01  ,1.356492956056e+00  
  1.376688993544e-07  ,1.882303424348e-01  ,-9.129914955758e-01  ,8.999559388018e-01  ,8.948312803638e-01  ,9.940711100192e-01  ,8.058407675844e-01  ,4.383355325759e-01  ,1.351327028152e+00  
  1.377689001158e-07  ,1.493988467773e-01  ,-9.009644277757e-01  ,8.999557907135e-01  ,8.953954016975e-01  ,9.746552141021e-01  ,8.252563673248e-01  ,4.449131878096e-01  ,1.345877615585e+00  
  1.378689008773e-07  ,1.104705964748e-01  ,-8.883685190037e-01  ,8.999556468371e-01  ,8.959626909457e-01  ,9.551909450745e-01  ,8.447203485997e-01  ,4.517784314438e-01  ,1.340146950448e+00  
  1.379689016387e-07  ,7.147830688077e-02  ,-8.752140016465e-01  ,8.999555072962e-01  ,8.965326723200e-01  ,9.356946607366e-01  ,8.642163538558e-01  ,4.589256714967e-01  ,1.334139673143e+00  
  1.380689024002e-07  ,3.244375213208e-02  ,-8.615081428533e-01  ,8.999553721680e-01  ,8.971050257572e-01  ,9.161772482340e-01  ,8.837334961020e-01  ,4.663509543306e-01  ,1.327859097184e+00  
  1.381689031616e-07  ,-6.615229296177e-03  ,-8.472570111540e-01  ,8.999552415155e-01  ,8.976794902736e-01  ,8.966476268674e-01  ,9.032628561636e-01  ,4.740509846966e-01  ,1.321307995851e+00  
  1.382689039231e-07  ,-4.566431353861e-02  ,-8.324726608700e-01  ,8.999551154553e-01  ,8.982555622092e-01  ,8.771229586860e-01  ,9.227872722246e-01  ,4.820192317742e-01  ,1.314491892644e+00  
  1.383689046845e-07  ,-8.468696453088e-02  ,-8.171611894069e-01  ,8.999549940438e-01  ,8.988329987172e-01  ,8.576115117784e-01  ,9.422984763092e-01  ,4.902524040137e-01  ,1.307413593421e+00  
  1.384689054460e-07  ,-1.236542329450e-01  ,-8.013334886670e-01  ,8.999548773770e-01  ,8.994113747231e-01  ,8.381277609045e-01  ,9.617819938495e-01  ,4.987446303896e-01  ,1.300078119057e+00  
  1.385689062074e-07  ,-1.625374247137e-01  ,-7.850009976793e-01  ,8.999547655426e-01  ,8.999902652245e-01  ,8.186860531858e-01  ,9.812234778995e-01  ,5.074897663849e-01  ,1.292490764064e+00  
  1.386689069689e-07  ,-2.013201878293e-01  ,-7.681704668725e-01  ,8.999546585894e-01  ,9.005694273324e-01  ,7.992945646748e-01  ,1.000614752504e+00  ,5.164841938961e-01  ,1.284654660769e+00  
  1.387689077303e-07  ,-2.399738711259e-01  ,-7.508539190485e-01  ,8.999545566014e-01  ,9.011484355476e-01  ,7.799676210385e-01  ,1.019941492164e+00  ,5.257214760234e-01  ,1.276575395072e+00  
  1.388689084918e-07  ,-2.784700593460e-01  ,-7.330638929077e-01  ,8.999544596461e-01  ,9.017268630003e-01  ,7.607194299731e-01  ,1.039189489319e+00  ,5.351949165465e-01  ,1.268258809454e+00  
  1.389689092532e-07  ,-3.167873650297e-01  ,-7.148102523192e-01  ,8.999543677675e-01  ,9.023043838479e-01  ,7.415606852527e-01  ,1.058348050282e+00  ,5.448992576883e-01  ,1.259709510008e+00  
  1.390689100147e-07  ,-3.549083213096e-01  ,-6.961011498690e-01  ,8.999542810154e-01  ,9.028807334050e-01  ,7.225001203606e-01  ,1.077408441670e+00  ,5.548301584705e-01  ,1.250931308340e+00  
  1.391689107761e-07  ,-3.927994513977e-01  ,-6.769525851501e-01  ,8.999541994797e-01  ,9.034554034253e-01  ,7.035544737809e-01  ,1.096353925179e+00  ,5.649791108503e-01  ,1.241931696000e+00  
  1.392689115376e-07  ,-4.304447446776e-01  ,-6.573724973105e-01  ,8.999541231970e-01  ,9.040281508949e-01  ,6.847317508582e-01  ,1.115176495536e+00  ,5.753419022397e-01  ,1.232714399550e+00  
  1.393689122990e-07  ,-4.678162659610e-01  ,-6.373749617007e-01  ,8.999540522263e-01  ,9.045985518035e-01  ,6.660459192458e-01  ,1.133862185207e+00  ,5.859110709531e-01  ,1.223286032654e+00  
  1.394689130605e-07  ,-5.048903170539e-01  ,-6.169723821184e-01  ,8.999539866162e-01  ,9.051662453579e-01  ,6.475088280893e-01  ,1.152399145143e+00  ,5.966800542987e-01  ,1.213652436417e+00  
  1.395689138219e-07  ,-5.416397498018e-01  ,-5.961795801106e-01  ,8.999539264054e-01  ,9.057308135393e-01  ,6.291340515045e-01  ,1.170773801306e+00  ,6.076410234840e-01  ,1.203820603595e+00  
  1.396689145834e-07  ,-5.780491685396e-01  ,-5.750051913718e-01  ,8.999538716202e-01  ,9.062920184675e-01  ,6.109292873504e-01  ,1.188978455890e+00  ,6.187894227816e-01  ,1.193794614153e+00  
  1.397689153448e-07  ,-6.140916912601e-01  ,-5.534644890503e-01  ,8.999538223102e-01  ,9.068494444003e-01  ,5.929079766801e-01  ,1.206999667940e+00  ,6.301171998751e-01  ,1.183581688925e+00  
  1.398689161063e-07  ,-6.497445077609e-01  ,-5.315708629760e-01  ,8.999537785050e-01  ,9.074027361693e-01  ,5.750815246245e-01  ,1.224826032385e+00  ,6.416173046813e-01  ,1.173188167657e+00  
  1.399689168677e-07  ,-6.849815447215e-01  ,-5.093402399800e-01  ,8.999537402227e-01  ,9.079514822464e-01  ,5.574629678619e-01  ,1.242444512583e+00  ,6.532813622564e-01  ,1.162621602236e+00  
  1.400689176292e-07  ,-7.197833148194e-01  ,-4.867849774849e-01  ,8.999537074883e-01  ,9.084953727798e-01  ,5.400620500786e-01  ,1.259845364898e+00  ,6.651028840374e-01  ,1.151887861522e+00  
  1.401689183906e-07  ,-7.541339841534e-01  ,-4.639152133590e-01  ,8.999536803257e-01  ,9.090341580370e-01  ,5.228866882489e-01  ,1.277020672402e+00  ,6.770765513576e-01  ,1.140991764717e+00  
  1.402689191521e-07  ,-7.880068483142e-01  ,-4.407482560089e-01  ,8.999536587686e-01  ,9.095674185800e-01  ,5.059502346116e-01  ,1.293957082926e+00  ,6.891932905756e-01  ,1.129941546584e+00  
  1.403689199135e-07  ,-8.213803954471e-01  ,-4.172985401116e-01  ,8.999536428284e-01  ,9.100948167899e-01  ,4.892634451049e-01  ,1.310643840552e+00  ,7.014455467341e-01  ,1.118744086846e+00  
  1.404689206750e-07  ,-8.542302086501e-01  ,-3.935831524320e-01  ,8.999536325027e-01  ,9.106159633764e-01  ,4.728385281777e-01  ,1.327068736828e+00  ,7.138243871604e-01  ,1.107407539592e+00  
  1.405689214364e-07  ,-8.865425499317e-01  ,-3.696119712397e-01  ,8.999536278004e-01  ,9.111306381052e-01  ,4.566823528346e-01  ,1.343224902766e+00  ,7.263246524853e-01  ,1.095936623725e+00  
  1.406689221979e-07  ,-9.182935392021e-01  ,-3.454023916815e-01  ,8.999536287361e-01  ,9.116384578315e-01  ,4.408068591350e-01  ,1.359100398337e+00  ,7.389372619908e-01  ,1.084339653672e+00  
  1.407689229593e-07  ,-9.494631109984e-01  ,-3.209695223874e-01  ,8.999536353086e-01  ,9.121390983746e-01  ,4.252220798094e-01  ,1.374685190808e+00  ,7.516543371809e-01  ,1.072623859568e+00  
  1.408689237208e-07  ,-9.800285271420e-01  ,-2.963311853257e-01  ,8.999536474998e-01  ,9.126321866484e-01  ,4.099393839288e-01  ,1.389967911071e+00  ,7.644665939856e-01  ,1.060797779311e+00  
  1.409689244822e-07  ,-1.009977029741e+00  ,-2.714976537981e-01  ,8.999536653067e-01  ,9.131175127174e-01  ,3.949651504360e-01  ,1.404942180177e+00  ,7.773686858183e-01  ,1.048866339616e+00  
  1.410689252436e-07  ,-1.039283507959e+00  ,-2.464895973646e-01  ,8.999536887186e-01  ,9.135946628009e-01  ,3.803119347394e-01  ,1.419595442698e+00  ,7.903498641186e-01  ,1.036839461483e+00  
  1.411689260051e-07  ,-1.067931773818e+00  ,-2.213209420181e-01  ,8.999537177211e-01  ,9.140633687226e-01  ,3.659878308121e-01  ,1.433919604630e+00  ,8.034028977136e-01  ,1.024723839732e+00  
  1.412689267665e-07  ,-1.095908786048e+00  ,-1.960030515205e-01  ,8.999537523051e-01  ,9.145234152879e-01  ,3.519993592809e-01  ,1.447908145329e+00  ,8.165218895276e-01  ,1.012524941048e+00  
  1.413689275280e-07  ,-1.123192717396e+00  ,-1.705552304138e-01  ,8.999537924533e-01  ,9.149744423568e-01  ,3.383574337554e-01  ,1.461550151151e+00  ,8.296968271499e-01  ,1.000252057564e+00  
  1.414689282894e-07  ,-1.149763580187e+00  ,-1.449960694292e-01  ,8.999538381304e-01  ,9.154161154871e-01  ,3.250720480371e-01  ,1.474835628224e+00  ,8.429180807725e-01  ,9.879141502016e-01  
  1.415689290509e-07  ,-1.175610278237e+00  ,-1.193362418648e-01  ,8.999538893154e-01  ,9.158482468844e-01  ,3.121487501972e-01  ,1.487759028434e+00  ,8.561801259520e-01  ,9.755163678168e-01  
  1.416689298123e-07  ,-1.200713663739e+00  ,-9.359446935933e-02  ,8.999539459782e-01  ,9.162705114448e-01  ,2.995971141085e-01  ,1.500310777848e+00  ,8.694732767652e-01  ,9.630677461245e-01  
  1.417689305738e-07  ,-1.225055435998e+00  ,-6.778957021112e-02  ,8.999540080772e-01  ,9.166825934032e-01  ,2.874262900784e-01  ,1.512481726076e+00  ,8.827878082976e-01  ,9.505773785087e-01  
  1.418689313352e-07  ,-1.248625459931e+00  ,-4.193232762716e-02  ,8.999540755814e-01  ,9.170843164909e-01  ,2.756413456160e-01  ,1.524266805547e+00  ,8.961181526773e-01  ,9.380504803045e-01  
  1.419689320967e-07  ,-1.271406283466e+00  ,-1.604163534223e-02  ,8.999541484425e-01  ,9.174753768833e-01  ,2.642510067092e-01  ,1.535657290176e+00  ,9.094545592122e-01  ,9.254961945544e-01  
  1.420689328581e-07  ,-1.293381323442e+00  ,9.863566895623e-03  ,8.999542266083e-01  ,9.178554830018e-01  ,2.532635648875e-01  ,1.546644888329e+00  ,9.227872664496e-01  ,9.129236995540e-01  
  1.421689336196e-07  ,-1.314538540767e+00  ,3.576883558657e-02  ,8.999543100307e-01  ,9.182244205300e-01  ,2.426850396472e-01  ,1.557223580414e+00  ,9.361088383233e-01  ,9.003400027367e-01  
  1.422689343810e-07  ,-1.334868333761e+00  ,6.166243419070e-02  ,8.999543986761e-01  ,9.185820186656e-01  ,2.325202317954e-01  ,1.567388565557e+00  ,9.494132357610e-01  ,8.877508015703e-01  
  1.423689351425e-07  ,-1.354354789053e+00  ,8.752450380008e-02  ,8.999544924866e-01  ,9.189279934837e-01  ,2.227770979601e-01  ,1.577131887013e+00  ,9.626902453837e-01  ,8.751657415837e-01  
  1.424689359039e-07  ,-1.372983700206e+00  ,1.133361088575e-01  ,8.999545913878e-01  ,9.192620862172e-01  ,2.134627412849e-01  ,1.586446441491e+00  ,9.759301406460e-01  ,8.625940317884e-01  
  1.425689366654e-07  ,-1.390747326126e+00  ,1.390864467046e-01  ,8.999546953355e-01  ,9.195841536084e-01  ,2.045810322726e-01  ,1.595328358398e+00  ,9.891273769607e-01  ,8.500409302561e-01  
  1.426689374268e-07  ,-1.407632463365e+00  ,1.647566371397e-01  ,8.999548042576e-01  ,9.198939499019e-01  ,1.961385725752e-01  ,1.603771035940e+00  ,1.002272268472e+00  ,8.375156313321e-01  
  1.427689381883e-07  ,-1.423628484624e+00  ,1.903305501861e-01  ,8.999549180890e-01  ,9.201912741203e-01  ,1.881406757769e-01  ,1.611769160401e+00  ,1.015356549213e+00  ,8.250259990272e-01  
  1.428689389497e-07  ,-1.438725349733e+00  ,2.157921111668e-01  ,8.999550367518e-01  ,9.204759334170e-01  ,1.805923618851e-01  ,1.619317711619e+00  ,1.028371989000e+00  ,8.125798778336e-01  
  1.429689397112e-07  ,-1.452912159837e+00  ,2.411226576853e-01  ,8.999551601589e-01  ,9.207477139725e-01  ,1.734990802403e-01  ,1.626411240077e+00  ,1.041309042815e+00  ,8.001863851298e-01  
  1.430689404726e-07  ,-1.466181221204e+00  ,2.663080526312e-01  ,8.999552882387e-01  ,9.210064614632e-01  ,1.668646776365e-01  ,1.633045898841e+00  ,1.054160487779e+00  ,7.878524351477e-01  
  1.431689412341e-07  ,-1.478524635344e+00  ,2.913330523944e-01  ,8.999554209129e-01  ,9.212520153587e-01  ,1.606931032409e-01  ,1.639217738585e+00  ,1.066918541556e+00  ,7.755854891615e-01  
  1.432689419955e-07  ,-1.489936611178e+00  ,3.161859845106e-01  ,8.999555581222e-01  ,9.214842568289e-01  ,1.549872525334e-01  ,1.644923863711e+00  ,1.079577249084e+00  ,7.633912645736e-01  
  1.433689427570e-07  ,-1.500407889713e+00  ,3.408473806595e-01  ,8.999556997647e-01  ,9.217029935544e-01  ,1.497517549083e-01  ,1.650159644621e+00  ,1.092126683884e+00  ,7.512793032246e-01  
  1.434689435184e-07  ,-1.509930887600e+00  ,3.652991452818e-01  ,8.999558457336e-01  ,9.219080606107e-01  ,1.449904019337e-01  ,1.654921289534e+00  ,1.104557633252e+00  ,7.392584879698e-01  
  1.435689442799e-07  ,-1.518500477045e+00  ,3.895276243601e-01  ,8.999559959456e-01  ,9.220993411421e-01  ,1.407057574233e-01  ,1.659206234468e+00  ,1.116863153322e+00  ,7.273355289621e-01  
  1.436689450413e-07  ,-1.526112766365e+00  ,4.135217891780e-01  ,8.999561503331e-01  ,9.222767442432e-01  ,1.368997671508e-01  ,1.663012533515e+00  ,1.129037638832e+00  ,7.155158496542e-01  
  1.437689458028e-07  ,-1.532760940984e+00  ,4.372605937745e-01  ,8.999563087625e-01  ,9.224401047424e-01  ,1.335758382703e-01  ,1.666336779255e+00  ,1.141070401630e+00  ,7.038098078551e-01  
  1.438689465642e-07  ,-1.538442283228e+00  ,4.607340744046e-01  ,8.999564711657e-01  ,9.225893513066e-01  ,1.307353295515e-01  ,1.669177612780e+00  ,1.152956388509e+00  ,6.922223141043e-01  
  1.439689473257e-07  ,-1.543152448502e+00  ,4.839249046732e-01  ,8.999566374223e-01  ,9.227243650448e-01  ,1.283804131713e-01  ,1.671532861673e+00  ,1.164686817381e+00  ,6.807619127082e-01  
  1.440689480871e-07  ,-1.546888109415e+00  ,5.068160444837e-01  ,8.999568074101e-01  ,9.228450421561e-01  ,1.265127527026e-01  ,1.673400862117e+00  ,1.176253064398e+00  ,6.694370199142e-01  
  1.441689488486e-07  ,-1.549647775654e+00  ,5.293978791715e-01  ,8.999569810578e-01  ,9.229513294892e-01  ,1.251330932307e-01  ,1.674780868885e+00  ,1.187650269075e+00  ,6.582523899035e-01  
  1.442689496100e-07  ,-1.551429254272e+00  ,5.516537116276e-01  ,8.999571582393e-01  ,9.230431401657e-01  ,1.242425311033e-01  ,1.675671785375e+00  ,1.198869995979e+00  ,6.472162843519e-01  
  1.443689503715e-07  ,-1.552231445134e+00  ,5.735694793408e-01  ,8.999573388430e-01  ,9.231204112351e-01  ,1.238416162761e-01  ,1.676073061410e+00  ,1.209905150905e+00  ,6.363356715647e-01  
  1.444689511329e-07  ,-1.552053858948e+00  ,5.951313289782e-01  ,8.999575227554e-01  ,9.231830887393e-01  ,1.239305932816e-01  ,1.675984452229e+00  ,1.220748753228e+00  ,6.256174242501e-01  
  1.445689518944e-07  ,-1.550896618209e+00  ,6.163256251773e-01  ,8.999577098596e-01  ,9.232311277452e-01  ,1.245094007550e-01  ,1.675406018964e+00  ,1.231393940334e+00  ,6.150683151565e-01  
  1.446689526558e-07  ,-1.548760666658e+00  ,6.371367704349e-01  ,8.999579000195e-01  ,9.232644881987e-01  ,1.255775666905e-01  ,1.674338233349e+00  ,1.241832873416e+00  ,6.046961029813e-01  
  1.447689534173e-07  ,-1.545647329226e+00  ,6.575531277307e-01  ,8.999580931301e-01  ,9.232831490182e-01  ,1.271344285172e-01  ,1.672781757743e+00  ,1.252059712884e+00  ,5.945065851529e-01  
  1.448689541787e-07  ,-1.541558006369e+00  ,6.775653583068e-01  ,8.999582891021e-01  ,9.232870973929e-01  ,1.291792859178e-01  ,1.670737292287e+00  ,1.262069776546e+00  ,5.845044182395e-01  
  1.449689549402e-07  ,-1.536496077671e+00  ,6.971557860517e-01  ,8.999584877639e-01  ,9.232763190216e-01  ,1.317104489282e-01  ,1.668206526600e+00  ,1.271854212047e+00  ,5.746984259957e-01  
  1.450689557016e-07  ,-1.530464514398e+00  ,7.163134523873e-01  ,8.999586890052e-01  ,9.232508174866e-01  ,1.347264318064e-01  ,1.665190946204e+00  ,1.281407543680e+00  ,5.650940912929e-01  
  1.451689564631e-07  ,-1.523467006224e+00  ,7.350267001083e-01  ,8.999588927045e-01  ,9.232106041024e-01  ,1.382253895923e-01  ,1.661692395817e+00  ,1.290723954157e+00  ,5.556972540482e-01  
  1.452689572245e-07  ,-1.515507888681e+00  ,7.532838232989e-01  ,8.999590987343e-01  ,9.231556989364e-01  ,1.422051543940e-01  ,1.657713043075e+00  ,1.299797610586e+00  ,5.465137872869e-01  
  1.453689579860e-07  ,-1.506590856907e+00  ,7.710761370152e-01  ,8.999593069948e-01  ,9.230861227139e-01  ,1.466638785413e-01  ,1.653254735448e+00  ,1.308624191221e+00  ,5.375480542063e-01  
  1.454689587474e-07  ,-1.496723625616e+00  ,7.883875533788e-01  ,8.999595172993e-01  ,9.230019258437e-01  ,1.515977044912e-01  ,1.648321330107e+00  ,1.317195702533e+00  ,5.288081491543e-01  
  1.455689595089e-07  ,-1.485911854214e+00  ,8.052083816053e-01  ,8.999597295326e-01  ,9.229031533191e-01  ,1.570038024254e-01  ,1.642915656640e+00  ,1.325507344122e+00  ,5.202989625164e-01  
  1.456689602703e-07  ,-1.474160464218e+00  ,8.215308928218e-01  ,8.999599435965e-01  ,9.227898459967e-01  ,1.628797114875e-01  ,1.637040175705e+00  ,1.333555292408e+00  ,5.120243995857e-01  
  1.457689610318e-07  ,-1.461478272635e+00  ,8.373422426711e-01  ,8.999601593217e-01  ,9.226620798975e-01  ,1.692210230044e-01  ,1.630699295639e+00  ,1.341333201233e+00  ,5.039909585620e-01  
  1.458689617932e-07  ,-1.447873325196e+00  ,8.526323608215e-01  ,8.999603765713e-01  ,9.225199299365e-01  ,1.760237139732e-01  ,1.623897039169e+00  ,1.348836110347e+00  ,4.962037495258e-01  
  1.459689625547e-07  ,-1.433355652278e+00  ,8.673899415530e-01  ,8.999605951930e-01  ,9.223634960882e-01  ,1.832827690540e-01  ,1.616638421332e+00  ,1.356058466865e+00  ,4.886685253117e-01  
  1.460689633161e-07  ,-1.417931376276e+00  ,8.816087455609e-01  ,8.999608150922e-01  ,9.221928416612e-01  ,1.909951269543e-01  ,1.608926503230e+00  ,1.362997214442e+00  ,4.813884688808e-01  
  1.461689640776e-07  ,-1.401611639515e+00  ,8.952780791654e-01  ,8.999610361022e-01  ,9.220080835680e-01  ,1.991552163445e-01  ,1.600766855860e+00  ,1.369647123151e+00  ,4.743690439853e-01  
  1.462689648390e-07  ,-1.384406738859e+00  ,9.083892063106e-01  ,8.999612580841e-01  ,9.218093335197e-01  ,2.077578886548e-01  ,1.592164627513e+00  ,1.376003936675e+00  ,4.676147303644e-01  
  1.463689656005e-07  ,-1.366327494079e+00  ,9.209337390867e-01  ,8.999614809009e-01  ,9.215967121504e-01  ,2.167977338613e-01  ,1.583125227941e+00  ,1.382063581694e+00  ,4.611298426071e-01  
  1.464689663619e-07  ,-1.347387164351e+00  ,9.329023739735e-01  ,8.999617043885e-01  ,9.213703719742e-01  ,2.262681222129e-01  ,1.573655286564e+00  ,1.387821558961e+00  ,4.549191849875e-01  
  1.465689671234e-07  ,-1.327593712861e+00  ,9.442900343648e-01  ,8.999619284514e-01  ,9.211304057654e-01  ,2.361650720211e-01  ,1.563758784882e+00  ,1.393275422948e+00  ,4.489853885830e-01  
  1.466689678848e-07  ,-1.306963584583e+00  ,9.550869322679e-01  ,8.999621529003e-01  ,9.208770075680e-01  ,2.464803606087e-01  ,1.553443945192e+00  ,1.398420473702e+00  ,4.433335414341e-01  
  1.467689686463e-07  ,-1.285505492113e+00  ,9.652884800868e-01  ,8.999623776383e-01  ,9.206102815655e-01  ,2.572096315817e-01  ,1.542715123695e+00  ,1.403254521609e+00  ,4.379660415221e-01  
  1.468689694077e-07  ,-1.263235076085e+00  ,9.748868985306e-01  ,8.999626024979e-01  ,9.203304158858e-01  ,2.683450644553e-01  ,1.531580140541e+00  ,1.407773865151e+00  ,4.328869666205e-01  
  1.469689701692e-07  ,-1.240168740987e+00  ,9.838750356623e-01  ,8.999628273175e-01  ,9.200376129633e-01  ,2.798784568240e-01  ,1.520047197811e+00  ,1.411975130795e+00  ,4.281000951322e-01  
  1.470689709306e-07  ,-1.216319383860e+00  ,9.922478388711e-01  ,8.999630519741e-01  ,9.197320356151e-01  ,2.918033600442e-01  ,1.508122743904e+00  ,1.415855955051e+00  ,4.236081161796e-01  
  1.471689716921e-07  ,-1.191697824946e+00  ,1.000001385219e+00  ,8.999632763603e-01  ,9.194138199499e-01  ,3.041143638871e-01  ,1.495812188833e+00  ,1.419414512559e+00  ,4.194131273403e-01  
  1.472689724535e-07  ,-1.166322850339e+00  ,1.007129329531e+00  ,8.999635002929e-01  ,9.190832023781e-01  ,3.168020751236e-01  ,1.483124925462e+00  ,1.422647867144e+00  ,4.155185376126e-01  
  1.473689732150e-07  ,-1.140210565351e+00  ,1.013627023933e+00  ,8.999637236329e-01  ,9.187403874259e-01  ,3.298584409576e-01  ,1.470069006308e+00  ,1.425553899392e+00  ,4.119268754594e-01  
  1.474689739764e-07  ,-1.113380158896e+00  ,1.019489583675e+00  ,8.999639462286e-01  ,9.183856240987e-01  ,3.432738667806e-01  ,1.456654025677e+00  ,1.428130415936e+00  ,4.086408322611e-01  
  1.475689747379e-07  ,-1.085842910738e+00  ,1.024714482707e+00  ,8.999641679801e-01  ,9.180190595674e-01  ,3.570427126111e-01  ,1.442885623349e+00  ,1.430376300921e+00  ,4.056618182139e-01  
  1.476689754993e-07  ,-1.057621793244e+00  ,1.029297069677e+00  ,8.999643886963e-01  ,9.176409954772e-01  ,3.711534920746e-01  ,1.428775285318e+00  ,1.432289530316e+00  ,4.029924606388e-01  
  1.477689762608e-07  ,-1.028728710821e+00  ,1.033235353840e+00  ,8.999646082843e-01  ,9.172515888585e-01  ,3.856002528737e-01  ,1.414328963695e+00  ,1.433869265779e+00  ,4.006339119384e-01  
  1.478689770222e-07  ,-9.991848345186e-01  ,1.036526121108e+00  ,8.999648265814e-01  ,9.168511195975e-01  ,4.003724093221e-01  ,1.399557243841e+00  ,1.435114180151e+00  ,3.985880590435e-01  
  1.479689777837e-07  ,-9.690119102710e-01  ,1.039166833675e+00  ,8.999650434311e-01  ,9.164398797470e-01  ,4.154590882956e-01  ,1.384470998567e+00  ,1.436023296585e+00  ,3.968564629094e-01  
  1.480689785451e-07  ,-9.382226325897e-01  ,1.041156313295e+00  ,8.999652587420e-01  ,9.160180406046e-01  ,4.308539424472e-01  ,1.369076575037e+00  ,1.436596197252e+00  ,3.954398839570e-01  
  1.481689793066e-07  ,-9.068395520616e-01  ,1.042492770879e+00  ,8.999654723465e-01  ,9.155859061758e-01  ,4.465456963157e-01  ,1.353385248377e+00  ,1.436832291615e+00  ,3.943395207363e-01  
  1.482689800680e-07  ,-8.748825243099e-01  ,1.043175190053e+00  ,8.999656841014e-01  ,9.151437452077e-01  ,4.625244219464e-01  ,1.337406946256e+00  ,1.436731340234e+00  ,3.935561501811e-01  
  1.483689808295e-07  ,-8.423749954468e-01  ,1.043202944331e+00  ,8.999658938680e-01  ,9.146918803426e-01  ,4.787783961446e-01  ,1.321153391591e+00  ,1.436293352508e+00  ,3.930904081773e-01  
  1.484689815909e-07  ,-8.093350715817e-01  ,1.042575982829e+00  ,8.999661015319e-01  ,9.142305640572e-01  ,4.952985657411e-01  ,1.304633637323e+00  ,1.435518555472e+00  ,3.929425726428e-01  
  1.485689823523e-07  ,-7.757826709372e-01  ,1.041294575411e+00  ,8.999663069643e-01  ,9.137600745635e-01  ,5.120749714956e-01  ,1.287857642433e+00  ,1.434407362269e+00  ,3.931127868579e-01  
  1.486689831138e-07  ,-7.417334692394e-01  ,1.039359156976e+00  ,8.999665100601e-01  ,9.132806290811e-01  ,5.290997754404e-01  ,1.270833244680e+00  ,1.432960207569e+00  ,3.936010505933e-01  
  1.487689838752e-07  ,-7.072141268880e-01  ,1.036770784868e+00  ,8.999667106462e-01  ,9.127925960441e-01  ,5.463596472022e-01  ,1.253573774090e+00  ,1.431177988478e+00  ,3.944072036102e-01  
  1.488689846367e-07  ,-6.722502087154e-01  ,1.033531230583e+00  ,8.999669085815e-01  ,9.122963325854e-01  ,5.638418042237e-01  ,1.236092012939e+00  ,1.429061947877e+00  ,3.955307172938e-01  
  1.489689853981e-07  ,-6.368612508601e-01  ,1.029642268678e+00  ,8.999671037626e-01  ,9.117921162681e-01  ,5.815364783326e-01  ,1.218397729193e+00  ,1.426613250607e+00  ,3.969709819291e-01  
  1.490689861596e-07  ,-6.010633838171e-01  ,1.025105533917e+00  ,8.999672960924e-01  ,9.112801749511e-01  ,5.994356041838e-01  ,1.200498988001e+00  ,1.423832941910e+00  ,3.987274079925e-01  
  1.491689869210e-07  ,-5.648879205759e-01  ,1.019924626168e+00  ,8.999674853932e-01  ,9.107609524106e-01  ,6.175235251052e-01  ,1.182411445681e+00  ,1.420723265495e+00  ,4.007986393265e-01  
  1.492689876825e-07  ,-5.283501790735e-01  ,1.014101645401e+00  ,8.999676715870e-01  ,9.102346662872e-01  ,6.357925820503e-01  ,1.164142761124e+00  ,1.417285488988e+00  ,4.031838435867e-01  
  1.493689884439e-07  ,-4.914771475783e-01  ,1.007640535565e+00  ,8.999678545387e-01  ,9.097017008002e-01  ,6.542292807495e-01  ,1.145706428328e+00  ,1.413521968583e+00  ,4.058814330180e-01  
  1.494689892054e-07  ,-4.542959832187e-01  ,1.000545910545e+00  ,8.999680341159e-01  ,9.091624478288e-01  ,6.728200425066e-01  ,1.127116025725e+00  ,1.409435403101e+00  ,4.088894925566e-01  
  1.495689899668e-07  ,-4.168274028373e-01  ,9.928216991363e-01  ,8.999682102223e-01  ,9.086172098214e-01  ,6.915545088036e-01  ,1.108381911641e+00  ,1.405028059390e+00  ,4.122063602533e-01  
  1.496689907283e-07  ,-3.790884745270e-01  ,9.844712806092e-01  ,8.999683827691e-01  ,9.080662341644e-01  ,7.104241455056e-01  ,1.089512620033e+00  ,1.400301874469e+00  ,4.158305938598e-01  
  1.497689914897e-07  ,-3.411083585218e-01  ,9.755006721313e-01  ,8.999685516064e-01  ,9.075099421974e-01  ,7.294143723455e-01  ,1.070522730867e+00  ,1.395260278263e+00  ,4.197596061317e-01  
  1.498689922512e-07  ,-3.029112259915e-01  ,9.659153443775e-01  ,8.999687166308e-01  ,9.069486835658e-01  ,7.485131036350e-01  ,1.051424329627e+00  ,1.389906355755e+00  ,4.239910113770e-01  
  1.499689930126e-07  ,-2.645251560050e-01  ,9.557222070571e-01  ,8.999688777390e-01  ,9.063828704852e-01  ,7.677062997365e-01  ,1.032231455742e+00  ,1.384243974014e+00  ,4.285217669566e-01  
  1.500689937741e-07  ,-2.259715158452e-01  ,9.449269219793e-01  ,8.999690348367e-01  ,9.058128199256e-01  ,7.869832769141e-01  ,1.012954792759e+00  ,1.378276280915e+00  ,4.333493589359e-01  
  1.501689945355e-07  ,-1.872679719774e-01  ,9.335342684220e-01  ,8.999691878378e-01  ,9.052387907916e-01  ,8.063352018491e-01  ,9.936031738265e-01  ,1.372005925003e+00  ,4.384716565806e-01  
  1.502689952970e-07  ,-1.484485782797e-01  ,9.215538580580e-01  ,8.999693366010e-01  ,9.046612844198e-01  ,8.257450474611e-01  ,9.741936257408e-01  ,1.365438213449e+00  ,4.438843553907e-01  
  1.503689960584e-07  ,-1.095297430138e-01  ,9.089906462715e-01  ,8.999694810700e-01  ,9.040805441947e-01  ,8.452046095631e-01  ,9.547343525769e-01  ,1.358575867330e+00  ,4.495852210590e-01  
  1.504689968199e-07  ,-7.054416704810e-02  ,8.958549096811e-01  ,8.999696211348e-01  ,9.034970589561e-01  ,8.646975376107e-01  ,9.352417046588e-01  ,1.351424513797e+00  ,4.555696041156e-01  
  1.505689975813e-07  ,-3.151355907746e-02  ,8.821539558516e-01  ,8.999697567156e-01  ,9.029111564202e-01  ,8.842129771769e-01  ,9.157265362543e-01  ,1.343988134346e+00  ,4.618341784944e-01  
  1.506689983428e-07  ,7.544274753928e-03  ,8.678938903969e-01  ,8.999698877415e-01  ,9.023231032471e-01  ,9.037420251185e-01  ,8.961977503646e-01  ,1.336270048446e+00  ,4.683761580486e-01  
  1.507689991042e-07  ,4.659903800014e-02  ,8.530853128682e-01  ,8.999700140963e-01  ,9.017333515448e-01  ,9.232695330964e-01  ,8.766704950962e-01  ,1.328276007979e+00  ,4.751906951107e-01  
  1.508689998657e-07  ,8.562186625218e-02  ,8.377389762851e-01  ,8.999701356967e-01  ,9.011423352655e-01  ,9.427810688228e-01  ,8.571592025706e-01  ,1.320011823408e+00  ,4.822728471230e-01  
  1.509690006271e-07  ,1.245909993049e-01  ,8.218634255417e-01  ,8.999702524856e-01  ,9.005503863170e-01  ,9.622657521381e-01  ,8.376747528332e-01  ,1.311482099088e+00  ,4.896186735462e-01  
  1.510690013886e-07  ,1.634886333302e-01  ,8.054657608867e-01  ,8.999703644016e-01  ,8.999577746802e-01  ,9.817146810667e-01  ,8.182260477365e-01  ,1.302690655124e+00  ,4.972248942368e-01  
  1.511690021500e-07  ,2.022805658669e-01  ,7.885600046688e-01  ,8.999704713337e-01  ,8.993650200816e-01  ,1.001110754267e+00  ,7.988301884003e-01  ,1.293645022416e+00  ,5.050850177472e-01  
  1.512690029115e-07  ,2.409503674604e-01  ,7.711531853020e-01  ,8.999705732363e-01  ,8.987723724201e-01  ,1.020445756966e+00  ,7.794953895061e-01  ,1.284348965071e+00  ,5.131957797691e-01  
  1.513690036729e-07  ,2.794693133212e-01  ,7.532578128786e-01  ,8.999706700337e-01  ,8.981802692760e-01  ,1.039705326694e+00  ,7.602360133732e-01  ,1.274809175715e+00  ,5.215513628367e-01  
  1.514690044344e-07  ,3.178129250389e-01  ,7.348850039743e-01  ,8.999707616632e-01  ,8.975890858609e-01  ,1.058877224183e+00  ,7.410642991437e-01  ,1.265031587848e+00  ,5.301465838737e-01  
  1.515690051958e-07  ,3.559530458931e-01  ,7.160481387360e-01  ,8.999708480661e-01  ,8.969992587762e-01  ,1.077947371013e+00  ,7.219943251195e-01  ,1.255023328144e+00  ,5.389751894082e-01  
  1.516690059573e-07  ,3.938684815146e-01  ,6.967577160079e-01  ,8.999709291962e-01  ,8.964111194168e-01  ,1.096905169954e+00  ,7.030366884389e-01  ,1.244789977421e+00  ,5.480322614128e-01  
  1.517690067187e-07  ,4.315419294487e-01  ,6.770224012606e-01  ,8.999710050081e-01  ,8.958249365861e-01  ,1.115741969732e+00  ,6.842000402837e-01  ,1.234336137216e+00  ,5.573137359558e-01  
  1.518690074802e-07  ,4.689440797189e-01  ,6.568570720269e-01  ,8.999710754307e-01  ,8.952411645306e-01  ,1.134443115290e+00  ,6.654990355713e-01  ,1.223669700544e+00  ,5.668126285171e-01  
  1.519690082416e-07  ,5.060510884800e-01  ,6.362742872228e-01  ,8.999711404238e-01  ,8.946601735403e-01  ,1.152996684664e+00  ,6.469455961838e-01  ,1.212797317152e+00  ,5.765230299289e-01  
  1.520690090031e-07  ,5.428356743037e-01  ,6.152890588152e-01  ,8.999711999489e-01  ,8.940823932810e-01  ,1.171389037101e+00  ,6.285533627970e-01  ,1.201726922689e+00  ,5.864378638734e-01  
  1.521690097645e-07  ,5.792773960509e-01  ,5.939130891577e-01  ,8.999712539682e-01  ,8.935081487616e-01  ,1.189609951994e+00  ,6.103325559428e-01  ,1.190464693340e+00  ,5.965516041827e-01  
  1.522690105260e-07  ,6.153596110585e-01  ,5.721560030625e-01  ,8.999713024486e-01  ,8.929377030036e-01  ,1.207651107978e+00  ,5.922914969194e-01  ,1.179015704535e+00  ,6.068597014723e-01  
  1.523690112874e-07  ,6.510505363073e-01  ,5.500365787514e-01  ,8.999713453427e-01  ,8.923715594969e-01  ,1.225496613496e+00  ,5.744460771890e-01  ,1.167389848873e+00  ,6.173532701212e-01  
  1.524690120489e-07  ,6.863302240511e-01  ,5.275671543551e-01  ,8.999713826361e-01  ,8.918100374365e-01  ,1.243136494662e+00  ,5.568062706105e-01  ,1.155593614614e+00  ,6.280264602589e-01  
  1.525690128103e-07  ,7.211824964225e-01  ,5.047578589908e-01  ,8.999714143103e-01  ,8.912533948272e-01  ,1.260562662522e+00  ,5.393801660991e-01  ,1.143632324323e+00  ,6.388744653319e-01  
  1.526690135718e-07  ,7.555800951883e-01  ,4.816259973251e-01  ,8.999714403285e-01  ,8.907020658271e-01  ,1.277761487923e+00  ,5.221813927344e-01  ,1.131515064490e+00  ,6.498890671646e-01  
  1.527690143332e-07  ,7.895010867735e-01  ,4.581860215019e-01  ,8.999714606667e-01  ,8.901564008528e-01  ,1.294722004053e+00  ,5.052209172800e-01  ,1.119249411604e+00  ,6.610633901018e-01  
  1.528690150947e-07  ,8.229205536522e-01  ,4.344550592045e-01  ,8.999714753217e-01  ,8.896168038167e-01  ,1.311431752148e+00  ,4.885111984955e-01  ,1.106844333419e+00  ,6.723892742144e-01  
  1.529690158561e-07  ,8.558199586750e-01  ,4.104463522260e-01  ,8.999714842879e-01  ,8.890835787597e-01  ,1.327881463625e+00  ,4.720615049504e-01  ,1.094306754873e+00  ,6.838604026467e-01  
  1.530690166176e-07  ,8.881794476159e-01  ,3.861743835038e-01  ,8.999714875620e-01  ,8.885570519528e-01  ,1.344061211370e+00  ,4.558817637540e-01  ,1.081644243705e+00  ,6.954698602009e-01  
  1.531690173790e-07  ,9.199789033802e-01  ,3.616541577177e-01  ,8.999714851418e-01  ,8.880375542357e-01  ,1.359960936832e+00  ,4.399820334517e-01  ,1.068864633095e+00  ,7.072104753768e-01  
  1.532690181405e-07  ,9.511983203186e-01  ,3.369009563046e-01  ,8.999714770265e-01  ,8.875254149260e-01  ,1.375570637186e+00  ,4.243723168672e-01  ,1.055975893078e+00  ,7.190749367737e-01  
  1.533690189019e-07  ,9.818179548880e-01  ,3.119302498102e-01  ,8.999714632171e-01  ,8.870209596096e-01  ,1.390880440661e+00  ,4.090624857731e-01  ,1.042986084515e+00  ,7.310558347045e-01  
  1.534690196634e-07  ,1.011818397652e+00  ,2.867576623795e-01  ,8.999714437181e-01  ,8.865245092480e-01  ,1.405880642544e+00  ,3.940622448921e-01  ,1.029903340438e+00  ,7.431456780583e-01  
  1.535690204248e-07  ,1.041185231981e+00  ,2.613949984462e-01  ,8.999714185313e-01  ,8.860363014475e-01  ,1.420564034522e+00  ,3.793788025408e-01  ,1.016733800671e+00  ,7.553388022244e-01  
  1.536690211863e-07  ,1.069894706109e+00  ,2.358620366095e-01  ,8.999713876651e-01  ,8.855567278732e-01  ,1.434918740720e+00  ,3.650240346106e-01  ,1.003487746178e+00  ,7.676257095685e-01  
  1.537690219477e-07  ,1.097928461058e+00  ,2.101747783213e-01  ,8.999713511421e-01  ,8.850860939594e-01  ,1.448935581671e+00  ,3.510071206130e-01  ,9.901734831201e-01  ,7.799987047987e-01  
  1.538690227092e-07  ,1.125265929205e+00  ,1.843520271678e-01  ,8.999713090024e-01  ,8.846247487506e-01  ,1.462604273605e+00  ,3.373383444002e-01  ,9.768007623345e-01  ,7.924487351667e-01  
  1.539690234706e-07  ,1.151895659996e+00  ,1.584045873887e-01  ,8.999712612623e-01  ,8.841728881023e-01  ,1.475919091260e+00  ,3.240234312643e-01  ,9.633751817966e-01  ,8.049705944079e-01  
  1.540690242321e-07  ,1.177795223625e+00  ,1.323541444713e-01  ,8.999712079617e-01  ,8.837308980939e-01  ,1.488868819774e+00  ,3.110735961491e-01  ,9.499079703296e-01  ,8.175538258583e-01  
  1.541690249935e-07  ,1.202953751818e+00  ,1.062116008162e-01  ,8.999711491239e-01  ,8.832989668981e-01  ,1.501448025033e+00  ,2.984942732149e-01  ,9.364047673062e-01  ,8.301931664900e-01  
  1.542690257550e-07  ,1.227352504280e+00  ,7.999607458473e-02  ,8.999710847899e-01  ,8.828774194737e-01  ,1.513647336930e+00  ,2.862948326498e-01  ,9.228754567660e-01  ,8.428793821813e-01  
  1.543690265164e-07  ,1.250976009132e+00  ,5.372401982789e-02  ,8.999710149959e-01  ,8.824665256418e-01  ,1.525459019562e+00  ,2.744830104296e-01  ,9.093285355558e-01  ,8.556045157279e-01  
  1.544690272779e-07  ,1.273807002759e+00  ,2.741468507890e-02  ,8.999709397953e-01  ,8.820665897561e-01  ,1.536874441175e+00  ,2.630674384158e-01  ,8.957739322955e-01  ,8.683592472166e-01  
  1.545690280393e-07  ,1.295835940396e+00  ,1.079088206528e-03  ,8.999708592167e-01  ,8.816777807334e-01  ,1.547888829415e+00  ,2.520528890188e-01  ,8.822173248366e-01  ,8.811382366301e-01  
  1.546690288008e-07  ,1.317046411563e+00  ,-2.526347782557e-02  ,8.999707733127e-01  ,8.813003896848e-01  ,1.558493979094e+00  ,2.414475675310e-01  ,8.686686507720e-01  ,8.939321285976e-01  
  1.547690295622e-07  ,1.337422889048e+00  ,-5.159370334492e-02  ,8.999706821537e-01  ,8.809346970808e-01  ,1.568682126678e+00  ,2.312592376297e-01  ,8.551378454084e-01  ,9.067315487533e-01  
  1.548690303237e-07  ,1.356954148282e+00  ,-7.789688206789e-02  ,8.999705857966e-01  ,8.805809100570e-01  ,1.578447659938e+00  ,2.214935116553e-01  ,8.416324690231e-01  ,9.195293510910e-01  
  1.549690310851e-07  ,1.375631263997e+00  ,-1.041610727473e-01  ,8.999704842816e-01  ,8.802391935905e-01  ,1.587786116280e+00  ,2.121548522832e-01  ,8.281586572168e-01  ,9.323197299641e-01  
  1.550690318466e-07  ,1.393439487071e+00  ,-1.303660841476e-01  ,8.999703776780e-01  ,8.799098211776e-01  ,1.596690121213e+00  ,2.032506341426e-01  ,8.147267791038e-01  ,9.450928632514e-01  
  1.551690326080e-07  ,1.410367481858e+00  ,-1.564954354262e-01  ,8.999702660520e-01  ,8.795930056276e-01  ,1.605154006981e+00  ,1.947865251231e-01  ,8.013452879145e-01  ,9.578407233407e-01  
  1.552690333695e-07  ,1.426404521214e+00  ,-1.825326891242e-01  ,8.999701494777e-01  ,8.792889512125e-01  ,1.613172410085e+00  ,1.867678888705e-01  ,7.880226066504e-01  ,9.705552957746e-01  
  1.553690341309e-07  ,1.441538920920e+00  ,-2.084587436062e-01  ,8.999700280408e-01  ,8.789978844575e-01  ,1.620739488501e+00  ,1.792005675809e-01  ,7.747685126544e-01  ,9.832272562606e-01  
  1.554690348924e-07  ,1.455764376710e+00  ,-2.342627275018e-01  ,8.999699017931e-01  ,8.787199290587e-01  ,1.627852090148e+00  ,1.720877134382e-01  ,7.615885653077e-01  ,9.958512928096e-01  
  1.555690356538e-07  ,1.469068853448e+00  ,-2.599229760050e-01  ,8.999697708412e-01  ,8.784553242442e-01  ,1.634504197565e+00  ,1.654353441173e-01  ,7.484938362417e-01  ,1.008416812247e+00  
  1.556690364153e-07  ,1.481446800201e+00  ,-2.854287262759e-01  ,8.999696352389e-01  ,8.782041830183e-01  ,1.640693035339e+00  ,1.592462351384e-01  ,7.354898198804e-01  ,1.020918546156e+00  
  1.557690371767e-07  ,1.492888884178e+00  ,-3.107612079315e-01  ,8.999694950845e-01  ,8.779666980025e-01  ,1.646413937174e+00  ,1.535250529954e-01  ,7.225860940368e-01  ,1.033347301968e+00  
  1.558690379381e-07  ,1.503386776691e+00  ,-3.359018237676e-01  ,8.999693504824e-01  ,8.777430483814e-01  ,1.651662738828e+00  ,1.482759621370e-01  ,7.097921364976e-01  ,1.045693960265e+00  
  1.559690386996e-07  ,1.512936119786e+00  ,-3.608400247084e-01  ,8.999692014924e-01  ,8.775333306701e-01  ,1.656437261385e+00  ,1.435011415994e-01  ,6.971133183159e-01  ,1.057953343024e+00  
  1.560690394610e-07  ,1.521529679380e+00  ,-3.855574343209e-01  ,8.999690482212e-01  ,8.773377075304e-01  ,1.660733887911e+00  ,1.392042085312e-01  ,6.845589903699e-01  ,1.070116424691e+00  
  1.561690402225e-07  ,1.529162013752e+00  ,-4.100384678200e-01  ,8.999688907661e-01  ,8.771563064160e-01  ,1.664549897642e+00  ,1.353878838900e-01  ,6.721370725060e-01  ,1.082175540326e+00  
  1.562690409839e-07  ,1.535828299559e+00  ,-4.342676852524e-01  ,8.999687292292e-01  ,8.769892452257e-01  ,1.667882879009e+00  ,1.320545794497e-01  ,6.598554025996e-01  ,1.094123087852e+00  
  1.563690417454e-07  ,1.541523743328e+00  ,-4.582272861360e-01  ,8.999685637303e-01  ,8.768366490514e-01  ,1.670730435394e+00  ,1.292066920665e-01  ,6.477230059834e-01  ,1.105950292119e+00  
  1.564690425068e-07  ,1.546245321355e+00  ,-4.819038820448e-01  ,8.999683943620e-01  ,8.766986040677e-01  ,1.673091055039e+00  ,1.268457336845e-01  ,6.357466630453e-01  ,1.117650545090e+00  
  1.565690432683e-07  ,1.549990869975e+00  ,-5.052866785407e-01  ,8.999682212012e-01  ,8.765751761905e-01  ,1.674963656189e+00  ,1.249727862137e-01  ,6.239318369202e-01  ,1.129218515461e+00  
  1.566690440297e-07  ,1.552757199385e+00  ,-5.283575465424e-01  ,8.999680443801e-01  ,8.764664703545e-01  ,1.676346644073e+00  ,1.235894446874e-01  ,6.122876970833e-01  ,1.140645243626e+00  
  1.567690447912e-07  ,1.554542568003e+00  ,-5.511019154195e-01  ,8.999678640107e-01  ,8.763725599828e-01  ,1.677239148012e+00  ,1.226965800091e-01  ,6.008216022730e-01  ,1.151923517693e+00  
  1.568690455526e-07  ,1.555345855297e+00  ,-5.735054163808e-01  ,8.999676802076e-01  ,8.762935089545e-01  ,1.677640607856e+00  ,1.222947525592e-01  ,5.895408007640e-01  ,1.163046217145e+00  
  1.569690463141e-07  ,1.555166573281e+00  ,-5.955515748735e-01  ,8.999674931056e-01  ,8.762293782705e-01  ,1.677550779746e+00  ,1.223842064652e-01  ,5.784535908338e-01  ,1.174005165707e+00  
  1.570690470755e-07  ,1.554004969478e+00  ,-6.172280698926e-01  ,8.999673028092e-01  ,8.761802042429e-01  ,1.676969787548e+00  ,1.229648180704e-01  ,5.675661692966e-01  ,1.184794239189e+00  
  1.571690478370e-07  ,1.551861565301e+00  ,-6.385250000049e-01  ,8.999671094063e-01  ,8.761460118735e-01  ,1.675897892057e+00  ,1.240363267560e-01  ,5.568835118710e-01  ,1.195408511876e+00  
  1.572690485984e-07  ,1.548738057901e+00  ,-6.594235910565e-01  ,8.999669130664e-01  ,8.761268387643e-01  ,1.674335942017e+00  ,1.255978841160e-01  ,5.464150432361e-01  ,1.205838634293e+00  
  1.573690493599e-07  ,1.544636358343e+00  ,-6.799121627212e-01  ,8.999667138990e-01  ,8.761226963252e-01  ,1.672284893070e+00  ,1.276485347274e-01  ,5.361666149646e-01  ,1.216078777686e+00  
  1.574690501213e-07  ,1.539559017472e+00  ,-6.999782655875e-01  ,8.999665120244e-01  ,8.761335896790e-01  ,1.669746020760e+00  ,1.301870032882e-01  ,5.261444568853e-01  ,1.226122722473e+00  
  1.575690508828e-07  ,1.533509211678e+00  ,-7.196093697810e-01  ,8.999663075690e-01  ,8.761595156894e-01  ,1.666720913408e+00  ,1.332117017301e-01  ,5.163548307989e-01  ,1.235964200580e+00  
  1.576690516442e-07  ,1.526490741223e+00  ,-7.387931010162e-01  ,8.999661006619e-01  ,8.762004621135e-01  ,1.663211471274e+00  ,1.367207300504e-01  ,5.068039116054e-01  ,1.245597012622e+00  
  1.577690524057e-07  ,1.518506893939e+00  ,-7.575203227464e-01  ,8.999658914034e-01  ,8.762564138587e-01  ,1.659219338373e+00  ,1.407124444337e-01  ,4.974962524854e-01  ,1.255016575232e+00  
  1.578690531671e-07  ,1.509563703623e+00  ,-7.757760341671e-01  ,8.999656799613e-01  ,8.763273377224e-01  ,1.654747531773e+00  ,1.451838281497e-01  ,4.884393206388e-01  ,1.264215354806e+00  
  1.579690539286e-07  ,1.499666927007e+00  ,-7.935486555064e-01  ,8.999654664689e-01  ,8.764131926548e-01  ,1.649798929972e+00  ,1.501320029654e-01  ,4.796388649016e-01  ,1.273187520408e+00  
  1.580690546900e-07  ,1.488822867878e+00  ,-8.108269081377e-01  ,8.999652510583e-01  ,8.765139280763e-01  ,1.644376684997e+00  ,1.555538171195e-01  ,4.711004740074e-01  ,1.281927382145e+00  
  1.581690554515e-07  ,1.477038402376e+00  ,-8.275998217994e-01  ,8.999650338678e-01  ,8.766294841024e-01  ,1.638484235056e+00  ,1.614458326797e-01  ,4.628295732027e-01  ,1.290429395002e+00  
  1.582690562129e-07  ,1.464322274872e+00  ,-8.438550286190e-01  ,8.999648150540e-01  ,8.767597782953e-01  ,1.632125952490e+00  ,1.678036776179e-01  ,4.548322639857e-01  ,1.298687292605e+00  
  1.583690569744e-07  ,1.450679893674e+00  ,-8.595856767018e-01  ,8.999645947079e-01  ,8.769047573362e-01  ,1.625304541545e+00  ,1.746246478709e-01  ,4.471119189853e-01  ,1.306697595687e+00  
  1.584690577358e-07  ,1.436121163712e+00  ,-8.747799950229e-01  ,8.999643729941e-01  ,8.770643216935e-01  ,1.618024954850e+00  ,1.819037911380e-01  ,4.396743241820e-01  ,1.314454319205e+00  
  1.585690584973e-07  ,1.420656915434e+00  ,-8.894267694152e-01  ,8.999641500749e-01  ,8.772383564563e-01  ,1.610292607792e+00  ,1.896356923577e-01  ,4.325249717487e-01  ,1.321951741164e+00  
  1.586690592587e-07  ,1.404293726351e+00  ,-9.035198199468e-01  ,8.999639260441e-01  ,8.774267899365e-01  ,1.602110789220e+00  ,1.978170628686e-01  ,4.256668799631e-01  ,1.329186699910e+00  
  1.587690600202e-07  ,1.387045292358e+00  ,-9.170471359785e-01  ,8.999637010938e-01  ,8.776294697461e-01  ,1.593486347273e+00  ,2.064410549146e-01  ,4.191059017568e-01  ,1.336153037735e+00  
  1.588690607816e-07  ,1.368918966506e+00  ,-9.300030057497e-01  ,8.999634753223e-01  ,8.778463121555e-01  ,1.584422958575e+00  ,2.155039920692e-01  ,4.128448092807e-01  ,1.342847815030e+00  
  1.589690615431e-07  ,1.349928026393e+00  ,-9.423776733408e-01  ,8.999632488976e-01  ,8.780771645808e-01  ,1.574927262094e+00  ,2.249992357013e-01  ,4.068883279104e-01  ,1.349266001251e+00  
  1.590690623045e-07  ,1.330086578302e+00  ,-9.541619879910e-01  ,8.999630219819e-01  ,8.783218593693e-01  ,1.565006311133e+00  ,2.349197328311e-01  ,4.012408653738e-01  ,1.355402853365e+00  
  1.591690630660e-07  ,1.309403044494e+00  ,-9.653509671159e-01  ,8.999627946714e-01  ,8.785802947735e-01  ,1.554664316918e+00  ,2.452612724244e-01  ,3.959048112155e-01  ,1.361255778331e+00  
  1.592690638274e-07  ,1.287892575060e+00  ,-9.759361407782e-01  ,8.999625671382e-01  ,8.788522868724e-01  ,1.543908854668e+00  ,2.560162796084e-01  ,3.908842164833e-01  ,1.366820357262e+00  
  1.593690645889e-07  ,1.265571122913e+00  ,-9.859096682522e-01  ,8.999623395491e-01  ,8.791376371762e-01  ,1.532747901005e+00  ,2.671767780928e-01  ,3.861828030501e-01  ,1.372092471302e+00  
  1.594690653503e-07  ,1.242448151568e+00  ,-9.952673246125e-01  ,8.999621119983e-01  ,8.794362265272e-01  ,1.521186187782e+00  ,2.787380362145e-01  ,3.818025642209e-01  ,1.377069888833e+00  
  1.595690661118e-07  ,1.218540622269e+00  ,-1.004001974465e+00  ,8.999618846572e-01  ,8.797478408486e-01  ,1.509232195792e+00  ,2.906915735226e-01  ,3.777468536158e-01  ,1.381748828081e+00  
  1.596690668732e-07  ,1.193866251594e+00  ,-1.012107132471e+00  ,8.999616576933e-01  ,8.800722525791e-01  ,1.496894783490e+00  ,3.030285318961e-01  ,3.740186863437e-01  ,1.386125818815e+00  
  1.597690676347e-07  ,1.168435492586e+00  ,-1.019579355965e+00  ,8.999614312004e-01  ,8.804093264814e-01  ,1.484179177493e+00  ,3.157436849073e-01  ,3.706196484991e-01  ,1.390199004464e+00  
  1.598690683961e-07  ,1.142267023644e+00  ,-1.026412885773e+00  ,8.999612053509e-01  ,8.807588206298e-01  ,1.471094717173e+00  ,3.288276935287e-01  ,3.675523777433e-01  ,1.393965263516e+00  
  1.599690691576e-07  ,1.115380224664e+00  ,-1.032602629952e+00  ,8.999609803123e-01  ,8.811204798148e-01  ,1.457651092644e+00  ,3.422708679802e-01  ,3.648191648388e-01  ,1.397421794791e+00  
  1.600690699190e-07  ,1.087786478736e+00  ,-1.038145948197e+00  ,8.999607561754e-01  ,8.814941528604e-01  ,1.443853995544e+00  ,3.560675168072e-01  ,3.624211787617e-01  ,1.400567126959e+00  
  1.601690706805e-07  ,1.059506075010e+00  ,-1.043038491044e+00  ,8.999605331095e-01  ,8.818795699821e-01  ,1.429713570614e+00  ,3.702074956046e-01  ,3.603603244602e-01  ,1.403398815504e+00  
  1.602690714419e-07  ,1.030559946080e+00  ,-1.047276589366e+00  ,8.999603112808e-01  ,8.822764486896e-01  ,1.415240284321e+00  ,3.846803382409e-01  ,3.586381540066e-01  ,1.405914743373e+00  
  1.603690722034e-07  ,1.000960340076e+00  ,-1.050858420531e+00  ,8.999600907790e-01  ,8.826846227436e-01  ,1.400440260817e+00  ,3.994799207408e-01  ,3.572554124782e-01  ,1.408113833009e+00  
  1.604690729648e-07  ,9.707321256156e-01  ,-1.053780752375e+00  ,8.999598717902e-01  ,8.831037526824e-01  ,1.385325934598e+00  ,4.145938089824e-01  ,3.562133764948e-01  ,1.409994128870e+00  
  1.605690737263e-07  ,9.398923030040e-01  ,-1.056041951649e+00  ,8.999596544369e-01  ,8.835336035380e-01  ,1.369905805939e+00  ,4.300135029349e-01  ,3.555126277135e-01  ,1.411554579362e+00  
  1.606690744877e-07  ,9.084549871223e-01  ,-1.057640887734e+00  ,8.999594388213e-01  ,8.839739812589e-01  ,1.354186932382e+00  ,4.457319452601e-01  ,3.551535373918e-01  ,1.412794425126e+00  
  1.607690752492e-07  ,8.764477454490e-01  ,-1.058575852881e+00  ,8.999592251366e-01  ,8.844245053708e-01  ,1.338183097861e+00  ,4.617353524121e-01  ,3.551365789304e-01  ,1.413712431811e+00  
  1.608690760106e-07  ,8.438886276669e-01  ,-1.058846325236e+00  ,8.999590134991e-01  ,8.848849235614e-01  ,1.321903327333e+00  ,4.780146996657e-01  ,3.554617609432e-01  ,1.414308086180e+00  
  1.609690767721e-07  ,8.107925670607e-01  ,-1.058452078228e+00  ,8.999588040090e-01  ,8.853550278548e-01  ,1.305355087539e+00  ,4.945625204787e-01  ,3.561289887407e-01  ,1.414581066969e+00  
  1.610690775335e-07  ,7.771851888911e-01  ,-1.057393044767e+00  ,8.999585968396e-01  ,8.858344615596e-01  ,1.288551191285e+00  ,5.113660023940e-01  ,3.571379391759e-01  ,1.414530983943e+00  
  1.611690782950e-07  ,7.430914252470e-01  ,-1.055669922243e+00  ,8.999583921384e-01  ,8.863228729028e-01  ,1.271504104762e+00  ,5.284126795149e-01  ,3.584879117815e-01  ,1.414157834024e+00  
  1.612690790564e-07  ,7.085256982291e-01  ,-1.053283387796e+00  ,8.999581899873e-01  ,8.868200568454e-01  ,1.254221039102e+00  ,5.456953408728e-01  ,3.601783629476e-01  ,1.413461750743e+00  
  1.613690798179e-07  ,6.735170834365e-01  ,-1.050235212907e+00  ,8.999579905569e-01  ,8.873255976551e-01  ,1.236716532275e+00  ,5.631994488386e-01  ,3.622079912017e-01  ,1.412443204108e+00  
  1.614690805793e-07  ,6.380804031857e-01  ,-1.046526630585e+00  ,8.999577939355e-01  ,8.878392829467e-01  ,1.218997995528e+00  ,5.809175923427e-01  ,3.645759676543e-01  ,1.411102598239e+00  
  1.615690813408e-07  ,6.022418355942e-01  ,-1.042160075546e+00  ,8.999576002707e-01  ,8.883607377554e-01  ,1.201078518068e+00  ,5.988366824737e-01  ,3.672806999825e-01  ,1.409440775528e+00  
  1.616690821022e-07  ,5.660241633125e-01  ,-1.037138158065e+00  ,8.999574096854e-01  ,8.888896345945e-01  ,1.182969491342e+00  ,6.169453280292e-01  ,3.703205555618e-01  ,1.407458713627e+00  
  1.617690828637e-07  ,5.294540475210e-01  ,-1.031464485115e+00  ,8.999572223137e-01  ,8.894255852297e-01  ,1.164684246074e+00  ,6.352301985531e-01  ,3.736933426724e-01  ,1.405157827787e+00  
  1.618690836251e-07  ,4.925468990926e-01  ,-1.025141391744e+00  ,8.999570382369e-01  ,8.899683649011e-01  ,1.146230487783e+00  ,6.536835886906e-01  ,3.773976690291e-01  ,1.402539060773e+00  
  1.619690843866e-07  ,4.553337224054e-01  ,-1.018173956485e+00  ,8.999568576152e-01  ,8.905175196988e-01  ,1.127623718818e+00  ,6.722899964125e-01  ,3.814305414564e-01  ,1.399604497941e+00  
  1.620690851480e-07  ,4.178302566874e-01  ,-1.010565057869e+00  ,8.999566805267e-01  ,8.910728189761e-01  ,1.108871808870e+00  ,6.910415521830e-01  ,3.857902900414e-01  ,1.396355347911e+00  
  1.621690859095e-07  ,3.800642325988e-01  ,-1.002320002471e+00  ,8.999565071037e-01  ,8.916338562219e-01  ,1.089988623403e+00  ,7.099243908044e-01  ,3.904738549865e-01  ,1.392793857457e+00  
  1.622690866709e-07  ,3.420596577563e-01  ,-9.934438462501e-01  ,8.999563374579e-01  ,8.922002778793e-01  ,1.070986166336e+00  ,7.289265085797e-01  ,3.954783547542e-01  ,1.388922201004e+00  
  1.623690874324e-07  ,3.038444940417e-01  ,-9.839430290626e-01  ,8.999561717072e-01  ,8.927716669307e-01  ,1.051878418728e+00  ,7.480339246863e-01  ,4.008001523994e-01  ,1.384743181462e+00  
  1.624690881938e-07  ,2.654400482599e-01  ,-9.738228657748e-01  ,8.999560099422e-01  ,8.933477025193e-01  ,1.032676034072e+00  ,7.672359858123e-01  ,4.064362696319e-01  ,1.380259135407e+00  
  1.625690889553e-07  ,2.268638476593e-01  ,-9.630878589029e-01  ,8.999558522448e-01  ,8.939281225422e-01  ,1.013387776074e+00  ,7.865239284152e-01  ,4.123841930908e-01  ,1.375472051994e+00  
  1.626690897167e-07  ,1.881498402920e-01  ,-9.517471002286e-01  ,8.999556987613e-01  ,8.945124197424e-01  ,9.940306189073e-01  ,8.058807786152e-01  ,4.186388696281e-01  ,1.370385969857e+00  
  1.627690904782e-07  ,1.493196879222e-01  ,-9.398069337390e-01  ,8.999555495635e-01  ,8.951002658984e-01  ,9.746153935246e-01  ,8.252957056024e-01  ,4.251967990289e-01  ,1.365003732768e+00  
  1.628690912396e-07  ,1.103969035920e-01  ,-9.272745296921e-01  ,8.999554047390e-01  ,8.956913038864e-01  ,9.551538565350e-01  ,8.447569529430e-01  ,4.320540390403e-01  ,1.359328568732e+00  
  1.629690920011e-07  ,7.139978261690e-02  ,-9.141556103277e-01  ,8.999552643679e-01  ,8.962852579933e-01  ,9.356551556764e-01  ,8.642553730595e-01  ,4.392074528294e-01  ,1.353363063157e+00  
  1.630690927625e-07  ,3.235915759862e-02  ,-9.004600567505e-01  ,8.999551285818e-01  ,8.968816649584e-01  ,9.161347073811e-01  ,8.837755497825e-01  ,4.466516365832e-01  ,1.347111693334e+00  
  1.631690935240e-07  ,-6.696029787890e-03  ,-8.861978539247e-01  ,8.999549974686e-01  ,8.974800856840e-01  ,8.966069825746e-01  ,9.033030123625e-01  ,4.543811587216e-01  ,1.340579012646e+00  
  1.632690942854e-07  ,-4.574929905584e-02  ,-8.713749464987e-01  ,8.999548710780e-01  ,8.980802680963e-01  ,8.770802215501e-01  ,9.228295206059e-01  ,4.623927948470e-01  ,1.333767741346e+00  
  1.633690950468e-07  ,-8.476777933432e-02  ,-8.560035755388e-01  ,8.999547495179e-01  ,8.986817069256e-01  ,8.575708598507e-01  ,9.423386391850e-01  ,4.706799191562e-01  ,1.326683494695e+00  
  1.634690958083e-07  ,-1.237350136417e-01  ,-8.400901520997e-01  ,8.999546328432e-01  ,8.992841487991e-01  ,8.380871260223e-01  ,9.618221396640e-01  ,4.792390727492e-01  ,1.319329224849e+00  
  1.635690965697e-07  ,-1.626221695308e-01  ,-8.236461227559e-01  ,8.999545211415e-01  ,8.998871499215e-01  ,8.186434363761e-01  ,9.812656059069e-01  ,4.880640885436e-01  ,1.311710211299e+00  
  1.636690973312e-07  ,-2.014045811386e-01  ,-8.066817248192e-01  ,8.999544144834e-01  ,9.004903291687e-01  ,7.992521239141e-01  ,1.000656705053e+00  ,4.971494667591e-01  ,1.303831191578e+00  
  1.637690980926e-07  ,-2.400538083870e-01  ,-7.892093486524e-01  ,8.999543129378e-01  ,9.010932417681e-01  ,7.799274087443e-01  ,1.019981217131e+00  ,5.064885674419e-01  ,1.295697916094e+00  
  1.638690988541e-07  ,-2.785536305842e-01  ,-7.712362890393e-01  ,8.999542165499e-01  ,9.016956339596e-01  ,7.606774012578e-01  ,1.039231031842e+00  ,5.160774894400e-01  ,1.287313778479e+00  
  1.639690996155e-07  ,-3.168756317049e-01  ,-7.527755220479e-01  ,8.999541254045e-01  ,9.022970622459e-01  ,7.415163095521e-01  ,1.058391941257e+00  ,5.259093012219e-01  ,1.278684823270e+00  
  1.640691003770e-07  ,-3.549916542569e-01  ,-7.338405410633e-01  ,8.999540395643e-01  ,9.028970842922e-01  ,7.224582124359e-01  ,1.077449866693e+00  ,5.359768137606e-01  ,1.269817354824e+00  
  1.641691011384e-07  ,-3.928856899314e-01  ,-7.144392572581e-01  ,8.999539590598e-01  ,9.034954476313e-01  ,7.035111140941e-01  ,1.096396804025e+00  ,5.462758190022e-01  ,1.260715076260e+00  
  1.642691018999e-07  ,-4.305259027158e-01  ,-6.945877850755e-01  ,8.999538839590e-01  ,9.040916480035e-01  ,6.846909326011e-01  ,1.115216835317e+00  ,5.567977554657e-01  ,1.251385540541e+00  
  1.643691026613e-07  ,-4.678964468870e-01  ,-6.742944217450e-01  ,8.999538142993e-01  ,9.046854340521e-01  ,6.660055908558e-01  ,1.133902037743e+00  ,5.675382231796e-01  ,1.241832644925e+00  
  1.644691034228e-07  ,-5.049696523339e-01  ,-6.535738727473e-01  ,8.999537501377e-01  ,9.052763668848e-01  ,6.474689239708e-01  ,1.152438576305e+00  ,5.784894305112e-01  ,1.232063303258e+00  
  1.645691041842e-07  ,-5.417220206691e-01  ,-6.324390882989e-01  ,8.999536915166e-01  ,9.058640722995e-01  ,6.290926811820e-01  ,1.170814701851e+00  ,5.896445281501e-01  ,1.222083616449e+00  
  1.646691049457e-07  ,-5.781266410118e-01  ,-6.109055334873e-01  ,8.999536384697e-01  ,9.064481163699e-01  ,6.108903179638e-01  ,1.189016958976e+00  ,6.009953496263e-01  ,1.211900883114e+00  
  1.647691057071e-07  ,-6.141682609652e-01  ,-5.889822145906e-01  ,8.999535910193e-01  ,9.070282527590e-01  ,5.928694605367e-01  ,1.207037721502e+00  ,6.125371454637e-01  ,1.201519360054e+00  
  1.648691064686e-07  ,-6.498166304674e-01  ,-5.666873879825e-01  ,8.999535492083e-01  ,9.076039916850e-01  ,5.750452339746e-01  ,1.224861864442e+00  ,6.242602976937e-01  ,1.190947685676e+00  
  1.649691072300e-07  ,-6.850567682242e-01  ,-5.440303811951e-01  ,8.999535130565e-01  ,9.081750906245e-01  ,5.574251289444e-01  ,1.242481897169e+00  ,6.361599000270e-01  ,1.180190281222e+00  
  1.650691079915e-07  ,-7.198625787061e-01  ,-5.210276692960e-01  ,8.999534825935e-01  ,9.087411269466e-01  ,5.400221932404e-01  ,1.259884771947e+00  ,6.482272922986e-01  ,1.169254961595e+00  
  1.651691087529e-07  ,-7.542085354209e-01  ,-4.976960965973e-01  ,8.999534578380e-01  ,9.093016827850e-01  ,5.228491901276e-01  ,1.277057725549e+00  ,6.604536344864e-01  ,1.158149731084e+00  
  1.652691095144e-07  ,-7.880802492906e-01  ,-4.740454283348e-01  ,8.999534388014e-01  ,9.098565216215e-01  ,5.059133141560e-01  ,1.293993563447e+00  ,6.728338074541e-01  ,1.146879235789e+00  
  1.653691102758e-07  ,-8.214526753592e-01  ,-4.500928875420e-01  ,8.999534255053e-01  ,9.104052320677e-01  ,4.892270878257e-01  ,1.310679763185e+00  ,6.853587882967e-01  ,1.135451675839e+00  
  1.654691110373e-07  ,-8.543047050401e-01  ,-4.258534840118e-01  ,8.999534179637e-01  ,9.109474662496e-01  ,4.728010654436e-01  ,1.327105770484e+00  ,6.980207242437e-01  ,1.123874208255e+00  
  1.655691117987e-07  ,-8.866123465693e-01  ,-4.013449768113e-01  ,8.999534161665e-01  ,9.114828235024e-01  ,4.566472428819e-01  ,1.343259589451e+00  ,7.108103350967e-01  ,1.112155311908e+00  
  1.656691125602e-07  ,-9.183621000750e-01  ,-3.765776288106e-01  ,8.999534201160e-01  ,9.120110776574e-01  ,4.407723700785e-01  ,1.359134470153e+00  ,7.237222632521e-01  ,1.100299892063e+00  
  1.657691133216e-07  ,-9.495273364986e-01  ,-3.515721267071e-01  ,8.999534298129e-01  ,9.125317811369e-01  ,4.251897615635e-01  ,1.374717098062e+00  ,7.367457177833e-01  ,1.088317844490e+00  
  1.658691140831e-07  ,-9.800908158253e-01  ,-3.263424556862e-01  ,8.999534452478e-01  ,9.130446416848e-01  ,4.099080373351e-01  ,1.389998853160e+00  ,7.498734138417e-01  ,1.076215869528e+00  
  1.659691148445e-07  ,-1.010038617673e+00  ,-3.009000455095e-01  ,8.999534664170e-01  ,9.135494241796e-01  ,3.949341575803e-01  ,1.404972775254e+00  ,7.630994014248e-01  ,1.063999446934e+00  
  1.660691156060e-07  ,-1.039347393477e+00  ,-2.752643411615e-01  ,8.999534933149e-01  ,9.140457345172e-01  ,3.802797965762e-01  ,1.419627190054e+00  ,7.764135639365e-01  ,1.051677905098e+00  
  1.661691163674e-07  ,-1.067995647866e+00  ,-2.494541367458e-01  ,8.999535259166e-01  ,9.145332060306e-01  ,3.659557019837e-01  ,1.433951349849e+00  ,7.898061376576e-01  ,1.039260274403e+00  
  1.662691171289e-07  ,-1.095971403138e+00  ,-2.234802471549e-01  ,8.999535642053e-01  ,9.150116329780e-01  ,3.519678626365e-01  ,1.447939265774e+00  ,8.032715094006e-01  ,1.026751756555e+00  
  1.663691178903e-07  ,-1.123253943200e+00  ,-1.973616670391e-01  ,8.999536081592e-01  ,9.154806591744e-01  ,3.383266365594e-01  ,1.461580579759e+00  ,8.167998256549e-01  ,1.014161492694e+00  
  1.664691186518e-07  ,-1.149826047835e+00  ,-1.711148004291e-01  ,8.999536577552e-01  ,9.159399865549e-01  ,3.250406338377e-01  ,1.474866681673e+00  ,8.303825863404e-01  ,1.001497386769e+00  
  1.665691194132e-07  ,-1.175668380959e+00  ,-1.447588969998e-01  ,8.999537129410e-01  ,9.163892751521e-01  ,3.121195224615e-01  ,1.487787903420e+00  ,8.440098266522e-01  ,9.887687236520e-01  
  1.666691201747e-07  ,-1.200770186034e+00  ,-1.183050042663e-01  ,8.999537736953e-01  ,9.168283347051e-01  ,2.995686806782e-01  ,1.500338866712e+00  ,8.576758325720e-01  ,9.759808368383e-01  
  1.667691209361e-07  ,-1.225110426997e+00  ,-9.177527673875e-02  ,8.999538399711e-01  ,9.172567913591e-01  ,2.873986264726e-01  ,1.512509053470e+00  ,8.713691529897e-01  ,9.631444297284e-01  
  1.668691216976e-07  ,-1.248675713840e+00  ,-6.518454983366e-02  ,8.999539117276e-01  ,9.176744046098e-01  ,2.756160548078e-01  ,1.524291768647e+00  ,8.850821296930e-01  ,9.502666795267e-01  
  1.669691224590e-07  ,-1.271455332638e+00  ,-3.854489566312e-02  ,8.999539889350e-01  ,9.180809824502e-01  ,2.642263226158e-01  ,1.535681655254e+00  ,8.988085346186e-01  ,9.373534302817e-01  
  1.670691232205e-07  ,-1.293429227705e+00  ,-1.187956398614e-02  ,8.999540715313e-01  ,9.184761636856e-01  ,2.532394576786e-01  ,1.546668685384e+00  ,9.125363816925e-01  ,9.244159456786e-01  
  1.671691239819e-07  ,-1.314588207494e+00  ,1.480026279155e-02  ,8.999541594817e-01  ,9.188597815477e-01  ,2.426600557349e-01  ,1.557248263228e+00  ,9.262599129435e-01  ,9.114596501519e-01  
  1.672691247434e-07  ,-1.334916525740e+00  ,4.147500949503e-02  ,8.999542527218e-01  ,9.192315490450e-01  ,2.324959898517e-01  ,1.567412515592e+00  ,9.399690537925e-01  ,8.984940442975e-01  
  1.673691255048e-07  ,-1.354399392668e+00  ,6.812509848789e-02  ,8.999543511817e-01  ,9.195911912408e-01  ,2.227546548475e-01  ,1.577154047516e+00  ,9.536537404847e-01  ,8.855286419969e-01  
  1.674691262663e-07  ,-1.373026158358e+00  ,9.473562818068e-02  ,8.999544548027e-01  ,9.199385060820e-01  ,2.134413756236e-01  ,1.586467533982e+00  ,9.673063201724e-01  ,8.725706919917e-01  
  1.675691270277e-07  ,-1.390788373200e+00  ,1.212945027576e-01  ,8.999545635388e-01  ,9.202733328411e-01  ,2.045603769388e-01  ,1.595348750139e+00  ,9.809205842198e-01  ,8.596260814623e-01  
  1.676691277892e-07  ,-1.407670383521e+00  ,1.477784982076e-01  ,8.999546772968e-01  ,9.205953709847e-01  ,1.961194855361e-01  ,1.603789869057e+00  ,9.944846200885e-01  ,8.467061218809e-01  
  1.677691285506e-07  ,-1.423665157861e+00  ,1.741765027751e-01  ,8.999547960282e-01  ,9.209044835312e-01  ,1.881222170977e-01  ,1.611787374959e+00  ,1.007992734919e+00  ,8.338162321436e-01  
  1.678691293121e-07  ,-1.438759229000e+00  ,2.004663491540e-01  ,8.999549196326e-01  ,9.212004052771e-01  ,1.805753051326e-01  ,1.619334534133e+00  ,1.021433579854e+00  ,8.209672307001e-01  
  1.679691300735e-07  ,-1.452946335487e+00  ,2.266370051254e-01  ,8.999550480599e-01  ,9.214830110124e-01  ,1.734818803164e-01  ,1.626428215804e+00  ,1.034801513575e+00  ,8.081645084497e-01  
  1.680691308350e-07  ,-1.466215892514e+00  ,2.526692144371e-01  ,8.999551812199e-01  ,9.217520875134e-01  ,1.668472349629e-01  ,1.633063127477e+00  ,1.048086694732e+00  ,7.954174802949e-01  
  1.681691315964e-07  ,-1.478558307730e+00  ,2.785438583458e-01  ,8.999553190121e-01  ,9.220074357931e-01  ,1.606761651472e-01  ,1.639234472877e+00  ,1.061279364966e+00  ,7.827355066202e-01  
  1.682691323579e-07  ,-1.489966904350e+00  ,3.042464716333e-01  ,8.999554613562e-01  ,9.222489126250e-01  ,1.549720091814e-01  ,1.644938913531e+00  ,1.074372148442e+00  ,7.701256768084e-01  
  1.683691331193e-07  ,-1.500434900602e+00  ,3.297614704936e-01  ,8.999556081651e-01  ,9.224763693140e-01  ,1.497381578640e-01  ,1.650173058466e+00  ,1.087357104561e+00  ,7.575956340672e-01  
  1.684691338808e-07  ,-1.509957381091e+00  ,3.550769315433e-01  ,8.999557593717e-01  ,9.226896961313e-01  ,1.449770688260e-01  ,1.654934449917e+00  ,1.100228161903e+00  ,7.451512303597e-01  
  1.685691346422e-07  ,-1.518526570152e+00  ,3.801729819015e-01  ,8.999559148611e-01  ,9.228887162729e-01  ,1.406926297849e-01  ,1.659219199937e+00  ,1.112975207224e+00  ,7.328022253222e-01  
  1.686691354037e-07  ,-1.526137066031e+00  ,4.050337926742e-01  ,8.999560745355e-01  ,9.230733003221e-01  ,1.368875415202e-01  ,1.663024607551e+00  ,1.125590196659e+00  ,7.205564039849e-01  
  1.687691361651e-07  ,-1.532784095468e+00  ,4.296436800977e-01  ,8.999562382936e-01  ,9.232433284448e-01  ,1.335641905596e-01  ,1.666348286028e+00  ,1.138065168494e+00  ,7.084214883959e-01  
  1.688691369266e-07  ,-1.538463500795e+00  ,4.539871153793e-01  ,8.999564060327e-01  ,9.233986904793e-01  ,1.307246556354e-01  ,1.669188156430e+00  ,1.150392248169e+00  ,6.964051327896e-01  
  1.689691376880e-07  ,-1.543171734916e+00  ,4.780487345140e-01  ,8.999565776463e-01  ,9.235392857677e-01  ,1.283707101886e-01  ,1.671542445104e+00  ,1.162563653025e+00  ,6.845149185107e-01  
  1.690691384495e-07  ,-1.546905860031e+00  ,5.018133480701e-01  ,8.999567530249e-01  ,9.236650228448e-01  ,1.265038230095e-01  ,1.673409683040e+00  ,1.174571696880e+00  ,6.727583488098e-01  
  1.691691392109e-07  ,-1.549663547955e+00  ,5.252659508960e-01  ,8.999569320580e-01  ,9.237758191998e-01  ,1.251251580806e-01  ,1.674788706035e+00  ,1.186408794648e+00  ,6.611428437518e-01  
  1.692691399724e-07  ,-1.551443081058e+00  ,5.483917316663e-01  ,8.999571146322e-01  ,9.238716012927e-01  ,1.242355741030e-01  ,1.675678655161e+00  ,1.198067467126e+00  ,6.496757354595e-01  
  1.693691407338e-07  ,-1.552243353307e+00  ,5.711760822058e-01  ,8.999573006332e-01  ,9.239523047866e-01  ,1.238356239796e-01  ,1.676078977287e+00  ,1.209540345890e+00  ,6.383642636837e-01  
  1.694691414953e-07  ,-1.552063871082e+00  ,5.936046066240e-01  ,8.999574899452e-01  ,9.240178748731e-01  ,1.239255544044e-01  ,1.675989425486e+00  ,1.220820178185e+00  ,6.272155715611e-01  
  1.695691422567e-07  ,-1.550904753701e+00  ,6.156631303509e-01  ,8.999576824477e-01  ,9.240682665644e-01  ,1.245053055971e-01  ,1.675410059298e+00  ,1.231899831740e+00  ,6.162367013889e-01  
  1.696691430182e-07  ,-1.548766733582e+00  ,6.373377091118e-01  ,8.999578780194e-01  ,9.241034448282e-01  ,1.255745112285e-01  ,1.674341244810e+00  ,1.242772299384e+00  ,6.054345902723e-01  
  1.697691437796e-07  ,-1.545651155993e+00  ,6.586146377983e-01  ,8.999580765368e-01  ,9.241233845497e-01  ,1.271324985403e-01  ,1.672783654533e+00  ,1.253430703449e+00  ,5.948160656505e-01  
  1.698691445411e-07  ,-1.541559978433e+00  ,6.794804592035e-01  ,8.999582778739e-01  ,9.241280703392e-01  ,1.291782886572e-01  ,1.670738267091e+00  ,1.263868299941e+00  ,5.843878407374e-01  
  1.699691453025e-07  ,-1.536495769602e+00  ,6.999219726175e-01  ,8.999584819047e-01  ,9.241174961930e-01  ,1.317105971039e-01  ,1.668206366706e+00  ,1.274078482502e+00  ,5.741565098842e-01  
  1.700691460640e-07  ,-1.530462309144e+00  ,7.199241396109e-01  ,8.999586884805e-01  ,9.240916676347e-01  ,1.347275339083e-01  ,1.665189843053e+00  ,1.284053737440e+00  ,5.641295978292e-01  
  1.701691468254e-07  ,-1.523463068260e+00  ,7.394757882295e-01  ,8.999588974863e-01  ,9.240505986347e-01  ,1.382273633565e-01  ,1.661690431616e+00  ,1.293788492749e+00  ,5.543127045199e-01  
  1.702691475869e-07  ,-1.515502293237e+00  ,7.585650406016e-01  ,8.999591087958e-01  ,9.239943119564e-01  ,1.422079621773e-01  ,1.657710255414e+00  ,1.303276832257e+00  ,5.447117916556e-01  
  1.703691483483e-07  ,-1.506584901431e+00  ,7.771799765299e-01  ,8.999593222768e-01  ,9.239228396935e-01  ,1.466668715612e-01  ,1.653251772992e+00  ,1.312512827958e+00  ,5.353328514286e-01  
  1.704691491098e-07  ,-1.496716445231e+00  ,7.953088611285e-01  ,8.999595377946e-01  ,9.238362235124e-01  ,1.516013151790e-01  ,1.648317760410e+00  ,1.321490654077e+00  ,5.261817929482e-01  
  1.705691498712e-07  ,-1.485901534422e+00  ,8.129430543249e-01  ,8.999597552445e-01  ,9.237345006877e-01  ,1.570089880334e-01  ,1.642910522456e+00  ,1.330206027850e+00  ,5.172629735253e-01  
  1.706691506327e-07  ,-1.474148402836e+00  ,8.300684040995e-01  ,8.999599744509e-01  ,9.236177413575e-01  ,1.628857730327e-01  ,1.637034175869e+00  ,1.338651943407e+00  ,5.085835393077e-01  
  1.707691513941e-07  ,-1.461465824190e+00  ,8.466723005797e-01  ,8.999601952555e-01  ,9.234860294945e-01  ,1.692272831603e-01  ,1.630693107351e+00  ,1.346822179784e+00  ,5.001498792047e-01  
  1.708691521555e-07  ,-1.447860972325e+00  ,8.627454759863e-01  ,8.999604175388e-01  ,9.233394387461e-01  ,1.760299313764e-01  ,1.623890903701e+00  ,1.354712176739e+00  ,4.919667007530e-01  
  1.709691529170e-07  ,-1.433340013926e+00  ,8.782805580484e-01  ,8.999606411968e-01  ,9.231780333455e-01  ,1.832906342340e-01  ,1.616630648160e+00  ,1.362318312370e+00  ,4.840377543213e-01  
  1.710691536784e-07  ,-1.417913884185e+00  ,8.932653263562e-01  ,8.999608660526e-01  ,9.230019290628e-01  ,1.910039239603e-01  ,1.608917808145e+00  ,1.369634592241e+00  ,4.763692658847e-01  
  1.711691544399e-07  ,-1.401592362503e+00  ,9.076902584515e-01  ,8.999610919669e-01  ,9.228112336693e-01  ,1.991649107154e-01  ,1.600757273218e+00  ,1.376656362895e+00  ,4.689661044435e-01  
  1.712691552013e-07  ,-1.384387461874e+00  ,9.215447233584e-01  ,8.999613187820e-01  ,9.226060855461e-01  ,2.077675878450e-01  ,1.592155049719e+00  ,1.383378447225e+00  ,4.618337238670e-01  
  1.713691559628e-07  ,-1.366306427218e+00  ,9.348228845482e-01  ,8.999615463981e-01  ,9.223865698285e-01  ,2.168083327893e-01  ,1.583114760007e+00  ,1.389798012103e+00  ,4.549751275544e-01  
  1.714691567242e-07  ,-1.347362358969e+00  ,9.475147702291e-01  ,8.999617746406e-01  ,9.221528414490e-01  ,2.262805951563e-01  ,1.573642954125e+00  ,1.395910226564e+00  ,4.483954563345e-01  
  1.715691574857e-07  ,-1.327567211965e+00  ,9.596122951194e-01  ,8.999620033658e-01  ,9.219050444709e-01  ,2.361783973832e-01  ,1.563745609348e+00  ,1.401711192031e+00  ,4.420988969112e-01  
  1.716691582471e-07  ,-1.306935515701e+00  ,9.711065351724e-01  ,8.999622324140e-01  ,9.216433591182e-01  ,2.464944745636e-01  ,1.553429990265e+00  ,1.407196626704e+00  ,4.360900915320e-01  
  1.717691590086e-07  ,-1.285475944522e+00  ,9.819926433474e-01  ,8.999624616870e-01  ,9.213678942311e-01  ,2.572244894259e-01  ,1.542700433948e+00  ,1.412364215905e+00  ,4.303715725574e-01  
  1.718691597700e-07  ,-1.263204092181e+00  ,9.922623928008e-01  ,8.999626910105e-01  ,9.210788459963e-01  ,2.683606449201e-01  ,1.531564737101e+00  ,1.417210042397e+00  ,4.249476495959e-01  
  1.719691605315e-07  ,-1.240136350102e+00  ,1.001908200475e+00  ,8.999629202181e-01  ,9.207764250039e-01  ,2.798947451669e-01  ,1.520031095269e+00  ,1.421730525242e+00  ,4.198223247662e-01  
  1.720691612929e-07  ,-1.216285611876e+00  ,1.010924695750e+00  ,8.999631491867e-01  ,9.204608008149e-01  ,2.918203432485e-01  ,1.508105955125e+00  ,1.425923148690e+00  ,4.149984529399e-01  
  1.721691620544e-07  ,-1.191666253722e+00  ,1.019306374021e+00  ,8.999633777775e-01  ,9.201321638922e-01  ,3.041302509167e-01  ,1.495796504638e+00  ,1.429785350903e+00  ,4.104789768817e-01  
  1.722691628158e-07  ,-1.166289736139e+00  ,1.027049221527e+00  ,8.999636058768e-01  ,9.197906653312e-01  ,3.168187378072e-01  ,1.483108473946e+00  ,1.433315276095e+00  ,4.062660545675e-01  
  1.723691635773e-07  ,-1.140178419199e+00  ,1.034146085780e+00  ,8.999638332778e-01  ,9.194366015882e-01  ,3.298746236783e-01  ,1.470053042877e+00  ,1.436509644478e+00  ,4.023635586985e-01  
  1.724691643387e-07  ,-1.113347008300e+00  ,1.040593023617e+00  ,8.999640598581e-01  ,9.190701709685e-01  ,3.432905557080e-01  ,1.456637564008e+00  ,1.439366682777e+00  ,3.987736591602e-01  
  1.725691651002e-07  ,-1.085807746795e+00  ,1.046387024557e+00  ,8.999642855111e-01  ,9.186915381971e-01  ,3.570604121135e-01  ,1.442868158909e+00  ,1.441885050476e+00  ,3.954980259186e-01  
  1.726691658616e-07  ,-1.057581767666e+00  ,1.051523304839e+00  ,8.999645100527e-01  ,9.183009878726e-01  ,3.711736262196e-01  ,1.428755393886e+00  ,1.444062640292e+00  ,3.925393354529e-01  
  1.727691666231e-07  ,-1.028689917298e+00  ,1.055998049597e+00  ,8.999647333232e-01  ,9.178988058370e-01  ,3.856197746744e-01  ,1.414309691972e+00  ,1.445897830636e+00  ,3.898997810385e-01  
  1.728691673845e-07  ,-9.991483328557e-01  ,1.059808783933e+00  ,8.999649552078e-01  ,9.174852179499e-01  ,4.003907887800e-01  ,1.399539121636e+00  ,1.447389609916e+00  ,3.875808259834e-01  
  1.729691681460e-07  ,-9.689704393117e-01  ,1.062953694377e+00  ,8.999651756006e-01  ,9.170604112656e-01  ,4.154799559447e-01  ,1.384450395256e+00  ,1.448537258454e+00  ,3.855835640769e-01  
  1.730691689074e-07  ,-9.381825127346e-01  ,1.065429762828e+00  ,8.999653943028e-01  ,9.166247535175e-01  ,4.308741379355e-01  ,1.369056650670e+00  ,1.449339634931e+00  ,3.839098721035e-01  
  1.731691696689e-07  ,-9.068018220591e-01  ,1.067235632898e+00  ,8.999656111986e-01  ,9.161784894418e-01  ,4.465647001691e-01  ,1.353366522228e+00  ,1.449796305891e+00  ,3.825606729927e-01  
  1.732691704303e-07  ,-8.748426778182e-01  ,1.068370401828e+00  ,8.999658261858e-01  ,9.157218208684e-01  ,4.625444872767e-01  ,1.337387165095e+00  ,1.449907021782e+00  ,3.815366199546e-01  
  1.733691711918e-07  ,-8.423329858726e-01  ,1.068832806862e+00  ,8.999660390691e-01  ,9.152551428295e-01  ,4.787995461328e-01  ,1.321132532005e+00  ,1.449671546260e+00  ,3.808387393986e-01  
  1.734691719532e-07  ,-8.092909783018e-01  ,1.068622619115e+00  ,8.999662497330e-01  ,9.147787165382e-01  ,4.953207605821e-01  ,1.304611738884e+00  ,1.449090026096e+00  ,3.804674069808e-01  
  1.735691727147e-07  ,-7.757317320744e-01  ,1.067739852723e+00  ,8.999664580785e-01  ,9.142927571539e-01  ,5.121005920413e-01  ,1.287832324116e+00  ,1.448162683516e+00  ,3.804228307922e-01  
  1.736691734761e-07  ,-7.416811087026e-01  ,1.066184852076e+00  ,8.999666639346e-01  ,9.137976335467e-01  ,5.291261095833e-01  ,1.270807218286e+00  ,1.446890059585e+00  ,3.807052075088e-01  
  1.737691742376e-07  ,-7.071642483999e-01  ,1.063958716775e+00  ,8.999668671568e-01  ,9.132937092641e-01  ,5.463847429569e-01  ,1.253548991357e+00  ,1.445273067651e+00  ,3.813143508767e-01  
  1.738691749990e-07  ,-6.721956865339e-01  ,1.061062356929e+00  ,8.999670676645e-01  ,9.127811961267e-01  ,5.638692243976e-01  ,1.236064910931e+00  ,1.443312374591e+00  ,3.822500176624e-01  
  1.739691757605e-07  ,-6.368011199428e-01  ,1.057497646443e+00  ,8.999672653036e-01  ,9.122604686245e-01  ,5.815667053322e-01  ,1.218367825275e+00  ,1.441009291846e+00  ,3.835116454030e-01  
  1.740691765219e-07  ,-6.010029556732e-01  ,1.053266723165e+00  ,8.999674599408e-01  ,9.117318546127e-01  ,5.994659821042e-01  ,1.200468937777e+00  ,1.438365216195e+00  ,3.850984930304e-01  
  1.741691772834e-07  ,-5.648274509454e-01  ,1.048372652384e+00  ,8.999676514521e-01  ,9.111957430686e-01  ,6.175539259794e-01  ,1.182381376925e+00  ,1.435382069260e+00  ,3.870094168768e-01  
  1.742691780448e-07  ,-5.282898004579e-01  ,1.042817464431e+00  ,8.999678397519e-01  ,9.106523591980e-01  ,6.358229395230e-01  ,1.164112739981e+00  ,1.432061091414e+00  ,3.892436269825e-01  
  1.743691788063e-07  ,-4.914168475677e-01  ,1.036604989921e+00  ,8.999680246892e-01  ,9.101020998585e-01  ,6.542596009053e-01  ,1.145676448473e+00  ,1.428404594819e+00  ,3.917996048979e-01  
  1.744691795677e-07  ,-4.542357219173e-01  ,1.029739750838e+00  ,8.999682061364e-01  ,9.095453687385e-01  ,6.728503451777e-01  ,1.127086067095e+00  ,1.424415244157e+00  ,3.946754933195e-01  
  1.745691803292e-07  ,-4.167671396809e-01  ,1.022225619169e+00  ,8.999683839986e-01  ,9.089824778273e-01  ,6.915848141581e-01  ,1.108351953839e+00  ,1.420095287412e+00  ,3.978696682426e-01  
  1.746691810906e-07  ,-3.790337208523e-01  ,1.014067112112e+00  ,8.999685581647e-01  ,9.084137685536e-01  ,7.104516977386e-01  ,1.089485418591e+00  ,1.415447324610e+00  ,4.013802124976e-01  
  1.747691818521e-07  ,-3.410531428732e-01  ,1.005267929052e+00  ,8.999687285434e-01  ,9.078395058716e-01  ,7.294421571068e-01  ,1.070495299980e+00  ,1.410473470398e+00  ,4.052055413456e-01  
  1.748691826135e-07  ,-3.028553002680e-01  ,9.958345897473e-01  ,8.999688949871e-01  ,9.072601367120e-01  ,7.485412448531e-01  ,1.051396545121e+00  ,1.405177431586e+00  ,4.093428418383e-01  
  1.749691833750e-07  ,-2.644684886275e-01  ,9.857739846004e-01  ,8.999690573830e-01  ,9.066760880921e-01  ,7.677348130692e-01  ,1.032203301697e+00  ,1.399563080392e+00  ,4.137890957919e-01  
  1.750691841364e-07  ,-2.259141429084e-01  ,9.750917735071e-01  ,8.999692156483e-01  ,9.060876882542e-01  ,7.870121441941e-01  ,1.012926287102e+00  ,1.393633575008e+00  ,4.185418015007e-01  
  1.751691848979e-07  ,-1.872099615335e-01  ,9.637927399785e-01  ,8.999693696985e-01  ,9.054952050618e-01  ,8.063643889317e-01  ,9.935743504652e-01  ,1.387391575051e+00  ,4.235988350725e-01  
  1.752691856593e-07  ,-1.483900260877e-01  ,9.518865175084e-01  ,8.999695193896e-01  ,9.048991564322e-01  ,8.257745063457e-01  ,9.741645324334e-01  ,1.380842415186e+00  ,4.289558976780e-01  
  1.753691864208e-07  ,-1.094760294611e-01  ,9.393797980980e-01  ,8.999696646540e-01  ,9.042998772649e-01  ,8.452316499234e-01  ,9.547076793845e-01  ,1.373989776314e+00  ,4.346099782159e-01  
  1.754691871822e-07  ,-7.049146623321e-02  ,9.262801293291e-01  ,8.999698054115e-01  ,9.036977321383e-01  ,8.647240722949e-01  ,9.352155385281e-01  ,1.366837796803e+00  ,4.405576674738e-01  
  1.755691879437e-07  ,-3.145459572411e-02  ,9.125935237935e-01  ,8.999699415867e-01  ,9.030930025649e-01  ,8.842426437246e-01  ,9.156972394487e-01  ,1.359389764462e+00  ,4.467962406682e-01  
  1.756691887051e-07  ,7.603814920166e-03  ,8.983303489464e-01  ,8.999700730544e-01  ,9.024861613503e-01  ,9.037719805145e-01  ,8.961681655944e-01  ,1.351651335823e+00  ,4.533209868771e-01  
  1.757691894666e-07  ,4.665487069699e-02  ,8.835010469437e-01  ,8.999701997261e-01  ,9.018776556478e-01  ,9.232976350746e-01  ,8.766427643776e-01  ,1.343628179120e+00  ,4.601271321759e-01  
  1.758691902280e-07  ,8.568210562916e-02  ,8.681118235571e-01  ,8.999703215501e-01  ,9.012677416170e-01  ,9.428113743647e-01  ,8.571292687356e-01  ,1.335323653396e+00  ,4.672118298385e-01  
  1.759691909895e-07  ,1.246526746001e-01  ,8.521754417296e-01  ,8.999704384196e-01  ,9.006569323385e-01  ,9.622967757197e-01  ,8.376441011196e-01  ,1.326744653203e+00  ,4.745692114737e-01  
  1.760691917509e-07  ,1.635501340086e-01  ,8.356985730082e-01  ,8.999705502819e-01  ,9.000454849382e-01  ,9.817456172861e-01  ,8.181954832776e-01  ,1.317894771442e+00  ,4.821961984341e-01  
  1.761691925124e-07  ,2.023456794699e-01  ,8.186931191646e-01  ,8.999706570533e-01  ,8.994338498374e-01  ,1.001143496788e+00  ,7.987978173184e-01  ,1.308780409420e+00  ,4.900872902551e-01  
  1.762691932738e-07  ,2.410146786735e-01  ,8.011697061424e-01  ,8.999707586676e-01  ,8.988224139506e-01  ,1.020478098004e+00  ,7.794634193308e-01  ,1.299407267022e+00  ,4.982375608794e-01  
  1.763691940353e-07  ,2.795287418671e-01  ,7.831411752169e-01  ,8.999708550592e-01  ,8.982116290131e-01  ,1.039735225993e+00  ,7.602064841257e-01  ,1.289782216622e+00  ,5.066410414047e-01  
  1.764691947967e-07  ,3.178716833759e-01  ,7.646150773705e-01  ,8.999709461853e-01  ,8.976017528895e-01  ,1.058906787873e+00  ,7.410351044974e-01  ,1.279909291575e+00  ,5.152942142042e-01  
  1.765691955582e-07  ,3.560151550905e-01  ,7.456048353862e-01  ,8.999710319653e-01  ,8.969932362340e-01  ,1.077978609511e+00  ,7.219634544201e-01  ,1.269795653927e+00  ,5.241908185409e-01  
  1.766691963196e-07  ,3.939349425960e-01  ,7.261223445770e-01  ,8.999711123419e-01  ,8.963864640212e-01  ,1.096938583640e+00  ,7.030036410438e-01  ,1.259447636310e+00  ,5.333252917326e-01  
  1.767691970811e-07  ,4.316032050451e-01  ,7.061818888365e-01  ,8.999711872736e-01  ,8.957818835933e-01  ,1.115772789796e+00  ,6.841695847511e-01  ,1.248872828012e+00  ,5.426909391750e-01  
  1.768691978425e-07  ,4.690041097335e-01  ,6.857918240669e-01  ,8.999712567239e-01  ,8.951797495709e-01  ,1.134473311591e+00  ,6.654692018572e-01  ,1.238075661604e+00  ,5.522838375374e-01  
  1.769691986040e-07  ,5.061099701354e-01  ,6.649669614931e-01  ,8.999713206291e-01  ,8.945805064328e-01  ,1.153026305697e+00  ,6.469163355614e-01  ,1.227063987179e+00  ,5.620970256862e-01  
  1.770691993654e-07  ,5.428972183383e-01  ,6.437203476952e-01  ,8.999713789479e-01  ,8.939845331385e-01  ,1.171419988117e+00  ,6.285227697788e-01  ,1.215844706986e+00  ,5.721243592909e-01  
  1.771692001269e-07  ,5.793388415348e-01  ,6.220675660745e-01  ,8.999714316486e-01  ,8.933922699494e-01  ,1.189640852416e+00  ,6.103020108812e-01  ,1.204426052987e+00  ,5.823584869122e-01  
  1.772692008883e-07  ,6.154145940438e-01  ,6.000207555242e-01  ,8.999714787042e-01  ,8.928040504987e-01  ,1.207678775726e+00  ,5.922641816823e-01  ,1.192814428261e+00  ,5.927936727366e-01  
  1.773692016498e-07  ,6.511079965368e-01  ,5.775898959216e-01  ,8.999715200875e-01  ,8.922201445733e-01  ,1.225525518356e+00  ,5.744175218191e-01  ,1.181015092534e+00  ,6.034251966125e-01  
  1.774692024112e-07  ,6.863875912767e-01  ,5.547944491837e-01  ,8.999715557553e-01  ,8.916410673354e-01  ,1.243165351394e+00  ,5.567777601169e-01  ,1.169038291927e+00  ,6.142438427436e-01  
  1.775692031727e-07  ,7.212336540641e-01  ,5.316471919708e-01  ,8.999715856923e-01  ,8.910671438380e-01  ,1.260588412724e+00  ,5.393547586603e-01  ,1.156890739823e+00  ,6.252435478526e-01  
  1.776692039341e-07  ,7.556301976559e-01  ,5.081586098897e-01  ,8.999716098819e-01  ,8.904986365479e-01  ,1.277786708710e+00  ,5.221565110539e-01  ,1.144577941493e+00  ,6.364193316031e-01  
  1.777692046956e-07  ,7.895502997416e-01  ,4.843466109585e-01  ,8.999716282939e-01  ,8.899359870140e-01  ,1.294746778165e+00  ,5.051964784231e-01  ,1.132109292493e+00  ,6.477626815348e-01  
  1.778692054570e-07  ,8.229723236666e-01  ,4.602261406821e-01  ,8.999716409140e-01  ,8.893795516082e-01  ,1.311457802747e+00  ,4.884854790808e-01  ,1.119492621949e+00  ,6.592664812671e-01  
  1.779692062185e-07  ,8.558717138026e-01  ,4.358149009071e-01  ,8.999716477465e-01  ,8.888297412287e-01  ,1.327907504648e+00  ,4.720357908452e-01  ,1.106737191682e+00  ,6.709222907751e-01  
  1.780692069799e-07  ,8.882346524548e-01  ,4.111231305485e-01  ,8.999716487845e-01  ,8.882867882658e-01  ,1.344088975012e+00  ,4.558543225571e-01  ,1.093848353540e+00  ,6.827252229916e-01  
  1.781692077413e-07  ,9.200371178304e-01  ,3.861688647499e-01  ,8.999716440197e-01  ,8.877510968061e-01  ,1.359990202935e+00  ,4.399530851045e-01  ,1.080835529181e+00  ,6.946666644312e-01  
  1.782692085028e-07  ,9.512589191305e-01  ,3.609677772189e-01  ,8.999716334596e-01  ,8.872230079210e-01  ,1.375601093025e+00  ,4.243421738943e-01  ,1.067706896530e+00  ,7.067391193115e-01  
  1.783692092642e-07  ,9.818771691653e-01  ,3.355383663013e-01  ,8.999716171203e-01  ,8.867029126179e-01  ,1.390910201703e+00  ,4.090330325376e-01  ,1.054472095769e+00  ,7.189337294672e-01  
  1.784692100257e-07  ,1.011874909504e+00  ,3.098948759104e-01  ,8.999715950099e-01  ,8.861911029054e-01  ,1.405909049762e+00  ,3.940341402580e-01  ,1.041138540861e+00  ,7.312436649502e-01  
  1.785692107871e-07  ,1.041238438180e+00  ,2.840489428073e-01  ,8.999715671321e-01  ,8.856878132533e-01  ,1.420590786222e+00  ,3.793523480419e-01  ,1.027712284657e+00  ,7.436633418497e-01  
  1.786692115486e-07  ,1.069941822178e+00  ,2.580230871265e-01  ,8.999715335043e-01  ,8.851934881610e-01  ,1.434942444593e+00  ,3.650006224153e-01  ,1.014205031724e+00  ,7.561819445978e-01  
  1.787692123100e-07  ,1.097972937834e+00  ,2.318282291863e-01  ,8.999714941404e-01  ,8.847083358819e-01  ,1.448957963057e+00  ,3.509850252235e-01  ,1.000622450475e+00  ,7.687942212887e-01  
  1.788692130715e-07  ,1.125310840945e+00  ,2.054835499340e-01  ,8.999714490687e-01  ,8.842327173039e-01  ,1.462626869541e+00  ,3.373160285962e-01  ,9.869744922709e-01  ,7.814909423369e-01  
  1.789692138329e-07  ,1.151938154144e+00  ,1.790056164081e-01  ,8.999713983162e-01  ,8.837669349353e-01  ,1.475940475388e+00  ,3.240023212441e-01  ,9.732697431393e-01  ,7.942641267312e-01  
  1.790692145944e-07  ,1.177835372240e+00  ,1.524138719164e-01  ,8.999713419250e-01  ,8.833113338789e-01  ,1.488889028045e+00  ,3.110536558048e-01  ,9.595182698371e-01  ,8.071043979207e-01  
  1.791692153558e-07  ,1.202988184730e+00  ,1.257232053841e-01  ,8.999712799301e-01  ,8.828661706593e-01  ,1.501465372295e+00  ,2.984771875651e-01  ,9.457277733513e-01  ,8.200045679672e-01  
  1.792692161173e-07  ,1.227385102018e+00  ,9.894574321933e-02  ,8.999712123568e-01  ,8.824316505727e-01  ,1.513663763366e+00  ,2.862786613479e-01  ,9.319045221824e-01  ,8.329587789631e-01  
  1.793692168787e-07  ,1.251004538266e+00  ,7.210486516239e-02  ,8.999711392627e-01  ,8.820081605505e-01  ,1.525473408396e+00  ,2.744688701297e-01  ,9.180605931317e-01  ,8.459557279693e-01  
  1.794692176402e-07  ,1.273833376774e+00  ,4.521559661589e-02  ,8.999710606932e-01  ,8.815959381669e-01  ,1.536887749080e+00  ,2.630543723062e-01  ,9.042037364749e-01  ,8.589881398590e-01  
  1.795692184016e-07  ,1.295861147157e+00  ,1.829015994588e-02  ,8.999709766813e-01  ,8.811951727591e-01  ,1.547901550260e+00  ,2.520404031029e-01  ,8.903402527321e-01  ,8.720500927862e-01  
  1.796692191631e-07  ,1.317070470926e+00  ,-8.650743035931e-03  ,8.999708872819e-01  ,8.808061789032e-01  ,1.558506122745e+00  ,2.414356518188e-01  ,8.764808073852e-01  ,8.851315504211e-01  
  1.797692199245e-07  ,1.337445757792e+00  ,-3.558732281965e-02  ,8.999707925618e-01  ,8.804292432835e-01  ,1.568693671458e+00  ,2.312479136658e-01  ,8.626355818737e-01  ,8.982229046933e-01  
  1.798692206860e-07  ,1.356978471470e+00  ,-6.250827118643e-02  ,8.999706925645e-01  ,8.800645250641e-01  ,1.578459928300e+00  ,2.214814568293e-01  ,8.488103894709e-01  ,9.113186606573e-01  
  1.799692214474e-07  ,1.375654006355e+00  ,-8.939380606073e-02  ,8.999705873623e-01  ,8.797122981047e-01  ,1.587797590540e+00  ,2.121435841849e-01  ,8.350153950743e-01  ,9.244092011351e-01  
  1.800692222089e-07  ,1.393458702145e+00  ,-1.162241762237e-01  ,8.999704770348e-01  ,8.793728240128e-01  ,1.596699828108e+00  ,2.032411259622e-01  ,8.212607359009e-01  ,9.374849121246e-01  
  1.801692229703e-07  ,1.410385122113e+00  ,-1.429881169146e-01  ,8.999703616314e-01  ,8.790462469574e-01  ,1.605162922688e+00  ,1.947778005752e-01  ,8.075521885001e-01  ,9.505403054147e-01  
  1.802692237318e-07  ,1.426420596968e+00  ,-1.696659435227e-01  ,8.999702412338e-01  ,8.787328136341e-01  ,1.613180539718e+00  ,1.867599427500e-01  ,7.938998418728e-01  ,9.635657853954e-01  
  1.803692244932e-07  ,1.441554961548e+00  ,-1.962408448981e-01  ,8.999701159133e-01  ,8.784327246582e-01  ,1.620747596687e+00  ,1.791926351394e-01  ,7.803123022091e-01  ,9.765531471072e-01  
  1.804692252547e-07  ,1.455777193220e+00  ,-2.226932952534e-01  ,8.999699857689e-01  ,8.781462018557e-01  ,1.627858582379e+00  ,1.720813891590e-01  ,7.667995542290e-01  ,9.894928494824e-01  
  1.805692260161e-07  ,1.469079514523e+00  ,-2.490084969444e-01  ,8.999698508732e-01  ,8.778734049626e-01  ,1.634509608134e+00  ,1.654300936120e-01  ,7.533691564903e-01  ,1.002377653435e+00  
  1.806692267776e-07  ,1.481453941848e+00  ,-2.751704891944e-01  ,8.999697113071e-01  ,8.776145001704e-01  ,1.640696682231e+00  ,1.592427403832e-01  ,7.400292555732e-01  ,1.015199744768e+00  
  1.807692275390e-07  ,1.492892791454e+00  ,-3.011629892340e-01  ,8.999695671573e-01  ,8.773696502566e-01  ,1.646415962884e+00  ,1.535231714305e-01  ,7.267881556396e-01  ,1.027951144874e+00  
  1.808692283005e-07  ,1.503390572122e+00  ,-3.269737448633e-01  ,8.999694184902e-01  ,8.771389733245e-01  ,1.651664704551e+00  ,1.482741324291e-01  ,7.136521008928e-01  ,1.040625845756e+00  
  1.809692290619e-07  ,1.512938586933e+00  ,-3.525823940263e-01  ,8.999692654195e-01  ,8.769226596281e-01  ,1.656438558886e+00  ,1.434999719530e-01  ,7.006314626149e-01  ,1.053213856641e+00  
  1.810692298234e-07  ,1.521530751850e+00  ,-3.779727821010e-01  ,8.999691080421e-01  ,8.767208490499e-01  ,1.660734483967e+00  ,1.392037321172e-01  ,6.877344579994e-01  ,1.065707240100e+00  
  1.811692305848e-07  ,1.529161625067e+00  ,-4.031288897039e-01  ,8.999689464587e-01  ,8.765336723306e-01  ,1.664549758992e+00  ,1.353881339251e-01  ,6.749692274787e-01  ,1.078098117183e+00  
  1.812692313463e-07  ,1.535825706527e+00  ,-4.280322276253e-01  ,8.999687807876e-01  ,8.763612688629e-01  ,1.667881634051e+00  ,1.320559275239e-01  ,6.623451550503e-01  ,1.090377382676e+00  
  1.813692321077e-07  ,1.541519438248e+00  ,-4.526688733922e-01  ,8.999686111235e-01  ,8.762037347183e-01  ,1.670728330247e+00  ,1.292088919996e-01  ,6.498692980222e-01  ,1.102538171414e+00  
  1.814692328692e-07  ,1.546240217753e+00  ,-4.770275946134e-01  ,8.999684375449e-01  ,8.760611434000e-01  ,1.673088546421e+00  ,1.268483286686e-01  ,6.375473460933e-01  ,1.114574940707e+00  
  1.815692336306e-07  ,1.549984107321e+00  ,-5.010895147948e-01  ,8.999682601854e-01  ,8.759336120949e-01  ,1.674960313846e+00  ,1.249762065251e-01  ,6.253888546975e-01  ,1.126478369492e+00  
  1.816692343921e-07  ,1.552748748250e+00  ,-5.248394405908e-01  ,8.999680791566e-01  ,8.758212235296e-01  ,1.676342453282e+00  ,1.235937050314e-01  ,6.134015032342e-01  ,1.138240943825e+00  
  1.817692351535e-07  ,1.554532404141e+00  ,-5.482623731118e-01  ,8.999678945719e-01  ,8.757240511278e-01  ,1.677234096642e+00  ,1.227016925014e-01  ,6.015928645719e-01  ,1.149855237684e+00  
  1.818692359150e-07  ,1.555333872034e+00  ,-5.713410932470e-01  ,8.999677065656e-01  ,8.756421677139e-01  ,1.677634642583e+00  ,1.223007705485e-01  ,5.899716210905e-01  ,1.161312714337e+00  
  1.819692366764e-07  ,1.555152882943e+00  ,-5.940659046471e-01  ,8.999675152177e-01  ,8.755756085059e-01  ,1.677543956689e+00  ,1.223910737461e-01  ,5.785426561824e-01  ,1.172608560829e+00  
  1.820692374379e-07  ,1.553989394462e+00  ,-6.164199879846e-01  ,8.999673206701e-01  ,8.755244286302e-01  ,1.676962017901e+00  ,1.229726234393e-01  ,5.673144346379e-01  ,1.183734422623e+00  
  1.821692381993e-07  ,1.551844377944e+00  ,-6.383869077298e-01  ,8.999671230662e-01  ,8.754886668299e-01  ,1.675889312038e+00  ,1.240449340945e-01  ,5.562952129650e-01  ,1.194682120695e+00  
  1.822692389608e-07  ,1.548718805894e+00  ,-6.599574334769e-01  ,8.999669224893e-01  ,8.754683386555e-01  ,1.674326325436e+00  ,1.256075195421e-01  ,5.454896219171e-01  ,1.205447055394e+00  
  1.823692397222e-07  ,1.544614813743e+00  ,-6.811155792179e-01  ,8.999667190878e-01  ,8.754634647935e-01  ,1.672274125959e+00  ,1.276593122165e-01  ,5.349056751846e-01  ,1.216021254402e+00  
  1.824692404837e-07  ,1.539535538842e+00  ,-7.018457869800e-01  ,8.999665130114e-01  ,8.754740496695e-01  ,1.669734282432e+00  ,1.301987435906e-01  ,5.245511561795e-01  ,1.226396943160e+00  
  1.825692412451e-07  ,1.533483962466e+00  ,-7.221364822639e-01  ,8.999663043738e-01  ,8.755000865423e-01  ,1.666708285607e+00  ,1.332243231408e-01  ,5.144318454104e-01  ,1.236568327674e+00  
  1.826692420066e-07  ,1.526462842111e+00  ,-7.419783917882e-01  ,8.999660932719e-01  ,8.755415653140e-01  ,1.663197514328e+00  ,1.367346722162e-01  ,5.045523694199e-01  ,1.246530761208e+00  
  1.827692427680e-07  ,1.518477354051e+00  ,-7.613560359277e-01  ,8.999658798722e-01  ,8.755984615004e-01  ,1.659204556898e+00  ,1.407272028468e-01  ,4.949204435366e-01  ,1.256276479464e+00  
  1.828692435295e-07  ,1.509532616303e+00  ,-7.802571493119e-01  ,8.999656643092e-01  ,8.756707414634e-01  ,1.654731972461e+00  ,1.451993561578e-01  ,4.855421668075e-01  ,1.265799316119e+00  
  1.829692442909e-07  ,1.499635319241e+00  ,-7.986678303372e-01  ,8.999654467369e-01  ,8.757583527596e-01  ,1.649783106358e+00  ,1.501477871162e-01  ,4.764244375909e-01  ,1.275092267928e+00  
  1.830692450524e-07  ,1.488791121530e+00  ,-8.165778073069e-01  ,8.999652272781e-01  ,8.758612454192e-01  ,1.644360788043e+00  ,1.555696665131e-01  ,4.675723417658e-01  ,1.284150149073e+00  
  1.831692458138e-07  ,1.477006634171e+00  ,-8.339762031171e-01  ,8.999650060665e-01  ,8.759793576683e-01  ,1.638468323152e+00  ,1.614616889810e-01  ,4.589912561097e-01  ,1.292967459227e+00  
  1.832692465753e-07  ,1.464289197340e+00  ,-8.508521526350e-01  ,8.999647832402e-01  ,8.761126174183e-01  ,1.632109381910e+00  ,1.678201845700e-01  ,4.506865411008e-01  ,1.301538693736e+00  
  1.833692473367e-07  ,1.450646802739e+00  ,-8.671950146495e-01  ,8.999645589396e-01  ,8.762609427617e-01  ,1.625287960309e+00  ,1.746411575700e-01  ,4.426634354370e-01  ,1.309858450086e+00  
  1.834692480982e-07  ,1.436085903914e+00  ,-8.829969903379e-01  ,8.999643332743e-01  ,8.764242662615e-01  ,1.618007285231e+00  ,1.819213813171e-01  ,4.349257710926e-01  ,1.317922761431e+00  
  1.835692488596e-07  ,1.420617809810e+00  ,-8.982453553593e-01  ,8.999641064281e-01  ,8.766024676719e-01  ,1.610273011333e+00  ,1.896552015230e-01  ,4.274797899922e-01  ,1.325725145352e+00  
  1.836692496211e-07  ,1.404254122182e+00  ,-9.129288903569e-01  ,8.999638785653e-01  ,8.767954166065e-01  ,1.602090939656e+00  ,1.978368174743e-01  ,4.203309714280e-01  ,1.333259861785e+00  
  1.837692503825e-07  ,1.387004125798e+00  ,-9.270394160428e-01  ,8.999636498097e-01  ,8.770030040869e-01  ,1.593465712709e+00  ,2.064615869106e-01  ,4.134832960655e-01  ,1.340522712108e+00  
  1.838692511440e-07  ,1.368875705309e+00  ,-9.405704574096e-01  ,8.999634202691e-01  ,8.772251371228e-01  ,1.584401272923e+00  ,2.155255676149e-01  ,4.069399084180e-01  ,1.347510365828e+00  
  1.839692519054e-07  ,1.349884641200e+00  ,-9.535099720472e-01  ,8.999631901465e-01  ,8.774616263463e-01  ,1.574905510747e+00  ,2.250208695463e-01  ,4.007066403227e-01  ,1.354216612370e+00  
  1.840692526669e-07  ,1.330041717526e+00  ,-9.658507589000e-01  ,8.999629595645e-01  ,8.777123378348e-01  ,1.564983818327e+00  ,2.349421008016e-01  ,3.947869583849e-01  ,1.360637717285e+00  
  1.841692534283e-07  ,1.309356024985e+00  ,-9.775871453422e-01  ,8.999627286296e-01  ,8.779771585571e-01  ,1.554640741122e+00  ,2.452847161373e-01  ,3.891835858860e-01  ,1.366770731228e+00  
  1.842692541898e-07  ,1.287845623610e+00  ,-9.887086495240e-01  ,8.999624975483e-01  ,8.782558614440e-01  ,1.543885309354e+00  ,2.560396857431e-01  ,3.839015366820e-01  ,1.372610186206e+00  
  1.843692549512e-07  ,1.265519696577e+00  ,-9.992105918612e-01  ,8.999622664213e-01  ,8.785483296724e-01  ,1.532722114710e+00  ,2.672024181327e-01  ,3.789430337418e-01  ,1.378153625603e+00  
  1.844692557127e-07  ,1.242394680672e+00  ,-1.009085043844e+00  ,8.999620354222e-01  ,8.788543531725e-01  ,1.521159375758e+00  ,2.787646950860e-01  ,3.743118312504e-01  ,1.383396875095e+00  
  1.845692564741e-07  ,1.218485293104e+00  ,-1.018325706028e+00  ,8.999618046987e-01  ,8.791737411125e-01  ,1.509204451251e+00  ,2.907191581469e-01  ,3.700108880984e-01  ,1.388336594127e+00  
  1.846692572356e-07  ,1.193809191707e+00  ,-1.026925772517e+00  ,8.999615744116e-01  ,8.795062590367e-01  ,1.496866170265e+00  ,3.030569785581e-01  ,3.660433727781e-01  ,1.392969145295e+00  
  1.847692579970e-07  ,1.168380228782e+00  ,-1.034880476205e+00  ,8.999613446853e-01  ,8.798517194039e-01  ,1.484151459077e+00  ,3.157712302941e-01  ,3.624114813013e-01  ,1.397291957506e+00  
  1.848692587585e-07  ,1.142210004408e+00  ,-1.042186135884e+00  ,8.999611156300e-01  ,8.802099658564e-01  ,1.471066117834e+00  ,3.288561134258e-01  ,3.591168979142e-01  ,1.401303033799e+00  
  1.849692595199e-07  ,1.115318623157e+00  ,-1.048836830974e+00  ,8.999608874318e-01  ,8.805807275246e-01  ,1.457620199010e+00  ,3.423015758535e-01  ,3.561623120378e-01  ,1.404999143011e+00  
  1.850692602814e-07  ,1.087723255357e+00  ,-1.054828289460e+00  ,8.999606602343e-01  ,8.809637714918e-01  ,1.443822287913e+00  ,3.560990325557e-01  ,3.535496267618e-01  ,1.408377916222e+00  
  1.851692610428e-07  ,1.059441422141e+00  ,-1.060156654206e+00  ,8.999604341753e-01  ,8.813588573098e-01  ,1.429681145246e+00  ,3.702397231048e-01  ,3.512805302066e-01  ,1.411437184413e+00  
  1.852692618043e-07  ,1.030491035179e+00  ,-1.064818485633e+00  ,8.999602094062e-01  ,8.817657374340e-01  ,1.415205726996e+00  ,3.847146918168e-01  ,3.493564946173e-01  ,1.414174980251e+00  
  1.853692625657e-07  ,1.000890410342e+00  ,-1.068810764053e+00  ,8.999599860705e-01  ,8.821841573017e-01  ,1.400405191241e+00  ,3.995147808997e-01  ,3.477787752752e-01  ,1.416589539328e+00  
  1.854692633272e-07  ,9.706613360842e-01  ,-1.072130540853e+00  ,8.999597643202e-01  ,8.826138096686e-01  ,1.385290432362e+00  ,4.146290962781e-01  ,3.465485392419e-01  ,1.418679080095e+00  
  1.855692640886e-07  ,9.398207319960e-01  ,-1.074776008706e+00  ,8.999595442760e-01  ,8.830544523423e-01  ,1.369869910274e+00  ,4.300491782780e-01  ,3.456664479895e-01  ,1.420442456695e+00  
  1.856692648500e-07  ,9.083872737423e-01  ,-1.076745545414e+00  ,8.999593260703e-01  ,8.835058172017e-01  ,1.354152962941e+00  ,4.457656891991e-01  ,3.451330444946e-01  ,1.421878589909e+00  
  1.857692656115e-07  ,8.763757040459e-01  ,-1.078038138380e+00  ,8.999591098135e-01  ,8.839676942110e-01  ,1.338146961836e+00  ,4.617712577906e-01  ,3.449486250211e-01  ,1.422986763401e+00  
  1.858692663729e-07  ,8.438111566712e-01  ,-1.078652432622e+00  ,8.999588956912e-01  ,8.844397263853e-01  ,1.321864474027e+00  ,4.780533173556e-01  ,3.451135100742e-01  ,1.423765942696e+00  
  1.859692671344e-07  ,8.107178617195e-01  ,-1.078587962081e+00  ,8.999586838564e-01  ,8.849215663216e-01  ,1.305317614716e+00  ,4.945997529966e-01  ,3.456275852813e-01  ,1.424215547362e+00  
  1.860692678958e-07  ,7.771098419370e-01  ,-1.077844745785e+00  ,8.999584743961e-01  ,8.854130116728e-01  ,1.288513395365e+00  ,5.114035534276e-01  ,3.464906387803e-01  ,1.424335384565e+00  
  1.861692686573e-07  ,7.430119103941e-01  ,-1.076423102376e+00  ,8.999582674722e-01  ,8.859137045054e-01  ,1.271464222669e+00  ,5.284523122751e-01  ,3.477021533173e-01  ,1.424125255693e+00  
  1.862692694187e-07  ,7.084457488256e-01  ,-1.074323844782e+00  ,8.999580632194e-01  ,8.864233305757e-01  ,1.254180937632e+00  ,5.457351888066e-01  ,3.492614081845e-01  ,1.423585252967e+00  
  1.863692701802e-07  ,6.734368180372e-01  ,-1.071548502309e+00  ,8.999578617663e-01  ,8.869415146119e-01  ,1.236676270785e+00  ,5.632394527477e-01  ,3.511672634574e-01  ,1.422715765766e+00  
  1.864692709416e-07  ,6.380046781073e-01  ,-1.068098681468e+00  ,8.999576632233e-01  ,8.874679642307e-01  ,1.218960002277e+00  ,5.809553241697e-01  ,3.534186234967e-01  ,1.421517304965e+00  
  1.865692717031e-07  ,6.021655012792e-01  ,-1.063975888012e+00  ,8.999574676891e-01  ,8.880024392709e-01  ,1.201040218329e+00  ,5.988747170494e-01  ,3.560144952651e-01  ,1.419990383277e+00  
  1.866692724645e-07  ,5.659507104316e-01  ,-1.059183491968e+00  ,8.999572753423e-01  ,8.885444725214e-01  ,1.182932630558e+00  ,6.169819201265e-01  ,3.589527265374e-01  ,1.418136218505e+00  
  1.867692732260e-07  ,5.293756916112e-01  ,-1.053723498212e+00  ,8.999570862667e-01  ,8.890938356948e-01  ,1.164644932072e+00  ,6.352692404611e-01  ,3.622320865885e-01  ,1.415955584801e+00  
  1.868692739874e-07  ,4.924675507799e-01  ,-1.047599695872e+00  ,8.999569006072e-01  ,8.896501268652e-01  ,1.146190675997e+00  ,6.537231252173e-01  ,3.658502789293e-01  ,1.413449974801e+00  
  1.869692747489e-07  ,4.552535554829e-01  ,-1.040816573055e+00  ,8.999567184970e-01  ,8.902129380004e-01  ,1.127583496238e+00  ,6.723299407555e-01  ,3.698046514731e-01  ,1.410621224528e+00  
  1.870692755103e-07  ,4.177494095137e-01  ,-1.033376971920e+00  ,8.999565400115e-01  ,8.907820333049e-01  ,1.108831244768e+00  ,6.910818352547e-01  ,3.740935473447e-01  ,1.407470519265e+00  
  1.871692762718e-07  ,3.799827977342e-01  ,-1.025286141829e+00  ,8.999563652874e-01  ,8.913569970854e-01  ,1.089947764155e+00  ,7.099649664203e-01  ,3.787139261708e-01  ,1.404000068000e+00  
  1.872692770332e-07  ,3.419777114576e-01  ,-1.016549101729e+00  ,8.999561944383e-01  ,8.919374669184e-01  ,1.070945050167e+00  ,7.289673387095e-01  ,3.836629160539e-01  ,1.400212017783e+00  
  1.873692777947e-07  ,3.037621021364e-01  ,-1.007172260790e+00  ,8.999560275703e-01  ,8.925230134395e-01  ,1.051837078639e+00  ,7.480749765021e-01  ,3.889368830445e-01  ,1.396109143834e+00  
  1.874692785561e-07  ,2.653572720113e-01  ,-9.971609200221e-01  ,8.999558647759e-01  ,8.931133058908e-01  ,1.032634500781e+00  ,7.672772287702e-01  ,3.945328458798e-01  ,1.391693765902e+00  
  1.875692793176e-07  ,2.267807454968e-01  ,-9.865195751774e-01  ,8.999557061395e-01  ,8.937080745113e-01  ,1.013346078888e+00  ,7.865653333911e-01  ,4.004482869226e-01  ,1.386967862100e+00  
  1.876692800790e-07  ,1.880624954381e-01  ,-9.752561349834e-01  ,8.999555518031e-01  ,8.943068614958e-01  ,9.939867995222e-01  ,8.059243040841e-01  ,4.066787940041e-01  ,1.381934928987e+00  
  1.877692808405e-07  ,1.492311762124e-01  ,-9.633788667684e-01  ,8.999554018679e-01  ,8.949092269726e-01  ,9.745709899741e-01  ,8.253398137617e-01  ,4.132197935884e-01  ,1.376598660357e+00  
  1.878692816019e-07  ,1.103084101946e-01  ,-9.508944711177e-01  ,8.999552564052e-01  ,8.955148340064e-01  ,9.551094615025e-01  ,8.448010513079e-01  ,4.200675984475e-01  ,1.370962069565e+00  
  1.879692823634e-07  ,7.131195455302e-02  ,-9.378085728477e-01  ,8.999551154893e-01  ,8.961234078230e-01  ,9.356110927658e-01  ,8.642991382128e-01  ,4.272191213992e-01  ,1.365027694247e+00  
  1.880692831248e-07  ,3.227204962182e-02  ,-9.241309777236e-01  ,8.999549792480e-01  ,8.967344815832e-01  ,9.160910040589e-01  ,8.838189544371e-01  ,4.346689927215e-01  ,1.358799970445e+00  
  1.881692838863e-07  ,-6.786419681198e-03  ,-9.098702331784e-01  ,8.999548477642e-01  ,8.973476696043e-01  ,8.965616379236e-01  ,9.033480576048e-01  ,4.424125530151e-01  ,1.352282786194e+00  
  1.882692846477e-07  ,-4.583472312790e-02  ,-8.950368112115e-01  ,8.999547211145e-01  ,8.979625182211e-01  ,8.770373595506e-01  ,9.228720826785e-01  ,4.504441126154e-01  ,1.345480923827e+00  
  1.883692854092e-07  ,-8.485113294420e-02  ,-8.796390646587e-01  ,8.999545993715e-01  ,8.985786804134e-01  ,8.575290328994e-01  ,9.423801658436e-01  ,4.587591480841e-01  ,1.338398212743e+00  
  1.884692861706e-07  ,-1.238178534975e-01  ,-8.636839479146e-01  ,8.999544825984e-01  ,8.991958742833e-01  ,8.380455558496e-01  ,9.618634093472e-01  ,4.673539003260e-01  ,1.331037848241e+00  
  1.885692869321e-07  ,-1.627046475378e-01  ,-8.471834958344e-01  ,8.999543708984e-01  ,8.998136231160e-01  ,8.186020471295e-01  ,9.813066946673e-01  ,4.762218751988e-01  ,1.323405371033e+00  
  1.886692876935e-07  ,-2.014867498004e-01  ,-8.301480403568e-01  ,8.999542643413e-01  ,9.004315375409e-01  ,7.992108894411e-01  ,1.000697639242e+00  ,4.853575173625e-01  ,1.315505557719e+00  
  1.887692884550e-07  ,-2.401356665612e-01  ,-8.125900947779e-01  ,8.999541629884e-01  ,9.010491637801e-01  ,7.798863297078e-01  ,1.020021996269e+00  ,4.947541163912e-01  ,1.307344211169e+00  
  1.888692892164e-07  ,-2.786299254629e-01  ,-7.945195346997e-01  ,8.999540668962e-01  ,9.016661562653e-01  ,7.606391041647e-01  ,1.039269029628e+00  ,5.044063889154e-01  ,1.298925923615e+00  
  1.889692899779e-07  ,-3.169519798957e-01  ,-7.759445363249e-01  ,8.999539761178e-01  ,9.022822341622e-01  ,7.414779861699e-01  ,1.058429966066e+00  ,5.143099659998e-01  ,1.290254502325e+00  
  1.890692907393e-07  ,-3.550681793084e-01  ,-7.568811777361e-01  ,8.999538907394e-01  ,9.028968570293e-01  ,7.224198010852e-01  ,1.077487980394e+00  ,5.244562681613e-01  ,1.281337445897e+00  
  1.891692915008e-07  ,-3.929624131931e-01  ,-7.373374625862e-01  ,8.999538107950e-01  ,9.035097652292e-01  ,7.034726041985e-01  ,1.096435017392e+00  ,5.348410339361e-01  ,1.272178496522e+00  
  1.892692922622e-07  ,-4.306065608063e-01  ,-7.173275982693e-01  ,8.999537363422e-01  ,9.041205048153e-01  ,6.846504559391e-01  ,1.115257016745e+00  ,5.454567056806e-01  ,1.262784303950e+00  
  1.893692930237e-07  ,-4.679729491255e-01  ,-6.968662858113e-01  ,8.999536674333e-01  ,9.047286245029e-01  ,6.659671928706e-01  ,1.133940141996e+00  ,5.562954815972e-01  ,1.253161767408e+00  
  1.894692937851e-07  ,-5.050408438209e-01  ,-6.759650214313e-01  ,8.999536041027e-01  ,9.053337834675e-01  ,6.474331821923e-01  ,1.152474026013e+00  ,5.673512727518e-01  ,1.243316294183e+00  
  1.895692945466e-07  ,-5.417933556428e-01  ,-6.546332765293e-01  ,8.999535463855e-01  ,9.059357060292e-01  ,6.290568685642e-01  ,1.170850224207e+00  ,5.786190677645e-01  ,1.233252344294e+00  
  1.896692953080e-07  ,-5.782019284254e-01  ,-6.328872849937e-01  ,8.999534943385e-01  ,9.065339272675e-01  ,6.108525301258e-01  ,1.189054458551e+00  ,5.900902847706e-01  ,1.222977569764e+00  
  1.897692960695e-07  ,-6.142434227419e-01  ,-6.107407008772e-01  ,8.999534479878e-01  ,9.071280694654e-01  ,5.928317366169e-01  ,1.207075159359e+00  ,6.017577190268e-01  ,1.212498419904e+00  
  1.898692968309e-07  ,-6.498914362074e-01  ,-5.882097974077e-01  ,8.999534073512e-01  ,9.077176947070e-01  ,5.750076892475e-01  ,1.224899125455e+00  ,6.136127960031e-01  ,1.201822593411e+00  
  1.899692975924e-07  ,-6.851310396740e-01  ,-5.653040360602e-01  ,8.999533724547e-01  ,9.083025545595e-01  ,5.573878526177e-01  ,1.242518892292e+00  ,6.256505365294e-01  ,1.190954572590e+00  
  1.900692983538e-07  ,-7.199362051513e-01  ,-5.420401311002e-01  ,8.999533433386e-01  ,9.088822162580e-01  ,5.399852407629e-01  ,1.259921445914e+00  ,6.378621507078e-01  ,1.179902281808e+00  
  1.901692991153e-07  ,-7.542849179471e-01  ,-5.184326996305e-01  ,8.999533200177e-01  ,9.094563125906e-01  ,5.228108610442e-01  ,1.277095778991e+00  ,6.502399627754e-01  ,1.168672662406e+00  
  1.902692998767e-07  ,-7.881520815551e-01  ,-4.944990900167e-01  ,8.999533024940e-01  ,9.100244196614e-01  ,5.058772617164e-01  ,1.294029343272e+00  ,6.627748746531e-01  ,1.157273964670e+00  
  1.903693006382e-07  ,-8.215189898366e-01  ,-4.702527334762e-01  ,8.999532907735e-01  ,9.105862189561e-01  ,4.891937958552e-01  ,1.310712785692e+00  ,6.754598522180e-01  ,1.145712585694e+00  
  1.904693013996e-07  ,-8.543655903130e-01  ,-4.457083343209e-01  ,8.999532848652e-01  ,9.111413692208e-01  ,4.727704897087e-01  ,1.327136080022e+00  ,6.882872020603e-01  ,1.133995536381e+00  
  1.905693021611e-07  ,-8.866715485779e-01  ,-4.208811426268e-01  ,8.999532847770e-01  ,9.116895245242e-01  ,4.566175104881e-01  ,1.343289059066e+00  ,7.012489532108e-01  ,1.122130095838e+00  
  1.906693029225e-07  ,-9.184215488807e-01  ,-3.957827983456e-01  ,8.999532905169e-01  ,9.122304257729e-01  ,4.407425160766e-01  ,1.359164064957e+00  ,7.143390266001e-01  ,1.110121824946e+00  
  1.907693036840e-07  ,-9.495870175779e-01  ,-3.704355365027e-01  ,8.999533020848e-01  ,9.127635876294e-01  ,4.251597932959e-01  ,1.374746810874e+00  ,7.275458193780e-01  ,1.097981355881e+00  
  1.908693044454e-07  ,-9.801506085038e-01  ,-3.448535740015e-01  ,8.999533194668e-01  ,9.132887112581e-01  ,4.098780152149e-01  ,1.390028623719e+00  ,7.408619242573e-01  ,1.085715498259e+00  
  1.909693052069e-07  ,-1.010098353315e+00  ,-3.190485315370e-01  ,8.999533426573e-01  ,9.138055562521e-01  ,3.949041659997e-01  ,1.405002519315e+00  ,7.542812904836e-01  ,1.073329822021e+00  
  1.910693059683e-07  ,-1.039403875337e+00  ,-2.930429122587e-01  ,8.999533716408e-01  ,9.143136662565e-01  ,3.802514339723e-01  ,1.419655309309e+00  ,7.677922101271e-01  ,1.060835122386e+00  
  1.911693067298e-07  ,-1.068050948044e+00  ,-2.668512980491e-01  ,8.999534063954e-01  ,9.148127566065e-01  ,3.659279323734e-01  ,1.433978880417e+00  ,7.813871075819e-01  ,1.048238405631e+00  
  1.912693074912e-07  ,-1.096022343533e+00  ,-2.404895763130e-01  ,8.999534468940e-01  ,9.153025233304e-01  ,3.519422751277e-01  ,1.447964618660e+00  ,7.950577351739e-01  ,1.035547311487e+00  
  1.913693082527e-07  ,-1.123300759916e+00  ,-2.139741375580e-01  ,8.999534931105e-01  ,9.157826599346e-01  ,3.383031131522e-01  ,1.461603873069e+00  ,8.087955911556e-01  ,1.022769728714e+00  
  1.914693090141e-07  ,-1.149869140392e+00  ,-1.873216018398e-01  ,8.999535450170e-01  ,9.162528633166e-01  ,3.250189748212e-01  ,1.474888115213e+00  ,8.225920623967e-01  ,1.009913664236e+00  
  1.915693097756e-07  ,-1.175710795973e+00  ,-1.605487209377e-01  ,8.999536025831e-01  ,9.167128359562e-01  ,3.120982045966e-01  ,1.487809000570e+00  ,8.364384754874e-01  ,9.969871964250e-01  
  1.916693105370e-07  ,-1.200809461903e+00  ,-1.336723388774e-01  ,8.999536657750e-01  ,9.171622867378e-01  ,2.995489348233e-01  ,1.500358396727e+00  ,8.503261172991e-01  ,9.839984561765e-01  
  1.917693112985e-07  ,-1.225149328985e+00  ,-1.067093717663e-01  ,8.999537345549e-01  ,9.176009312292e-01  ,2.873790700626e-01  ,1.512528399047e+00  ,8.642462453460e-01  ,9.709556171123e-01  
  1.918693120599e-07  ,-1.248718769550e+00  ,-7.967254463052e-02  ,8.999538088946e-01  ,9.180285603259e-01  ,2.755944241199e-01  ,1.524313193669e+00  ,8.781922880107e-01  ,9.578648326412e-01  
  1.919693128214e-07  ,-1.271498772629e+00  ,-5.258310722076e-02  ,8.999538887422e-01  ,9.184448311655e-01  ,2.642045024277e-01  ,1.535703275057e+00  ,8.921532775551e-01  ,9.447363847759e-01  
  1.920693135828e-07  ,-1.293474899192e+00  ,-2.545812385172e-02  ,8.999539740433e-01  ,9.188494796342e-01  ,2.532165244474e-01  ,1.546691423639e+00  ,9.061204177084e-01  ,9.315785415601e-01  
  1.921693143443e-07  ,-1.314631190500e+00  ,1.682466557102e-03  ,8.999540647255e-01  ,9.192422070396e-01  ,2.426384694755e-01  ,1.557269659976e+00  ,9.200834403181e-01  ,9.184009737610e-01  
  1.922693151057e-07  ,-1.334958878468e+00  ,2.882726263952e-02  ,8.999541607521e-01  ,9.196228474967e-01  ,2.324747215183e-01  ,1.567433599986e+00  ,9.340364788165e-01  ,9.052092161770e-01  
  1.923693158672e-07  ,-1.354442933993e+00  ,5.595631151927e-02  ,8.999542620555e-01  ,9.199911157361e-01  ,2.227327950590e-01  ,1.577175729052e+00  ,9.479692714957e-01  ,8.920129599765e-01  
  1.924693166286e-07  ,-1.373071121692e+00  ,8.305251695398e-02  ,8.999543685689e-01  ,9.203467770139e-01  ,2.134188077230e-01  ,1.586489929415e+00  ,9.618730354909e-01  ,8.788205185369e-01  
  1.925693173901e-07  ,-1.390831771180e+00  ,1.100988015573e-01  ,8.999544802219e-01  ,9.206896048608e-01  ,2.045385946320e-01  ,1.595370365812e+00  ,9.757390056394e-01  ,8.656402040821e-01  
  1.926693181515e-07  ,-1.407712062068e+00  ,1.370752841881e-01  ,8.999545969336e-01  ,9.210193469436e-01  ,1.960985658995e-01  ,1.603810627968e+00  ,9.895569890377e-01  ,8.524817048495e-01  
  1.927693189130e-07  ,-1.423705021742e+00  ,1.639706320639e-01  ,8.999547186565e-01  ,9.213358649721e-01  ,1.881022077857e-01  ,1.611807229527e+00  ,1.003321181004e+00  ,8.393505489401e-01  
  1.928693196744e-07  ,-1.438798788002e+00  ,1.907650478046e-01  ,8.999548453051e-01  ,9.216389226030e-01  ,1.805554513043e-01  ,1.619354239306e+00  ,1.017021446505e+00  ,8.262563987006e-01  
  1.929693204359e-07  ,-1.452983878593e+00  ,2.174416356673e-01  ,8.999549768001e-01  ,9.219283276288e-01  ,1.734630375037e-01  ,1.626446916096e+00  ,1.030649145462e+00  ,8.132075097952e-01  
  1.930693211973e-07  ,-1.466250057785e+00  ,2.439807848636e-01  ,8.999551130377e-01  ,9.222038664745e-01  ,1.668300841453e-01  ,1.633080141930e+00  ,1.044194258906e+00  ,8.002134740428e-01  
  1.931693219587e-07  ,-1.478591854356e+00  ,2.703713458312e-01  ,8.999552539611e-01  ,9.224654225118e-01  ,1.606593267831e-01  ,1.639251181139e+00  ,1.057651095427e+00  ,7.872797495962e-01  
  1.932693227202e-07  ,-1.490000061748e+00  ,2.965938704825e-01  ,8.999553994709e-01  ,9.227127973947e-01  ,1.549553685968e-01  ,1.644955430345e+00  ,1.071009732636e+00  ,7.744158621535e-01  
  1.933693234816e-07  ,-1.500467513212e+00  ,3.226318164541e-01  ,8.999555494758e-01  ,9.229458322976e-01  ,1.497217928699e-01  ,1.650189306082e+00  ,1.084261740525e+00  ,7.616299240705e-01  
  1.934693242431e-07  ,-1.509987646333e+00  ,3.484687559455e-01  ,8.999557038784e-01  ,9.231643777477e-01  ,1.449618807117e-01  ,1.654949527045e+00  ,1.097398755720e+00  ,7.489299997750e-01  
  1.935693250045e-07  ,-1.518553629389e+00  ,3.740856955254e-01  ,8.999558625648e-01  ,9.233682724766e-01  ,1.406790478704e-01  ,1.659232677259e+00  ,1.110411120239e+00  ,7.363254247139e-01  
  1.936693257660e-07  ,-1.526161953487e+00  ,3.994718730380e-01  ,8.999560254678e-01  ,9.235574308577e-01  ,1.368750487242e-01  ,1.663037002211e+00  ,1.123293367377e+00  ,7.238214943387e-01  
  1.937693265274e-07  ,-1.532806871858e+00  ,4.246085527205e-01  ,8.999561924689e-01  ,9.237317094795e-01  ,1.335527565398e-01  ,1.666359628398e+00  ,1.136035985840e+00  ,7.114274331193e-01  
  1.938693272889e-07  ,-1.538483636836e+00  ,4.494772556781e-01  ,8.999563634468e-01  ,9.238909804459e-01  ,1.307145450287e-01  ,1.669198181865e+00  ,1.148629608285e+00  ,6.991523526069e-01  
  1.939693280503e-07  ,-1.543189942488e+00  ,4.740675340539e-01  ,8.999565383287e-01  ,9.240351765399e-01  ,1.283615670849e-01  ,1.671551509572e+00  ,1.161068943567e+00  ,6.870014095129e-01  
  1.940693288118e-07  ,-1.546922161853e+00  ,4.983612222405e-01  ,8.999567169856e-01  ,9.241641860625e-01  ,1.264956360593e-01  ,1.673417797912e+00  ,1.173344797183e+00  ,6.749835749422e-01  
  1.941693295732e-07  ,-1.549677959815e+00  ,5.223429798433e-01  ,8.999568993056e-01  ,9.242779248162e-01  ,1.251179193980e-01  ,1.674795879213e+00  ,1.185449414738e+00  ,6.631064348946e-01  
  1.942693303347e-07  ,-1.551455429231e+00  ,5.459951773230e-01  ,8.999570851554e-01  ,9.243763078678e-01  ,1.242293705401e-01  ,1.675684799771e+00  ,1.197373896529e+00  ,6.513787192063e-01  
  1.943693310961e-07  ,-1.552253892852e+00  ,5.693078780764e-01  ,8.999572744563e-01  ,9.244592933841e-01  ,1.238303280302e-01  ,1.676084220882e+00  ,1.209113232422e+00  ,6.398053543459e-01  
  1.944693318576e-07  ,-1.552072599730e+00  ,5.922614260017e-01  ,8.999574670498e-01  ,9.245268078549e-01  ,1.239211671850e-01  ,1.675993766915e+00  ,1.220657520856e+00  ,6.283960948540e-01  
  1.945693326190e-07  ,-1.550911695548e+00  ,6.148461780901e-01  ,8.999576628539e-01  ,9.245788229337e-01  ,1.245018150802e-01  ,1.675413510628e+00  ,1.232001911979e+00  ,6.171557338886e-01  
  1.946693333805e-07  ,-1.548771858506e+00  ,6.370454150845e-01  ,8.999578617245e-01  ,9.246152955627e-01  ,1.255719324718e-01  ,1.674343790977e+00  ,1.243138003105e+00  ,6.060925880204e-01  
  1.947693341419e-07  ,-1.545654453561e+00  ,6.588451075062e-01  ,8.999580635362e-01  ,9.246362010537e-01  ,1.271308367556e-01  ,1.672785290317e+00  ,1.254058754807e+00  ,5.952136473006e-01  
  1.948693349034e-07  ,-1.541561448256e+00  ,6.802314763127e-01  ,8.999582681628e-01  ,9.246415241605e-01  ,1.291775440346e-01  ,1.670738992291e+00  ,1.264757262317e+00  ,5.845257860041e-01  
  1.949693356648e-07  ,-1.536495920402e+00  ,7.011888005923e-01  ,8.999584754546e-01  ,9.246312600477e-01  ,1.317105152534e-01  ,1.668206435656e+00  ,1.275225660344e+00  ,5.740368597516e-01  
  1.950693364263e-07  ,-1.530460808735e+00  ,7.217053829247e-01  ,8.999586852963e-01  ,9.246054151335e-01  ,1.347282809288e-01  ,1.665189089664e+00  ,1.285458106596e+00  ,5.637527236712e-01  
  1.951693371877e-07  ,-1.523459782513e+00  ,7.417687723660e-01  ,8.999588975612e-01  ,9.245640042277e-01  ,1.382290063047e-01  ,1.661688788818e+00  ,1.295448390411e+00  ,5.536796180448e-01  
  1.952693379492e-07  ,-1.515496057077e+00  ,7.613695487508e-01  ,8.999591121478e-01  ,9.245070442440e-01  ,1.422110836092e-01  ,1.657707140687e+00  ,1.305191818619e+00  ,5.438222698686e-01  
  1.953693387106e-07  ,-1.506575555220e+00  ,7.804921659494e-01  ,8.999593288853e-01  ,9.244345715139e-01  ,1.466715512753e-01  ,1.653247106495e+00  ,1.314680654489e+00  ,5.341884885392e-01  
  1.954693394721e-07  ,-1.496704952828e+00  ,7.991225675094e-01  ,8.999595476167e-01  ,9.243466390248e-01  ,1.516070712029e-01  ,1.648312024031e+00  ,1.323907922780e+00  ,5.247853552701e-01  
  1.955693402335e-07  ,-1.485889864464e+00  ,8.172503655978e-01  ,8.999597682219e-01  ,9.242432972676e-01  ,1.570148359897e-01  ,1.642904700454e+00  ,1.332868480066e+00  ,5.156181144686e-01  
  1.956693409950e-07  ,-1.474135189137e+00  ,8.348672701588e-01  ,8.999599905972e-01  ,9.241245918078e-01  ,1.628923960285e-01  ,1.637027585166e+00  ,1.341558226887e+00  ,5.066909567284e-01  
  1.957693417564e-07  ,-1.461449720884e+00  ,8.519594956057e-01  ,8.999602145662e-01  ,9.239906070119e-01  ,1.692353541240e-01  ,1.630685075008e+00  ,1.349970354815e+00  ,4.980108592090e-01  
  1.958693425179e-07  ,-1.447841506369e+00  ,8.685162173812e-01  ,8.999604399898e-01  ,9.238414252733e-01  ,1.760396868056e-01  ,1.623881193174e+00  ,1.358099533964e+00  ,4.895833165827e-01  
  1.959693432793e-07  ,-1.433320580247e+00  ,8.845252661112e-01  ,8.999606667105e-01  ,9.236771557394e-01  ,1.833003765871e-01  ,1.616620956834e+00  ,1.365939788795e+00  ,4.814145226838e-01  
  1.960693440408e-07  ,-1.417893067923e+00  ,8.999799172006e-01  ,8.999608946296e-01  ,9.234978671141e-01  ,1.910143606680e-01  ,1.608907428591e+00  ,1.373487825714e+00  ,4.735079085138e-01  
  1.961693448022e-07  ,-1.401571765346e+00  ,9.148670729468e-01  ,8.999611235534e-01  ,9.233037062680e-01  ,1.991752408801e-01  ,1.600747006227e+00  ,1.380737242741e+00  ,4.658701697946e-01  
  1.962693455637e-07  ,-1.384363576658e+00  ,9.291804801754e-01  ,8.999613533848e-01  ,9.230947545431e-01  ,2.077795650559e-01  ,1.592143141714e+00  ,1.387684994631e+00  ,4.585045144554e-01  
  1.963693463251e-07  ,-1.366280994448e+00  ,9.429094376629e-01  ,8.999615839535e-01  ,9.228711606073e-01  ,2.168210867293e-01  ,1.583102081178e+00  ,1.394325879439e+00  ,4.514164417758e-01  
  1.964693470866e-07  ,-1.347335440454e+00  ,9.560452345283e-01  ,8.999618151136e-01  ,9.226330636891e-01  ,2.262940948866e-01  ,1.573629535341e+00  ,1.400655680953e+00  ,4.446104464250e-01  
  1.965693478480e-07  ,-1.327538837429e+00  ,9.685795330483e-01  ,8.999620467224e-01  ,9.223806119723e-01  ,2.361926280079e-01  ,1.563731465437e+00  ,1.406670378496e+00  ,4.380908454481e-01  
  1.966693486095e-07  ,-1.306905700919e+00  ,9.805031221684e-01  ,8.999622786103e-01  ,9.221139903271e-01  ,2.465094281511e-01  ,1.553415129070e+00  ,1.412365551411e+00  ,4.318624292430e-01  
  1.967693493709e-07  ,-1.285447557130e+00  ,9.918093832684e-01  ,8.999625106495e-01  ,9.218333489715e-01  ,2.572387320844e-01  ,1.542686289215e+00  ,1.417738040606e+00  ,4.259286573373e-01  
  1.968693501324e-07  ,-1.263177328550e+00  ,1.002491454649e+00  ,8.999627427014e-01  ,9.215388578576e-01  ,2.683740784266e-01  ,1.531551406976e+00  ,1.422784585182e+00  ,4.202931305330e-01  
  1.969693508938e-07  ,-1.240105366797e+00  ,1.012544275325e+00  ,8.999629746531e-01  ,9.212306526918e-01  ,2.799102912547e-01  ,1.520015658051e+00  ,1.427502790354e+00  ,4.149585150293e-01  
  1.970693516553e-07  ,-1.216249528507e+00  ,1.021959685114e+00  ,8.999632063150e-01  ,9.209089677705e-01  ,2.918384420617e-01  ,1.508087970568e+00  ,1.431888810328e+00  ,4.099291252133e-01  
  1.971693524167e-07  ,-1.191624993596e+00  ,1.030731687253e+00  ,8.999634375412e-01  ,9.205740042978e-01  ,3.041509407434e-01  ,1.495775934339e+00  ,1.435939847924e+00  ,4.052081606714e-01  
  1.972693531782e-07  ,-1.166249877758e+00  ,1.038853837837e+00  ,8.999636681685e-01  ,9.202260078918e-01  ,3.168387292895e-01  ,1.483088607048e+00  ,1.439652926810e+00  ,4.007990889732e-01  
  1.973693539396e-07  ,-1.140138346718e+00  ,1.046321652322e+00  ,8.999638980676e-01  ,9.198651741355e-01  ,3.298947247088e-01  ,1.470033071426e+00  ,1.443026000296e+00  ,3.967043479747e-01  
  1.974693547011e-07  ,-1.113302246604e+00  ,1.053131682062e+00  ,8.999641271295e-01  ,9.194916659085e-01  ,3.433130038276e-01  ,1.456615250431e+00  ,1.446057506939e+00  ,3.929258248776e-01  
  1.975693554625e-07  ,-1.085762086029e+00  ,1.059278404631e+00  ,8.999643551729e-01  ,9.191057652377e-01  ,3.570833121583e-01  ,1.442845398188e+00  ,1.448744967553e+00  ,3.894665629223e-01  
  1.976693562240e-07  ,-1.057535344129e+00  ,1.064757881877e+00  ,8.999645820582e-01  ,9.187077145004e-01  ,3.711969099936e-01  ,1.428732254123e+00  ,1.451086655439e+00  ,3.863287735618e-01  
  1.977693569854e-07  ,-1.028639837497e+00  ,1.069566595672e+00  ,8.999648076493e-01  ,9.182977638690e-01  ,3.856448889006e-01  ,1.414284726398e+00  ,1.453081061705e+00  ,3.835144660330e-01  
  1.978693577469e-07  ,-9.990967438022e-01  ,1.073701016959e+00  ,8.999650317752e-01  ,9.178762148589e-01  ,4.004166598741e-01  ,1.399513403676e+00  ,1.454726723339e+00  ,3.810257063792e-01  
  1.979693585083e-07  ,-9.689184676122e-01  ,1.077159412428e+00  ,8.999652543375e-01  ,9.174432443780e-01  ,4.155060205314e-01  ,1.384424488144e+00  ,1.456022950592e+00  ,3.788635381642e-01  
  1.980693592698e-07  ,-9.381270722886e-01  ,1.079939033258e+00  ,8.999654751685e-01  ,9.169991668309e-01  ,4.309019390242e-01  ,1.369029011313e+00  ,1.456968683460e+00  ,3.770296502019e-01  
  1.981693600312e-07  ,-9.067452050040e-01  ,1.082037843285e+00  ,8.999656941143e-01  ,9.165443086752e-01  ,4.465930916123e-01  ,1.353338296616e+00  ,1.457563230318e+00  ,3.755253870329e-01  
  1.982693607927e-07  ,-8.747860658070e-01  ,1.083454965007e+00  ,8.999659110860e-01  ,9.160788610649e-01  ,4.625728781825e-01  ,1.337358943990e+00  ,1.457806343568e+00  ,3.743513785613e-01  
  1.983693615541e-07  ,-8.422730788509e-01  ,1.084189149393e+00  ,8.999661259181e-01  ,9.156031627842e-01  ,4.788295864926e-01  ,1.321102665344e+00  ,1.457697737481e+00  ,3.735085880877e-01  
  1.984693623156e-07  ,-8.092301697039e-01  ,1.084239864661e+00  ,8.999663384467e-01  ,9.151175633624e-01  ,4.953512535947e-01  ,1.304581423299e+00  ,1.457237495693e+00  ,3.729976310320e-01  
  1.985693630770e-07  ,-7.756712410984e-01  ,1.083607094256e+00  ,8.999665485849e-01  ,9.146222670070e-01  ,5.121309280357e-01  ,1.287802169134e+00  ,1.456425814135e+00  ,3.728187198790e-01  
  1.986693638385e-07  ,-7.416209227557e-01  ,1.082291096530e+00  ,8.999667561746e-01  ,9.141176355827e-01  ,5.291562947967e-01  ,1.270777217552e+00  ,1.455263183848e+00  ,3.729720873179e-01  
  1.987693645999e-07  ,-7.071042760338e-01  ,1.080292847752e+00  ,8.999669610662e-01  ,9.136040413556e-01  ,5.464148230493e-01  ,1.253519099083e+00  ,1.453750465232e+00  ,3.734576174795e-01  
  1.988693653614e-07  ,-6.721405462780e-01  ,1.077613537745e+00  ,8.999671631563e-01  ,9.130817733366e-01  ,5.638968900172e-01  ,1.236037436295e+00  ,1.451888542209e+00  ,3.742750044639e-01  
  1.989693661228e-07  ,-6.367508347970e-01  ,1.074254794532e+00  ,8.999673623202e-01  ,9.125511485307e-01  ,5.815919449217e-01  ,1.218342779719e+00  ,1.449678545797e+00  ,3.754237512646e-01  
  1.990693668843e-07  ,-6.009570933340e-01  ,1.070218673926e+00  ,8.999675584285e-01  ,9.120124967199e-01  ,5.994890117615e-01  ,1.200446105096e+00  ,1.447121833683e+00  ,3.769031597568e-01  
  1.991693676457e-07  ,-5.647762560335e-01  ,1.065506984118e+00  ,8.999677513804e-01  ,9.114660704245e-01  ,6.175796233636e-01  ,1.182355879397e+00  ,1.444219562483e+00  ,3.787125783657e-01  
  1.992693684072e-07  ,-5.282369343654e-01  ,1.060123092979e+00  ,8.999679410122e-01  ,9.109122954752e-01  ,6.358494738295e-01  ,1.164086408195e+00  ,1.440973841965e+00  ,3.808507489857e-01  
  1.993693691686e-07  ,-4.913624692585e-01  ,1.054070331510e+00  ,8.999681272058e-01  ,9.103515207838e-01  ,6.542868925765e-01  ,1.145649361835e+00  ,1.437386686539e+00  ,3.833163550289e-01  
  1.994693699301e-07  ,-4.541762325102e-01  ,1.047352452911e+00  ,8.999683098499e-01  ,9.097840995582e-01  ,6.728801935948e-01  ,1.127056426105e+00  ,1.433460326014e+00  ,3.861078731025e-01  
  1.995693706915e-07  ,-4.167055071519e-01  ,1.039974406751e+00  ,8.999684888097e-01  ,9.092104494320e-01  ,6.916157352337e-01  ,1.108321242386e+00  ,1.429197652807e+00  ,3.892232460567e-01  
  1.996693714530e-07  ,-3.789660323539e-01  ,1.031939299065e+00  ,8.999686640102e-01  ,9.086308119558e-01  ,7.104856478332e-01  ,1.089451680187e+00  ,1.424600461488e+00  ,3.926611624232e-01  
  1.997693722144e-07  ,-3.409855655688e-01  ,1.023252841035e+00  ,8.999688353240e-01  ,9.080456128639e-01  ,7.294760525397e-01  ,1.070461618108e+00  ,1.419672033381e+00  ,3.964191923463e-01  
  1.998693729759e-07  ,-3.027920498887e-01  ,1.013921429031e+00  ,8.999690026336e-01  ,9.074552846745e-01  ,7.485729776893e-01  ,1.051365027578e+00  ,1.414415999190e+00  ,4.004945701590e-01  
  1.999693737373e-07  ,-2.644067579876e-01  ,1.003950357816e+00  ,8.999691658517e-01  ,9.068601597649e-01  ,7.677657868579e-01  ,1.032172544845e+00  ,1.408835338673e+00  ,4.048849808569e-01  
  2.000693744988e-07  ,-2.258528664552e-01  ,9.933456812906e-01  ,8.999693248737e-01  ,9.062605997317e-01  ,7.870428916460e-01  ,1.012895758101e+00  ,1.402933440377e+00  ,4.095877590864e-01  
  2.001693752602e-07  ,-1.871485451063e-01  ,9.821122774553e-01  ,8.999694796064e-01  ,9.056568838360e-01  ,8.063952070533e-01  ,9.935437521595e-01  ,1.396713022564e+00  ,4.146007451084e-01  
  2.002693760217e-07  ,-1.483284048138e-01  ,9.702598814370e-01  ,8.999696299014e-01  ,9.050495454612e-01  ,8.258054274945e-01  ,9.741338323084e-01  ,1.390179486180e+00  ,4.199196047427e-01  
  2.003693767831e-07  ,-1.094088951604e-01  ,9.577934800518e-01  ,8.999697757035e-01  ,9.044388397121e-01  ,8.452653281233e-01  ,9.546742232837e-01  ,1.383335579738e+00  ,4.255420996862e-01  
  2.004693775446e-07  ,-7.042277040569e-02  ,9.447234325607e-01  ,8.999699169026e-01  ,9.038252795484e-01  ,8.647585316997e-01  ,9.351813021054e-01  ,1.376186995829e+00  ,4.314635632680e-01  
  2.005693783060e-07  ,-3.138644294894e-02  ,9.310552376227e-01  ,8.999700534332e-01  ,9.032091235859e-01  ,8.842768319587e-01  ,9.156632749076e-01  ,1.368736742397e+00  ,4.376815047746e-01  
  2.006693790674e-07  ,7.671260752205e-03  ,9.167987685045e-01  ,8.999701851855e-01  ,9.025908258645e-01  ,9.038058155616e-01  ,8.961345548094e-01  ,1.360990210117e+00  ,4.441914416122e-01  
  2.007693798289e-07  ,4.672555837535e-02  ,9.019629587005e-01  ,8.999703120800e-01  ,9.019707782107e-01  ,9.233330912677e-01  ,8.766075328923e-01  ,1.352952257561e+00  ,4.509892988604e-01  
  2.008693805903e-07  ,8.574777599019e-02  ,8.865587271354e-01  ,8.999704340375e-01  ,9.013494396452e-01  ,9.428443220326e-01  ,8.570965460424e-01  ,1.344628803213e+00  ,4.580700760775e-01  
  2.009693813518e-07  ,1.247162117861e-01  ,8.705947644262e-01  ,8.999705509920e-01  ,9.007271599876e-01  ,9.623286568851e-01  ,8.376124450989e-01  ,1.336024542201e+00  ,4.654297777745e-01  
  2.010693821132e-07  ,1.636130902667e-01  ,8.540782981098e-01  ,8.999706628811e-01  ,9.001042230837e-01  ,9.817772080144e-01  ,8.181641177478e-01  ,1.327143372139e+00  ,4.730650740288e-01  
  2.011693828747e-07  ,2.024082094742e-01  ,8.370218230749e-01  ,8.999707696009e-01  ,8.994811087466e-01  ,1.001174874338e+00  ,7.987666648637e-01  ,1.317992020284e+00  ,4.809701972091e-01  
  2.012693836361e-07  ,2.410768382032e-01  ,8.194360433465e-01  ,8.999708710833e-01  ,8.988582089765e-01  ,1.020509290185e+00  ,7.794324519817e-01  ,1.308576230650e+00  ,4.891401873032e-01  
  2.013693843976e-07  ,2.795905329062e-01  ,8.013339013756e-01  ,8.999709672711e-01  ,8.982359817037e-01  ,1.039766233724e+00  ,7.601757008180e-01  ,1.298902932392e+00  ,4.975690310159e-01  
  2.014693851590e-07  ,3.179278681525e-01  ,7.827255955456e-01  ,8.999710581107e-01  ,8.976147763504e-01  ,1.058934992187e+00  ,7.410071240345e-01  ,1.288977574123e+00  ,5.062519785776e-01  
  2.015693859205e-07  ,3.560713405625e-01  ,7.636195622556e-01  ,8.999711435525e-01  ,8.969948769294e-01  ,1.078006813834e+00  ,7.219354732713e-01  ,1.278804658057e+00  ,5.151850958016e-01  
  2.016693866819e-07  ,3.939873931945e-01  ,7.440323748373e-01  ,8.999712235163e-01  ,8.963768295064e-01  ,1.096964920113e+00  ,7.029775269190e-01  ,1.268393016925e+00  ,5.243606420877e-01  
  2.017693874434e-07  ,4.316548078299e-01  ,7.239750597867e-01  ,8.999712979661e-01  ,8.957609827054e-01  ,1.115798701881e+00  ,6.841438940511e-01  ,1.257748512599e+00  ,5.337734528121e-01  
  2.018693882048e-07  ,4.690563154323e-01  ,7.034567155462e-01  ,8.999713668662e-01  ,8.951476188645e-01  ,1.134499524582e+00  ,6.654432091500e-01  ,1.246875976638e+00  ,5.434192610914e-01  
  2.019693889663e-07  ,5.061627236702e-01  ,6.824929591295e-01  ,8.999714301513e-01  ,8.945372138192e-01  ,1.153052791986e+00  ,6.468900683162e-01  ,1.235783693384e+00  ,5.532907342545e-01  
  2.020693897277e-07  ,5.429503701186e-01  ,6.610969668180e-01  ,8.999714877759e-01  ,8.939301528632e-01  ,1.171446672835e+00  ,6.284963027166e-01  ,1.224478636272e+00  ,5.633816694542e-01  
  2.021693904892e-07  ,5.793922130317e-01  ,6.392844820787e-01  ,8.999715397109e-01  ,8.933268817431e-01  ,1.189667646227e+00  ,6.102754331950e-01  ,1.212969122782e+00  ,5.736846407038e-01  
  2.022693912506e-07  ,6.154729365421e-01  ,6.170646771956e-01  ,8.999715859307e-01  ,8.927276539445e-01  ,1.207708054202e+00  ,5.922351176596e-01  ,1.201259992542e+00  ,5.841953153466e-01  
  2.023693920121e-07  ,6.511658110505e-01  ,5.944537737033e-01  ,8.999716263948e-01  ,8.921329121222e-01  ,1.225554531920e+00  ,5.743887208696e-01  ,1.189359798974e+00  ,5.949060252706e-01  
  2.024693927735e-07  ,6.864445838635e-01  ,5.714684077362e-01  ,8.999716610857e-01  ,8.915430960823e-01  ,1.243193953018e+00  ,5.567493691540e-01  ,1.177277299950e+00  ,6.058088922142e-01  
  2.025693935350e-07  ,7.212944227899e-01  ,5.481182437296e-01  ,8.999716899896e-01  ,8.909584554775e-01  ,1.260618901385e+00  ,5.393244785947e-01  ,1.165017577342e+00  ,6.168993336127e-01  
  2.026693942964e-07  ,7.556859659566e-01  ,5.244228372059e-01  ,8.999717130762e-01  ,8.903794860178e-01  ,1.277814696055e+00  ,5.221287300979e-01  ,1.152590904621e+00  ,6.281680674148e-01  
  2.027693950579e-07  ,7.896000664466e-01  ,5.003955025072e-01  ,8.999717303338e-01  ,8.898065129629e-01  ,1.294771763557e+00  ,5.051716971106e-01  ,1.140004264217e+00  ,6.396087617093e-01  
  2.028693958193e-07  ,8.230162111573e-01  ,4.760508268533e-01  ,8.999717417535e-01  ,8.892398848630e-01  ,1.311479847332e+00  ,4.884636361749e-01  ,1.127265298290e+00  ,6.512144714364e-01  
  2.029693965808e-07  ,8.559186610813e-01  ,4.514001422633e-01  ,8.999717473232e-01  ,8.886798671997e-01  ,1.327931077864e+00  ,4.720124167825e-01  ,1.114379938331e+00  ,6.629797960680e-01  
  2.030693973422e-07  ,8.882778756064e-01  ,4.264652058957e-01  ,8.999717470318e-01  ,8.881269590720e-01  ,1.344110684835e+00  ,4.558328092286e-01  ,1.101359562020e+00  ,6.748943561241e-01  
  2.031693981037e-07  ,9.200757607467e-01  ,4.012600210576e-01  ,8.999717408869e-01  ,8.875814696485e-01  ,1.360009621260e+00  ,4.399338605136e-01  ,1.088211480177e+00  ,6.869514591197e-01  
  2.032693988651e-07  ,9.512930357311e-01  ,3.757998901762e-01  ,8.999717288947e-01  ,8.870437307818e-01  ,1.375618246760e+00  ,4.243252110292e-01  ,1.074943675870e+00  ,6.991437856938e-01  
  2.033693996266e-07  ,9.819149735984e-01  ,3.500966734471e-01  ,8.999717110540e-01  ,8.865139955239e-01  ,1.390929197853e+00  ,4.090142242547e-01  ,1.061562332247e+00  ,7.114656588003e-01  
  2.034694003880e-07  ,1.011914045488e+00  ,3.241730843458e-01  ,8.999716873745e-01  ,8.859927394567e-01  ,1.405928710118e+00  ,3.940146646306e-01  ,1.048079281630e+00  ,7.239061972838e-01  
  2.035694011495e-07  ,1.041277559799e+00  ,2.980400212228e-01  ,8.999716578686e-01  ,8.854801832710e-01  ,1.420610437768e+00  ,3.793328779689e-01  ,1.034500193882e+00  ,7.364601726596e-01  
  2.036694019109e-07  ,1.069980646125e+00  ,2.717194091410e-01  ,8.999716225665e-01  ,8.849767622701e-01  ,1.434961945629e+00  ,3.649812995041e-01  ,1.020836466841e+00  ,7.491170576995e-01  
  2.037694026724e-07  ,1.098007368338e+00  ,2.452260172631e-01  ,8.999715814905e-01  ,8.844827585028e-01  ,1.448975265660e+00  ,3.509678973214e-01  ,1.007095767134e+00  ,7.618697498713e-01  
  2.038694034338e-07  ,1.125344904581e+00  ,2.185718963520e-01  ,8.999715346557e-01  ,8.839983979061e-01  ,1.462643986946e+00  ,3.372990823652e-01  ,9.932843460821e-01  ,7.747124497301e-01  
  2.039694041953e-07  ,1.151971816001e+00  ,1.917775164193e-01  ,8.999714820897e-01  ,8.835240578564e-01  ,1.475957390090e+00  ,3.239855740893e-01  ,9.794128160660e-01  ,7.876352996467e-01  
  2.040694049567e-07  ,1.177868511552e+00  ,1.648625867918e-01  ,8.999714238368e-01  ,8.830600871340e-01  ,1.488905679613e+00  ,3.110371680605e-01  ,9.654913805299e-01  ,8.006287937381e-01  
  2.041694057182e-07  ,1.203020664401e+00  ,1.378422025744e-01  ,8.999713599367e-01  ,8.826067452814e-01  ,1.501481692137e+00  ,2.984610277361e-01  ,9.515278465686e-01  ,8.136856439942e-01  
  2.042694064796e-07  ,1.227413112540e+00  ,1.107327667396e-01  ,8.999712904272e-01  ,8.821643084440e-01  ,1.513677846697e+00  ,2.862647341572e-01  ,9.375306918138e-01  ,8.267979250742e-01  
  2.043694072411e-07  ,1.251030700489e+00  ,8.355115234055e-02  ,8.999712153486e-01  ,8.817330538312e-01  ,1.525486565593e+00  ,2.744558651040e-01  ,9.235086300015e-01  ,8.399574776609e-01  
  2.044694080025e-07  ,1.273862167152e+00  ,5.631014786146e-02  ,8.999711347314e-01  ,8.813131869836e-01  ,1.536902218307e+00  ,2.630400511554e-01  ,9.094682609143e-01  ,8.531581130528e-01  
  2.045694087640e-07  ,1.295886791051e+00  ,2.903400089262e-02  ,8.999710486445e-01  ,8.809050881785e-01  ,1.547914444170e+00  ,2.520276531188e-01  ,8.954220886248e-01  ,8.663880877322e-01  
  2.046694095254e-07  ,1.317092331795e+00  ,1.738000038549e-03  ,8.999709571408e-01  ,8.805089857192e-01  ,1.558517123038e+00  ,2.414247912433e-01  ,8.813779857385e-01  ,8.796399857000e-01  
  2.047694102869e-07  ,1.337465968672e+00  ,-2.556128472994e-02  ,8.999708602778e-01  ,8.801251206127e-01  ,1.568703844614e+00  ,2.312378759419e-01  ,8.673444782478e-01  ,8.929057629777e-01  
  2.048694110483e-07  ,1.356995025038e+00  ,-5.284685789355e-02  ,8.999707581146e-01  ,8.797537328574e-01  ,1.578468270634e+00  ,2.214732455955e-01  ,8.533303039106e-01  ,9.061771618042e-01  
  2.049694118098e-07  ,1.375670173762e+00  ,-8.010587056149e-02  ,8.999706506958e-01  ,8.793949992788e-01  ,1.587805737577e+00  ,2.121355638148e-01  ,8.393420639981e-01  ,9.194479345596e-01  
  2.050694125712e-07  ,1.393476247494e+00  ,-1.073168852135e-01  ,8.999705381011e-01  ,8.790492087061e-01  ,1.596708661848e+00  ,2.032324143542e-01  ,8.253907660993e-01  ,9.327076513128e-01  
  2.051694133327e-07  ,1.410401895118e+00  ,-1.344627417844e-01  ,8.999704204052e-01  ,8.787165812557e-01  ,1.605171367964e+00  ,1.947694728464e-01  ,8.114852103635e-01  ,9.459479521479e-01  
  2.052694140941e-07  ,1.426436398442e+00  ,-1.615263199603e-01  ,8.999702976861e-01  ,8.783973290130e-01  ,1.613188496907e+00  ,1.867520984650e-01  ,7.976341690329e-01  ,9.591604889932e-01  
  2.053694148556e-07  ,1.441569635348e+00  ,-1.884905498556e-01  ,8.999701700175e-01  ,8.780916555298e-01  ,1.620754987691e+00  ,1.791853523436e-01  ,7.838463806020e-01  ,9.723369304576e-01  
  2.054694156170e-07  ,1.455792065242e+00  ,-2.153384226588e-01  ,8.999700374794e-01  ,8.777997555102e-01  ,1.627866070100e+00  ,1.720740048584e-01  ,7.701305441807e-01  ,9.854689668396e-01  
  2.055694163785e-07  ,1.469093370983e+00  ,-2.420501949350e-01  ,8.999699001750e-01  ,8.775218440310e-01  ,1.634516585667e+00  ,1.654232146834e-01  ,7.564967465635e-01  ,9.985469414985e-01  
  2.056694171399e-07  ,1.481468032572e+00  ,-2.686146409773e-01  ,8.999697581621e-01  ,8.772580380473e-01  ,1.640703774448e+00  ,1.592357418761e-01  ,7.429507175586e-01  ,1.011565358536e+00  
  2.057694179014e-07  ,1.492905587961e+00  ,-2.950094062065e-01  ,8.999696115598e-01  ,8.770085623521e-01  ,1.646422405540e+00  ,1.535168175794e-01  ,7.295038592489e-01  ,1.024513265455e+00  
  2.058694186628e-07  ,1.503399804179e+00  ,-3.212197188508e-01  ,8.999694604503e-01  ,8.767735553050e-01  ,1.651669362540e+00  ,1.482695583610e-01  ,7.161636958796e-01  ,1.037383414730e+00  
  2.059694194243e-07  ,1.512945880833e+00  ,-3.472336324728e-01  ,8.999693049002e-01  ,8.765531250431e-01  ,1.656442245317e+00  ,1.434963644836e-01  ,7.029363088067e-01  ,1.050169941280e+00  
  2.060694201857e-07  ,1.521536133284e+00  ,-3.730310240375e-01  ,8.999691450253e-01  ,8.763474477501e-01  ,1.660737211668e+00  ,1.392010783832e-01  ,6.898319357314e-01  ,1.062862959769e+00  
  2.061694209472e-07  ,1.529165110291e+00  ,-3.985956104889e-01  ,8.999689809281e-01  ,8.761566549506e-01  ,1.664551536073e+00  ,1.353864257828e-01  ,6.768588497061e-01  ,1.075454460195e+00  
  2.062694217086e-07  ,1.535827988715e+00  ,-4.239112541760e-01  ,8.999688127152e-01  ,8.759808688411e-01  ,1.667882807073e+00  ,1.320548183575e-01  ,6.640252417531e-01  ,1.087936495929e+00  
  2.063694224701e-07  ,1.541519980510e+00  ,-4.489593419285e-01  ,8.999686405100e-01  ,8.758202188627e-01  ,1.670728630765e+00  ,1.292086502550e-01  ,6.513405478985e-01  ,1.100299889827e+00  
  2.064694232315e-07  ,1.546238759120e+00  ,-4.737293492474e-01  ,8.999684643855e-01  ,8.756747725294e-01  ,1.673087843945e+00  ,1.268490848256e-01  ,6.388100979057e-01  ,1.112539447153e+00  
  2.065694239930e-07  ,1.549980664788e+00  ,-4.982029765446e-01  ,8.999682844712e-01  ,8.755446416330e-01  ,1.674958616865e+00  ,1.249779520772e-01  ,6.264431533607e-01  ,1.124646129905e+00  
  2.066694247544e-07  ,1.552743340998e+00  ,-5.223647689533e-01  ,8.999681008809e-01  ,8.754299099843e-01  ,1.676339771380e+00  ,1.235964303819e-01  ,6.142475255076e-01  ,1.136612294461e+00  
  2.067694255159e-07  ,1.554525050872e+00  ,-5.461994670573e-01  ,8.999679137309e-01  ,8.753306517373e-01  ,1.677230439167e+00  ,1.227053882947e-01  ,6.022309182087e-01  ,1.148430385266e+00  
  2.068694262773e-07  ,1.555324677212e+00  ,-5.696920164740e-01  ,8.999677231394e-01  ,8.752469310677e-01  ,1.677630061745e+00  ,1.223053845335e-01  ,5.904009228307e-01  ,1.160092939305e+00  
  2.069694270388e-07  ,1.555141722849e+00  ,-5.928275773151e-01  ,8.999675292251e-01  ,8.751788020377e-01  ,1.677538390650e+00  ,1.223966678004e-01  ,5.787650133802e-01  ,1.171592590695e+00  
  2.070694278002e-07  ,1.553976310928e+00  ,-6.155915335458e-01  ,8.999673321105e-01  ,8.751263087047e-01  ,1.676955487575e+00  ,1.229791766463e-01  ,5.673305419318e-01  ,1.182922075478e+00  
  2.071694285617e-07  ,1.551829184937e+00  ,-6.379695022296e-01  ,8.999671319211e-01  ,8.750894852612e-01  ,1.675881724390e+00  ,1.240525394525e-01  ,5.561047341464e-01  ,1.194074236376e+00  
  2.072694293231e-07  ,1.548701708399e+00  ,-6.599473426440e-01  ,8.999669287830e-01  ,8.750683561759e-01  ,1.674317782983e+00  ,1.256160745834e-01  ,5.450946848539e-01  ,1.205042027498e+00  
  2.073694300846e-07  ,1.544595864177e+00  ,-6.815111652537e-01  ,8.999667228249e-01  ,8.750629362954e-01  ,1.672264654913e+00  ,1.276687907366e-01  ,5.343073536685e-01  ,1.215818518922e+00  
  2.074694308460e-07  ,1.539514253378e+00  ,-7.026473405202e-01  ,8.999665141768e-01  ,8.750732307086e-01  ,1.669723640866e+00  ,1.302093874877e-01  ,5.237495604486e-01  ,1.226396900969e+00  
  2.075694316075e-07  ,1.533460702391e+00  ,-7.233403348572e-01  ,8.999663029905e-01  ,8.750992317572e-01  ,1.666696654186e+00  ,1.332359517952e-01  ,5.134290643286e-01  ,1.236769399186e+00  
  2.076694323689e-07  ,1.526437820890e+00  ,-7.435814575608e-01  ,8.999660893561e-01  ,8.751409283788e-01  ,1.663184999801e+00  ,1.367471789110e-01  ,5.033501995984e-01  ,1.246931657159e+00  
  2.077694331304e-07  ,1.518450617756e+00  ,-7.633556910093e-01  ,8.999658734331e-01  ,8.751982945137e-01  ,1.659191182311e+00  ,1.407405645553e-01  ,4.935204490091e-01  ,1.256876140018e+00  
  2.078694338918e-07  ,1.509504182901e+00  ,-7.826505300638e-01  ,8.999656553584e-01  ,8.752712951292e-01  ,1.654717746809e+00  ,1.452135639077e-01  ,4.839460300972e-01  ,1.266596560161e+00  
  2.079694346532e-07  ,1.499605194505e+00  ,-8.014517972708e-01  ,8.999654352887e-01  ,8.753598758003e-01  ,1.649768032541e+00  ,1.501628380362e-01  ,4.746339771649e-01  ,1.276085774436e+00  
  2.080694354147e-07  ,1.488759308875e+00  ,-8.197490138655e-01  ,8.999652133469e-01  ,8.754639848924e-01  ,1.644344867784e+00  ,1.555855589094e-01  ,4.655894779597e-01  ,1.285338491825e+00  
  2.081694361761e-07  ,1.476971470010e+00  ,-8.375338165074e-01  ,8.999649896374e-01  ,8.755835758498e-01  ,1.638450724642e+00  ,1.614792546324e-01  ,4.568166675961e-01  ,1.294350484103e+00  
  2.082694369376e-07  ,1.464250561330e+00  ,-8.547922965955e-01  ,8.999647643373e-01  ,8.757185625504e-01  ,1.632090045002e+00  ,1.678394836724e-01  ,4.483224142527e-01  ,1.303114710848e+00  
  2.083694376990e-07  ,1.450604721509e+00  ,-8.715135308766e-01  ,8.999645375884e-01  ,8.758688610859e-01  ,1.625266898343e+00  ,1.746621768339e-01  ,4.401120956476e-01  ,1.311625626524e+00  
  2.084694384605e-07  ,1.436044099673e+00  ,-8.876852370418e-01  ,8.999643095512e-01  ,8.760343605870e-01  ,1.617986359388e+00  ,1.819422597146e-01  ,4.321917420661e-01  ,1.319876979108e+00  
  2.085694392219e-07  ,1.420574890210e+00  ,-9.033006271141e-01  ,8.999640803253e-01  ,8.762149913278e-01  ,1.610251525430e+00  ,1.896766352203e-01  ,4.245646777707e-01  ,1.327865304885e+00  
  2.086694399834e-07  ,1.404210031474e+00  ,-9.183464783696e-01  ,8.999638501058e-01  ,8.764106041622e-01  ,1.602068865843e+00  ,1.978588343689e-01  ,4.172373649774e-01  ,1.335583843347e+00  
  2.087694407448e-07  ,1.386956502844e+00  ,-9.328164765514e-01  ,8.999636189899e-01  ,8.766211163946e-01  ,1.593441870412e+00  ,2.064853675681e-01  ,4.102128781189e-01  ,1.343029354670e+00  
  2.088694415063e-07  ,1.368826931634e+00  ,-9.466998146383e-01  ,8.999633871481e-01  ,8.768463768272e-01  ,1.584376852965e+00  ,2.155499213313e-01  ,4.034964695080e-01  ,1.350196284146e+00  
  2.089694422677e-07  ,1.349834789246e+00  ,-9.599862996077e-01  ,8.999631547482e-01  ,8.770862185122e-01  ,1.574880549371e+00  ,2.250457601250e-01  ,3.970930687084e-01  ,1.357079368316e+00  
  2.090694430292e-07  ,1.329990798339e+00  ,-9.726685559146e-01  ,8.999629219170e-01  ,8.773405050200e-01  ,1.564958321086e+00  ,2.349675227476e-01  ,3.910062270627e-01  ,1.363674782977e+00  
  2.091694437906e-07  ,1.309304020458e+00  ,-9.847407712962e-01  ,8.999626887660e-01  ,8.776091213698e-01  ,1.554614698995e+00  ,2.453106785372e-01  ,3.852387357217e-01  ,1.369979507018e+00  
  2.092694445521e-07  ,1.287792489539e+00  ,-9.961922004185e-01  ,8.999624555051e-01  ,8.778918365195e-01  ,1.543858700275e+00  ,2.560662107356e-01  ,3.797957363102e-01  ,1.375987936729e+00  
  2.093694453135e-07  ,1.265468404811e+00  ,-1.007016499353e+00  ,8.999622222597e-01  ,8.781884903764e-01  ,1.532696424665e+00  ,2.672280198542e-01  ,3.746802406999e-01  ,1.381696740053e+00  
  2.094694460750e-07  ,1.242342001419e+00  ,-1.017208700758e+00  ,8.999619891375e-01  ,8.784989486455e-01  ,1.521132989847e+00  ,2.787909884279e-01  ,3.698945982665e-01  ,1.387103299024e+00  
  2.095694468364e-07  ,1.218431061397e+00  ,-1.026760700083e+00  ,8.999617563257e-01  ,8.788229773973e-01  ,1.509177287024e+00  ,2.907462256274e-01  ,3.654426273560e-01  ,1.392203327439e+00  
  2.096694475979e-07  ,1.193750862276e+00  ,-1.035666425558e+00  ,8.999615239746e-01  ,8.791603730916e-01  ,1.496836955112e+00  ,3.030860928368e-01  ,3.613271603128e-01  ,1.396993585870e+00  
  2.097694483593e-07  ,1.168317076754e+00  ,-1.043920212591e+00  ,8.999612922235e-01  ,8.795109236233e-01  ,1.484119830601e+00  ,3.158027538463e-01  ,3.575508173278e-01  ,1.401471029919e+00  
  2.098694491208e-07  ,1.142145812049e+00  ,-1.051516807362e+00  ,8.999610612234e-01  ,8.798744083195e-01  ,1.471033967248e+00  ,3.288881551990e-01  ,3.541160046385e-01  ,1.405632812001e+00  
  2.099694498822e-07  ,1.115256351639e+00  ,-1.058450644669e+00  ,8.999608311377e-01  ,8.802505584388e-01  ,1.457589006957e+00  ,3.423326553182e-01  ,3.510252361045e-01  ,1.409475880773e+00  
  2.100694506437e-07  ,1.087660052132e+00  ,-1.064718822763e+00  ,8.999606020600e-01  ,8.806392151336e-01  ,1.443790628126e+00  ,3.561305759940e-01  ,3.482798037521e-01  ,1.412998626515e+00  
  2.101694514051e-07  ,1.059377170708e+00  ,-1.070316543806e+00  ,8.999603741657e-01  ,8.810400953199e-01  ,1.429648959520e+00  ,3.702717888115e-01  ,3.458818234171e-01  ,1.416198367223e+00  
  2.102694521666e-07  ,1.030425688053e+00  ,-1.075240227476e+00  ,8.999601476036e-01  ,8.814529468435e-01  ,1.415172991630e+00  ,3.847473035773e-01  ,3.438328331056e-01  ,1.419073060581e+00  
  2.103694529280e-07  ,1.000826963263e+00  ,-1.079486275515e+00  ,8.999599225282e-01  ,8.818774656375e-01  ,1.400373404160e+00  ,3.995464408967e-01  ,3.421343278801e-01  ,1.421620603395e+00  
  2.104694536895e-07  ,9.705935014938e-01  ,-1.083052916674e+00  ,8.999596990416e-01  ,8.823134731269e-01  ,1.385256449789e+00  ,4.146629482947e-01  ,3.407870147902e-01  ,1.423839931464e+00  
  2.105694544509e-07  ,9.397475400635e-01  ,-1.085937337361e+00  ,8.999594773202e-01  ,8.827606519153e-01  ,1.369833247352e+00  ,4.300857072885e-01  ,3.397919832347e-01  ,1.425729320596e+00  
  2.106694552124e-07  ,9.083118933966e-01  ,-1.088137440760e+00  ,8.999592575165e-01  ,8.832186723640e-01  ,1.354115204215e+00  ,4.458033108182e-01  ,3.391499519841e-01  ,1.427287392744e+00  
  2.107694559738e-07  ,8.762998546860e-01  ,-1.089652316374e+00  ,8.999590397207e-01  ,8.836873412585e-01  ,1.338108967064e+00  ,4.618091123778e-01  ,3.388611830713e-01  ,1.428513499446e+00  
  2.108694567353e-07  ,8.437350091825e-01  ,-1.090480659029e+00  ,8.999588241000e-01  ,8.841663158309e-01  ,1.321826328691e+00  ,4.780913195087e-01  ,3.389259863163e-01  ,1.429406645345e+00  
  2.109694574967e-07  ,8.106414371968e-01  ,-1.090621884701e+00  ,8.999586108113e-01  ,8.846552422845e-01  ,1.305279329410e+00  ,4.946378922129e-01  ,3.393442999338e-01  ,1.429966184635e+00  
  2.110694582582e-07  ,7.770376781986e-01  ,-1.090075997792e+00  ,8.999583999656e-01  ,8.851538447421e-01  ,1.288477239065e+00  ,5.114395608663e-01  ,3.401158458461e-01  ,1.430191843638e+00  
  2.111694590196e-07  ,7.429390887259e-01  ,-1.088843206543e+00  ,8.999581916661e-01  ,8.856618962345e-01  ,1.271427736029e+00  ,5.284886473032e-01  ,3.412402929631e-01  ,1.430083499506e+00  
  2.112694597811e-07  ,7.083755724943e-01  ,-1.086924396449e+00  ,8.999579861027e-01  ,8.861789538390e-01  ,1.254145772350e+00  ,5.457701998555e-01  ,3.427167556146e-01  ,1.429641152063e+00  
  2.113694605425e-07  ,6.733665950927e-01  ,-1.084320726739e+00  ,8.999577833823e-01  ,8.867047265004e-01  ,1.236641080929e+00  ,5.632744858359e-01  ,3.445443631311e-01  ,1.428865089870e+00  
  2.114694613040e-07  ,6.379282138812e-01  ,-1.081033343254e+00  ,8.999575836003e-01  ,8.872389752550e-01  ,1.218921690541e+00  ,5.809934766597e-01  ,3.467223036277e-01  ,1.427755646882e+00  
  2.115694620654e-07  ,6.020879094325e-01  ,-1.077064511335e+00  ,8.999573869242e-01  ,8.877812916834e-01  ,1.201001341640e+00  ,5.989134322080e-01  ,3.492490360159e-01  ,1.426313547351e+00  
  2.116694628269e-07  ,5.658722532689e-01  ,-1.072417176855e+00  ,8.999571934944e-01  ,8.883312761717e-01  ,1.182893320129e+00  ,6.170210668599e-01  ,3.521226877443e-01  ,1.424539864599e+00  
  2.117694635883e-07  ,5.293015192763e-01  ,-1.067094027974e+00  ,8.999570034073e-01  ,8.888886187696e-01  ,1.164607763045e+00  ,6.353062437691e-01  ,3.553416047825e-01  ,1.422435632757e+00  
  2.118694643498e-07  ,4.923924234558e-01  ,-1.061097449931e+00  ,8.999568167558e-01  ,8.894530653068e-01  ,1.146153028484e+00  ,6.537606050279e-01  ,3.589043403413e-01  ,1.420001790272e+00  
  2.119694651112e-07  ,4.551773597701e-01  ,-1.054432504558e+00  ,8.999566337097e-01  ,8.900241219413e-01  ,1.127545313595e+00  ,6.723679538247e-01  ,3.628078696622e-01  ,1.417240374220e+00  
  2.120694658727e-07  ,4.176772365989e-01  ,-1.047103009540e+00  ,8.999564543624e-01  ,8.906014669388e-01  ,1.108795072662e+00  ,6.911178360630e-01  ,3.670499621688e-01  ,1.414152971709e+00  
  2.121694666341e-07  ,3.799092393829e-01  ,-1.039112264439e+00  ,8.999562787985e-01  ,8.911848372274e-01  ,1.089910898490e+00  ,7.100016591071e-01  ,3.716287050080e-01  ,1.410740969447e+00  
  2.122694673956e-07  ,3.419026837117e-01  ,-1.030466168471e+00  ,8.999561071670e-01  ,8.917737850492e-01  ,1.070907449023e+00  ,7.290047653112e-01  ,3.765407008136e-01  ,1.407006869285e+00  
  2.123694681570e-07  ,3.036818084963e-01  ,-1.021170127095e+00  ,8.999559395805e-01  ,8.923679394423e-01  ,1.051796843829e+00  ,7.481150353323e-01  ,3.817828758948e-01  ,1.402953002990e+00  
  2.124694689185e-07  ,2.652747541003e-01  ,-1.011231004668e+00  ,8.999557761450e-01  ,8.929668631848e-01  ,1.032593153195e+00  ,7.673183990948e-01  ,3.873513608508e-01  ,1.398582365519e+00  
  2.125694696799e-07  ,2.266976905013e-01  ,-1.000652994498e+00  ,8.999556169347e-01  ,8.935703042008e-01  ,1.013304462185e+00  ,7.866067716841e-01  ,3.932438069518e-01  ,1.393896801450e+00  
  2.126694704414e-07  ,1.879791575294e-01  ,-9.894437029584e-01  ,8.999554620798e-01  ,8.941778191613e-01  ,9.939450408445e-01  ,8.059658833151e-01  ,3.994559676821e-01  ,1.388899670641e+00  
  2.127694712028e-07  ,1.491476842676e-01  ,-9.776114015334e-01  ,8.999553116772e-01  ,8.947889595887e-01  ,9.745291538109e-01  ,8.253814695434e-01  ,4.059832588220e-01  ,1.383594660355e+00  
  2.128694719643e-07  ,1.102195719936e-01  ,-9.651610789784e-01  ,8.999551657855e-01  ,8.954034674785e-01  ,9.550649517823e-01  ,8.448453797887e-01  ,4.128229279893e-01  ,1.377984006968e+00  
  2.129694727257e-07  ,7.122748529699e-02  ,-9.521031006988e-01  ,8.999550245321e-01  ,8.960208250054e-01  ,9.355687671806e-01  ,8.643412818836e-01  ,4.199692746560e-01  ,1.372072375355e+00  
  2.130694734872e-07  ,3.218788299306e-02  ,-9.384429705180e-01  ,8.999548879841e-01  ,8.966407720361e-01  ,9.160488294807e-01  ,8.838609464876e-01  ,4.274192867771e-01  ,1.365862257295e+00  
  2.131694742486e-07  ,-6.870347261625e-03  ,-9.241905727604e-01  ,8.999547562476e-01  ,8.972628527240e-01  ,8.965195826168e-01  ,9.033899298784e-01  ,4.351675663437e-01  ,1.359358139104e+00  
  2.132694750101e-07  ,-4.592240145784e-02  ,-9.093548543401e-01  ,8.999546294046e-01  ,8.978866751200e-01  ,8.769934286757e-01  ,9.229158301335e-01  ,4.432092479500e-01  ,1.352564102290e+00  
  2.133694757715e-07  ,-8.493959832404e-02  ,-8.939467540573e-01  ,8.999545075396e-01  ,8.985117805296e-01  ,8.574847083776e-01  ,9.424243067017e-01  ,4.515384035009e-01  ,1.345485157558e+00  
  2.134694765330e-07  ,-1.239055379180e-01  ,-8.779727638886e-01  ,8.999543907044e-01  ,8.991379061474e-01  ,8.380016217454e-01  ,9.619071596634e-01  ,4.601515242031e-01  ,1.338124288092e+00  
  2.135694772944e-07  ,-1.627874833060e-01  ,-8.614462223109e-01  ,8.999542790006e-01  ,8.997645251514e-01  ,8.185605373475e-01  ,9.813480206536e-01  ,4.690414139960e-01  ,1.330487636307e+00  
  2.136694780559e-07  ,-2.015690373635e-01  ,-8.443740911232e-01  ,8.999541724770e-01  ,9.003913731359e-01  ,7.991696537952e-01  ,1.000738691159e+00  ,4.782043275743e-01  ,1.322578418697e+00  
  2.137694788173e-07  ,-2.402214875065e-01  ,-8.267687818315e-01  ,8.999540712129e-01  ,9.010179869481e-01  ,7.798433274597e-01  ,1.020064814966e+00  ,4.876335960323e-01  ,1.314402377864e+00  
  2.138694795788e-07  ,-2.787203028926e-01  ,-8.086413606190e-01  ,8.999539752729e-01  ,9.016439695169e-01  ,7.605938238266e-01  ,1.039314126719e+00  ,4.973232892074e-01  ,1.305964649826e+00  
  2.139694803402e-07  ,-3.170372413040e-01  ,-7.900051857987e-01  ,8.999538847208e-01  ,9.022688594443e-01  ,7.414352640688e-01  ,1.058472505373e+00  ,5.072662665450e-01  ,1.297271452344e+00  
  2.140694811017e-07  ,-3.551562177249e-01  ,-7.708681053524e-01  ,8.999537995984e-01  ,9.028923942148e-01  ,7.223756907360e-01  ,1.077531908461e+00  ,5.174583415386e-01  ,1.288326446891e+00  
  2.141694818631e-07  ,-3.930490774012e-01  ,-7.512440629877e-01  ,8.999537199792e-01  ,9.035141152845e-01  ,7.034291812786e-01  ,1.096478258680e+00  ,5.278920837907e-01  ,1.279136146778e+00  
  2.142694826246e-07  ,-4.306918025451e-01  ,-7.311454022289e-01  ,8.999536459106e-01  ,9.041336307671e-01  ,6.846077446380e-01  ,1.115299547183e+00  ,5.385609296526e-01  ,1.269706331882e+00  
  2.143694833860e-07  ,-4.680568099493e-01  ,-7.105869304987e-01  ,8.999535774288e-01  ,9.047504842487e-01  ,6.659251724542e-01  ,1.133981982403e+00  ,5.494570189993e-01  ,1.260043949498e+00  
  2.144694841475e-07  ,-5.051284296626e-01  ,-6.895773030031e-01  ,8.999535145688e-01  ,9.053644157822e-01  ,6.473892997376e-01  ,1.152517729400e+00  ,5.605757642807e-01  ,1.250153067284e+00  
  2.145694849089e-07  ,-5.418792762846e-01  ,-6.681318548218e-01  ,8.999534573906e-01  ,9.059749717990e-01  ,6.290138192483e-01  ,1.170893095533e+00  ,5.719090443881e-01  ,1.240040899210e+00  
  2.146694856704e-07  ,-5.782823702252e-01  ,-6.462663825687e-01  ,8.999534059303e-01  ,9.065817021671e-01  ,6.108122208177e-01  ,1.189094591043e+00  ,5.834485108827e-01  ,1.229714893451e+00  
  2.147694864318e-07  ,-6.143224383266e-01  ,-6.239900902209e-01  ,8.999533602065e-01  ,9.071843511895e-01  ,5.927921410432e-01  ,1.207114579370e+00  ,5.951893060790e-01  ,1.219179396300e+00  
  2.148694871933e-07  ,-6.499728329773e-01  ,-6.013192562854e-01  ,8.999533202578e-01  ,9.077824733505e-01  ,5.749669037692e-01  ,1.224939736746e+00  ,6.071228452078e-01  ,1.208442101493e+00  
  2.149694879547e-07  ,-6.852109774197e-01  ,-5.782681525676e-01  ,8.999532861125e-01  ,9.083756909374e-01  ,5.573477974026e-01  ,1.242558774822e+00  ,6.192416146536e-01  ,1.197509767221e+00  
  2.150694887162e-07  ,-7.200110933546e-01  ,-5.548537553474e-01  ,8.999532577831e-01  ,9.089635682001e-01  ,5.399477111058e-01  ,1.259958804460e+00  ,6.315366905264e-01  ,1.186390445874e+00  
  2.151694894776e-07  ,-7.543586135932e-01  ,-5.310859187879e-01  ,8.999532352869e-01  ,9.095458582547e-01  ,5.227739284903e-01  ,1.277132542084e+00  ,6.440028988607e-01  ,1.175088817649e+00  
  2.152694902391e-07  ,-7.882281591620e-01  ,-5.069820348325e-01  ,8.999532186497e-01  ,9.101221310158e-01  ,5.058391390687e-01  ,1.294067298231e+00  ,6.566311135995e-01  ,1.163613148432e+00  
  2.153694910005e-07  ,-8.215949142990e-01  ,-4.825598522564e-01  ,8.999532078725e-01  ,9.106919616218e-01  ,4.891557507230e-01  ,1.310750665022e+00  ,6.694120354936e-01  ,1.151971887750e+00  
  2.154694917619e-07  ,-8.544404273028e-01  ,-4.578331015221e-01  ,8.999532029542e-01  ,9.112550303572e-01  ,4.727329893028e-01  ,1.327173416606e+00  ,6.823384795962e-01  ,1.140171581118e+00  
  2.155694925234e-07  ,-8.867497479259e-01  ,-4.328130286321e-01  ,8.999532039039e-01  ,9.118110796454e-01  ,4.565783299410e-01  ,1.343328077867e+00  ,6.954045653293e-01  ,1.128217593961e+00  
  2.156694932848e-07  ,-9.184977249572e-01  ,-4.075188048346e-01  ,8.999532107341e-01  ,9.123596773695e-01  ,4.407043482555e-01  ,1.359202073213e+00  ,7.086002749523e-01  ,1.116119079787e+00  
  2.157694940463e-07  ,-9.496642075615e-01  ,-3.819663652298e-01  ,8.999532234389e-01  ,9.129004771023e-01  ,4.251211196582e-01  ,1.374785327220e+00  ,7.219172944874e-01  ,1.103883659717e+00  
  2.158694948077e-07  ,-9.802264185351e-01  ,-3.561745218470e-01  ,8.999532419967e-01  ,9.134330816583e-01  ,4.098400327291e-01  ,1.390066451264e+00  ,7.353458207348e-01  ,1.091520342582e+00  
  2.159694955692e-07  ,-1.010167505933e+00  ,-3.301577636829e-01  ,8.999532663960e-01  ,9.139571936582e-01  ,3.948695134292e-01  ,1.405037019363e+00  ,7.488783118168e-01  ,1.079036075500e+00  
  2.160694963306e-07  ,-1.039469496477e+00  ,-3.039318964514e-01  ,8.999532966214e-01  ,9.144724949648e-01  ,3.802185483828e-01  ,1.419688044860e+00  ,7.625065467391e-01  ,1.066438443190e+00  
  2.161694970921e-07  ,-1.068118667766e+00  ,-2.775091513695e-01  ,8.999533326633e-01  ,9.149787436783e-01  ,3.658939987803e-01  ,1.434012666546e+00  ,7.762241679936e-01  ,1.053733319363e+00  
  2.162694978535e-07  ,-1.096092265978e+00  ,-2.509101152521e-01  ,8.999533745018e-01  ,9.154755388355e-01  ,3.519072415127e-01  ,1.447999507491e+00  ,7.900204812094e-01  ,1.040930596461e+00  
  2.163694986150e-07  ,-1.123372523220e+00  ,-2.241515528086e-01  ,8.999534221078e-01  ,9.159625653940e-01  ,3.382671604978e-01  ,1.461639683718e+00  ,8.038867889897e-01  ,1.028038341798e+00  
  2.164694993764e-07  ,-1.149939534380e+00  ,-1.972531590881e-01  ,8.999534754377e-01  ,9.164394648555e-01  ,3.249837082479e-01  ,1.474923242628e+00  ,8.178128853114e-01  ,1.015066044400e+00  
  2.165695001379e-07  ,-1.175778697383e+00  ,-1.702300309127e-01  ,8.999535344635e-01  ,9.169059713387e-01  ,3.120641857722e-01  ,1.487842883155e+00  ,8.317909558823e-01  ,1.002020986795e+00  
  2.166695008993e-07  ,-1.200878282671e+00  ,-1.430944708628e-01  ,8.999535991623e-01  ,9.173618720267e-01  ,2.995144578270e-01  ,1.500392740498e+00  ,8.458146365953e-01  ,9.889091074581e-01  
  2.167695016608e-07  ,-1.225218715847e+00  ,-1.158673518409e-01  ,8.999536694889e-01  ,9.178068117557e-01  ,2.873443115656e-01  ,1.512563027412e+00  ,8.598731358352e-01  ,9.757404876762e-01  
  2.168695024222e-07  ,-1.248782209817e+00  ,-8.856871129000e-02  ,8.999537453812e-01  ,9.182404634040e-01  ,2.755626404729e-01  ,1.524344850289e+00  ,8.739561077590e-01  ,9.625248190490e-01  
  2.169695031837e-07  ,-1.271558947342e+00  ,-6.121002985798e-02  ,8.999538268050e-01  ,9.186626445234e-01  ,2.641743531338e-01  ,1.535733300476e+00  ,8.880576295944e-01  ,9.492676594524e-01  
  2.170695039451e-07  ,-1.293532049046e+00  ,-3.381142218573e-02  ,8.999539137066e-01  ,9.190730406865e-01  ,2.531878891835e-01  ,1.546719938230e+00  ,9.021673295937e-01  ,9.359787517794e-01  
  2.171695047066e-07  ,-1.314685530479e+00  ,-6.393049226203e-03  ,8.999540060260e-01  ,9.194713499558e-01  ,2.426112407867e-01  ,1.557296771265e+00  ,9.162748253427e-01  ,9.226678745689e-01  
  2.172695054680e-07  ,-1.335010603452e+00  ,2.103355926421e-02  ,8.999541037212e-01  ,9.198574049250e-01  ,2.324488019950e-01  ,1.567459405447e+00  ,9.303741845571e-01  ,9.093406252928e-01  
  2.173695062295e-07  ,-1.354490226211e+00  ,4.844534273114e-02  ,8.999542067069e-01  ,9.202308786444e-01  ,2.227090936015e-01  ,1.577199319812e+00  ,9.444535500100e-01  ,8.960082072788e-01  
  2.174695069909e-07  ,-1.373116295476e+00  ,7.583077491966e-02  ,8.999543149399e-01  ,9.205916143583e-01  ,2.133961672018e-01  ,1.586512462678e+00  ,9.585070018181e-01  ,8.826762268985e-01  
  2.175695077524e-07  ,-1.390873166198e+00  ,1.031668242341e-01  ,8.999544283275e-01  ,9.209393069148e-01  ,2.045178452284e-01  ,1.595391011427e+00  ,9.725227190319e-01  ,8.693558947977e-01  
  2.176695085138e-07  ,-1.407753457093e+00  ,1.304419971584e-01  ,8.999545468237e-01  ,9.212738106038e-01  ,1.960778182771e-01  ,1.603831275370e+00  ,9.864948091830e-01  ,8.560528120246e-01  
  2.177695092753e-07  ,-1.423744604462e+00  ,1.576362073268e-01  ,8.999546703465e-01  ,9.215948757002e-01  ,1.880823681157e-01  ,1.611826972577e+00  ,1.000412979364e+00  ,8.427767720368e-01  
  2.178695100367e-07  ,-1.438836543732e+00  ,1.847322967672e-01  ,8.999547988175e-01  ,9.219022981419e-01  ,1.805365269516e-01  ,1.619373070684e+00  ,1.014268446525e+00  ,8.295361497583e-01  
  2.179695107982e-07  ,-1.453018367563e+00  ,2.117103330881e-01  ,8.999549321361e-01  ,9.221958512962e-01  ,1.734457483547e-01  ,1.626464115918e+00  ,1.028051017840e+00  ,8.163406847522e-01  
  2.180695115596e-07  ,-1.466282382488e+00  ,2.385552076157e-01  ,8.999550702264e-01  ,9.224753719147e-01  ,1.668138789827e-01  ,1.633096261470e+00  ,1.041752975723e+00  ,8.031977681069e-01  
  2.181695123211e-07  ,-1.478620692408e+00  ,2.652506218353e-01  ,8.999552130051e-01  ,9.227406905017e-01  ,1.606448668010e-01  ,1.639265559209e+00  ,1.055366001419e+00  ,7.901153795840e-01  
  2.182695130825e-07  ,-1.490027509069e+00  ,2.917840904119e-01  ,8.999553604071e-01  ,9.229916817682e-01  ,1.549416058728e-01  ,1.644969114941e+00  ,1.068883726974e+00  ,7.770996365623e-01  
  2.183695138440e-07  ,-1.500493578971e+00  ,3.181347818832e-01  ,8.999555123208e-01  ,9.232281431179e-01  ,1.497087228354e-01  ,1.650202301806e+00  ,1.082295534060e+00  ,7.641607521763e-01  
  2.184695146054e-07  ,-1.510011324794e+00  ,3.442833162653e-01  ,8.999556686321e-01  ,9.234499011451e-01  ,1.449500062352e-01  ,1.654961331029e+00  ,1.095591559278e+00  ,7.513082430125e-01  
  2.185695153669e-07  ,-1.518575623073e+00  ,3.702150608078e-01  ,8.999558292520e-01  ,9.236568331913e-01  ,1.406680177155e-01  ,1.659243640789e+00  ,1.108764363595e+00  ,7.385493027874e-01  
  2.186695161283e-07  ,-1.526182585559e+00  ,3.959181918458e-01  ,8.999559941083e-01  ,9.238488439941e-01  ,1.368647013290e-01  ,1.663047286888e+00  ,1.121807939917e+00  ,7.258897480712e-01  
  2.187695168898e-07  ,-1.532826081689e+00  ,4.213728098031e-01  ,8.999561630769e-01  ,9.240257794251e-01  ,1.335431222323e-01  ,1.666369203921e+00  ,1.134712184327e+00  ,7.133393745235e-01  
  2.188695176512e-07  ,-1.538501939351e+00  ,4.465628432939e-01  ,8.999563360494e-01  ,9.241875264803e-01  ,1.307053663739e-01  ,1.669207305725e+00  ,1.147468948127e+00  ,7.009061048334e-01  
  2.189695184127e-07  ,-1.543206127306e+00  ,4.714697704963e-01  ,8.999565128964e-01  ,9.243339663033e-01  ,1.283534492434e-01  ,1.671559576549e+00  ,1.160068851551e+00  ,6.885990810551e-01  
  2.190695191741e-07  ,-1.546936751060e+00  ,4.960831259324e-01  ,8.999566935433e-01  ,9.244650374446e-01  ,1.264883180132e-01  ,1.673425069073e+00  ,1.172506600411e+00  ,6.764234744784e-01  
  2.191695199356e-07  ,-1.549690906864e+00  ,5.203847200269e-01  ,8.999568778584e-01  ,9.245806389605e-01  ,1.251114244265e-01  ,1.674802331290e+00  ,1.184772998974e+00  ,6.643882789470e-01  
  2.192695206970e-07  ,-1.551466882074e+00  ,5.443592048503e-01  ,8.999570657258e-01  ,9.246806968641e-01  ,1.242236246887e-01  ,1.675690506763e+00  ,1.196860299289e+00  ,6.525010944390e-01  
  2.193695214585e-07  ,-1.552263575931e+00  ,5.679914378215e-01  ,8.999572570279e-01  ,9.247651471139e-01  ,1.238254690625e-01  ,1.676089044993e+00  ,1.208760866025e+00  ,6.407694282031e-01  
  2.194695222199e-07  ,-1.552080499930e+00  ,5.912664912824e-01  ,8.999574516431e-01  ,9.248339354592e-01  ,1.239172016780e-01  ,1.675997701608e+00  ,1.220467181100e+00  ,6.292006898181e-01  
  2.195695229814e-07  ,-1.550917778191e+00  ,6.141696619341e-01  ,8.999576494481e-01  ,9.248870173031e-01  ,1.244987603528e-01  ,1.675416538543e+00  ,1.231971848270e+00  ,6.178021863360e-01  
  2.196695237428e-07  ,-1.548776356965e+00  ,6.366841160112e-01  ,8.999578502993e-01  ,9.249243537710e-01  ,1.255696718169e-01  ,1.674346028782e+00  ,1.243266411777e+00  ,6.065822957654e-01  
  2.197695245043e-07  ,-1.545657563389e+00  ,6.587972826774e-01  ,8.999580540848e-01  ,9.249459254487e-01  ,1.271292723903e-01  ,1.672786835779e+00  ,1.254344566787e+00  ,5.955472841100e-01  
  2.198695252657e-07  ,-1.541562799829e+00  ,6.804990684285e-01  ,8.999582607104e-01  ,9.249517213004e-01  ,1.291768607960e-01  ,1.670739660625e+00  ,1.265201255515e+00  ,5.847021870861e-01  
  2.199695260272e-07  ,-1.536494938694e+00  ,7.017725887993e-01  ,8.999584700153e-01  ,9.249417302994e-01  ,1.317110006682e-01  ,1.668205939362e+00  ,1.275828024699e+00  ,5.740554358998e-01  
  2.200695267886e-07  ,-1.530457812860e+00  ,7.226022121213e-01  ,8.999586818469e-01  ,9.249159603401e-01  ,1.347297754169e-01  ,1.665187588277e+00  ,1.286217066401e+00  ,5.636148542794e-01  
  2.201695275501e-07  ,-1.523454912052e+00  ,7.429763195388e-01  ,8.999588960890e-01  ,9.248744277865e-01  ,1.382314400632e-01  ,1.661686352115e+00  ,1.296362587556e+00  ,5.533862680171e-01  
  2.202695283115e-07  ,-1.515489403737e+00  ,7.628856071418e-01  ,8.999591126417e-01  ,9.248171505600e-01  ,1.422144107729e-01  ,1.657703814510e+00  ,1.306259954131e+00  ,5.433743469891e-01  
  2.203695290730e-07  ,-1.506567151760e+00  ,7.823145521742e-01  ,8.999593313344e-01  ,9.247441663787e-01  ,1.466757554542e-01  ,1.653242907215e+00  ,1.315901442466e+00  ,5.335868902915e-01  
  2.204695298344e-07  ,-1.496693822327e+00  ,8.012508700396e-01  ,8.999595520300e-01  ,9.246555197666e-01  ,1.516126408666e-01  ,1.648306463193e+00  ,1.325280954786e+00  ,5.240300847468e-01  
  2.205695305959e-07  ,-1.485875639922e+00  ,8.196825861482e-01  ,8.999597745932e-01  ,9.245512651721e-01  ,1.570219546321e-01  ,1.642897594554e+00  ,1.334392558246e+00  ,5.147099720980e-01  
  2.206695313573e-07  ,-1.474119403555e+00  ,8.375980434644e-01  ,8.999599988814e-01  ,9.244314669791e-01  ,1.629002971042e-01  ,1.637019700659e+00  ,1.343230488711e+00  ,5.056324452469e-01  
  2.207695321188e-07  ,-1.461432492608e+00  ,8.549859098847e-01  ,8.999602247531e-01  ,9.242961994061e-01  ,1.692439784492e-01  ,1.630676471057e+00  ,1.351789154348e+00  ,4.968032444638e-01  
  2.208695328802e-07  ,-1.447822867229e+00  ,8.718351854317e-01  ,8.999604520684e-01  ,9.241455464943e-01  ,1.760490184537e-01  ,1.623871885683e+00  ,1.360063139210e+00  ,4.882279537785e-01  
  2.209695336417e-07  ,-1.433300523628e+00  ,8.881334998653e-01  ,8.999606806614e-01  ,9.239796196454e-01  ,1.833104188472e-01  ,1.616610942476e+00  ,1.368046369578e+00  ,4.799128697128e-01  
  2.210695344031e-07  ,-1.417871579953e+00  ,9.038740157627e-01  ,8.999609104368e-01  ,9.237984889247e-01  ,1.910251204605e-01  ,1.608896700413e+00  ,1.375735496806e+00  ,4.718614810433e-01  
  2.211695351646e-07  ,-1.401547177954e+00  ,9.190450032814e-01  ,8.999611412230e-01  ,9.236022831868e-01  ,1.991875522460e-01  ,1.600734730200e+00  ,1.383124784827e+00  ,4.640797815461e-01  
  2.212695359260e-07  ,-1.384337622931e+00  ,9.336368585501e-01  ,8.999613728696e-01  ,9.233911246633e-01  ,2.077925614043e-01  ,1.592130184335e+00  ,1.390209553938e+00  ,4.565726953883e-01  
  2.213695366875e-07  ,-1.366255563977e+00  ,9.476388750678e-01  ,8.999616052138e-01  ,9.231651687081e-01  ,2.168338232253e-01  ,1.583089387202e+00  ,1.396984606242e+00  ,4.493457311742e-01  
  2.214695374489e-07  ,-1.347308613601e+00  ,9.610451826070e-01  ,8.999618381558e-01  ,9.229245103659e-01  ,2.263075313555e-01  ,1.573616144956e+00  ,1.403447101669e+00  ,4.424019190624e-01  
  2.215695382104e-07  ,-1.327512518568e+00  ,9.738444187583e-01  ,8.999620714982e-01  ,9.226693490931e-01  ,2.362058122142e-01  ,1.563718330782e+00  ,1.409591558472e+00  ,4.357471397140e-01  
  2.216695389718e-07  ,-1.306878396103e+00  ,9.860294892928e-01  ,8.999623051147e-01  ,9.223998295763e-01  ,2.465231070631e-01  ,1.553401503166e+00  ,1.415414574223e+00  ,4.293850849299e-01  
  2.217695397333e-07  ,-1.285418707858e+00  ,9.975930162845e-01  ,8.999625388656e-01  ,9.221161157822e-01  ,2.572531849365e-01  ,1.542671892795e+00  ,1.420912623924e+00  ,4.233196076400e-01  
  2.218695404947e-07  ,-1.263143440745e+00  ,1.008529541096e+00  ,8.999627726361e-01  ,9.218183388393e-01  ,2.683910522638e-01  ,1.531534493009e+00  ,1.426083109387e+00  ,4.175535682912e-01  
  2.219695412562e-07  ,-1.240069834264e+00  ,1.018830236882e+00  ,8.999630062343e-01  ,9.215067255067e-01  ,2.799280891021e-01  ,1.519997923367e+00  ,1.430921843948e+00  ,4.120916070659e-01  
  2.220695420176e-07  ,-1.216214984174e+00  ,1.028487558437e+00  ,8.999632394942e-01  ,9.211815054927e-01  ,2.918557474073e-01  ,1.508070731581e+00  ,1.435425284711e+00  ,4.069377262744e-01  
  2.221695427791e-07  ,-1.191588956018e+00  ,1.037497464652e+00  ,8.999634723189e-01  ,9.208428156288e-01  ,3.041689943101e-01  ,1.495757950328e+00  ,1.439591547955e+00  ,4.020940833026e-01  
  2.222695435405e-07  ,-1.166209735647e+00  ,1.045853156572e+00  ,8.999637045312e-01  ,9.204909008997e-01  ,3.168588367075e-01  ,1.483068572355e+00  ,1.443417479186e+00  ,3.975643226136e-01  
  2.223695443020e-07  ,-1.140095998081e+00  ,1.053548521693e+00  ,8.999639359638e-01  ,9.201260202787e-01  ,3.299159369233e-01  ,1.470011935004e+00  ,1.446900281125e+00  ,3.933517594320e-01  
  2.224695450634e-07  ,-1.113258727115e+00  ,1.060580344586e+00  ,8.999641665246e-01  ,9.197483274530e-01  ,3.433348029672e-01  ,1.456593530082e+00  ,1.450038499746e+00  ,3.894581551601e-01  
  2.225695458249e-07  ,-1.085717517342e+00  ,1.066943277666e+00  ,8.999643960418e-01  ,9.193580970150e-01  ,3.571056373709e-01  ,1.442823154713e+00  ,1.452829735848e+00  ,3.858864581820e-01  
  2.226695465863e-07  ,-1.057492626177e+00  ,1.072632675192e+00  ,8.999646243463e-01  ,9.189556171475e-01  ,3.712183112579e-01  ,1.428710937435e+00  ,1.455271954743e+00  ,3.826392795516e-01  
  2.227695473478e-07  ,-1.028595924232e+00  ,1.077646165566e+00  ,8.999648513446e-01  ,9.185410575645e-01  ,3.856668892287e-01  ,1.414262813461e+00  ,1.457364140348e+00  ,3.797179747813e-01  
  2.228695481092e-07  ,-9.990515389356e-01  ,1.081979433070e+00  ,8.999650768432e-01  ,9.181147648645e-01  ,4.004393073753e-01  ,1.399490846311e+00  ,1.459104481399e+00  ,3.771250483297e-01  
  2.229695488706e-07  ,-9.688719332467e-01  ,1.085630676976e+00  ,8.999653007416e-01  ,9.176769182612e-01  ,4.155293341183e-01  ,1.384401267365e+00  ,1.460492256749e+00  ,3.748615797733e-01  
  2.230695496321e-07  ,-9.380823679901e-01  ,1.088596726984e+00  ,8.999655228556e-01  ,9.172278832204e-01  ,4.309243388606e-01  ,1.369006706851e+00  ,1.461526246712e+00  ,3.729295197286e-01  
  2.231695503935e-07  ,-9.067000689417e-01  ,1.090876013599e+00  ,8.999657430664e-01  ,9.167679123486e-01  ,4.466157085956e-01  ,1.353315777537e+00  ,1.462205919148e+00  ,3.713299055490e-01  
  2.232695511550e-07  ,-8.747393278119e-01  ,1.092467466309e+00  ,8.999659612687e-01  ,9.162972143020e-01  ,4.625962973627e-01  ,1.337335625175e+00  ,1.462530947457e+00  ,3.700634811474e-01  
  2.233695519164e-07  ,-8.422247220368e-01  ,1.093369601749e+00  ,8.999661772832e-01  ,9.158161476318e-01  ,4.788538162647e-01  ,1.321078538302e+00  ,1.462500948506e+00  ,3.691313467575e-01  
  2.234695526779e-07  ,-8.091769169460e-01  ,1.093581811729e+00  ,8.999663909731e-01  ,9.153250155906e-01  ,4.953779325001e-01  ,1.304554849446e+00  ,1.462115921455e+00  ,3.685341097259e-01  
  2.235695534393e-07  ,-7.756201972503e-01  ,1.093103979074e+00  ,8.999666021955e-01  ,9.148241809374e-01  ,5.121565035704e-01  ,1.287776700821e+00  ,1.461376170475e+00  ,3.682721914002e-01  
  2.236695542008e-07  ,-7.415732569141e-01  ,1.091936465967e+00  ,8.999668108332e-01  ,9.143139262022e-01  ,5.291801823761e-01  ,1.270753439290e+00  ,1.460282159186e+00  ,3.683456932188e-01  
  2.237695549622e-07  ,-7.070515770404e-01  ,1.090079772170e+00  ,8.999670167847e-01  ,9.137944835258e-01  ,5.464412282644e-01  ,1.253492805305e+00  ,1.458834369611e+00  ,3.687545974409e-01  
  2.238695557237e-07  ,-6.720817268341e-01  ,1.087535072345e+00  ,8.999672198815e-01  ,9.132662498892e-01  ,5.639263564644e-01  ,1.236008083299e+00  ,1.457033786062e+00  ,3.694987137168e-01  
  2.239695564851e-07  ,-6.366895348604e-01  ,1.084304278446e+00  ,8.999674199838e-01  ,9.127296142084e-01  ,5.816226525536e-01  ,1.218312187414e+00  ,1.454881753432e+00  ,3.705774749852e-01  
  2.240695572466e-07  ,-6.008947544761e-01  ,1.080389295974e+00  ,8.999676169882e-01  ,9.121848783380e-01  ,5.995202397501e-01  ,1.200414994226e+00  ,1.452379526325e+00  ,3.719902303510e-01  
  2.241695580080e-07  ,-5.647190013937e-01  ,1.075792529931e+00  ,8.999678107719e-01  ,9.116323732696e-01  ,6.176083100750e-01  ,1.182327311469e+00  ,1.449528638235e+00  ,3.737361083040e-01  
  2.242695587695e-07  ,-5.281792086705e-01  ,1.070516068135e+00  ,8.999680012330e-01  ,9.110723563747e-01  ,6.358783968977e-01  ,1.164057605568e+00  ,1.446330390442e+00  ,3.758143223072e-01  
  2.243695595309e-07  ,-4.913040731788e-01  ,1.064563750858e+00  ,8.999681882082e-01  ,9.105052627506e-01  ,6.543161516188e-01  ,1.145620224798e+00  ,1.442787138180e+00  ,3.782233873214e-01  
  2.244695602924e-07  ,-4.541171153058e-01  ,1.057939295808e+00  ,8.999683715855e-01  ,9.099314502549e-01  ,6.729098139326e-01  ,1.127026929238e+00  ,1.438901098159e+00  ,3.809618023507e-01  
  2.245695610538e-07  ,-4.166456931745e-01  ,1.050647617232e+00  ,8.999685512455e-01  ,9.093513423084e-01  ,6.916457046582e-01  ,1.108291397833e+00  ,1.434675150925e+00  ,3.840275336922e-01  
  2.246695618153e-07  ,-3.789055650912e-01  ,1.042691804069e+00  ,8.999687271062e-01  ,9.087651833519e-01  ,7.105159445606e-01  ,1.089421509652e+00  ,1.430111085386e+00  ,3.874192813176e-01  
  2.247695625767e-07  ,-3.409245104347e-01  ,1.034077540839e+00  ,8.999688990264e-01  ,9.081734035280e-01  ,7.295066438090e-01  ,1.070431154244e+00  ,1.425212173948e+00  ,3.911346331084e-01  
  2.248695633382e-07  ,-3.027304749888e-01  ,1.024811205444e+00  ,8.999690668905e-01  ,9.075764392014e-01  ,7.486038293961e-01  ,1.051334304385e+00  ,1.419982041923e+00  ,3.951708364795e-01  
  2.249695640996e-07  ,-2.643395267142e-01  ,1.014896716765e+00  ,8.999692306327e-01  ,9.069745422434e-01  ,7.677994672756e-01  ,1.032138993990e+00  ,1.414422900626e+00  ,3.995261838610e-01  
  2.250695648611e-07  ,-2.257799585317e-01  ,1.004341204737e+00  ,8.999693901276e-01  ,9.063681554578e-01  ,7.870794108618e-01  ,1.012859369393e+00  ,1.408538757827e+00  ,4.041975530891e-01  
  2.251695656225e-07  ,-1.870763295945e-01  ,9.931512929120e-01  ,8.999695452604e-01  ,9.057576616069e-01  ,8.064313804631e-01  ,9.935077100576e-01  ,1.402333308063e+00  ,4.091820151509e-01  
  2.252695663840e-07  ,-1.482571796362e-01  ,9.813352534793e-01  ,8.999696959267e-01  ,9.051435099309e-01  ,8.258411061086e-01  ,9.740982857448e-01  ,1.395811136671e+00  ,4.144758831913e-01  
  2.253695671454e-07  ,-1.093440495938e-01  ,9.688997987238e-01  ,8.999698420495e-01  ,9.045260452773e-01  ,8.452978172525e-01  ,9.546418668464e-01  ,1.388975944639e+00  ,4.200761459153e-01  
  2.254695679069e-07  ,-7.035461235929e-02  ,9.558505665864e-01  ,8.999699835584e-01  ,9.039055490873e-01  ,8.647926773788e-01  ,9.351472897380e-01  ,1.381830832380e+00  ,4.259802657941e-01  
  2.255695686683e-07  ,-3.131897769921e-02  ,9.421973908060e-01  ,8.999701203350e-01  ,9.032824994385e-01  ,8.843106314854e-01  ,9.156296091846e-01  ,1.374381194842e+00  ,4.321838040355e-01  
  2.256695694298e-07  ,7.738031817360e-03  ,9.279488523412e-01  ,8.999702522939e-01  ,9.026572903727e-01  ,9.038392682026e-01  ,8.961012363852e-01  ,1.366631716543e+00  ,4.386828642021e-01  
  2.257695701912e-07  ,4.678770101672e-02  ,9.131154728122e-01  ,8.999703793515e-01  ,9.020303833051e-01  ,9.233642298599e-01  ,8.765765288432e-01  ,1.358588119711e+00  ,4.454726468990e-01  
  2.258695709527e-07  ,8.580829185426e-02  ,8.977056508439e-01  ,8.999705014339e-01  ,9.014021306795e-01  ,9.428746473610e-01  ,8.570663555068e-01  ,1.350254956101e+00  ,4.525493052575e-01  
  2.259695717141e-07  ,1.247819941762e-01  ,8.817263815899e-01  ,8.999706184759e-01  ,9.007728191729e-01  ,9.623616155640e-01  ,8.375796213878e-01  ,1.341636009968e+00  ,4.599096283779e-01  
  2.260695724756e-07  ,1.636785383841e-01  ,8.651897744829e-01  ,8.999707303740e-01  ,9.001429343990e-01  ,9.818099995661e-01  ,8.181314611819e-01  ,1.332737821640e+00  ,4.675480471575e-01  
  2.261695732370e-07  ,2.024691655778e-01  ,8.481080335477e-01  ,8.999708370585e-01  ,8.995129407720e-01  ,1.001205419847e+00  ,7.987362542696e-01  ,1.323566957546e+00  ,4.754589239981e-01  
  2.262695739985e-07  ,2.411322425043e-01  ,8.304908132597e-01  ,8.999709384808e-01  ,8.988831921260e-01  ,1.020537059733e+00  ,7.794048172286e-01  ,1.314128598756e+00  ,4.836377854962e-01  
  2.263695747599e-07  ,2.796500940041e-01  ,8.123461167833e-01  ,8.999710345870e-01  ,8.982539757775e-01  ,1.039796081589e+00  ,7.601459875849e-01  ,1.304427034169e+00  ,4.920809173858e-01  
  2.264695755214e-07  ,3.179927476552e-01  ,7.936877391455e-01  ,8.999711252848e-01  ,8.976257776616e-01  ,1.058967499112e+00  ,7.409747514572e-01  ,1.294469647234e+00  ,5.007819080889e-01  
  2.265695762828e-07  ,3.561357552788e-01  ,7.745274246134e-01  ,8.999712105174e-01  ,8.969989949282e-01  ,1.078039088157e+00  ,7.219033328780e-01  ,1.284262707235e+00  ,5.097352826214e-01  
  2.266695770443e-07  ,3.940510648030e-01  ,7.548793049760e-01  ,8.999712902408e-01  ,8.963740904700e-01  ,1.096996822642e+00  ,7.029457578393e-01  ,1.273813742958e+00  ,5.189344379820e-01  
  2.267695778057e-07  ,4.317175939717e-01  ,7.347544657235e-01  ,8.999713644113e-01  ,8.957514157989e-01  ,1.115830161397e+00  ,6.841125674255e-01  ,1.263128648661e+00  ,5.283741829372e-01  
  2.268695785672e-07  ,4.691125915273e-01  ,7.141651515221e-01  ,8.999714329831e-01  ,8.951313500791e-01  ,1.134527728747e+00  ,6.654151372195e-01  ,1.252213925840e+00  ,5.380487743180e-01  
  2.269695793286e-07  ,5.062184811271e-01  ,6.931209433433e-01  ,8.999714959163e-01  ,8.945141837608e-01  ,1.153080736480e+00  ,6.468622553528e-01  ,1.241074655432e+00  ,5.479537120892e-01  
  2.270695800901e-07  ,5.430058242049e-01  ,6.716381190417e-01  ,8.999715531481e-01  ,8.939004016444e-01  ,1.171474465251e+00  ,6.284686410457e-01  ,1.229719461165e+00  ,5.580813421236e-01  
  2.271695808515e-07  ,5.794473861789e-01  ,6.497325161317e-01  ,8.999716046461e-01  ,8.932904556628e-01  ,1.189695297736e+00  ,6.102479115566e-01  ,1.218156713729e+00  ,5.684241975970e-01  
  2.272695816130e-07  ,6.155228649584e-01  ,6.274164772752e-01  ,8.999716503896e-01  ,8.926846877951e-01  ,1.207733082869e+00  ,5.922102179104e-01  ,1.206392926433e+00  ,5.789764491575e-01  
  2.273695823744e-07  ,6.512157593816e-01  ,6.047001524581e-01  ,8.999716903494e-01  ,8.920833746525e-01  ,1.225579570040e+00  ,5.743638106586e-01  ,1.194433450882e+00  ,5.897332984235e-01  
  2.274695831359e-07  ,6.864946032414e-01  ,5.816033411688e-01  ,8.999717244815e-01  ,8.914870451689e-01  ,1.243219026102e+00  ,5.567244228608e-01  ,1.182288715753e+00  ,6.006853745845e-01  
  2.275695838973e-07  ,7.213444752415e-01  ,5.581357716513e-01  ,8.999717527742e-01  ,8.908959507709e-01  ,1.260643990395e+00  ,5.392995151535e-01  ,1.169963836597e+00  ,6.118280649453e-01  
  2.276695846588e-07  ,7.557394259769e-01  ,5.343146226548e-01  ,8.999717752109e-01  ,8.903105295258e-01  ,1.277841488199e+00  ,5.221020622224e-01  ,1.157467840853e+00  ,6.231532181984e-01  
  2.277695854202e-07  ,7.896575995553e-01  ,5.101549046528e-01  ,8.999717917761e-01  ,8.897311527821e-01  ,1.294800591554e+00  ,5.051429919985e-01  ,1.144808605109e+00  ,6.346537004557e-01  
  2.278695861817e-07  ,8.230741186791e-01  ,4.856744194157e-01  ,8.999718024634e-01  ,8.891582478672e-01  ,1.311508861803e+00  ,4.884347431238e-01  ,1.131995457575e+00  ,6.463210381594e-01  
  2.279695869431e-07  ,8.559749598057e-01  ,4.608834749481e-01  ,8.999718072648e-01  ,8.885920558819e-01  ,1.327959287168e+00  ,4.719843273620e-01  ,1.119033793356e+00  ,6.581503184078e-01  
  2.280695877046e-07  ,8.883324193744e-01  ,4.358028792675e-01  ,8.999718061723e-01  ,8.880330546781e-01  ,1.344138015859e+00  ,4.558055964851e-01  ,1.105934494312e+00  ,6.701316150443e-01  
  2.281695884660e-07  ,9.201328724579e-01  ,4.104431919496e-01  ,8.999717991881e-01  ,8.874814795549e-01  ,1.360038235417e+00  ,4.399053629591e-01  ,1.092703075530e+00  ,6.822598835801e-01  
  2.282695892275e-07  ,9.513526638884e-01  ,3.848230080166e-01  ,8.999717863189e-01  ,8.869377391842e-01  ,1.375648118263e+00  ,4.242954543747e-01  ,1.079349243192e+00  ,6.945262351759e-01  
  2.283695899889e-07  ,9.819719608097e-01  ,3.589584784791e-01  ,8.999717675690e-01  ,8.864021776810e-01  ,1.390957747974e+00  ,4.089857871641e-01  ,1.065881416921e+00  ,7.069229384415e-01  
  2.284695907504e-07  ,1.011968315242e+00  ,3.328686550548e-01  ,8.999717429548e-01  ,8.858751893973e-01  ,1.405955900576e+00  ,3.939875853339e-01  ,1.052309516925e+00  ,7.194408618699e-01  
  2.285695915118e-07  ,1.041325116729e+00  ,3.065682000014e-01  ,8.999717124932e-01  ,8.853570694610e-01  ,1.420634270858e+00  ,3.793091541285e-01  ,1.038641169462e+00  ,7.320729694603e-01  
  2.286695922733e-07  ,1.070028955431e+00  ,2.800690882345e-01  ,8.999716761935e-01  ,8.848480551863e-01  ,1.434986153909e+00  ,3.649571984782e-01  ,1.024882599304e+00  ,7.448135110691e-01  
  2.287695930347e-07  ,1.098057350299e+00  ,2.533916790458e-01  ,8.999716340774e-01  ,8.843485439689e-01  ,1.449000309227e+00  ,3.509429589281e-01  ,1.011044383492e+00  ,7.576527044460e-01  
  2.288695937962e-07  ,1.125389643090e+00  ,2.265556186287e-01  ,8.999715861851e-01  ,8.838589042206e-01  ,1.462666407730e+00  ,3.372767646399e-01  ,9.971367135350e-01  ,7.705810949062e-01  
  2.289695945576e-07  ,1.152014345824e+00  ,1.995722006867e-01  ,8.999715325376e-01  ,8.833793419722e-01  ,1.475978705450e+00  ,3.239643596254e-01  ,9.831654423155e-01  ,7.835932416288e-01  
  2.290695953191e-07  ,1.177911615367e+00  ,1.724612494273e-01  ,8.999714731652e-01  ,8.829102132363e-01  ,1.488927280849e+00  ,3.110156654815e-01  ,9.691408379499e-01  ,7.966795885226e-01  
  2.291695960805e-07  ,1.203065006713e+00  ,1.452398639006e-01  ,8.999714080997e-01  ,8.824518147323e-01  ,1.501503911456e+00  ,2.984389047430e-01  ,9.550717466826e-01  ,8.098318827820e-01  
  2.292695968420e-07  ,1.227456107847e+00  ,1.179280866844e-01  ,8.999713374030e-01  ,8.820044838883e-01  ,1.513699391326e+00  ,2.862432834796e-01  ,9.409685272305e-01  ,8.230404405462e-01  
  2.293695976034e-07  ,1.251071452294e+00  ,9.054124646790e-02  ,8.999712611175e-01  ,8.815684708897e-01  ,1.525506987265e+00  ,2.744355349703e-01  ,9.268390941236e-01  ,8.362978476557e-01  
  2.294695983649e-07  ,1.273900251762e+00  ,6.309181912096e-02  ,8.999711792748e-01  ,8.811439756185e-01  ,1.536921305156e+00  ,2.630210533935e-01  ,9.126898851790e-01  ,8.495980660580e-01  
  2.295695991263e-07  ,1.295924551590e+00  ,3.560094665015e-02  ,8.999710919310e-01  ,8.807313306876e-01  ,1.547933367726e+00  ,2.520088161361e-01  ,8.985318040127e-01  ,8.629308573626e-01  
  2.296695998878e-07  ,1.317128153934e+00  ,8.088865421828e-03  ,8.999709991522e-01  ,8.803308397526e-01  ,1.558535076119e+00  ,2.414069221852e-01  ,8.843752724635e-01  ,8.762864070417e-01  
  2.297696006492e-07  ,1.337499348353e+00  ,-1.942899341001e-02  ,8.999709009943e-01  ,8.799427261091e-01  ,1.568720575171e+00  ,2.312212268175e-01  ,8.702282294041e-01  ,8.896572228141e-01  
  2.298696014107e-07  ,1.357025854370e+00  ,-4.693591296491e-02  ,8.999707975165e-01  ,8.795672253906e-01  ,1.578483724702e+00  ,2.214578703315e-01  ,8.560992689082e-01  ,9.030351818731e-01  
  2.299696021721e-07  ,1.375695529994e+00  ,-7.441475567035e-02  ,8.999706887823e-01  ,8.792045719796e-01  ,1.587818453779e+00  ,2.121229237852e-01  ,8.419971941444e-01  ,9.164119498148e-01  
  2.300696029336e-07  ,1.393496621880e+00  ,-1.018482586880e-01  ,8.999705748596e-01  ,8.788549943840e-01  ,1.596718885799e+00  ,2.032222639198e-01  ,8.279308650400e-01  ,9.297791237280e-01  
  2.301696036950e-07  ,1.410420571047e+00  ,-1.292234553761e-01  ,8.999704558001e-01  ,8.785186594300e-01  ,1.605180741323e+00  ,1.947601702767e-01  ,8.139069317420e-01  ,9.431303871181e-01  
  2.302696044564e-07  ,1.426453532446e+00  ,-1.565187523795e-01  ,8.999703316929e-01  ,8.781958384872e-01  ,1.613197097916e+00  ,1.867435654698e-01  ,7.999364622975e-01  ,9.564552146770e-01  
  2.303696052179e-07  ,1.441583720405e+00  ,-1.837140649262e-01  ,8.999702026323e-01  ,8.778867689589e-01  ,1.620762062835e+00  ,1.791783424297e-01  ,7.860297364959e-01  ,9.697438014220e-01  
  2.304696059793e-07  ,1.455802829024e+00  ,-2.107941567483e-01  ,8.999700686938e-01  ,8.775916228541e-01  ,1.627871483206e+00  ,1.720686541817e-01  ,7.721945444799e-01  ,9.829887012282e-01  
  2.305696067408e-07  ,1.469102314421e+00  ,-2.377425824262e-01  ,8.999699299587e-01  ,8.773105795211e-01  ,1.634521087169e+00  ,1.654187727483e-01  ,7.584392883079e-01  ,9.961818707342e-01  
  2.306696075022e-07  ,1.481475892777e+00  ,-2.645467375804e-01  ,8.999697864904e-01  ,8.770437719446e-01  ,1.640707732879e+00  ,1.592318401017e-01  ,7.447704031544e-01  ,1.009317140735e+00  
  2.307696082637e-07  ,1.492913482620e+00  ,-2.911855826680e-01  ,8.999696383994e-01  ,8.767914155469e-01  ,1.646426379710e+00  ,1.535128970892e-01  ,7.311986242129e-01  ,1.022384206881e+00  
  2.308696090251e-07  ,1.503406739384e+00  ,-3.176395216660e-01  ,8.999694857986e-01  ,8.765536953405e-01  ,1.651672855491e+00  ,1.482661161067e-01  ,7.177339345075e-01  ,1.035373456174e+00  
  2.309696097866e-07  ,1.512951308877e+00  ,-3.438974340840e-01  ,8.999693287524e-01  ,8.763307107548e-01  ,1.656444983191e+00  ,1.434936743140e-01  ,7.043819937128e-01  ,1.048279427797e+00  
  2.310696105480e-07  ,1.521539968788e+00  ,-3.699399432707e-01  ,8.999691673728e-01  ,8.761226295428e-01  ,1.660739151767e+00  ,1.391991829785e-01  ,6.911526579074e-01  ,1.061092601178e+00  
  2.311696113095e-07  ,1.529166513766e+00  ,-3.957478952211e-01  ,8.999690017781e-01  ,8.759296039633e-01  ,1.664552258661e+00  ,1.353857448949e-01  ,6.780556563527e-01  ,1.073803551574e+00  
  2.312696120709e-07  ,1.535826851551e+00  ,-4.213068507224e-01  ,8.999688320640e-01  ,8.757517403949e-01  ,1.667882257839e+00  ,1.320554062888e-01  ,6.650983150337e-01  ,1.086405165756e+00  
  2.313696128324e-07  ,1.541517940735e+00  ,-4.466051530509e-01  ,8.999686583087e-01  ,8.755891207844e-01  ,1.670727628676e+00  ,1.292096879412e-01  ,6.522865442589e-01  ,1.098891697310e+00  
  2.314696135938e-07  ,1.546235095409e+00  ,-4.716232006098e-01  ,8.999684806458e-01  ,8.754418764975e-01  ,1.673086028350e+00  ,1.268509329414e-01  ,6.396302761926e-01  ,1.111253476802e+00  
  2.315696143553e-07  ,1.549974953989e+00  ,-4.963425974658e-01  ,8.999682992062e-01  ,8.753101151525e-01  ,1.674955776201e+00  ,1.249808222115e-01  ,6.271388164197e-01  ,1.123481413885e+00  
  2.316696151167e-07  ,1.552736012262e+00  ,-5.207529567521e-01  ,8.999681140660e-01  ,8.751938916875e-01  ,1.676336120197e+00  ,1.236001079351e-01  ,6.148174133115e-01  ,1.135570370064e+00  
  2.317696158782e-07  ,1.554516058113e+00  ,-5.448362331040e-01  ,8.999679253606e-01  ,8.750932957294e-01  ,1.677225954417e+00  ,1.227098963041e-01  ,6.026751791774e-01  ,1.147511412281e+00  
  2.318696166396e-07  ,1.555313898246e+00  ,-5.685747216166e-01  ,8.999677332297e-01  ,8.750084005180e-01  ,1.677624682353e+00  ,1.223107841067e-01  ,5.907210397097e-01  ,1.159295761326e+00  
  2.319696174011e-07  ,1.555129267781e+00  ,-5.919584497442e-01  ,8.999675377551e-01  ,8.749392412384e-01  ,1.677532171646e+00  ,1.224029038644e-01  ,5.789600163663e-01  ,1.170918466110e+00  
  2.320696181625e-07  ,1.553962130692e+00  ,-6.149701163789e-01  ,8.999673390814e-01  ,8.748858727149e-01  ,1.676948404427e+00  ,1.229862737356e-01  ,5.674008145255e-01  ,1.182370930904e+00  
  2.321696189240e-07  ,1.551813463181e+00  ,-6.375928083644e-01  ,8.999671373541e-01  ,8.748483329865e-01  ,1.675873868944e+00  ,1.240604057638e-01  ,5.560519288043e-01  ,1.193644737169e+00  
  2.322696196854e-07  ,1.548684615683e+00  ,-6.598138948540e-01  ,8.999669326849e-01  ,8.748266407815e-01  ,1.674309240526e+00  ,1.256246248434e-01  ,5.449196933545e-01  ,1.204733588208e+00  
  2.323696204469e-07  ,1.544577540110e+00  ,-6.816198952576e-01  ,8.999667251983e-01  ,8.748208086274e-01  ,1.672255495253e+00  ,1.276779551432e-01  ,5.340108609986e-01  ,1.215630756256e+00  
  2.324696212083e-07  ,1.539494123331e+00  ,-7.030005847039e-01  ,8.999665149935e-01  ,8.748308406886e-01  ,1.669713576659e+00  ,1.302194533282e-01  ,5.233305483366e-01  ,1.226331133040e+00  
  2.325696219698e-07  ,1.533438061393e+00  ,-7.239390512241e-01  ,8.999663022377e-01  ,8.748567359269e-01  ,1.666685332934e+00  ,1.332472715410e-01  ,5.128872103149e-01  ,1.236826261539e+00  
  2.326696227312e-07  ,1.526413255387e+00  ,-7.444220619606e-01  ,8.999660870648e-01  ,8.748984788308e-01  ,1.663172714758e+00  ,1.367594593714e-01  ,5.026874478505e-01  ,1.247109509811e+00  
  2.327696234927e-07  ,1.518424182725e+00  ,-7.644366708810e-01  ,8.999658696087e-01  ,8.749560437147e-01  ,1.659177960971e+00  ,1.407537782463e-01  ,4.927377082742e-01  ,1.257174379155e+00  
  2.328696242541e-07  ,1.509476816322e+00  ,-7.839681776497e-01  ,8.999656500298e-01  ,8.750293869478e-01  ,1.654704058191e+00  ,1.452272418686e-01  ,4.830452981229e-01  ,1.267013475773e+00  
  2.329696250156e-07  ,1.499576281839e+00  ,-8.030056989190e-01  ,8.999654284492e-01  ,8.751184649631e-01  ,1.649753569369e+00  ,1.501772875298e-01  ,4.736156155036e-01  ,1.276621314423e+00  
  2.330696257770e-07  ,1.488728617260e+00  ,-8.215376929180e-01  ,8.999652050005e-01  ,8.752232226897e-01  ,1.644329513630e+00  ,1.556008963706e-01  ,4.644543762307e-01  ,1.285992069149e+00  
  2.331696265385e-07  ,1.476938874449e+00  ,-8.395554577009e-01  ,8.999649797908e-01  ,8.753436122703e-01  ,1.638434417015e+00  ,1.614955425663e-01  ,4.555658834199e-01  ,1.295121341121e+00  
  2.332696272999e-07  ,1.464217365224e+00  ,-8.570428431707e-01  ,8.999647530218e-01  ,8.754795311901e-01  ,1.632073435634e+00  ,1.678560704096e-01  ,4.469581096047e-01  ,1.304000952775e+00  
  2.333696280614e-07  ,1.450571392629e+00  ,-8.739901192820e-01  ,8.999645248183e-01  ,8.756309009000e-01  ,1.625250221133e+00  ,1.746788285036e-01  ,4.386358412590e-01  ,1.312625960541e+00  
  2.334696288228e-07  ,1.436007219033e+00  ,-8.903895420318e-01  ,8.999642952874e-01  ,8.757976530715e-01  ,1.617967904804e+00  ,1.819606857711e-01  ,4.306028820556e-01  ,1.320992424087e+00  
  2.335696295843e-07  ,1.420537514477e+00  ,-9.062266083643e-01  ,8.999640646338e-01  ,8.759796455747e-01  ,1.610232821872e+00  ,1.896953073954e-01  ,4.228663413925e-01  ,1.329092949757e+00  
  2.336696303457e-07  ,1.404168909768e+00  ,-9.214946784574e-01  ,8.999638329558e-01  ,8.761768013594e-01  ,1.602048287840e+00  ,1.978793780718e-01  ,4.154294621307e-01  ,1.336924140588e+00  
  2.337696311072e-07  ,1.386915165126e+00  ,-9.361808343841e-01  ,8.999636004440e-01  ,8.763889565369e-01  ,1.593421183007e+00  ,2.065060178812e-01  ,4.082985393448e-01  ,1.344479373729e+00  
  2.338696318686e-07  ,1.368783640451e+00  ,-9.502789212506e-01  ,8.999633671971e-01  ,8.766160210269e-01  ,1.584355187423e+00  ,2.155715469716e-01  ,4.014765604016e-01  ,1.351755481652e+00  
  2.339696326301e-07  ,1.349789554866e+00  ,-9.637770026809e-01  ,8.999631334099e-01  ,8.768578051266e-01  ,1.574857910843e+00  ,2.250683559770e-01  ,3.949693037861e-01  ,1.358746306467e+00  
  2.340696333915e-07  ,1.329940998222e+00  ,-9.766694241461e-01  ,8.999628991823e-01  ,8.771142061477e-01  ,1.564933398293e+00  ,2.349924000715e-01  ,3.887794940747e-01  ,1.365448918221e+00  
  2.341696341530e-07  ,1.309254635196e+00  ,-9.889452609726e-01  ,8.999626647112e-01  ,8.773850096519e-01  ,1.554589982309e+00  ,2.453353471130e-01  ,3.829123791656e-01  ,1.371857640138e+00  
  2.342696349144e-07  ,1.287739269297e+00  ,-1.000599373438e+00  ,8.999624300971e-01  ,8.776701009555e-01  ,1.543832064745e+00  ,2.560927954488e-01  ,3.773704142365e-01  ,1.377969787675e+00  
  2.343696356759e-07  ,1.265410697492e+00  ,-1.011623029476e+00  ,8.999621955161e-01  ,8.779692735501e-01  ,1.532667544262e+00  ,2.672568467702e-01  ,3.721577588120e-01  ,1.383780788288e+00  
  2.344696364373e-07  ,1.242283126682e+00  ,-1.022009244348e+00  ,8.999619611173e-01  ,8.782823394827e-01  ,1.521103524458e+00  ,2.788203977764e-01  ,3.672777173089e-01  ,1.389286961656e+00  
  2.345696371988e-07  ,1.218371217827e+00  ,-1.031751435348e+00  ,8.999617270457e-01  ,8.786091021290e-01  ,1.509147335959e+00  ,2.907761181323e-01  ,3.627333844550e-01  ,1.394484819803e+00  
  2.346696379602e-07  ,1.193690105018e+00  ,-1.040843425933e+00  ,8.999614934506e-01  ,8.789493560371e-01  ,1.496806545959e+00  ,3.031164409417e-01  ,3.585276430704e-01  ,1.399371069004e+00  
  2.347696387217e-07  ,1.168255399803e+00  ,-1.049279449555e+00  ,8.999612604808e-01  ,8.793028868196e-01  ,1.484088960382e+00  ,3.158335605794e-01  ,3.546631620423e-01  ,1.403942611597e+00  
  2.348696394831e-07  ,1.142083187872e+00  ,-1.057054153248e+00  ,8.999610282787e-01  ,8.796694712303e-01  ,1.471002622215e+00  ,3.289194343428e-01  ,3.511423946063e-01  ,1.408196547854e+00  
  2.349696402446e-07  ,1.115190021919e+00  ,-1.064162601026e+00  ,8.999607969930e-01  ,8.800488775153e-01  ,1.457555807952e+00  ,3.423657860336e-01  ,3.479675770024e-01  ,1.412130178028e+00  
  2.350696410060e-07  ,1.087592912454e+00  ,-1.070600277072e+00  ,8.999605667699e-01  ,8.804408659958e-01  ,1.443757022997e+00  ,3.561641105428e-01  ,3.451407274596e-01  ,1.415741004532e+00  
  2.351696417675e-07  ,1.059312188191e+00  ,-1.076362489487e+00  ,8.999603377736e-01  ,8.808451469333e-01  ,1.429616431869e+00  ,3.703042436783e-01  ,3.426639021900e-01  ,1.419026391677e+00  
  2.352696425289e-07  ,1.030363698833e+00  ,-1.081446105901e+00  ,8.999601101317e-01  ,8.812614919046e-01  ,1.415141959548e+00  ,3.847782607154e-01  ,3.405384389543e-01  ,1.421984544855e+00  
  2.353696432904e-07  ,1.000760659268e+00  ,-1.085848783788e+00  ,8.999598839532e-01  ,8.816897117736e-01  ,1.400340213587e+00  ,3.995795543192e-01  ,3.387653198796e-01  ,1.424614103668e+00  
  2.354696440518e-07  ,9.705258815653e-01  ,-1.089566884181e+00  ,8.999596594226e-01  ,8.821294807642e-01  ,1.385222600205e+00  ,4.146967186400e-01  ,3.373460386738e-01  ,1.426912922855e+00  
  2.355696448133e-07  ,9.396818296204e-01  ,-1.092597718817e+00  ,8.999594366988e-01  ,8.825804742336e-01  ,1.369800351509e+00  ,4.301185218886e-01  ,3.362816148251e-01  ,1.428879333642e+00  
  2.356696455747e-07  ,9.082458306780e-01  ,-1.094939689409e+00  ,8.999592158991e-01  ,8.830424372643e-01  ,1.354082131238e+00  ,4.458363005601e-01  ,3.355725925596e-01  ,1.430512281969e+00  
  2.357696463362e-07  ,8.762322652080e-01  ,-1.096591702768e+00  ,8.999589971314e-01  ,8.835151594150e-01  ,1.338075129735e+00  ,4.618428645274e-01  ,3.352193080309e-01  ,1.431811010799e+00  
  2.358696470976e-07  ,8.436692036212e-01  ,-1.097552144383e+00  ,8.999587805953e-01  ,8.839982282547e-01  ,1.321793382406e+00  ,4.781241787847e-01  ,3.352221560633e-01  ,1.432774300446e+00  
  2.359696478591e-07  ,8.105750036203e-01  ,-1.097820577901e+00  ,8.999585664033e-01  ,8.844913705658e-01  ,1.305246068213e+00  ,4.946710645931e-01  ,3.355810816153e-01  ,1.433401659516e+00  
  2.360696486205e-07  ,7.769648439254e-01  ,-1.097396855006e+00  ,8.999583546540e-01  ,8.849943613765e-01  ,1.288440776617e+00  ,5.114759326913e-01  ,3.362959338737e-01  ,1.433692788879e+00  
  2.361696493820e-07  ,7.428647563166e-01  ,-1.096281055047e+00  ,8.999581455203e-01  ,8.855068154673e-01  ,1.271390523679e+00  ,5.285257673620e-01  ,3.373662879436e-01  ,1.433647342991e+00  
  2.362696501434e-07  ,7.082965131458e-01  ,-1.094473851673e+00  ,8.999579391375e-01  ,8.860284097292e-01  ,1.254106195710e+00  ,5.458096825647e-01  ,3.387914838926e-01  ,1.433265335566e+00  
  2.363696509049e-07  ,6.732856160753e-01  ,-1.091976624640e+00  ,8.999577356437e-01  ,8.865587599053e-01  ,1.236600543681e+00  ,5.633149276060e-01  ,3.405704475852e-01  ,1.432547072225e+00  
  2.364696516663e-07  ,6.378516345507e-01  ,-1.088790876728e+00  ,8.999575351526e-01  ,8.870975673681e-01  ,1.218883352428e+00  ,5.810317178772e-01  ,3.427021290044e-01  ,1.431493005732e+00  
  2.365696524278e-07  ,6.020107438858e-01  ,-1.084918034027e+00  ,8.999573377615e-01  ,8.876445867640e-01  ,1.200962709704e+00  ,5.989519658187e-01  ,3.451855697506e-01  ,1.430103603777e+00  
  2.366696531892e-07  ,5.657943667026e-01  ,-1.080361324005e+00  ,8.999571436449e-01  ,8.881993400556e-01  ,1.182854326996e+00  ,6.170599602936e-01  ,3.480186780530e-01  ,1.428380002058e+00  
  2.367696539507e-07  ,5.292228668239e-01  ,-1.075123403582e+00  ,8.999569529037e-01  ,8.887615141948e-01  ,1.164568386316e+00  ,6.353455194918e-01  ,3.511998124038e-01  ,1.426323215986e+00  
  2.368696547121e-07  ,4.923184539460e-01  ,-1.069207490193e+00  ,8.999567656523e-01  ,8.893307666408e-01  ,1.146115992625e+00  ,6.537975386793e-01  ,3.547270215441e-01  ,1.423934511738e+00  
  2.369696554736e-07  ,4.550984816182e-01  ,-1.062616295323e+00  ,8.999565819884e-01  ,8.899068316642e-01  ,1.127505822798e+00  ,6.724073411793e-01  ,3.585986840026e-01  ,1.421214979326e+00  
  2.370696562350e-07  ,4.175923075538e-01  ,-1.055354701768e+00  ,8.999564020736e-01  ,8.904892610368e-01  ,1.108752555850e+00  ,6.911602482967e-01  ,3.628119101527e-01  ,1.418166611921e+00  
  2.371696569965e-07  ,3.798277627319e-01  ,-1.047428103869e+00  ,8.999562260295e-01  ,8.910776258270e-01  ,1.089870107395e+00  ,7.100423446635e-01  ,3.673635738926e-01  ,1.414791677761e+00  
  2.372696577579e-07  ,3.418259705829e-01  ,-1.038841046606e+00  ,8.999560539424e-01  ,8.916715951163e-01  ,1.070869039234e+00  ,7.290430686509e-01  ,3.722510718133e-01  ,1.411092118419e+00  
  2.373696585194e-07  ,3.036099357727e-01  ,-1.029598781980e+00  ,8.999558859159e-01  ,8.922708074271e-01  ,1.051760853802e+00  ,7.481509180295e-01  ,3.774714164370e-01  ,1.407070198417e+00  
  2.374696592808e-07  ,2.651975995229e-01  ,-1.019705578412e+00  ,8.999557220369e-01  ,8.928749826884e-01  ,1.032554521798e+00  ,7.673569222755e-01  ,3.830221934822e-01  ,1.402727771895e+00  
  2.375696600423e-07  ,2.266232162300e-01  ,-1.009170028671e+00  ,8.999555624551e-01  ,8.934835847570e-01  ,1.013267170570e+00  ,7.866439543401e-01  ,3.888985704216e-01  ,1.398068599092e+00  
  2.376696608037e-07  ,1.879085391788e-01  ,-9.979981372609e-01  ,8.999554072541e-01  ,8.940962706635e-01  ,9.939096768435e-01  ,8.060011376647e-01  ,3.950972020330e-01  ,1.393095339294e+00  
  2.377696615651e-07  ,1.490769968874e-01  ,-9.861967251284e-01  ,8.999552565205e-01  ,8.947126671843e-01  ,9.744937549642e-01  ,8.254167580768e-01  ,4.016143046201e-01  ,1.387811029748e+00  
  2.378696623266e-07  ,1.101527214570e-01  ,-9.737731456571e-01  ,8.999551103517e-01  ,8.953323899405e-01  ,9.550314710802e-01  ,8.448787496232e-01  ,4.084458171120e-01  ,1.382218962769e+00  
  2.379696630880e-07  ,7.115418618648e-02  ,-9.607331932335e-01  ,8.999549688281e-01  ,8.959551472787e-01  ,9.355320619213e-01  ,8.643778757349e-01  ,4.155885506619e-01  ,1.376321743895e+00  
  2.380696638495e-07  ,3.211241531083e-02  ,-9.470868603556e-01  ,8.999548320769e-01  ,8.965804509448e-01  ,9.160110397323e-01  ,8.838986244215e-01  ,4.230370207670e-01  ,1.370123881123e+00  
  2.381696646109e-07  ,-6.943638075606e-03  ,-9.328442377941e-01  ,8.999547001828e-01  ,8.972078407482e-01  ,8.964828811450e-01  ,9.034265192206e-01  ,4.307857218511e-01  ,1.363629959645e+00  
  2.382696653724e-07  ,-4.599218421880e-02  ,-9.180134033280e-01  ,8.999545732082e-01  ,8.978369642759e-01  ,8.769584810988e-01  ,9.229506653176e-01  ,4.388302626119e-01  ,1.356843665940e+00  
  2.383696661338e-07  ,-8.501539480640e-02  ,-9.026010947992e-01  ,8.999544512187e-01  ,8.984675345117e-01  ,8.574467538155e-01  ,9.424621486219e-01  ,4.471669871121e-01  ,1.349768081911e+00  
  2.384696668953e-07  ,-1.239829910360e-01  ,-8.866189916587e-01  ,8.999543343235e-01  ,8.990990647712e-01  ,8.379628388055e-01  ,9.619458298415e-01  ,4.557895689418e-01  ,1.342408560601e+00  
  2.385696676567e-07  ,-1.628701833294e-01  ,-8.700771555155e-01  ,8.999542225916e-01  ,8.997311552861e-01  ,8.185191309269e-01  ,9.813893142563e-01  ,4.646925775284e-01  ,1.334769733044e+00  
  2.386696684182e-07  ,-2.016484294456e-01  ,-8.529878046957e-01  ,8.999541160852e-01  ,9.003633391790e-01  ,7.991299013624e-01  ,1.000778330808e+00  ,4.738694368311e-01  ,1.326857241527e+00  
  2.387696691796e-07  ,-2.402962019905e-01  ,-8.353606060591e-01  ,8.999540148643e-01  ,9.009952614142e-01  ,7.798059138690e-01  ,1.020102115860e+00  ,4.833149583847e-01  ,1.318675564444e+00  
  2.388696699411e-07  ,-2.787958994745e-01  ,-8.172035736426e-01  ,8.999539189830e-01  ,9.016266340878e-01  ,7.605559692457e-01  ,1.039351868720e+00  ,4.930248472665e-01  ,1.310228420909e+00  
  2.389696707025e-07  ,-3.171176613318e-01  ,-7.985305222096e-01  ,8.999538285296e-01  ,9.022569707087e-01  ,7.413949978636e-01  ,1.058512659195e+00  ,5.029917096039e-01  ,1.301522231813e+00  
  2.390696714640e-07  ,-3.552371148744e-01  ,-7.793532145815e-01  ,8.999537435596e-01  ,9.028858741774e-01  ,7.223351861224e-01  ,1.077572300997e+00  ,5.132092668866e-01  ,1.292562481468e+00  
  2.391696722254e-07  ,-3.931262956408e-01  ,-7.596858062809e-01  ,8.999536641179e-01  ,9.035128815801e-01  ,7.033905162975e-01  ,1.096516811938e+00  ,5.236699784396e-01  ,1.283355784721e+00  
  2.392696729869e-07  ,-4.307641902648e-01  ,-7.395394023734e-01  ,8.999535902482e-01  ,9.041376411108e-01  ,6.845714951158e-01  ,1.115335685381e+00  ,5.343679399241e-01  ,1.273907342297e+00  
  2.393696737483e-07  ,-4.681336586446e-01  ,-7.189231677018e-01  ,8.999535219925e-01  ,9.047598675678e-01  ,6.658866926702e-01  ,1.134020351315e+00  ,5.452982837169e-01  ,1.264221451419e+00  
  2.394696745098e-07  ,-5.052056869552e-01  ,-6.978528356276e-01  ,8.999534594161e-01  ,9.053790793543e-01  ,6.473506159385e-01  ,1.152556302894e+00  ,5.564526615405e-01  ,1.254305497168e+00  
  2.395696752712e-07  ,-5.419567082557e-01  ,-6.763416846600e-01  ,8.999534025534e-01  ,9.059948844773e-01  ,6.289750484256e-01  ,1.170931756681e+00  ,5.678240421473e-01  ,1.244165726807e+00  
  2.396696760327e-07  ,-5.783597871727e-01  ,-6.544055837592e-01  ,8.999533514291e-01  ,9.066068286225e-01  ,6.107734578427e-01  ,1.189133245015e+00  ,5.794040367429e-01  ,1.233809620502e+00  
  2.397696767941e-07  ,-6.143996699128e-01  ,-6.320537800656e-01  ,8.999533060702e-01  ,9.072146543085e-01  ,5.927534711138e-01  ,1.207153141027e+00  ,5.911877642758e-01  ,1.223241544341e+00  
  2.398696775556e-07  ,-6.500461110377e-01  ,-6.093050265669e-01  ,8.999532665224e-01  ,9.078178500959e-01  ,5.749302110036e-01  ,1.224976322041e+00  ,6.031653368124e-01  ,1.212470363379e+00  
  2.399696783170e-07  ,-6.852841356646e-01  ,-5.861689113710e-01  ,8.999532328027e-01  ,9.084161629148e-01  ,5.573111649704e-01  ,1.242595300635e+00  ,6.153317072293e-01  ,1.201500618600e+00  
  2.400696790785e-07  ,-7.200876597548e-01  ,-5.626623750370e-01  ,8.999532049358e-01  ,9.090091515008e-01  ,5.399093750584e-01  ,1.259997034813e+00  ,6.276779639823e-01  ,1.190340339019e+00  
  2.401696798399e-07  ,-7.544346538281e-01  ,-5.388002372129e-01  ,8.999531829372e-01  ,9.095964408188e-01  ,5.227358560232e-01  ,1.277170509851e+00  ,6.401963222124e-01  ,1.178996559425e+00  
  2.402696806014e-07  ,-7.883000152057e-01  ,-5.146000914388e-01  ,8.999531668142e-01  ,9.101775981073e-01  ,5.058031592113e-01  ,1.294103174417e+00  ,6.528775523879e-01  ,1.167477643827e+00  
  2.403696813628e-07  ,-8.216650369874e-01  ,-4.900755625948e-01  ,8.999531565762e-01  ,9.107522980632e-01  ,4.891206380825e-01  ,1.310785675070e+00  ,6.657145167658e-01  ,1.155790079361e+00  
  2.404696821243e-07  ,-8.545096671430e-01  ,-4.652415699144e-01  ,8.999531522318e-01  ,9.113201916131e-01  ,4.726983186603e-01  ,1.327207985803e+00  ,6.786994066559e-01  ,1.143940976570e+00  
  2.405696828857e-07  ,-8.868135725731e-01  ,-4.401135895636e-01  ,8.999531537834e-01  ,9.118809246214e-01  ,4.565463674968e-01  ,1.343359940070e+00  ,6.918241298396e-01  ,1.131937719403e+00  
  2.406696836472e-07  ,-9.185565181636e-01  ,-4.147074035063e-01  ,8.999531612287e-01  ,9.124341444333e-01  ,4.406749021469e-01  ,1.359231420311e+00  ,7.050804426801e-01  ,1.119787846186e+00  
  2.407696844086e-07  ,-9.497233757497e-01  ,-3.890349893780e-01  ,8.999531745694e-01  ,9.129795888551e-01  ,4.250914866945e-01  ,1.374814862444e+00  ,7.184620941661e-01  ,1.107497083544e+00  
  2.408696851701e-07  ,-9.802891375076e-01  ,-3.631164607095e-01  ,8.999531938062e-01  ,9.135168249794e-01  ,4.098086250524e-01  ,1.390097762560e+00  ,7.319585946246e-01  ,1.095075055334e+00  
  2.409696859315e-07  ,-1.010231298923e+00  ,-3.369709173445e-01  ,8.999532189210e-01  ,9.140454585875e-01  ,3.948375694598e-01  ,1.405068868382e+00  ,7.455599999152e-01  ,1.082530917260e+00  
  2.410696866930e-07  ,-1.039533318555e+00  ,-3.106130590813e-01  ,8.999532498922e-01  ,9.145651946293e-01  ,3.801865906146e-01  ,1.419719909170e+00  ,7.592586650887e-01  ,1.069871724170e+00  
  2.411696874544e-07  ,-1.068177599015e+00  ,-2.840589133635e-01  ,8.999532866987e-01  ,9.150757175080e-01  ,3.658644871913e-01  ,1.434042086206e+00  ,7.730462608262e-01  ,1.057105174190e+00  
  2.412696882159e-07  ,-1.096150730389e+00  ,-2.573208772552e-01  ,8.999533293264e-01  ,9.155767874085e-01  ,3.518779641319e-01  ,1.448028694521e+00  ,7.869163487809e-01  ,1.044237226036e+00  
  2.413696889773e-07  ,-1.123430504869e+00  ,-2.304198084186e-01  ,8.999533777458e-01  ,9.160680072171e-01  ,3.382381253115e-01  ,1.461668630180e+00  ,8.008581030078e-01  ,1.031277911426e+00  
  2.414696897388e-07  ,-1.149999623571e+00  ,-2.033726770615e-01  ,8.999534319221e-01  ,9.165490657133e-01  ,3.249536201364e-01  ,1.474953243708e+00  ,8.148627271825e-01  ,1.018235404244e+00  
  2.415696905002e-07  ,-1.175838731911e+00  ,-1.761994056369e-01  ,8.999534918103e-01  ,9.170196094521e-01  ,3.120341258547e-01  ,1.487872857766e+00  ,8.289199066337e-01  ,1.005119312271e+00  
  2.416696912617e-07  ,-1.200933651221e+00  ,-1.489152547551e-01  ,8.999535573788e-01  ,9.174793767110e-01  ,2.994867317681e-01  ,1.500420382989e+00  ,8.430217493335e-01  ,9.919370040886e-01  
  2.417696920231e-07  ,-1.225269368852e+00  ,-1.215368089995e-01  ,8.999536285883e-01  ,9.179280894768e-01  ,2.873189441623e-01  ,1.512588313014e+00  ,8.571596849770e-01  ,9.786964939765e-01  
  2.418696927846e-07  ,-1.248834506689e+00  ,-9.407685863415e-02  ,8.999537054082e-01  ,9.183655376533e-01  ,2.755364520638e-01  ,1.524370958753e+00  ,8.713271083362e-01  ,9.654039669704e-01  
  2.419696935460e-07  ,-1.271607993939e+00  ,-6.655976349144e-02  ,8.999537877701e-01  ,9.187913300603e-01  ,2.641497908008e-01  ,1.535757784739e+00  ,8.855114483145e-01  ,9.520712118060e-01  
  2.420696943075e-07  ,-1.293580291474e+00  ,-3.899710353148e-02  ,8.999538756375e-01  ,9.192052880095e-01  ,2.531637299004e-01  ,1.546744021375e+00  ,8.997067362438e-01  ,9.387038397752e-01  
  2.421696950689e-07  ,-1.314735049128e+00  ,-1.140916083324e-02  ,8.999539689473e-01  ,9.196071037363e-01  ,2.425864443834e-01  ,1.557321493511e+00  ,9.139025233197e-01  ,9.253116841529e-01  
  2.422696958304e-07  ,-1.335056880451e+00  ,1.618375233984e-02  ,8.999540676331e-01  ,9.199964820767e-01  ,2.324256274074e-01  ,1.567482507859e+00  ,9.280883582466e-01  ,9.119046059068e-01  
  2.423696965918e-07  ,-1.354534678328e+00  ,4.376615779285e-02  ,8.999541716353e-01  ,9.203732061642e-01  ,2.226868324711e-01  ,1.577221510800e+00  ,9.422562850607e-01  ,8.984901272678e-01  
  2.424696973533e-07  ,-1.373156813726e+00  ,7.132129598612e-02  ,8.999542808877e-01  ,9.207370473481e-01  ,2.133758740244e-01  ,1.586532687751e+00  ,9.563976953412e-01  ,8.850763993551e-01  
  2.425696981147e-07  ,-1.390914574688e+00  ,9.883628460738e-02  ,8.999543953401e-01  ,9.210878342937e-01  ,2.044971079959e-01  ,1.595411682684e+00  ,9.705059765973e-01  ,8.716696919900e-01  
  2.426696988762e-07  ,-1.407793752409e+00  ,1.262895661833e-01  ,8.999545149061e-01  ,9.214252868629e-01  ,1.960576387014e-01  ,1.603851391111e+00  ,9.845700699545e-01  ,8.582805037712e-01  
  2.427696996376e-07  ,-1.423782052653e+00  ,1.536609341177e-01  ,8.999546394948e-01  ,9.217491581416e-01  ,1.880636131682e-01  ,1.611845665821e+00  ,9.985796252005e-01  ,8.449186910828e-01  
  2.428697003991e-07  ,-1.438872847102e+00  ,1.809388757766e-01  ,8.999547690546e-01  ,9.220593128801e-01  ,1.805183455036e-01  ,1.619391192606e+00  ,1.012528750768e+00  ,8.315898749918e-01  
  2.429697011605e-07  ,-1.453054901249e+00  ,2.081032852691e-01  ,8.999549034958e-01  ,9.223555199923e-01  ,1.734274528715e-01  ,1.626482354120e+00  ,1.026407162627e+00  ,8.183038773577e-01  
  2.430697019220e-07  ,-1.466317962806e+00  ,2.351341724333e-01  ,8.999550427173e-01  ,9.226375623148e-01  ,1.667960613145e-01  ,1.633114024120e+00  ,1.040204648532e+00  ,8.050704760982e-01  
  2.431697026834e-07  ,-1.478656560481e+00  ,2.620201700387e-01  ,8.999551866565e-01  ,9.229053214438e-01  ,1.606269064160e-01  ,1.639283466897e+00  ,1.053915406463e+00  ,7.918952364245e-01  
  2.432697034449e-07  ,-1.490060334244e+00  ,2.887386398463e-01  ,8.999553351905e-01  ,9.231585696859e-01  ,1.549251680684e-01  ,1.644985502313e+00  ,1.067527889609e+00  ,7.787892497627e-01  
  2.433697042063e-07  ,-1.500523120184e+00  ,3.152746203875e-01  ,8.999554882360e-01  ,9.233971669964e-01  ,1.496939281442e-01  ,1.650217048328e+00  ,1.081034477190e+00  ,7.657598568026e-01  
  2.434697049678e-07  ,-1.510038700215e+00  ,3.416119976705e-01  ,8.999556457003e-01  ,9.236209691624e-01  ,1.449362955930e-01  ,1.654974995808e+00  ,1.094426967998e+00  ,7.528149703271e-01  
  2.435697057292e-07  ,-1.518602601176e+00  ,3.677384457522e-01  ,8.999558075119e-01  ,9.238298704579e-01  ,1.406545069241e-01  ,1.659257108100e+00  ,1.107699093334e+00  ,7.399606475818e-01  
  2.436697064907e-07  ,-1.526207796631e+00  ,3.936334252831e-01  ,8.999559735477e-01  ,9.240237013063e-01  ,1.368520752320e-01  ,1.663059871863e+00  ,1.120840413948e+00  ,7.272069886647e-01  
  2.437697072521e-07  ,-1.532849497512e+00  ,4.192805847524e-01  ,8.999561437017e-01  ,9.242023387766e-01  ,1.335313949456e-01  ,1.666380892458e+00  ,1.133842631153e+00  ,7.145620464005e-01  
  2.438697080136e-07  ,-1.538522964720e+00  ,4.446610617231e-01  ,8.999563178465e-01  ,9.243656526125e-01  ,1.306948354864e-01  ,1.669217800207e+00  ,1.146696183474e+00  ,7.020351217510e-01  
  2.439697087750e-07  ,-1.543225899227e+00  ,4.697641894639e-01  ,8.999564959093e-01  ,9.245135748755e-01  ,1.283435462956e-01  ,1.671569445523e+00  ,1.159395669607e+00  ,6.896314801435e-01  
  2.440697095365e-07  ,-1.546954686510e+00  ,4.945714197623e-01  ,8.999566777600e-01  ,9.246459930678e-01  ,1.264793345048e-01  ,1.673434021015e+00  ,1.171931702949e+00  ,6.773602831866e-01  
  2.441697102979e-07  ,-1.549706719482e+00  ,5.190645125022e-01  ,8.999568632637e-01  ,9.247628105140e-01  ,1.251035035227e-01  ,1.674810223005e+00  ,1.184295066765e+00  ,6.652305542629e-01  
  2.442697110594e-07  ,-1.551480630355e+00  ,5.432297772274e-01  ,8.999570523161e-01  ,9.248639634702e-01  ,1.242167371388e-01  ,1.675697367493e+00  ,1.196478852084e+00  ,6.532490748565e-01  
  2.443697118208e-07  ,-1.552275611618e+00  ,5.670561891770e-01  ,8.999572448307e-01  ,9.249494048413e-01  ,1.238194390215e-01  ,1.676095050640e+00  ,1.208477499430e+00  ,6.414213102528e-01  
  2.444697125823e-07  ,-1.552090792703e+00  ,5.905227894520e-01  ,8.999574406397e-01  ,9.250190554888e-01  ,1.239120442883e-01  ,1.676002836991e+00  ,1.220280450215e+00  ,6.297576607628e-01  
  2.445697133437e-07  ,-1.550926328367e+00  ,6.136197209749e-01  ,8.999576396608e-01  ,9.250728868338e-01  ,1.244944754774e-01  ,1.675420803844e+00  ,1.231882747321e+00  ,6.182630263464e-01  
  2.446697141052e-07  ,-1.548782910194e+00  ,6.363298910752e-01  ,8.999578417483e-01  ,9.251108556780e-01  ,1.255663866516e-01  ,1.674349296845e+00  ,1.243275801216e+00  ,6.069459101404e-01  
  2.447697148666e-07  ,-1.545661910892e+00  ,6.586389526250e-01  ,8.999580467737e-01  ,9.251329376764e-01  ,1.271270913278e-01  ,1.672789002220e+00  ,1.254452413989e+00  ,5.958134613639e-01  
  2.448697156281e-07  ,-1.541565304317e+00  ,6.805328111296e-01  ,8.999582546077e-01  ,9.251391182079e-01  ,1.291756024494e-01  ,1.670740906766e+00  ,1.265405523773e+00  ,5.848727126431e-01  
  2.449697163895e-07  ,-1.536496174384e+00  ,7.019953810124e-01  ,8.999584650988e-01  ,9.251293935134e-01  ,1.317103779069e-01  ,1.668206552291e+00  ,1.276127084020e+00  ,5.741317030072e-01  
  2.450697171510e-07  ,-1.530457463829e+00  ,7.230146898492e-01  ,8.999586781305e-01  ,9.251037710817e-01  ,1.347299462158e-01  ,1.665187410045e+00  ,1.286611116006e+00  ,5.635964261571e-01  
  2.451697179124e-07  ,-1.523452845900e+00  ,7.435779911130e-01  ,8.999588935742e-01  ,9.250622670042e-01  ,1.382324706243e-01  ,1.661685316524e+00  ,1.296851262561e+00  ,5.532732714476e-01  
  2.452697186738e-07  ,-1.515485538810e+00  ,7.636756389541e-01  ,8.999591113273e-01  ,9.250048992281e-01  ,1.422163419221e-01  ,1.657701880733e+00  ,1.306842718705e+00  ,5.431670797511e-01  
  2.453697194353e-07  ,-1.506562375670e+00  ,7.832896541277e-01  ,8.999593311955e-01  ,9.249317136559e-01  ,1.466781433604e-01  ,1.653240519031e+00  ,1.316576540720e+00  ,5.332868865921e-01  
  2.454697201967e-07  ,-1.496687192301e+00  ,8.024118061506e-01  ,8.999595530855e-01  ,9.248427415498e-01  ,1.516159569349e-01  ,1.648303149236e+00  ,1.326048644625e+00  ,5.236368384745e-01  
  2.455697209582e-07  ,-1.485867110591e+00  ,8.210279000925e-01  ,8.999597768330e-01  ,9.247380442369e-01  ,1.570262215374e-01  ,1.642893332129e+00  ,1.335251994283e+00  ,5.142240941906e-01  
  2.456697217196e-07  ,-1.474108975491e+00  ,8.391261684735e-01  ,8.999600022950e-01  ,9.246176868320e-01  ,1.629055145493e-01  ,1.637014490041e+00  ,1.344180771069e+00  ,5.050546025952e-01  
  2.457697224811e-07  ,-1.461421460708e+00  ,8.566933285641e-01  ,8.999602293109e-01  ,9.244817588877e-01  ,1.692494989570e-01  ,1.630670959665e+00  ,1.352828423170e+00  ,4.961350946057e-01  
  2.458697232425e-07  ,-1.447811711624e+00  ,8.737196085749e-01  ,8.999604577569e-01  ,9.243303389258e-01  ,1.760546019447e-01  ,1.623866313569e+00  ,1.361190143213e+00  ,4.874705346383e-01  
  2.459697240040e-07  ,-1.433285882337e+00  ,8.901972308078e-01  ,8.999606875267e-01  ,9.241634953636e-01  ,1.833177463581e-01  ,1.616603628695e+00  ,1.369262110768e+00  ,4.790648799598e-01  
  2.460697247654e-07  ,-1.417854897968e+00  ,9.061132954701e-01  ,8.999609184392e-01  ,9.239813512947e-01  ,1.910334694554e-01  ,1.608888367423e+00  ,1.377037999030e+00  ,4.709247035596e-01  
  2.461697255269e-07  ,-1.401530190564e+00  ,9.214561296633e-01  ,8.999611503285e-01  ,9.237840416179e-01  ,1.991960550464e-01  ,1.600726245611e+00  ,1.384512106450e+00  ,4.630559767862e-01  
  2.462697262883e-07  ,-1.384318657245e+00  ,9.362193041251e-01  ,8.999613830972e-01  ,9.235716496745e-01  ,2.078020544746e-01  ,1.592120711720e+00  ,1.391681301737e+00  ,4.554619976120e-01  
  2.463697270498e-07  ,-1.366232782261e+00  ,9.503918127648e-01  ,8.999616165685e-01  ,9.233443275470e-01  ,2.168452254378e-01  ,1.583078007699e+00  ,1.398540233929e+00  ,4.481484211646e-01  
  2.464697278112e-07  ,-1.347283985714e+00  ,9.639646897173e-01  ,8.999618505912e-01  ,9.231022174222e-01  ,2.263198577341e-01  ,1.573603843448e+00  ,1.405084562281e+00  ,4.411198725636e-01  
  2.465697285727e-07  ,-1.327484190223e+00  ,9.769293474347e-01  ,8.999620850262e-01  ,9.228454709577e-01  ,2.362199899144e-01  ,1.563704180138e+00  ,1.411310144675e+00  ,4.343807972404e-01  
  2.466697293341e-07  ,-1.306847912247e+00  ,9.892762904126e-01  ,8.999623197041e-01  ,9.225742779933e-01  ,2.465383635805e-01  ,1.553386275828e+00  ,1.417212423200e+00  ,4.279361327871e-01  
  2.467697300956e-07  ,-1.285386679133e+00  ,1.000998688745e+00  ,8.999625544965e-01  ,9.222887927746e-01  ,2.572692149301e-01  ,1.542655894063e+00  ,1.422788137147e+00  ,4.217894484022e-01  
  2.468697308570e-07  ,-1.263110209674e+00  ,1.012091179739e+00  ,8.999627892938e-01  ,9.219891448934e-01  ,2.684076844569e-01  ,1.531517894131e+00  ,1.428034734763e+00  ,4.159435550239e-01  
  2.469697316185e-07  ,-1.240037792058e+00  ,1.022543897122e+00  ,8.999630238855e-01  ,9.216755935280e-01  ,2.799441278565e-01  ,1.519981919915e+00  ,1.432947542089e+00  ,4.104036449672e-01  
  2.470697323799e-07  ,-1.216179206406e+00  ,1.032352472584e+00  ,8.999632581714e-01  ,9.213482711087e-01  ,2.918736549685e-01  ,1.508052861374e+00  ,1.437524507400e+00  ,4.051720348169e-01  
  2.471697331414e-07  ,-1.191551923775e+00  ,1.041509533498e+00  ,8.999634919778e-01  ,9.210074149559e-01  ,3.041875300902e-01  ,1.495739453865e+00  ,1.441762181705e+00  ,4.002526482069e-01  
  2.472697339028e-07  ,-1.166171523508e+00  ,1.050009277803e+00  ,8.999637251545e-01  ,9.206532388673e-01  ,3.168779634004e-01  ,1.483049486908e+00  ,1.445657877769e+00  ,3.956485999658e-01  
  2.473697346643e-07  ,-1.140053997602e+00  ,1.057846318345e+00  ,8.999639575556e-01  ,9.202859647781e-01  ,3.299369587547e-01  ,1.469990956357e+00  ,1.449209123951e+00  ,3.913628056057e-01  
  2.474697354257e-07  ,-1.113218481312e+00  ,1.065014940027e+00  ,8.999641890175e-01  ,9.199058632064e-01  ,3.433549483617e-01  ,1.456573429673e+00  ,1.452413333220e+00  ,3.873983931930e-01  
  2.475697361872e-07  ,-1.085676242623e+00  ,1.071512158157e+00  ,8.999644194416e-01  ,9.195130945984e-01  ,3.571262981302e-01  ,1.442802540753e+00  ,1.455269173677e+00  ,3.837570155197e-01  
  2.476697369486e-07  ,-1.057447381141e+00  ,1.077333032391e+00  ,8.999646486567e-01  ,9.191079454935e-01  ,3.712409580863e-01  ,1.428688339227e+00  ,1.457774461689e+00  ,3.804414292979e-01  
  2.477697377101e-07  ,-1.028549739559e+00  ,1.082473865311e+00  ,8.999648765176e-01  ,9.186906719366e-01  ,3.856900067379e-01  ,1.414239746297e+00  ,1.459927604592e+00  ,3.774537392810e-01  
  2.478697384715e-07  ,-9.990045171200e-01  ,1.086930927722e+00  ,8.999651028631e-01  ,9.182615824645e-01  ,4.004628443031e-01  ,1.399467361423e+00  ,1.461727046326e+00  ,3.747961186034e-01  
  2.479697392330e-07  ,-9.688281795454e-01  ,1.090701826290e+00  ,8.999653275669e-01  ,9.178209191407e-01  ,4.155512377942e-01  ,1.384379417340e+00  ,1.463171832286e+00  ,3.724700059959e-01  
  2.480697399944e-07  ,-9.380389133526e-01  ,1.093784311141e+00  ,8.999655504907e-01  ,9.173689495674e-01  ,4.309460938144e-01  ,1.368985007167e+00  ,1.464261105138e+00  ,3.704767939968e-01  
  2.481697407559e-07  ,-9.066510860104e-01  ,1.096176891920e+00  ,8.999657715236e-01  ,9.169058834188e-01  ,4.466402285184e-01  ,1.353291314529e+00  ,1.464994329379e+00  ,3.688174374590e-01  
  2.482697415173e-07  ,-8.746892085577e-01  ,1.097877420772e+00  ,8.999659904832e-01  ,9.164320775502e-01  ,4.626213862044e-01  ,1.337310594762e+00  ,1.465370787936e+00  ,3.674933671642e-01  
  2.483697422788e-07  ,-8.421736491890e-01  ,1.098884801271e+00  ,8.999662072346e-01  ,9.159478299291e-01  ,4.788793826401e-01  ,1.321053031829e+00  ,1.465390230565e+00  ,3.665054292937e-01  
  2.484697430402e-07  ,-8.091283288021e-01  ,1.099198349674e+00  ,8.999664216291e-01  ,9.154534977772e-01  ,4.954022572281e-01  ,1.304530586030e+00  ,1.465052672614e+00  ,3.658543229401e-01  
  2.485697438017e-07  ,-7.755716659660e-01  ,1.098817999113e+00  ,8.999666335456e-01  ,9.149493602739e-01  ,5.121808005626e-01  ,1.287752466529e+00  ,1.464358359830e+00  ,3.655403607175e-01  
  2.486697445631e-07  ,-7.415189198844e-01  ,1.097743902062e+00  ,8.999668428811e-01  ,9.144356473392e-01  ,5.292073829389e-01  ,1.270726302823e+00  ,1.463307598370e+00  ,3.655636963082e-01  
  2.487697453246e-07  ,-7.069962899046e-01  ,1.095976647690e+00  ,8.999670494668e-01  ,9.139127528496e-01  ,5.464689045145e-01  ,1.253465194419e+00  ,1.461901076695e+00  ,3.659244290044e-01  
  2.488697460860e-07  ,-6.720292720294e-01  ,1.093517594804e+00  ,8.999672531643e-01  ,9.133810634579e-01  ,5.639526171496e-01  ,1.235981889179e+00  ,1.460139860860e+00  ,3.666222660558e-01  
  2.489697468475e-07  ,-6.366325986754e-01  ,1.090367810915e+00  ,8.999674538907e-01  ,9.128408033104e-01  ,5.816511545530e-01  ,1.218283753228e+00  ,1.458024708768e+00  ,3.676568978529e-01  
  2.490697476089e-07  ,-6.008323035084e-01  ,1.086529454675e+00  ,8.999676514871e-01  ,9.122923675025e-01  ,5.995514997329e-01  ,1.200383803241e+00  ,1.455557094840e+00  ,3.690276401653e-01  
  2.491697483704e-07  ,-5.646510649615e-01  ,1.082004925531e+00  ,8.999678458162e-01  ,9.117361003291e-01  ,6.176423133355e-01  ,1.182293378297e+00  ,1.452738563095e+00  ,3.707336375634e-01  
  2.492697491318e-07  ,-5.281154339644e-01  ,1.076797612405e+00  ,8.999680367536e-01  ,9.111724109053e-01  ,6.359103197714e-01  ,1.164025753736e+00  ,1.449571217108e+00  ,3.727736047029e-01  
  2.493697498933e-07  ,-4.912457456540e-01  ,1.070910544034e+00  ,8.999682241981e-01  ,9.106016169311e-01  ,6.543453513712e-01  ,1.145591097025e+00  ,1.446056888948e+00  ,3.751463449143e-01  
  2.494697506547e-07  ,-4.540642397689e-01  ,1.064347339757e+00  ,8.999684080371e-01  ,9.100240664447e-01  ,6.729362881526e-01  ,1.127000527922e+00  ,1.442197736323e+00  ,3.778503965664e-01  
  2.495697514162e-07  ,-4.165939829706e-01  ,1.057112095904e+00  ,8.999685881542e-01  ,9.094401202358e-01  ,6.916715966689e-01  ,1.108265579640e+00  ,1.437996168188e+00  ,3.808840722838e-01  
  2.496697521776e-07  ,-3.788584858861e-01  ,1.049209348589e+00  ,8.999687644325e-01  ,9.088501457399e-01  ,7.105395214894e-01  ,1.089398007376e+00  ,1.433454820034e+00  ,3.842454714453e-01  
  2.497697529391e-07  ,-3.408815456576e-01  ,1.040644060192e+00  ,8.999689367567e-01  ,9.082545148340e-01  ,7.295281639279e-01  ,1.070409709585e+00  ,1.428576544930e+00  ,3.879324847379e-01  
  2.498697537005e-07  ,-3.026812864008e-01  ,1.031420215559e+00  ,8.999691050360e-01  ,9.076535087138e-01  ,7.486284618356e-01  ,1.051309748236e+00  ,1.423363616493e+00  ,3.919434009344e-01  
  2.499697544620e-07  ,-2.642920890638e-01  ,1.021545849938e+00  ,8.999692691131e-01  ,9.070476623752e-01  ,7.678232245812e-01  ,1.032115313645e+00  ,1.417820587344e+00  ,3.962747374064e-01  
  2.500697552234e-07  ,-2.257355399365e-01  ,1.011026605874e+00  ,8.999694289049e-01  ,9.064373159683e-01  ,7.871016589367e-01  ,1.012837198873e+00  ,1.411950618905e+00  ,4.009240130312e-01  
  2.501697559849e-07  ,-1.870294090236e-01  ,9.998672597576e-01  ,8.999695843322e-01  ,9.058227473179e-01  ,8.064548798204e-01  ,9.934842888440e-01  ,1.405756377197e+00  ,4.058891174391e-01  
  2.502697567463e-07  ,-1.482078398156e-01  ,9.880774477285e-01  ,8.999697352564e-01  ,9.052044942924e-01  ,8.258658153485e-01  ,9.740736551642e-01  ,1.399243218157e+00  ,4.111657704282e-01  
  2.503697575078e-07  ,-1.092872274457e-01  ,9.756621613522e-01  ,8.999698816196e-01  ,9.045828179908e-01  ,8.453262678967e-01  ,9.546134953424e-01  ,1.392413898667e+00  ,4.167517373147e-01  
  2.504697582692e-07  ,-7.029628688332e-02  ,9.626303978918e-01  ,8.999700233222e-01  ,9.039581771995e-01  ,8.648218798805e-01  ,9.351181667638e-01  ,1.385273376145e+00  ,4.226429782536e-01  
  2.505697590307e-07  ,-3.125965491067e-02  ,9.489903620521e-01  ,8.999701602687e-01  ,9.033309680566e-01  ,8.843403328134e-01  ,9.155999877240e-01  ,1.377826149083e+00  ,4.288357870305e-01  
  2.506697597921e-07  ,7.794070570020e-03  ,9.347521476831e-01  ,8.999702923655e-01  ,9.027016539348e-01  ,9.038673276505e-01  ,8.960732570805e-01  ,1.370077727776e+00  ,4.353255800933e-01  
  2.507697605536e-07  ,4.684849498087e-02  ,9.199217747789e-01  ,8.999704195569e-01  ,9.020704997983e-01  ,9.233946670474e-01  ,8.765461720665e-01  ,1.362031387188e+00  ,4.421096124088e-01  
  2.508697613150e-07  ,8.587481917629e-02  ,9.045100267117e-01  ,8.999705417371e-01  ,9.014379694932e-01  ,9.429079513252e-01  ,8.570331321489e-01  ,1.353692982849e+00  ,4.491829561373e-01  
  2.509697620765e-07  ,1.248443259716e-01  ,8.885283008165e-01  ,8.999706588210e-01  ,9.008045276045e-01  ,9.623928218067e-01  ,8.375484958352e-01  ,1.345068678013e+00  ,4.565403771963e-01  
  2.510697628379e-07  ,1.637406179185e-01  ,8.719833501094e-01  ,8.999707707635e-01  ,9.001704401871e-01  ,9.818410797228e-01  ,8.181004618043e-01  ,1.336162115242e+00  ,4.641787651324e-01  
  2.511697635994e-07  ,2.025349410447e-01  ,8.548872282788e-01  ,8.999708774724e-01  ,8.995361736131e-01  ,1.001238347995e+00  ,7.987034069500e-01  ,1.326979787753e+00  ,4.720925594737e-01  
  2.512697643608e-07  ,2.412026652088e-01  ,8.372507091211e-01  ,8.999709788711e-01  ,8.989021290832e-01  ,1.020572311476e+00  ,7.793696462667e-01  ,1.317527483644e+00  ,4.802767745227e-01  
  2.513697651223e-07  ,2.797153927053e-01  ,8.190868251641e-01  ,8.999710749062e-01  ,8.982687755752e-01  ,1.039828771259e+00  ,7.601133785536e-01  ,1.307812188157e+00  ,4.887253629931e-01  
  2.514697658837e-07  ,3.180569316672e-01  ,8.004032456740e-01  ,8.999711655328e-01  ,8.976363809922e-01  ,1.058999631366e+00  ,7.409426996992e-01  ,1.297838003829e+00  ,4.974347581552e-01  
  2.515697666452e-07  ,3.561989230104e-01  ,7.812136091627e-01  ,8.999712506729e-01  ,8.970054134768e-01  ,1.078070712178e+00  ,7.218717891677e-01  ,1.287612218058e+00  ,5.063986088955e-01  
  2.516697674066e-07  ,3.941171434337e-01  ,7.615300121767e-01  ,8.999713302771e-01  ,8.963762724991e-01  ,1.097029901994e+00  ,7.029127585603e-01  ,1.277141278587e+00  ,5.156112664107e-01  
  2.517697681681e-07  ,4.317837435771e-01  ,7.413669906051e-01  ,8.999714042975e-01  ,8.957494213887e-01  ,1.115863276086e+00  ,6.840795325090e-01  ,1.266432916691e+00  ,5.250659260861e-01  
  2.518697689295e-07  ,4.691777847902e-01  ,7.207359323483e-01  ,8.999714726922e-01  ,8.951252112547e-01  ,1.134560365087e+00  ,6.653825802971e-01  ,1.255493177429e+00  ,5.347572450806e-01  
  2.519697696910e-07  ,5.062821892075e-01  ,6.996462287484e-01  ,8.999715354237e-01  ,8.945039265633e-01  ,1.153112630027e+00  ,6.468304408200e-01  ,1.244327040938e+00  ,5.446808121891e-01  
  2.520697704524e-07  ,5.430680530637e-01  ,6.781139910662e-01  ,8.999715924315e-01  ,8.938860474802e-01  ,1.171505618963e+00  ,6.284375658997e-01  ,1.232943043013e+00  ,5.548290519471e-01  
  2.521697712139e-07  ,5.795119102032e-01  ,6.561527969136e-01  ,8.999716436794e-01  ,8.932719646784e-01  ,1.189727598781e+00  ,6.102156885778e-01  ,1.221348363135e+00  ,5.651955662215e-01  
  2.522697719753e-07  ,6.155869563929e-01  ,6.337788539986e-01  ,8.999716891440e-01  ,8.926621314745e-01  ,1.207765167340e+00  ,5.921782109475e-01  ,1.209551558474e+00  ,5.757727044752e-01  
  2.523697727368e-07  ,6.512780207389e-01  ,6.110015978567e-01  ,8.999717288009e-01  ,8.920568051999e-01  ,1.225610739170e+00  ,5.743327184314e-01  ,1.197557604128e+00  ,5.865560062715e-01  
  2.524697734982e-07  ,6.865586389865e-01  ,5.878377087244e-01  ,8.999717626090e-01  ,8.914564340447e-01  ,1.243251082102e+00  ,5.566924431158e-01  ,1.185375288407e+00  ,5.975375796826e-01  
  2.525697742597e-07  ,7.214028489426e-01  ,5.643042762886e-01  ,8.999717905535e-01  ,8.908614606992e-01  ,1.260673215025e+00  ,5.392703660822e-01  ,1.173013598844e+00  ,6.087093225550e-01  
  2.526697750211e-07  ,7.557912885645e-01  ,5.404145618964e-01  ,8.999718126291e-01  ,8.902722187492e-01  ,1.277867456911e+00  ,5.220761683468e-01  ,1.160479499697e+00  ,6.200649378010e-01  
  2.527697757825e-07  ,7.897082390088e-01  ,5.161794454857e-01  ,8.999718288209e-01  ,8.896889773740e-01  ,1.294825948325e+00  ,5.051177093165e-01  ,1.147778700117e+00  ,6.315992546312e-01  
  2.528697765440e-07  ,8.231272072220e-01  ,4.916175031320e-01  ,8.999718391030e-01  ,8.891121889759e-01  ,1.311535442714e+00  ,4.884082354920e-01  ,1.134920940542e+00  ,6.433034374099e-01  
  2.529697773054e-07  ,8.560268791716e-01  ,4.667442281415e-01  ,8.999718434668e-01  ,8.885422178382e-01  ,1.327985283053e+00  ,4.719584038809e-01  ,1.121914331909e+00  ,6.551701037674e-01  
  2.530697780669e-07  ,8.883830810530e-01  ,4.415779622280e-01  ,8.999718419190e-01  ,8.879794832457e-01  ,1.344163382445e+00  ,4.557803013925e-01  ,1.108768464360e+00  ,6.671905021317e-01  
  2.531697788283e-07  ,9.201822210836e-01  ,4.161293101414e-01  ,8.999718344564e-01  ,8.874242220249e-01  ,1.360062944998e+00  ,4.398807239146e-01  ,1.095488877096e+00  ,6.793595669542e-01  
  2.532697795898e-07  ,9.514006830013e-01  ,3.904169471937e-01  ,8.999718210786e-01  ,8.868768456652e-01  ,1.375672162579e+00  ,4.242714795779e-01  ,1.082085319262e+00  ,6.916683720683e-01  
  2.533697803512e-07  ,9.820186411971e-01  ,3.644570954263e-01  ,8.999718017982e-01  ,8.863377009609e-01  ,1.390981122397e+00  ,4.089624811996e-01  ,1.068566248674e+00  ,7.041091532477e-01  
  2.534697811127e-07  ,1.012013648420e+00  ,3.382688914133e-01  ,8.999717766387e-01  ,8.858071853630e-01  ,1.405978600849e+00  ,3.939649524289e-01  ,1.054941631070e+00  ,7.166727396564e-01  
  2.535697818741e-07  ,1.041369092478e+00  ,3.118670634548e-01  ,8.999717456159e-01  ,8.852855959281e-01  ,1.420656291855e+00  ,3.792871993768e-01  ,1.041219127656e+00  ,7.293520642007e-01  
  2.536697826356e-07  ,1.070071561824e+00  ,2.852636407995e-01  ,8.999717087384e-01  ,8.847731712490e-01  ,1.435007489651e+00  ,3.649359278263e-01  ,1.027404991649e+00  ,7.421413508493e-01  
  2.537697833970e-07  ,1.098098572402e+00  ,2.584790758723e-01  ,8.999716660236e-01  ,8.842703105305e-01  ,1.449020952224e+00  ,3.509223798227e-01  ,1.013509848467e+00  ,7.550307725944e-01  
  2.538697841585e-07  ,1.125429463296e+00  ,2.315331067830e-01  ,8.999716175082e-01  ,8.837773835289e-01  ,1.462686349156e+00  ,3.372568858601e-01  ,9.995439369204e-01  ,7.680108301374e-01  
  2.539697849199e-07  ,1.152049079554e+00  ,2.044408766923e-01  ,8.999715632270e-01  ,8.832946652087e-01  ,1.475996103004e+00  ,3.239470234501e-01  ,9.855151035549e-01  ,7.810742268625e-01  
  2.540697856814e-07  ,1.177945240757e+00  ,1.772147319385e-01  ,8.999715032006e-01  ,8.828223758750e-01  ,1.488944123579e+00  ,3.109988828220e-01  ,9.714297418443e-01  ,7.942150099058e-01  
  2.541697864428e-07  ,1.203095025813e+00  ,1.498785066223e-01  ,8.999714374753e-01  ,8.823609319175e-01  ,1.501518950382e+00  ,2.984239245688e-01  ,9.573001852286e-01  ,8.074216786063e-01  
  2.542697872043e-07  ,1.227487826810e+00  ,1.224437100369e-01  ,8.999713660797e-01  ,8.819105273112e-01  ,1.513715279485e+00  ,2.862274526746e-01  ,9.431323823296e-01  ,8.206886722927e-01  
  2.543697879657e-07  ,1.251105392575e+00  ,9.493052282691e-02  ,8.999712890674e-01  ,8.814714972459e-01  ,1.525523985355e+00  ,2.744185927801e-01  ,9.289367586593e-01  ,8.340062358324e-01  
  2.544697887272e-07  ,1.273930390927e+00  ,6.735921123857e-02  ,8.999712064980e-01  ,8.810441656763e-01  ,1.536936401961e+00  ,2.630060110347e-01  ,9.147237712956e-01  ,8.473645600570e-01  
  2.545697894886e-07  ,1.295950220040e+00  ,3.974525281354e-02  ,8.999711184220e-01  ,8.806287714623e-01  ,1.547946228442e+00  ,2.519960084021e-01  ,9.005013978691e-01  ,8.607561450555e-01  
  2.546697902501e-07  ,1.317154816011e+00  ,1.210123458164e-02  ,8.999710248765e-01  ,8.802255047771e-01  ,1.558548432882e+00  ,2.413936168709e-01  ,8.862761220679e-01  ,8.741748874863e-01  
  2.547697910115e-07  ,1.337527476853e+00  ,-1.555152902490e-02  ,8.999709259256e-01  ,8.798346811935e-01  ,1.568734664352e+00  ,2.312071874990e-01  ,8.720589166811e-01  ,8.876104457060e-01  
  2.548697917730e-07  ,1.357055233115e+00  ,-4.319558289123e-02  ,8.999708216336e-01  ,8.794565475040e-01  ,1.578498438191e+00  ,2.214432050762e-01  ,8.578587560583e-01  ,9.010543389496e-01  
  2.549697925344e-07  ,1.375723806586e+00  ,-7.081057191696e-02  ,8.999707120860e-01  ,8.790913808047e-01  ,1.587832615379e+00  ,2.121088087932e-01  ,8.436860948463e-01  ,9.144966667632e-01  
  2.550697932959e-07  ,1.393525398525e+00  ,-9.838487647037e-02  ,8.999705973255e-01  ,8.787393340957e-01  ,1.596733296588e+00  ,2.032078980629e-01  ,8.295468958605e-01  ,9.279317723309e-01  
  2.551697940573e-07  ,1.410446697423e+00  ,-1.258981813661e-01  ,8.999704774302e-01  ,8.784006697112e-01  ,1.605193826142e+00  ,1.947471287185e-01  ,8.154515790281e-01  ,9.413497603942e-01  
  2.552697948188e-07  ,1.426476975260e+00  ,-1.533331172232e-01  ,8.999703524775e-01  ,8.780756022970e-01  ,1.613208840107e+00  ,1.867318648476e-01  ,8.014090436854e-01  ,9.547421609086e-01  
  2.553697955802e-07  ,1.441604549234e+00  ,-1.806694889413e-01  ,8.999702225653e-01  ,8.777643711126e-01  ,1.620772497182e+00  ,1.791679479482e-01  ,7.874296266420e-01  ,9.680991155833e-01  
  2.554697963417e-07  ,1.455821135731e+00  ,-2.078919757439e-01  ,8.999700877681e-01  ,8.774671493490e-01  ,1.627880655633e+00  ,1.720595199028e-01  ,7.735211614771e-01  ,9.814131372210e-01  
  2.555697971031e-07  ,1.469118197368e+00  ,-2.349840403498e-01  ,8.999699481677e-01  ,8.771841172334e-01  ,1.634529046852e+00  ,1.654108494835e-01  ,7.596920970585e-01  ,9.946761374083e-01  
  2.556697978646e-07  ,1.481487475836e+00  ,-2.619287977214e-01  ,8.999698038492e-01  ,8.769154511370e-01  ,1.640713541767e+00  ,1.592260659313e-01  ,7.459510522763e-01  ,1.007879849998e+00  
  2.557697986260e-07  ,1.492923037816e+00  ,-2.887135330868e-01  ,8.999696548782e-01  ,8.766612788916e-01  ,1.646431173786e+00  ,1.535081359703e-01  ,7.323045123482e-01  ,1.021018045435e+00  
  2.558697993875e-07  ,1.503414359329e+00  ,-3.153143063129e-01  ,8.999695013852e-01  ,8.764218312561e-01  ,1.651676681050e+00  ,1.482623217207e-01  ,7.187646780997e-01  ,1.034078984413e+00  
  2.559698001489e-07  ,1.512955698758e+00  ,-3.417162229632e-01  ,8.999693434590e-01  ,8.761972400127e-01  ,1.656447192838e+00  ,1.434914940799e-01  ,7.053391285311e-01  ,1.047055351494e+00  
  2.560698009104e-07  ,1.521541322117e+00  ,-3.679032498958e-01  ,8.999691811963e-01  ,8.759876406508e-01  ,1.660739842255e+00  ,1.391985201379e-01  ,6.920360157029e-01  ,1.059939265599e+00  
  2.561698016718e-07  ,1.529167147050e+00  ,-3.938631291234e-01  ,8.999690146721e-01  ,8.757931323031e-01  ,1.664552588197e+00  ,1.353854411470e-01  ,6.788615677414e-01  ,1.072724696865e+00  
  2.562698024333e-07  ,1.535826820772e+00  ,-4.195754434732e-01  ,8.999688440147e-01  ,8.756138736221e-01  ,1.667882254401e+00  ,1.320554336288e-01  ,6.658261518855e-01  ,1.085401595359e+00  
  2.563698031947e-07  ,1.541516122104e+00  ,-4.450239550891e-01  ,8.999686693335e-01  ,8.754499789089e-01  ,1.670726730385e+00  ,1.292106082816e-01  ,6.529380013644e-01  ,1.097961956454e+00  
  2.564698039562e-07  ,1.546231462425e+00  ,-4.701925922514e-01  ,8.999684907410e-01  ,8.753015527853e-01  ,1.673084221953e+00  ,1.268527595285e-01  ,6.402052566596e-01  ,1.110397848911e+00  
  2.565698047176e-07  ,1.549969876028e+00  ,-4.950654595030e-01  ,8.999683083494e-01  ,8.751686897912e-01  ,1.674953246363e+00  ,1.249833703355e-01  ,6.276359600397e-01  ,1.122701419543e+00  
  2.566698054791e-07  ,1.552729016468e+00  ,-5.196268476265e-01  ,8.999681222734e-01  ,8.750514741297e-01  ,1.676332630508e+00  ,1.236036140393e-01  ,6.152380503165e-01  ,1.134864897943e+00  
  2.567698062405e-07  ,1.554507155667e+00  ,-5.438612435191e-01  ,8.999679326303e-01  ,8.749499797318e-01  ,1.677221510464e+00  ,1.227143547968e-01  ,6.030193579722e-01  ,1.146880601491e+00  
  2.568698070020e-07  ,1.555303097723e+00  ,-5.677508310257e-01  ,8.999677395590e-01  ,8.748642792904e-01  ,1.677619288420e+00  ,1.223161906976e-01  ,5.909888637775e-01  ,1.158739694803e+00  
  2.569698077634e-07  ,1.555116551850e+00  ,-5.912822628057e-01  ,8.999675431684e-01  ,8.747944180627e-01  ,1.677525819093e+00  ,1.224092672433e-01  ,5.791532866598e-01  ,1.170435549466e+00  
  2.570698085249e-07  ,1.553947597594e+00  ,-6.144448019322e-01  ,8.999673435488e-01  ,8.747404282241e-01  ,1.676941142346e+00  ,1.229935447518e-01  ,5.675180272580e-01  ,1.181962829190e+00  
  2.571698092863e-07  ,1.551797080729e+00  ,-6.372180643169e-01  ,8.999671408750e-01  ,8.747023607116e-01  ,1.675865681239e+00  ,1.240686005105e-01  ,5.560933285532e-01  ,1.193311392870e+00  
  2.572698100478e-07  ,1.548665990457e+00  ,-6.595924860858e-01  ,8.999669352327e-01  ,8.746802309786e-01  ,1.674299930461e+00  ,1.256339400042e-01  ,5.448839879357e-01  ,1.204476474021e+00  
  2.573698108092e-07  ,1.544556484198e+00  ,-6.815515000368e-01  ,8.999667267740e-01  ,8.746740593816e-01  ,1.672244968873e+00  ,1.276884846751e-01  ,5.338983093632e-01  ,1.215449809400e+00  
  2.574698115707e-07  ,1.539471196600e+00  ,-7.030812326455e-01  ,8.999665156319e-01  ,8.746838505791e-01  ,1.669702113932e+00  ,1.302309173320e-01  ,5.231432342564e-01  ,1.226224466902e+00  
  2.575698123321e-07  ,1.533413973088e+00  ,-7.241658684013e-01  ,8.999663019598e-01  ,8.747095959088e-01  ,1.666673288504e+00  ,1.332593154159e-01  ,5.126266617082e-01  ,1.236792530109e+00  
  2.576698130936e-07  ,1.526387429300e+00  ,-7.447965569354e-01  ,8.999660858485e-01  ,8.747512835029e-01  ,1.663159800498e+00  ,1.367723711984e-01  ,5.023530050352e-01  ,1.247149561971e+00  
  2.577698138550e-07  ,1.518396582124e+00  ,-7.649580027558e-01  ,8.999658674586e-01  ,8.748088857532e-01  ,1.659164158520e+00  ,1.407675763968e-01  ,4.923298843752e-01  ,1.257287887131e+00  
  2.578698146165e-07  ,1.509447430419e+00  ,-7.846354015283e-01  ,8.999656469486e-01  ,8.748823582000e-01  ,1.654689362158e+00  ,1.452419317392e-01  ,4.825646574358e-01  ,1.267200058964e+00  
  2.579698153779e-07  ,1.499545109598e+00  ,-8.038177915955e-01  ,8.999654244393e-01  ,8.749716567749e-01  ,1.649737979238e+00  ,1.501928696404e-01  ,4.730627609771e-01  ,1.276880552573e+00  
  2.580698161394e-07  ,1.488694136358e+00  ,-8.224964150227e-01  ,8.999652000352e-01  ,8.750767410824e-01  ,1.644312268214e+00  ,1.556181318565e-01  ,4.638285335711e-01  ,1.286324948594e+00  
  2.581698169008e-07  ,1.476903873041e+00  ,-8.406547882592e-01  ,8.999649739360e-01  ,8.751975225433e-01  ,1.638416910457e+00  ,1.615130374154e-01  ,4.548701284137e-01  ,1.295524916673e+00  
  2.582698176623e-07  ,1.464181084843e+00  ,-8.582828077993e-01  ,8.999647462660e-01  ,8.753339310619e-01  ,1.632055288687e+00  ,1.678742038445e-01  ,4.461925271622e-01  ,1.304475334962e+00  
  2.583698184237e-07  ,1.450531602506e+00  ,-8.753724234549e-01  ,8.999645171304e-01  ,8.754859049956e-01  ,1.625230318383e+00  ,1.746987158775e-01  ,4.377996932681e-01  ,1.313172116723e+00  
  2.584698191852e-07  ,1.435965791153e+00  ,-8.919102696730e-01  ,8.999642867110e-01  ,8.756533324870e-01  ,1.617947182288e+00  ,1.819813911344e-01  ,4.296981976504e-01  ,1.321608467323e+00  
  2.585698199466e-07  ,1.420494540149e+00  ,-9.078842181122e-01  ,8.999640551747e-01  ,8.758360886360e-01  ,1.610211325249e+00  ,1.897167851002e-01  ,4.218939795799e-01  ,1.329778197692e+00  
  2.586698207081e-07  ,1.404126626025e+00  ,-9.232853981317e-01  ,8.999638226461e-01  ,8.760340680537e-01  ,1.602027135659e+00  ,1.979005096337e-01  ,4.143913689878e-01  ,1.337676767120e+00  
  2.587698214695e-07  ,1.386869525612e+00  ,-9.381067737866e-01  ,8.999635892348e-01  ,8.762471805217e-01  ,1.593398352041e+00  ,2.065288264286e-01  ,4.071937936284e-01  ,1.345300567415e+00  
  2.588698222310e-07  ,1.368736394850e+00  ,-9.523367155772e-01  ,8.999633551278e-01  ,8.764752661031e-01  ,1.584331552553e+00  ,2.155951577027e-01  ,4.003069083145e-01  ,1.352643623892e+00  
  2.589698229924e-07  ,1.349738820614e+00  ,-9.659662243707e-01  ,8.999631204711e-01  ,8.767181807278e-01  ,1.574832530778e+00  ,2.250937101640e-01  ,3.937350685425e-01  ,1.359701292913e+00  
  2.590698237539e-07  ,1.329890881550e+00  ,-9.789853179254e-01  ,8.999628854284e-01  ,8.769757438982e-01  ,1.564908326204e+00  ,2.350174446533e-01  ,3.874830849355e-01  ,1.366468402861e+00  
  2.591698245153e-07  ,1.309203762771e+00  ,-9.913867909764e-01  ,8.999626501326e-01  ,8.772478088049e-01  ,1.554564531518e+00  ,2.453607687470e-01  ,3.815544133167e-01  ,1.372941204293e+00  
  2.592698252768e-07  ,1.287686903495e+00  ,-1.003164973947e+00  ,8.999624146958e-01  ,8.775342519210e-01  ,1.543805866443e+00  ,2.561189629483e-01  ,3.759517649475e-01  ,1.379116738894e+00  
  2.593698260382e-07  ,1.265356774645e+00  ,-1.014310570338e+00  ,8.999621793071e-01  ,8.778348573011e-01  ,1.532640566630e+00  ,2.672837919844e-01  ,3.706795721322e-01  ,1.384990142470e+00  
  2.594698267997e-07  ,1.242229993796e+00  ,-1.024815430143e+00  ,8.999619441328e-01  ,8.781494021078e-01  ,1.521076941031e+00  ,2.788469472349e-01  ,3.657416870362e-01  ,1.390557117180e+00  
  2.595698275611e-07  ,1.218316377109e+00  ,-1.034675165772e+00  ,8.999617092700e-01  ,8.784777529714e-01  ,1.509119897824e+00  ,2.908035207157e-01  ,3.611401700852e-01  ,1.395815335858e+00  
  2.596698283226e-07  ,1.193633488288e+00  ,-1.043882371286e+00  ,8.999614748970e-01  ,8.788196707522e-01  ,1.496778219041e+00  ,3.031447307531e-01  ,3.568784851093e-01  ,1.400760856395e+00  
  2.597698290840e-07  ,1.168199612491e+00  ,-1.052430326168e+00  ,8.999612411881e-01  ,8.791749021730e-01  ,1.484061047434e+00  ,3.158614349424e-01  ,3.529597390891e-01  ,1.405390065257e+00  
  2.598698298455e-07  ,1.142025519381e+00  ,-1.060315467532e+00  ,8.999610082380e-01  ,8.795432968793e-01  ,1.470973767928e+00  ,3.289482485475e-01  ,3.493855631133e-01  ,1.409701030645e+00  
  2.599698306069e-07  ,1.115133178094e+00  ,-1.067531089501e+00  ,8.999607762407e-01  ,8.799245457231e-01  ,1.457527365288e+00  ,3.423941871936e-01  ,3.461590009726e-01  ,1.413690090474e+00  
  2.600698313683e-07  ,1.087534004704e+00  ,-1.074074190371e+00  ,8.999605452967e-01  ,8.803184872449e-01  ,1.443727547649e+00  ,3.561935429448e-01  ,3.432813920593e-01  ,1.417355582431e+00  
  2.601698321298e-07  ,1.059248327977e+00  ,-1.079939800670e+00  ,8.999603155779e-01  ,8.807248337112e-01  ,1.429584479566e+00  ,3.703361515894e-01  ,3.407549333763e-01  ,1.420694734046e+00  
  2.602698328912e-07  ,1.030294145094e+00  ,-1.085124199288e+00  ,8.999600872319e-01  ,8.811433288646e-01  ,1.415107159779e+00  ,3.848130146848e-01  ,3.385812292206e-01  ,1.423705428509e+00  
  2.603698336527e-07  ,1.000692820464e+00  ,-1.089623630727e+00  ,8.999598604222e-01  ,8.815736635232e-01  ,1.400306270654e+00  ,3.996134501902e-01  ,3.367618481597e-01  ,1.426385478887e+00  
  2.604698344141e-07  ,9.704609400491e-01  ,-1.093435682417e+00  ,8.999596352709e-01  ,8.820155942378e-01  ,1.385190105295e+00  ,4.147291652463e-01  ,3.352977530292e-01  ,1.428733435447e+00  
  2.605698351756e-07  ,9.396168188451e-01  ,-1.096558084170e+00  ,8.999594119145e-01  ,8.824688513535e-01  ,1.369767821337e+00  ,4.301510024919e-01  ,3.341898092687e-01  ,1.430747893438e+00  
  2.606698359370e-07  ,9.081749228796e-01  ,-1.098989330374e+00  ,8.999591904641e-01  ,8.829332233970e-01  ,1.354046651904e+00  ,4.458717290243e-01  ,3.334385582099e-01  ,1.432427888584e+00  
  2.607698366985e-07  ,8.761599275224e-01  ,-1.100727248222e+00  ,8.999589711032e-01  ,8.834083504867e-01  ,1.338038934864e+00  ,4.618790073421e-01  ,3.330447263756e-01  ,1.433771974598e+00  
  2.608698374599e-07  ,8.435923309251e-01  ,-1.101770722351e+00  ,8.999587539691e-01  ,8.838939325561e-01  ,1.321754919432e+00  ,4.781625885066e-01  ,3.330085713807e-01  ,1.434779293731e+00  
  2.609698382214e-07  ,8.104962008709e-01  ,-1.102119048302e+00  ,8.999585392121e-01  ,8.843896109058e-01  ,1.305206639648e+00  ,4.947104387766e-01  ,3.333300867548e-01  ,1.435449135057e+00  
  2.610698389828e-07  ,7.768855166201e-01  ,-1.101772116141e+00  ,8.999583269289e-01  ,8.848951764395e-01  ,1.288401085239e+00  ,5.115155686188e-01  ,3.340091183689e-01  ,1.435781234510e+00  
  2.611698397443e-07  ,7.427850395466e-01  ,-1.100730026168e+00  ,8.999581172849e-01  ,8.854102590469e-01  ,1.271350637058e+00  ,5.285655975116e-01  ,3.350452459627e-01  ,1.435775272131e+00  
  2.612698405057e-07  ,7.082199567984e-01  ,-1.098993609966e+00  ,8.999579104204e-01  ,8.859344779964e-01  ,1.254067888820e+00  ,5.458479320212e-01  ,3.364376730133e-01  ,1.435431282980e+00  
  2.613698412672e-07  ,6.732096063981e-01  ,-1.096563955321e+00  ,8.999577064401e-01  ,8.864675368816e-01  ,1.236562509639e+00  ,5.633529032410e-01  ,3.381855592212e-01  ,1.434749514542e+00  
  2.614698420286e-07  ,6.377751880581e-01  ,-1.093442586027e+00  ,8.999575054689e-01  ,8.870091104299e-01  ,1.218845099498e+00  ,5.810699114398e-01  ,3.402878174164e-01  ,1.433730403443e+00  
  2.615698427901e-07  ,6.019333335336e-01  ,-1.089630915542e+00  ,8.999573076122e-01  ,8.875589456905e-01  ,1.200923974379e+00  ,5.989906408454e-01  ,3.427434879195e-01  ,1.432374403462e+00  
  2.616698435515e-07  ,5.657159783749e-01  ,-1.085132142519e+00  ,8.999571130566e-01  ,8.881165563897e-01  ,1.182815102244e+00  ,6.170991238691e-01  ,3.455504851303e-01  ,1.430682627649e+00  
  2.617698443130e-07  ,5.291385457358e-01  ,-1.079948196624e+00  ,8.999569218844e-01  ,8.886817076123e-01  ,1.164526194752e+00  ,6.353876490165e-01  ,3.487076093003e-01  ,1.428655805924e+00  
  2.618698450744e-07  ,4.922319530781e-01  ,-1.074083369189e+00  ,8.999567342518e-01  ,8.892539248865e-01  ,1.146072710791e+00  ,6.538407577128e-01  ,3.522122402921e-01  ,1.426295609481e+00  
  2.619698458359e-07  ,4.550118322322e-01  ,-1.067540164857e+00  ,8.999565502400e-01  ,8.898329672044e-01  ,1.127462466356e+00  ,6.724506341239e-01  ,3.560628847761e-01  ,1.423603049633e+00  
  2.620698465973e-07  ,4.175095442322e-01  ,-1.060324020016e+00  ,8.999563700015e-01  ,8.904183481288e-01  ,1.108711142118e+00  ,6.912015978854e-01  ,3.602563381210e-01  ,1.420580358137e+00  
  2.621698473588e-07  ,3.797460877007e-01  ,-1.052439094166e+00  ,8.999561936296e-01  ,8.910097376954e-01  ,1.089829237480e+00  ,7.100831497793e-01  ,3.647901906126e-01  ,1.417229284778e+00  
  2.622698481202e-07  ,3.417387331362e-01  ,-1.043888965778e+00  ,8.999560212078e-01  ,8.916068657048e-01  ,1.070825387776e+00  ,7.290866546397e-01  ,3.696623828159e-01  ,1.413551348594e+00  
  2.623698488817e-07  ,3.035208621108e-01  ,-1.034680985241e+00  ,8.999558528901e-01  ,8.922092081962e-01  ,1.051716283946e+00  ,7.481954218347e-01  ,3.748687155757e-01  ,1.409549700817e+00  
  2.624698496431e-07  ,2.651086850018e-01  ,-1.024819062362e+00  ,8.999556887491e-01  ,8.928165105856e-01  ,1.032510031250e+00  ,7.674013462482e-01  ,3.804069794047e-01  ,1.405226041767e+00  
  2.625698504046e-07  ,2.265306772113e-01  ,-1.014310313935e+00  ,8.999555289098e-01  ,8.934283259633e-01  ,1.013220867515e+00  ,7.866901903042e-01  ,3.862731689960e-01  ,1.400583482931e+00  
  2.626698511660e-07  ,1.878114273282e-01  ,-1.003161357456e+00  ,8.999553734828e-01  ,8.940442688589e-01  ,9.938610871469e-01  ,8.060496598187e-01  ,3.924635901310e-01  ,1.395624947587e+00  
  2.627698519275e-07  ,1.489793843634e-01  ,-9.913804633067e-01  ,8.999552225683e-01  ,8.946638867189e-01  ,9.744449147500e-01  ,8.254655303866e-01  ,3.989736550656e-01  ,1.390354118372e+00  
  2.628698526889e-07  ,1.100508301038e-01  ,-9.789726236517e-01  ,8.999550762262e-01  ,8.952869191025e-01  ,9.549804912781e-01  ,8.449296611743e-01  ,4.058006072766e-01  ,1.384773230928e+00  
  2.629698534504e-07  ,7.105443555543e-02  ,-9.659468376370e-01  ,8.999549345703e-01  ,8.959129081602e-01  ,9.354821523481e-01  ,8.644277167926e-01  ,4.129394893417e-01  ,1.378886326979e+00  
  2.630698542118e-07  ,3.201891899226e-02  ,-9.523127554957e-01  ,8.999547977004e-01  ,8.965413913076e-01  ,9.159642571966e-01  ,8.839453382043e-01  ,4.203850135597e-01  ,1.372697769055e+00  
  2.631698549733e-07  ,-7.039286583357e-03  ,-9.380761475720e-01  ,8.999546656685e-01  ,8.971721028538e-01  ,8.964350223768e-01  ,9.034743089602e-01  ,4.281340290678e-01  ,1.366210176640e+00  
  2.632698557347e-07  ,-4.609132765119e-02  ,-9.232473644090e-01  ,8.999545385806e-01  ,8.978045771414e-01  ,8.769088747551e-01  ,9.230002024062e-01  ,4.361808949369e-01  ,1.359428259346e+00  
  2.633698564962e-07  ,-8.510845108559e-02  ,-9.078373813644e-01  ,8.999544165359e-01  ,8.984383476623e-01  ,8.574001909931e-01  ,9.425086420787e-01  ,4.445196569801e-01  ,1.352357038345e+00  
  2.634698572576e-07  ,-1.240742380395e-01  ,-8.918527151670e-01  ,8.999542995798e-01  ,8.990731479307e-01  ,8.379171805600e-01  ,9.619914185995e-01  ,4.531467903471e-01  ,1.344999505514e+00  
  2.635698580191e-07  ,-1.629598938053e-01  ,-8.753050110857e-01  ,8.999541878028e-01  ,8.997085115456e-01  ,8.184742409002e-01  ,9.814341347055e-01  ,4.620560060027e-01  ,1.337361017088e+00  
  2.636698587805e-07  ,-2.017407461662e-01  ,-8.582047025027e-01  ,8.999540812827e-01  ,9.003440383786e-01  ,7.990837081996e-01  ,1.000824454366e+00  ,4.712416871272e-01  ,1.329446389630e+00  
  2.637698595420e-07  ,-2.403883391067e-01  ,-8.405644352331e-01  ,8.999539800749e-01  ,9.009792607964e-01  ,7.797598105216e-01  ,1.020148149628e+00  ,4.806970431799e-01  ,1.321261478413e+00  
  2.638698603034e-07  ,-2.788864420199e-01  ,-8.223916626957e-01  ,8.999538842274e-01  ,9.016139112134e-01  ,7.605106632174e-01  ,1.039397105237e+00  ,4.904180798656e-01  ,1.312809742561e+00  
  2.639698610649e-07  ,-3.172066220928e-01  ,-8.036996509158e-01  ,8.999537938261e-01  ,9.022475211229e-01  ,7.413504827797e-01  ,1.058557104872e+00  ,5.003976956650e-01  ,1.304097346581e+00  
  2.640698618263e-07  ,-3.553207074509e-01  ,-7.845022139413e-01  ,8.999537089267e-01  ,9.028796221810e-01  ,7.222933552012e-01  ,1.077614062652e+00  ,5.106285152104e-01  ,1.295130729152e+00  
  2.641698625878e-07  ,-3.932126829672e-01  ,-7.648074584533e-01  ,8.999536295615e-01  ,9.035099475251e-01  ,7.033472880779e-01  ,1.096559971045e+00  ,5.211062182984e-01  ,1.285913676752e+00  
  2.642698633492e-07  ,-4.308545369577e-01  ,-7.446297790820e-01  ,8.999535557981e-01  ,9.041380315694e-01  ,6.845262873193e-01  ,1.115380824277e+00  ,5.318231420284e-01  ,1.276452921110e+00  
  2.643698641107e-07  ,-4.682186102014e-01  ,-7.239840811691e-01  ,8.999534876881e-01  ,9.047634128424e-01  ,6.658441825874e-01  ,1.134062792789e+00  ,5.427713722578e-01  ,1.266755453427e+00  
  2.644698648721e-07  ,-5.052892135128e-01  ,-7.028790794064e-01  ,8.999534252555e-01  ,9.053858293348e-01  ,6.473088184991e-01  ,1.152598032012e+00  ,5.539462896316e-01  ,1.256825369038e+00  
  2.645698656336e-07  ,-5.420389396805e-01  ,-6.813302162461e-01  ,8.999533685540e-01  ,9.060048236399e-01  ,6.289338987138e-01  ,1.170972838394e+00  ,5.653397155169e-01  ,1.246669931763e+00  
  2.646698663950e-07  ,-5.784408067202e-01  ,-6.593534034033e-01  ,8.999533176232e-01  ,9.066199405602e-01  ,6.107329142631e-01  ,1.189173720983e+00  ,5.769432388585e-01  ,1.236296642262e+00  
  2.647698671565e-07  ,-6.144795424072e-01  ,-6.369579134695e-01  ,8.999532724774e-01  ,9.072309208580e-01  ,5.927135012738e-01  ,1.207193043681e+00  ,5.887519641232e-01  ,1.225709877593e+00  
  2.648698679179e-07  ,-6.501285017766e-01  ,-6.141601478441e-01  ,8.999532331551e-01  ,9.078373123241e-01  ,5.748889822668e-01  ,1.225017484043e+00  ,6.007572384020e-01  ,1.214917386246e+00  
  2.649698686794e-07  ,-6.853651115060e-01  ,-5.909744890571e-01  ,8.999531996913e-01  ,9.084387307132e-01  ,5.572706439383e-01  ,1.242635755444e+00  ,6.129514861846e-01  ,1.203925975242e+00  
  2.650698694408e-07  ,-7.201635971707e-01  ,-5.674180485561e-01  ,8.999531720919e-01  ,9.090347329521e-01  ,5.398713735066e-01  ,1.260034970677e+00  ,6.253257086741e-01  ,1.192743757230e+00  
  2.651698702023e-07  ,-7.545047146672e-01  ,-5.435041052999e-01  ,8.999531503709e-01  ,9.096249858493e-01  ,5.227007930374e-01  ,1.277205507705e+00  ,6.378729331993e-01  ,1.181377038499e+00  
  2.652698709637e-07  ,-7.883728374931e-01  ,-5.192435540232e-01  ,8.999531345453e-01  ,9.102092206562e-01  ,5.057667157987e-01  ,1.294139553292e+00  ,6.505874436446e-01  ,1.169830997668e+00  
  2.653698717252e-07  ,-8.217416260793e-01  ,-4.946549965376e-01  ,8.999531246361e-01  ,9.107869856434e-01  ,4.890823115965e-01  ,1.310823937676e+00  ,6.634594873746e-01  ,1.158114483912e+00  
  2.654698724866e-07  ,-8.545898892989e-01  ,-4.697539482761e-01  ,8.999531206468e-01  ,9.113579167658e-01  ,4.726581759973e-01  ,1.327248065296e+00  ,6.764809426278e-01  ,1.146234890904e+00  
  2.655698732481e-07  ,-8.868935984905e-01  ,-4.445587772882e-01  ,8.999531225711e-01  ,9.119215945114e-01  ,4.565063233259e-01  ,1.343399921816e+00  ,6.896422058673e-01  ,1.134200983155e+00  
  2.656698740095e-07  ,-9.186392468341e-01  ,-4.190801036224e-01  ,8.999531304121e-01  ,9.124777818317e-01  ,4.406335069951e-01  ,1.359272753829e+00  ,7.029377300205e-01  ,1.122017833643e+00  
  2.657698747710e-07  ,-9.498002006119e-01  ,-3.933393417404e-01  ,8.999531441662e-01  ,9.130260091814e-01  ,4.250530438603e-01  ,1.374853244472e+00  ,7.163563383112e-01  ,1.109695680052e+00  
  2.658698755324e-07  ,-9.803634021281e-01  ,-3.673473396634e-01  ,8.999531638263e-01  ,9.135660457658e-01  ,4.097714627622e-01  ,1.390134864890e+00  ,7.298923759341e-01  ,1.097239715598e+00  
  2.659698762939e-07  ,-1.010306212225e+00  ,-3.411231851724e-01  ,8.999531893770e-01  ,9.140974912601e-01  ,3.948000832647e-01  ,1.405106295489e+00  ,7.435358986739e-01  ,1.084659083846e+00  
  2.660698770553e-07  ,-1.039606735858e+00  ,-3.146862132356e-01  ,8.999532207940e-01  ,9.146199549792e-01  ,3.801498528651e-01  ,1.419756588723e+00  ,7.572768483614e-01  ,1.071963061597e+00  
  2.661698778168e-07  ,-1.068248822991e+00  ,-2.880512931949e-01  ,8.999532580555e-01  ,9.151331459049e-01  ,3.658288465599e-01  ,1.434077669551e+00  ,7.711074993074e-01  ,1.059158792502e+00  
  2.662698785782e-07  ,-1.096215284093e+00  ,-2.612346289294e-01  ,8.999533011410e-01  ,9.156367536187e-01  ,3.518456590946e-01  ,1.448060943187e+00  ,7.850194391539e-01  ,1.046254068083e+00  
  2.663698793397e-07  ,-1.123493021267e+00  ,-2.342487481677e-01  ,8.999533500372e-01  ,9.161305425770e-01  ,3.382068394040e-01  ,1.461699860671e+00  ,7.990061684932e-01  ,1.033254916661e+00  
  2.664698801011e-07  ,-1.150060352543e+00  ,-2.071147200706e-01  ,8.999534047145e-01  ,9.166141228210e-01  ,3.249232284430e-01  ,1.474983580986e+00  ,8.130567627857e-01  ,1.020171482856e+00  
  2.665698808626e-07  ,-1.175900411106e+00  ,-1.798496717617e-01  ,8.999534651322e-01  ,9.170871885528e-01  ,3.120032595791e-01  ,1.487903670685e+00  ,8.271623526720e-01  ,1.007012024434e+00  
  2.666698816240e-07  ,-1.200994357257e+00  ,-1.524736955555e-01  ,8.999535312374e-01  ,9.175493920124e-01  ,2.994563526090e-01  ,1.500450709866e+00  ,8.413125442346e-01  ,9.937862397901e-01  
  2.667698823855e-07  ,-1.225331742918e+00  ,-1.249983197743e-01  ,8.999536030065e-01  ,9.180005392818e-01  ,2.872877315475e-01  ,1.512619474466e+00  ,8.555013793946e-01  ,9.804996991689e-01  
  2.668698831469e-07  ,-1.248894560385e+00  ,-9.744375872031e-02  ,8.999536803937e-01  ,9.184402957986e-01  ,2.755064002011e-01  ,1.524400960586e+00  ,8.697184164385e-01  ,9.671621751588e-01  
  2.669698839084e-07  ,-1.271667963513e+00  ,-6.982740678238e-02  ,8.999537633459e-01  ,9.188683836353e-01  ,2.641197815892e-01  ,1.535787745103e+00  ,8.839546802441e-01  ,9.537820870264e-01  
  2.670698846698e-07  ,-1.293637642081e+00  ,-4.216669763032e-02  ,8.999538518023e-01  ,9.192845317723e-01  ,2.531350307618e-01  ,1.546772672843e+00  ,8.982011829572e-01  ,9.403678805875e-01  
  2.671698854313e-07  ,-1.314789808336e+00  ,-1.447909314978e-02  ,8.999539457080e-01  ,9.196884768522e-01  ,2.425590415399e-01  ,1.557348849876e+00  ,9.124489302773e-01  ,9.269280234271e-01  
  2.672698861927e-07  ,-1.335111194938e+00  ,1.321792745663e-02  ,8.999540450073e-01  ,9.200799639856e-01  ,2.323984475382e-01  ,1.567509642476e+00  ,9.266889277139e-01  ,9.134710002573e-01  
  2.673698869542e-07  ,-1.354587088840e+00  ,4.090396547188e-02  ,8.999541496268e-01  ,9.204587070535e-01  ,2.226606052069e-01  ,1.577247694047e+00  ,9.409106897895e-01  ,9.000067243176e-01  
  2.674698877156e-07  ,-1.373209417138e+00  ,6.856736872026e-02  ,8.999542595231e-01  ,9.208245477031e-01  ,2.133495509542e-01  ,1.586558968092e+00  ,9.551082320633e-01  ,8.865408633430e-01  
  2.675698884770e-07  ,-1.390964371282e+00  ,9.618775753353e-02  ,8.999543746151e-01  ,9.211772139343e-01  ,2.044721889741e-01  ,1.595436560256e+00  ,9.692710927010e-01  ,8.730833351675e-01  
  2.676698892385e-07  ,-1.407839061245e+00  ,1.237447942567e-01  ,8.999544948140e-01  ,9.215164470998e-01  ,1.960349641916e-01  ,1.603874025436e+00  ,9.833888442282e-01  ,8.596440499714e-01  
  2.677698899999e-07  ,-1.423824283816e+00  ,1.512230264508e-01  ,8.999546200511e-01  ,9.218420590659e-01  ,1.880424781429e-01  ,1.611866761959e+00  ,9.974535722913e-01  ,8.462305458405e-01  
  2.678698907614e-07  ,-1.438912783510e+00  ,1.786099237454e-01  ,8.999547502725e-01  ,9.221539011085e-01  ,1.804983585177e-01  ,1.619411142027e+00  ,1.011458862981e+00  ,8.328489392358e-01  
  2.679698915228e-07  ,-1.453092670524e+00  ,2.058843257248e-01  ,8.999548853840e-01  ,9.224517281066e-01  ,1.734085501218e-01  ,1.626501220646e+00  ,1.025393890969e+00  ,8.195095652441e-01  
  2.680698922843e-07  ,-1.466354990481e+00  ,2.330290103938e-01  ,8.999550252978e-01  ,9.227353515617e-01  ,1.667775300571e-01  ,1.633132520539e+00  ,1.039249856759e+00  ,8.062208463648e-01  
  2.681698930457e-07  ,-1.478690154845e+00  ,2.600239989194e-01  ,8.999551699049e-01  ,9.230045636335e-01  ,1.606100924823e-01  ,1.639300247328e+00  ,1.053016563093e+00  ,7.929925641738e-01  
  2.682698938072e-07  ,-1.490091486526e+00  ,2.868541688138e-01  ,8.999553191244e-01  ,9.232592156592e-01  ,1.549095758613e-01  ,1.645001062388e+00  ,1.066686300066e+00  ,7.798321312523e-01  
  2.683698945686e-07  ,-1.500552202912e+00  ,3.135032230561e-01  ,8.999554728665e-01  ,9.234991540726e-01  ,1.496793714104e-01  ,1.650231574323e+00  ,1.080250765601e+00  ,7.667475425446e-01  
  2.684698953301e-07  ,-1.510067387937e+00  ,3.399586889676e-01  ,8.999556310605e-01  ,9.237242659260e-01  ,1.449219370921e-01  ,1.654989325029e+00  ,1.093703610410e+00  ,7.537449214422e-01  
  2.685698960915e-07  ,-1.518628390107e+00  ,3.661970150473e-01  ,8.999557935675e-01  ,9.239343475667e-01  ,1.406415985142e-01  ,1.659269988621e+00  ,1.107032855090e+00  ,7.408358400431e-01  
  2.686698968530e-07  ,-1.526230597835e+00  ,3.922035146867e-01  ,8.999559602946e-01  ,9.241292836092e-01  ,1.368406613768e-01  ,1.663071259212e+00  ,1.120231040953e+00  ,7.280275262659e-01  
  2.687698976144e-07  ,-1.532870549301e+00  ,4.179663253210e-01  ,8.999561311657e-01  ,9.243089847789e-01  ,1.335208565152e-01  ,1.666391405816e+00  ,1.133292147439e+00  ,7.153258221184e-01  
  2.688698983759e-07  ,-1.538542268067e+00  ,4.434628101847e-01  ,8.999563060332e-01  ,9.244732901591e-01  ,1.306851719997e-01  ,1.669227440067e+00  ,1.146204695251e+00  ,7.027418850668e-01  
  2.689698991373e-07  ,-1.543243447376e+00  ,4.686822526979e-01  ,8.999564848236e-01  ,9.246221313769e-01  ,1.283347611356e-01  ,1.671578208512e+00  ,1.158963257726e+00  ,6.902810050280e-01  
  2.690698998988e-07  ,-1.546970464457e+00  ,4.936060174685e-01  ,8.999566674056e-01  ,9.247553953175e-01  ,1.264714351770e-01  ,1.673441899634e+00  ,1.171558404052e+00  ,6.779523865832e-01  
  2.691699006602e-07  ,-1.549720712621e+00  ,5.182157773970e-01  ,8.999568536431e-01  ,9.248729852149e-01  ,1.250964973326e-01  ,1.674817209954e+00  ,1.183980873913e+00  ,6.657650965164e-01  
  2.692699014217e-07  ,-1.551493114097e+00  ,5.425011918261e-01  ,8.999570434572e-01  ,9.249748523400e-01  ,1.242104864084e-01  ,1.675703600506e+00  ,1.196225448253e+00  ,6.537242564270e-01  
  2.693699021831e-07  ,-1.552286200602e+00  ,5.664443030949e-01  ,8.999572367081e-01  ,9.250609180571e-01  ,1.238141364072e-01  ,1.676100337009e+00  ,1.208283069605e+00  ,6.418387665096e-01  
  2.694699029446e-07  ,-1.552099495151e+00  ,5.900299874782e-01  ,8.999574332746e-01  ,9.251311276120e-01  ,1.239076856990e-01  ,1.676007180850e+00  ,1.220146121351e+00  ,6.301161338729e-01  
  2.695699037060e-07  ,-1.550933241852e+00  ,6.132409093952e-01  ,8.999576330141e-01  ,9.251854308584e-01  ,1.244910120881e-01  ,1.675424253940e+00  ,1.231805885556e+00  ,6.185649761608e-01  
  2.696699044675e-07  ,-1.548787994802e+00  ,6.360673202759e-01  ,8.999578358416e-01  ,9.252238058183e-01  ,1.255638384407e-01  ,1.674351833243e+00  ,1.243257465956e+00  ,6.071901456804e-01  
  2.697699052289e-07  ,-1.545665462885e+00  ,6.584899699394e-01  ,8.999580415865e-01  ,9.252462184674e-01  ,1.271253101438e-01  ,1.672790773029e+00  ,1.254491203437e+00  ,5.960012334977e-01  
  2.698699059904e-07  ,-1.541567530183e+00  ,6.804963439604e-01  ,8.999582501344e-01  ,9.252526586298e-01  ,1.291744850427e-01  ,1.670742015226e+00  ,1.265500830610e+00  ,5.850044866496e-01  
  2.699699067518e-07  ,-1.536496050785e+00  ,7.020763994893e-01  ,8.999584613894e-01  ,9.252431227499e-01  ,1.317104359971e-01  ,1.668206486782e+00  ,1.276281322495e+00  ,5.742049230052e-01  
  2.700699075133e-07  ,-1.530455269912e+00  ,7.232111277894e-01  ,8.999586751660e-01  ,9.252176152478e-01  ,1.347310402102e-01  ,1.665186310122e+00  ,1.286823179142e+00  ,5.636120513531e-01  
  2.701699082747e-07  ,-1.523448703693e+00  ,7.438887441545e-01  ,8.999588913459e-01  ,9.251761527840e-01  ,1.382345394992e-01  ,1.661683243193e+00  ,1.297120524861e+00  ,5.532317807068e-01  
  2.702699090362e-07  ,-1.515479534251e+00  ,7.640998107825e-01  ,8.999591098293e-01  ,9.251187536914e-01  ,1.422193427036e-01  ,1.657698876955e+00  ,1.307168659083e+00  ,5.430688483001e-01  
  2.703699097976e-07  ,-1.506553642760e+00  ,7.838285797516e-01  ,8.999593304450e-01  ,9.250454566515e-01  ,1.466825090648e-01  ,1.653236151825e+00  ,1.316959746527e+00  ,5.331311667757e-01  
  2.704699105591e-07  ,-1.496677693046e+00  ,8.030605681737e-01  ,8.999595530328e-01  ,9.249563169317e-01  ,1.516207065096e-01  ,1.648298399556e+00  ,1.326486601019e+00  ,5.234260328449e-01  
  2.705699113205e-07  ,-1.485857297409e+00  ,8.217850677454e-01  ,8.999597774723e-01  ,9.248513869899e-01  ,1.570311287679e-01  ,1.642888426177e+00  ,1.335743920863e+00  ,5.139588531172e-01  
  2.706699120820e-07  ,-1.474097354592e+00  ,8.399935301287e-01  ,8.999600036588e-01  ,9.247307141423e-01  ,1.629113263625e-01  ,1.637008680955e+00  ,1.344727479207e+00  ,5.047339490780e-01  
  2.707699128434e-07  ,-1.461406659905e+00  ,8.576717361315e-01  ,8.999602314131e-01  ,9.245943859596e-01  ,1.692569014607e-01  ,1.630663561366e+00  ,1.353430254025e+00  ,4.957585178939e-01  
  2.708699136049e-07  ,-1.447793263259e+00  ,8.748085130878e-01  ,8.999604605929e-01  ,9.244424878599e-01  ,1.760638289635e-01  ,1.623857092222e+00  ,1.361846744404e+00  ,4.870382313160e-01  
  2.709699143663e-07  ,-1.433267203369e+00  ,8.913912927015e-01  ,8.999606910367e-01  ,9.242751327720e-01  ,1.833270893524e-01  ,1.616594292721e+00  ,1.369970779123e+00  ,4.785794864212e-01  
  2.710699151278e-07  ,-1.417836643620e+00  ,9.074108627833e-01  ,8.999609226152e-01  ,9.240924167479e-01  ,1.910426008052e-01  ,1.608879244425e+00  ,1.377797848140e+00  ,4.703869853562e-01  
  2.711699158892e-07  ,-1.401508565838e+00  ,9.228599071324e-01  ,8.999611552193e-01  ,9.238944223808e-01  ,1.992068723005e-01  ,1.600715438138e+00  ,1.385324375947e+00  ,4.624644688147e-01  
  2.712699166507e-07  ,-1.384295292709e+00  ,9.377263177055e-01  ,8.999613886648e-01  ,9.236812967738e-01  ,2.078137423101e-01  ,1.592109035020e+00  ,1.392544455627e+00  ,4.548181379211e-01  
  2.713699174121e-07  ,-1.366209564341e+00  ,9.519992026209e-01  ,8.999616227854e-01  ,9.234531979904e-01  ,2.168568406148e-01  ,1.583066404956e+00  ,1.399452799301e+00  ,4.474535966799e-01  
  2.714699181736e-07  ,-1.347261533182e+00  ,9.656706527053e-01  ,8.999618574555e-01  ,9.232102563080e-01  ,2.263310908643e-01  ,1.573592624047e+00  ,1.406045582661e+00  ,4.403749299553e-01  
  2.715699189350e-07  ,-1.327459790968e+00  ,9.787344217313e-01  ,8.999620925639e-01  ,9.229525819237e-01  ,2.362321970797e-01  ,1.563691988048e+00  ,1.412319792789e+00  ,4.335853710581e-01  
  2.716699196965e-07  ,-1.306819369463e+00  ,9.911802300043e-01  ,8.999623279198e-01  ,9.226803682351e-01  ,2.465526431882e-01  ,1.553372012651e+00  ,1.418270483237e+00  ,4.270902532330e-01  
  2.717699204579e-07  ,-1.285353359000e+00  ,1.003000206887e+00  ,8.999625633757e-01  ,9.223937862284e-01  ,2.572858838756e-01  ,1.542639242876e+00  ,1.423893889672e+00  ,4.208936827847e-01  
  2.718699212194e-07  ,-1.263077538740e+00  ,1.014185708644e+00  ,8.999627987705e-01  ,9.220930478589e-01  ,2.684240294003e-01  ,1.531501568141e+00  ,1.429185902181e+00  ,4.150001935368e-01  
  2.719699219808e-07  ,-1.240001276827e+00  ,1.024732062925e+00  ,8.999630340017e-01  ,9.217782802504e-01  ,2.799623955882e-01  ,1.519963672415e+00  ,1.434144311713e+00  ,4.094122487878e-01  
  2.720699227423e-07  ,-1.216143783765e+00  ,1.034630330560e+00  ,8.999632688700e-01  ,9.214497464137e-01  ,2.918913769875e-01  ,1.508035160752e+00  ,1.438764911694e+00  ,4.041345811338e-01  
  2.721699235037e-07  ,-1.191518423166e+00  ,1.043875066436e+00  ,8.999635032486e-01  ,9.211076327036e-01  ,3.042042916656e-01  ,1.495722714832e+00  ,1.443045165922e+00  ,3.991700994854e-01  
  2.722699242652e-07  ,-1.166140057523e+00  ,1.052460698940e+00  ,8.999637369972e-01  ,9.207521478463e-01  ,3.168937082355e-01  ,1.483033765759e+00  ,1.446982497316e+00  ,3.945217983762e-01  
  2.723699250266e-07  ,-1.140020511518e+00  ,1.060383172326e+00  ,8.999639700010e-01  ,9.203834570947e-01  ,3.299537142419e-01  ,1.469974225760e+00  ,1.450575043258e+00  ,3.901918709319e-01  
  2.724699257881e-07  ,-1.113180079559e+00  ,1.067636028305e+00  ,8.999642020676e-01  ,9.200018438244e-01  ,3.433741622882e-01  ,1.456554241847e+00  ,1.453819857977e+00  ,3.861838296721e-01  
  2.725699265495e-07  ,-1.085635842430e+00  ,1.074214673963e+00  ,8.999644330511e-01  ,9.196075481061e-01  ,3.571465118361e-01  ,1.442782354266e+00  ,1.456714885088e+00  ,3.825002111244e-01  
  2.726699273110e-07  ,-1.057408053934e+00  ,1.080114330981e+00  ,8.999646627908e-01  ,9.192008605067e-01  ,3.712606358237e-01  ,1.428668689758e+00  ,1.459258025997e+00  ,3.791436950163e-01  
  2.727699280724e-07  ,-1.028508580610e+00  ,1.085332554701e+00  ,8.999648911859e-01  ,9.187819523218e-01  ,3.857106008809e-01  ,1.414219181491e+00  ,1.461448229672e+00  ,3.761156749714e-01  
  2.728699288339e-07  ,-9.989585454053e-01  ,1.089865354222e+00  ,8.999651180625e-01  ,9.183511287456e-01  ,4.004858453598e-01  ,1.399444390765e+00  ,1.463283805857e+00  ,3.734184516347e-01  
  2.729699295953e-07  ,-9.687796774089e-01  ,1.093709458927e+00  ,8.999653432659e-01  ,9.179087084919e-01  ,4.155755045615e-01  ,1.384355181970e+00  ,1.464763437956e+00  ,3.710539790282e-01  
  2.730699303568e-07  ,-9.379846662159e-01  ,1.096863289547e+00  ,8.999655667040e-01  ,9.174548788474e-01  ,4.309732335960e-01  ,1.368957899812e+00  ,1.465886523621e+00  ,3.690232340738e-01  
  2.731699311182e-07  ,-9.065960564842e-01  ,1.099324373075e+00  ,8.999657882061e-01  ,9.169899722040e-01  ,4.466677599640e-01  ,1.353263816448e+00  ,1.466652158741e+00  ,3.673277856665e-01  
  2.732699318797e-07  ,-8.746369376627e-01  ,1.101090964938e+00  ,8.999660076075e-01  ,9.165143318865e-01  ,4.626475387761e-01  ,1.337284476439e+00  ,1.467059814356e+00  ,3.659688494173e-01  
  2.733699326411e-07  ,-8.421207521065e-01  ,1.102162360711e+00  ,8.999662248173e-01  ,9.160281581811e-01  ,4.789058487640e-01  ,1.321026600871e+00  ,1.467109338537e+00  ,3.649469778254e-01  
  2.734699334026e-07  ,-8.090746967068e-01  ,1.102537591070e+00  ,8.999664396513e-01  ,9.155318580121e-01  ,4.954290912979e-01  ,1.304503788005e+00  ,1.466800653547e+00  ,3.642630624772e-01  
  2.735699341640e-07  ,-7.755127130575e-01  ,1.102216537722e+00  ,8.999666520163e-01  ,9.150256401989e-01  ,5.122102954875e-01  ,1.287723008545e+00  ,1.466133909060e+00  ,3.639173713378e-01  
  2.736699349255e-07  ,-7.414594773430e-01  ,1.101199286786e+00  ,8.999668617556e-01  ,9.145098745312e-01  ,5.292371230841e-01  ,1.270696600427e+00  ,1.465109517924e+00  ,3.639102311380e-01  
  2.737699356869e-07  ,-7.069365620304e-01  ,1.099486466718e+00  ,8.999670687367e-01  ,9.139848861723e-01  ,5.464987877215e-01  ,1.253435349752e+00  ,1.463728119531e+00  ,3.642416528133e-01  
  2.738699364484e-07  ,-6.719693063175e-01  ,1.097079408119e+00  ,8.999672728133e-01  ,9.134510629983e-01  ,5.639826196546e-01  ,1.235951925972e+00  ,1.461990767058e+00  ,3.649113589389e-01  
  2.739699372098e-07  ,-6.365724053435e-01  ,1.093979163490e+00  ,8.999674738983e-01  ,9.129086306099e-01  ,5.816812712266e-01  ,1.218253676570e+00  ,1.459898212355e+00  ,3.659190488650e-01  
  2.740699379713e-07  ,-6.007718525724e-01  ,1.090187866250e+00  ,8.999676718353e-01  ,9.123579875048e-01  ,5.995817455491e-01  ,1.200353598121e+00  ,1.457451920630e+00  ,3.672640543797e-01  
  2.741699387327e-07  ,-5.645903258278e-01  ,1.085707896113e+00  ,8.999678664990e-01  ,9.117994818668e-01  ,6.176727035851e-01  ,1.182263029413e+00  ,1.454653429923e+00  ,3.689455338103e-01  
  2.742699394942e-07  ,-5.280543842536e-01  ,1.080542621050e+00  ,8.999680577626e-01  ,9.112335258122e-01  ,6.359408656358e-01  ,1.163995249889e+00  ,1.451504836337e+00  ,3.709622152873e-01  
  2.743699402556e-07  ,-4.911843711035e-01  ,1.074695055674e+00  ,8.999682455187e-01  ,9.106604374860e-01  ,6.543760599670e-01  ,1.145560431070e+00  ,1.448007965323e+00  ,3.733129096492e-01  
  2.744699410171e-07  ,-4.539970737852e-01  ,1.068167852586e+00  ,8.999684296729e-01  ,9.100804773908e-01  ,6.729698927803e-01  ,1.126966966566e+00  ,1.444164403684e+00  ,3.759965510977e-01  
  2.745699417785e-07  ,-4.165212090046e-01  ,1.060965825191e+00  ,8.999686100693e-01  ,9.094940897936e-01  ,6.917080055670e-01  ,1.108229214572e+00  ,1.439977002389e+00  ,3.790111771979e-01  
  2.746699425400e-07  ,-3.787844770543e-01  ,1.053094345385e+00  ,8.999687865850e-01  ,9.089017071531e-01  ,7.105765480579e-01  ,1.089361025112e+00  ,1.435448879846e+00  ,3.823545344605e-01  
  2.747699433014e-07  ,-3.408079423790e-01  ,1.044557943918e+00  ,8.999689591315e-01  ,9.083036634277e-01  ,7.295649879420e-01  ,1.070372930321e+00  ,1.430582635387e+00  ,3.860246914689e-01  
  2.748699440629e-07  ,-3.026145602012e-01  ,1.035361859734e+00  ,8.999691276024e-01  ,9.077003231726e-01  ,7.486618475018e-01  ,1.051276407703e+00  ,1.425381253040e+00  ,3.900193933056e-01  
  2.749699448243e-07  ,-2.642222409854e-01  ,1.025510352924e+00  ,8.999692919080e-01  ,9.070919685804e-01  ,7.678581714153e-01  ,1.032080412401e+00  ,1.419847145042e+00  ,3.943367921184e-01  
  2.750699455857e-07  ,-2.256612378259e-01  ,1.015010890104e+00  ,8.999694519057e-01  ,9.064790747241e-01  ,7.871388329928e-01  ,1.012800070819e+00  ,1.413984519776e+00  ,3.989736296721e-01  
  2.751699463472e-07  ,-1.869562769097e-01  ,1.003870087939e+00  ,8.999696074956e-01  ,9.058620287556e-01  ,8.064914690407e-01  ,9.934477459504e-01  ,1.407797072725e+00  ,4.039269847861e-01  
  2.752699471086e-07  ,-1.481359653732e-01  ,9.920962161333e-01  ,8.999697585783e-01  ,9.052412857675e-01  ,8.259017758917e-01  ,9.740377412649e-01  ,1.401289393834e+00  ,4.091931777009e-01  
  2.753699478701e-07  ,-1.092165943674e-01  ,9.796942667572e-01  ,8.999699050892e-01  ,9.046171071847e-01  ,8.453616079055e-01  ,9.545782022729e-01  ,1.394464240563e+00  ,4.147699738061e-01  
  2.754699486315e-07  ,-7.023072283531e-02  ,9.666746182200e-01  ,8.999700469052e-01  ,9.039900178537e-01  ,8.648546854876e-01  ,9.350854083229e-01  ,1.387327326964e+00  ,4.206527087437e-01  
  2.755699493930e-07  ,-3.119473868944e-02  ,9.530427860295e-01  ,8.999701839649e-01  ,9.033602820314e-01  ,8.843728146202e-01  ,9.155675533096e-01  ,1.379881675046e+00  ,4.268388890167e-01  
  2.756699501544e-07  ,7.862556355419e-03  ,9.388086788288e-01  ,8.999703161660e-01  ,9.027283637884e-01  ,9.039015943437e-01  ,8.960390379883e-01  ,1.372132703203e+00  ,4.333240243740e-01  
  2.757699509159e-07  ,4.691637687456e-02  ,9.239812716034e-01  ,8.999704434283e-01  ,9.020946634675e-01  ,9.234286318656e-01  ,8.765122549910e-01  ,1.364085299269e+00  ,4.401040276658e-01  
  2.758699516773e-07  ,8.593803967991e-02  ,9.085715439535e-01  ,8.999705656640e-01  ,9.014596488618e-01  ,9.429395855040e-01  ,8.570015458241e-01  ,1.355745420839e+00  ,4.471738768851e-01  
  2.759699524388e-07  ,1.249058352895e-01  ,8.925882421176e-01  ,8.999706828014e-01  ,9.008236761816e-01  ,9.624236004462e-01  ,8.375177651566e-01  ,1.347117797240e+00  ,4.545295551228e-01  
  2.760699532002e-07  ,1.638019822703e-01  ,8.760386429491e-01  ,8.999707947769e-01  ,9.001870349329e-01  ,9.818717859121e-01  ,8.180698036418e-01  ,1.338206356407e+00  ,4.621677134583e-01  
  2.761699539617e-07  ,2.025962692802e-01  ,8.589353311321e-01  ,8.999709014920e-01  ,8.995502155003e-01  ,1.001269036132e+00  ,7.986727668520e-01  ,1.329017881066e+00  ,4.700825499343e-01  
  2.762699547231e-07  ,2.412600161550e-01  ,8.412909600665e-01  ,8.999710028848e-01  ,8.989136872354e-01  ,1.020601010962e+00  ,7.793409948073e-01  ,1.319559167269e+00  ,4.782682072021e-01  
  2.763699554846e-07  ,2.797769188363e-01  ,8.231129880158e-01  ,8.999710989169e-01  ,8.982777186032e-01  ,1.039859558335e+00  ,7.600826394988e-01  ,1.309834212611e+00  ,4.867212245953e-01  
  2.764699562460e-07  ,3.181184399724e-01  ,8.044146899781e-01  ,8.999711895078e-01  ,8.976427791942e-01  ,1.059030409494e+00  ,7.409119695216e-01  ,1.299850124183e+00  ,4.954354342052e-01  
  2.765699570075e-07  ,3.562563398112e-01  ,7.852098901579e-01  ,8.999712745869e-01  ,8.970093377663e-01  ,1.078099444492e+00  ,7.218431046813e-01  ,1.289614282845e+00  ,5.044043926874e-01  
  2.766699577689e-07  ,3.941693932348e-01  ,7.655094518175e-01  ,8.999713541203e-01  ,8.963777506786e-01  ,1.097056050738e+00  ,7.028866575029e-01  ,1.279132476587e+00  ,5.136230247699e-01  
  2.767699585304e-07  ,4.318402805210e-01  ,7.453223482410e-01  ,8.999714280682e-01  ,8.957483068909e-01  ,1.115891568329e+00  ,6.840512878077e-01  ,1.268409481011e+00  ,5.230871327704e-01  
  2.768699592918e-07  ,4.692396711463e-01  ,7.246639965508e-01  ,8.999714963624e-01  ,8.951214940442e-01  ,1.134591331936e+00  ,6.653516607893e-01  ,1.257453492320e+00  ,5.327894957688e-01  
  2.769699600533e-07  ,5.063437163051e-01  ,7.035474313557e-01  ,8.999715589615e-01  ,8.944977080661e-01  ,1.153143417114e+00  ,6.467997008090e-01  ,1.246271423744e+00  ,5.427239923882e-01  
  2.770699608147e-07  ,5.431251320292e-01  ,6.819882521516e-01  ,8.999716158293e-01  ,8.938774073344e-01  ,1.171534181844e+00  ,6.284090498147e-01  ,1.234871533410e+00  ,5.528832812586e-01  
  2.771699615762e-07  ,5.795684527728e-01  ,6.599955595195e-01  ,8.999716669331e-01  ,8.932608524041e-01  ,1.189755893320e+00  ,6.101874405467e-01  ,1.223258632164e+00  ,5.632630726444e-01  
  2.772699623376e-07  ,6.156466761145e-01  ,6.375854602300e-01  ,8.999717122255e-01  ,8.926484981624e-01  ,1.207795050283e+00  ,5.921483741683e-01  ,1.211441228277e+00  ,5.738557680473e-01  
  2.773699630991e-07  ,6.513332545755e-01  ,6.147745025001e-01  ,8.999717516877e-01  ,8.920407965794e-01  ,1.225638378975e+00  ,5.743051244000e-01  ,1.199428047829e+00  ,5.846535453294e-01  
  2.774699638605e-07  ,6.866131785452e-01  ,5.915723112421e-01  ,8.999717853057e-01  ,8.914380043393e-01  ,1.243278374578e+00  ,5.566651960331e-01  ,1.187224159960e+00  ,5.956518487183e-01  
  2.775699646220e-07  ,7.214602790651e-01  ,5.679958927911e-01  ,8.999718130482e-01  ,8.908405683296e-01  ,1.260701952581e+00  ,5.392416735157e-01  ,1.174838514725e+00  ,6.068426219340e-01  
  2.776699653834e-07  ,7.558489150868e-01  ,5.440626496563e-01  ,8.999718348944e-01  ,8.902489288796e-01  ,1.277896292438e+00  ,5.220473773510e-01  ,1.162280253708e+00  ,6.182176040515e-01  
  2.777699661449e-07  ,7.897599819449e-01  ,5.197860733442e-01  ,8.999718508392e-01  ,8.896634170667e-01  ,1.294851841812e+00  ,5.050918598667e-01  ,1.149556453739e+00  ,6.297703803946e-01  
  2.778699669063e-07  ,8.231779789423e-01  ,4.951772270677e-01  ,8.999718608694e-01  ,8.890843000092e-01  ,1.311560850341e+00  ,4.883828713983e-01  ,1.136672913543e+00  ,6.414956864754e-01  
  2.779699676678e-07  ,8.560767949790e-01  ,4.702549909276e-01  ,8.999718649658e-01  ,8.885120267130e-01  ,1.328010262455e+00  ,4.719334674763e-01  ,1.123639522177e+00  ,6.533845312492e-01  
  2.780699684292e-07  ,8.884354489528e-01  ,4.450350953166e-01  ,8.999718631302e-01  ,8.879469587962e-01  ,1.344189587607e+00  ,4.557541386537e-01  ,1.110464506454e+00  ,6.654294111379e-01  
  2.781699691907e-07  ,9.202301682986e-01  ,4.195361462187e-01  ,8.999718553756e-01  ,8.873895120815e-01  ,1.360086939525e+00  ,4.398567712263e-01  ,1.097157585191e+00  ,6.776214389721e-01  
  2.782699699521e-07  ,9.514433205370e-01  ,3.937725008165e-01  ,8.999718417042e-01  ,8.868399985835e-01  ,1.375693501973e+00  ,4.242501814356e-01  ,1.083726248992e+00  ,6.899537481753e-01  
  2.783699707136e-07  ,9.820606432403e-01  ,3.677559020239e-01  ,8.999718221169e-01  ,8.862986696072e-01  ,1.391002143737e+00  ,4.089415004967e-01  ,1.070176620619e+00  ,7.024207185952e-01  
  2.784699714750e-07  ,1.012055103850e+00  ,3.415091074311e-01  ,8.999717966286e-01  ,8.857660030528e-01  ,1.405999348554e+00  ,3.939442447035e-01  ,1.056520556768e+00  ,7.150114493373e-01  
  2.785699722365e-07  ,1.041414029627e+00  ,3.150431785130e-01  ,8.999717652517e-01  ,8.852422236581e-01  ,1.420678780065e+00  ,3.792647504382e-01  ,1.042763812915e+00  ,7.277206344016e-01  
  2.786699729979e-07  ,1.070112562711e+00  ,2.883803716473e-01  ,8.999717280168e-01  ,8.847277745822e-01  ,1.435028009373e+00  ,3.649154466611e-01  ,1.028917960406e+00  ,7.405375887585e-01  
  2.787699737594e-07  ,1.098138614881e+00  ,2.615319215555e-01  ,8.999716849364e-01  ,8.842228718254e-01  ,1.449040992377e+00  ,3.509023774959e-01  ,1.014988832603e+00  ,7.534569110477e-01  
  2.788699745208e-07  ,1.125471288126e+00  ,2.345175650985e-01  ,8.999716360342e-01  ,8.837278887623e-01  ,1.462707280097e+00  ,3.372359919713e-01  ,1.000986671312e+00  ,7.664691062131e-01  
  2.789699752823e-07  ,1.152090508283e+00  ,2.073572168390e-01  ,8.999715813496e-01  ,8.832431881548e-01  ,1.476016835491e+00  ,3.239263272082e-01  ,9.869217965743e-01  ,7.795645797354e-01  
  2.790699760437e-07  ,1.177985109164e+00  ,1.800623182097e-01  ,8.999715209093e-01  ,8.827689736036e-01  ,1.488964075491e+00  ,3.109789663272e-01  ,9.728001327084e-01  ,7.927378144987e-01  
  2.791699768052e-07  ,1.203135809944e+00  ,1.526529460625e-01  ,8.999714547575e-01  ,8.823055975907e-01  ,1.501539359730e+00  ,2.984035497853e-01  ,9.586320706219e-01  ,8.059791245595e-01  
  2.792699775666e-07  ,1.227524161169e+00  ,1.251493003582e-01  ,8.999713829453e-01  ,8.818534020077e-01  ,1.513733463530e+00  ,2.862093023608e-01  ,9.444280521868e-01  ,8.192787518286e-01  
  2.793699783281e-07  ,1.251136686810e+00  ,9.756683161927e-02  ,8.999713055175e-01  ,8.814126395430e-01  ,1.525539648923e+00  ,2.744029621126e-01  ,9.301960553526e-01  ,8.326292237334e-01  
  2.794699790895e-07  ,1.273962594980e+00  ,6.991811564411e-02  ,8.999712225048e-01  ,8.809835117815e-01  ,1.536952519995e+00  ,2.629899250149e-01  ,9.159425696036e-01  ,8.460244539595e-01  
  2.795699798510e-07  ,1.295983929303e+00  ,4.222446503614e-02  ,8.999711339609e-01  ,8.805663539495e-01  ,1.547963098612e+00  ,2.519791693094e-01  ,9.016785864676e-01  ,8.594541214315e-01  
  2.796699806124e-07  ,1.317186663066e+00  ,1.450336508600e-02  ,8.999710399445e-01  ,8.801614295075e-01  ,1.558564371478e+00  ,2.413777084114e-01  ,8.874131120505e-01  ,8.729097469645e-01  
  2.797699813739e-07  ,1.337557354085e+00  ,-1.322768110192e-02  ,8.999709405216e-01  ,8.797689941922e-01  ,1.568749617564e+00  ,2.311922634791e-01  ,8.731551536413e-01  ,8.863828347432e-01  
  2.798699821353e-07  ,1.357081126895e+00  ,-4.094824665919e-02  ,8.999708357631e-01  ,8.793893355666e-01  ,1.578511399211e+00  ,2.214302723155e-01  ,8.589152122370e-01  ,8.998634588962e-01  
  2.799699828968e-07  ,1.375747243182e+00  ,-6.864277675389e-02  ,8.999707257310e-01  ,8.790226645358e-01  ,1.587844347322e+00  ,2.120971041399e-01  ,8.447012761589e-01  ,9.133440529128e-01  
  2.800699836582e-07  ,1.393547176898e+00  ,-9.629864221804e-02  ,8.999706104748e-01  ,8.786691488190e-01  ,1.596744198924e+00  ,2.031970220256e-01  ,8.305198277100e-01  ,9.268184699281e-01  
  2.801699844197e-07  ,1.410465123399e+00  ,-1.238915876481e-01  ,8.999704900934e-01  ,8.783291021217e-01  ,1.605203051793e+00  ,1.947379283941e-01  ,8.163833082977e-01  ,9.402748959458e-01  
  2.802699851811e-07  ,1.426491741606e+00  ,-1.514061391105e-01  ,8.999703646579e-01  ,8.780027138854e-01  ,1.613216235461e+00  ,1.867244938547e-01  ,8.022996443301e-01  ,9.537057834406e-01  
  2.803699859426e-07  ,1.441619680436e+00  ,-1.788297486742e-01  ,8.999702342244e-01  ,8.776901337216e-01  ,1.620780074443e+00  ,1.791603940062e-01  ,7.882752593845e-01  ,9.671050080587e-01  
