  Time                 , V(N00099)-V(N00103)  , V(N00115)-V(N00119)  , (V(N00099)+V(N00103))/2, (V(N00115)+V(N00119))/2, V(N00099)            , V(N00103)            , V(N00115)            , V(N00119)            
  0.000000000000e+00  ,4.069499573878e-06  ,3.234287106735e-04  ,8.999624518631e-01  ,8.999280806095e-01  ,8.999644866129e-01  ,8.999604171133e-01  ,9.000897949648e-01  ,8.997663662542e-01  
  1.000000000000e-12  ,4.073476990052e-06  ,3.234287106738e-04  ,8.999624518713e-01  ,8.999280806126e-01  ,8.999644886097e-01  ,8.999604151328e-01  ,9.000897949680e-01  ,8.997663662573e-01  
  2.000000000000e-12  ,4.082143566508e-06  ,3.234287106743e-04  ,8.999624518806e-01  ,8.999280806115e-01  ,8.999644929524e-01  ,8.999604108089e-01  ,9.000897949668e-01  ,8.997663662562e-01  
  3.710941432975e-12  ,4.109403616170e-06  ,3.234287106724e-04  ,8.999624519040e-01  ,8.999280806099e-01  ,8.999645066059e-01  ,8.999603972022e-01  ,9.000897949653e-01  ,8.997663662546e-01  
  7.132824298926e-12  ,4.250800691108e-06  ,3.234287106495e-04  ,8.999624519830e-01  ,8.999280806088e-01  ,8.999645773833e-01  ,8.999603265826e-01  ,9.000897949641e-01  ,8.997663662535e-01  
  1.397659003083e-11  ,5.212692077428e-06  ,3.234287107088e-04  ,8.999624522475e-01  ,8.999280806038e-01  ,8.999650585935e-01  ,8.999598459015e-01  ,9.000897949591e-01  ,8.997663662484e-01  
  2.766412149463e-11  ,1.257559328738e-05  ,3.234287106872e-04  ,8.999624529829e-01  ,8.999280806131e-01  ,8.999687407795e-01  ,8.999561651862e-01  ,9.000897949685e-01  ,8.997663662578e-01  
  5.503918442223e-11  ,6.605495673329e-05  ,3.234287098643e-04  ,8.999624555891e-01  ,8.999280806079e-01  ,8.999954830674e-01  ,8.999294281107e-01  ,9.000897949628e-01  ,8.997663662530e-01  
  9.363668437395e-11  ,2.765074004284e-04  ,3.234287041637e-04  ,8.999624660712e-01  ,8.999280806315e-01  ,9.001007197715e-01  ,8.998242123710e-01  ,9.000897949836e-01  ,8.997663662794e-01  
  1.526126864115e-10  ,1.005082843350e-03  ,3.234285355640e-04  ,8.999625012020e-01  ,8.999280825764e-01  ,9.004650426236e-01  ,8.994599597803e-01  ,9.000897968442e-01  ,8.997663683087e-01  
  2.526134478608e-10  ,3.721730046225e-03  ,3.233950428123e-04  ,8.999625818553e-01  ,8.999283593894e-01  ,9.018234468784e-01  ,8.981017168322e-01  ,9.000900569108e-01  ,8.997666618680e-01  
  3.526142093102e-10  ,8.393826957497e-03  ,3.231326316139e-04  ,8.999626752615e-01  ,8.999301919759e-01  ,9.041595887403e-01  ,8.957657617828e-01  ,9.000917582917e-01  ,8.997686256601e-01  
  4.526149707595e-10  ,1.497251517235e-02  ,3.221846282602e-04  ,8.999627819288e-01  ,8.999358329155e-01  ,9.074490395150e-01  ,8.924765243426e-01  ,9.000969252297e-01  ,8.997747406014e-01  
  5.526157322088e-10  ,2.329815937562e-02  ,3.198308691323e-04  ,8.999628974214e-01  ,8.999475303732e-01  ,9.116119771092e-01  ,8.883138177336e-01  ,9.001074458077e-01  ,8.997876149386e-01  
  6.526164936582e-10  ,3.315532149775e-02  ,3.152310508661e-04  ,8.999630161545e-01  ,8.999660308705e-01  ,9.165406769034e-01  ,8.833853554056e-01  ,9.001236463959e-01  ,8.998084153450e-01  
  7.526172551075e-10  ,4.431581263853e-02  ,3.075781061084e-04  ,8.999631355046e-01  ,8.999900203007e-01  ,9.221210418238e-01  ,8.778052291853e-01  ,9.001438093537e-01  ,8.998362312476e-01  
  8.526180165568e-10  ,5.656406363917e-02  ,2.961383159262e-04  ,8.999632532195e-01  ,9.000169372086e-01  ,9.282452850391e-01  ,8.716812213999e-01  ,9.001650063666e-01  ,8.998688680506e-01  
  9.526187780062e-10  ,6.970882544482e-02  ,2.802104349745e-04  ,8.999633655381e-01  ,9.000441340470e-01  ,9.348177782606e-01  ,8.651089528157e-01  ,9.001842392645e-01  ,8.999040288295e-01  
  1.052619539456e-09  ,8.358647058447e-02  ,2.591422600836e-04  ,8.999634682498e-01  ,9.000692709855e-01  ,9.417567035420e-01  ,8.581702329576e-01  ,9.001988421155e-01  ,8.999396998554e-01  
  1.152620300905e-09  ,9.805989867642e-02  ,2.324747631313e-04  ,8.999635587895e-01  ,9.000900481390e-01  ,9.489935081277e-01  ,8.509336094513e-01  ,9.002062855206e-01  ,8.999738107575e-01  
  1.252621062354e-09  ,1.130155351292e-01  ,2.001346885505e-04  ,8.999636376962e-01  ,9.001042332089e-01  ,9.564714052608e-01  ,8.434558701316e-01  ,9.002043005531e-01  ,9.000041658646e-01  
  1.352621823804e-09  ,1.283597979659e-01  ,1.625368650291e-04  ,8.999637084957e-01  ,9.001104491575e-01  ,9.641436074787e-01  ,8.357838095128e-01  ,9.001917175900e-01  ,9.000291807250e-01  
  1.452622585253e-09  ,1.440157109430e-01  ,1.205356241519e-04  ,8.999637760958e-01  ,9.001091240609e-01  ,9.719716315673e-01  ,8.279559206243e-01  ,9.001693918730e-01  ,9.000488562488e-01  
  1.552623346702e-09  ,1.599199372181e-01  ,7.528233907306e-05  ,8.999638448214e-01  ,9.001026685378e-01  ,9.799238134304e-01  ,8.200038762123e-01  ,9.001403097073e-01  ,9.000650273683e-01  
  1.652624108152e-09  ,1.760202915953e-01  ,2.808835270307e-05  ,8.999639172025e-01  ,9.000946128742e-01  ,9.879740630002e-01  ,8.119537714048e-01  ,9.001086570505e-01  ,9.000805686978e-01  
  1.752624869601e-09  ,1.922736919228e-01  ,-1.965827173411e-05  ,8.999639937744e-01  ,9.000882864330e-01  ,9.961008397358e-01  ,8.038271478129e-01  ,9.000784572971e-01  ,9.000981155689e-01  
  1.852625631050e-09  ,2.086444820653e-01  ,-6.654573582754e-05  ,8.999640735133e-01  ,9.000858278094e-01  ,1.004286314546e+00  ,7.956418324807e-01  ,9.000525549415e-01  ,9.001191006773e-01  
  1.952626392500e-09  ,2.251030622085e-01  ,-1.112056957374e-04  ,8.999641545065e-01  ,9.000878617923e-01  ,1.012515685611e+00  ,7.874126234023e-01  ,9.000322589444e-01  ,9.001434646402e-01  
  2.052627153949e-09  ,2.416247729082e-01  ,-1.524033452783e-04  ,8.999642346548e-01  ,9.000936642549e-01  ,1.020776621109e+00  ,7.791518482007e-01  ,9.000174625823e-01  ,9.001698659275e-01  
  2.152627915398e-09  ,2.581889876847e-01  ,-1.891159877584e-04  ,8.999643122859e-01  ,9.001015154448e-01  ,1.029058806128e+00  ,7.708698184435e-01  ,9.000069574509e-01  ,9.001960734387e-01  
  2.252628676848e-09  ,2.747783750174e-01  ,-2.205602691391e-04  ,8.999643865227e-01  ,9.001091375564e-01  ,1.037353574031e+00  ,7.625751990140e-01  ,8.999988574218e-01  ,9.002194176910e-01  
  2.352629438297e-09  ,2.913782966415e-01  ,-2.461607516624e-04  ,8.999644573039e-01  ,9.001142609903e-01  ,1.045653605625e+00  ,7.542753089831e-01  ,8.999911806145e-01  ,9.002373413661e-01  
  2.452630199746e-09  ,3.079763157073e-01  ,-2.654889984797e-04  ,8.999645251154e-01  ,9.001152790631e-01  ,1.053952682969e+00  ,7.459763672618e-01  ,8.999825345639e-01  ,9.002480235624e-01  
  2.552630961196e-09  ,3.245617944840e-01  ,-2.782129535530e-04  ,8.999645906279e-01  ,9.001117717996e-01  ,1.062245487870e+00  ,7.376836933860e-01  ,8.999726653228e-01  ,9.002508782763e-01  
  2.652631722645e-09  ,3.411255657632e-01  ,-2.840796689042e-04  ,8.999646544305e-01  ,9.001046427230e-01  ,1.070527437312e+00  ,7.294018715489e-01  ,8.999626028886e-01  ,9.002466825575e-01  
  2.752632484094e-09  ,3.576596649193e-01  ,-2.829302887247e-04  ,8.999647169310e-01  ,9.000957828023e-01  ,1.078794549391e+00  ,7.211348844714e-01  ,8.999543176580e-01  ,9.002372479467e-01  
  2.852633245544e-09  ,3.741571115034e-01  ,-2.747330783045e-04  ,8.999647783781e-01  ,9.000874116259e-01  ,1.087043334130e+00  ,7.128862226264e-01  ,8.999500450868e-01  ,9.002247781651e-01  
  2.952634006993e-09  ,3.906117310040e-01  ,-2.596209051090e-04  ,8.999648389186e-01  ,9.000813722914e-01  ,1.095270704421e+00  ,7.046589734166e-01  ,8.999515618389e-01  ,9.002111827440e-01  
  3.052634768442e-09  ,4.070180091948e-01  ,-2.379248255845e-04  ,8.999648986385e-01  ,9.000786212151e-01  ,1.103473903236e+00  ,6.964558940411e-01  ,8.999596588023e-01  ,9.001975836279e-01  
  3.152635529892e-09  ,4.233709731078e-01  ,-2.101970355360e-04  ,8.999649575810e-01  ,9.000790304334e-01  ,1.111650444135e+00  ,6.882794710271e-01  ,8.999739319156e-01  ,9.001841289511e-01  
  3.252636291341e-09  ,4.396660938829e-01  ,-1.772144739145e-04  ,8.999650157534e-01  ,9.000815037196e-01  ,1.119798062695e+00  ,6.801319688119e-01  ,8.999928964826e-01  ,9.001701109565e-01  
  3.352637052790e-09  ,4.558992075858e-01  ,-1.399545172355e-04  ,8.999650731342e-01  ,9.000843372790e-01  ,1.127914676927e+00  ,6.720154693413e-01  ,9.000143600204e-01  ,9.001543145376e-01  
  3.452637814240e-09  ,4.720664506899e-01  ,-9.954035486692e-05  ,8.999651296812e-01  ,9.000857166893e-01  ,1.135998355026e+00  ,6.639319043362e-01  ,9.000359465118e-01  ,9.001354868667e-01  
  3.552638575689e-09  ,4.881642074709e-01  ,-5.716380396814e-05  ,8.999651853428e-01  ,9.000842170017e-01  ,1.144047289078e+00  ,6.558830816073e-01  ,9.000556350997e-01  ,9.001127989036e-01  
  3.652639337138e-09  ,5.041890670833e-01  ,-1.400170432719e-05  ,8.999652400740e-01  ,9.000791698073e-01  ,1.152059773616e+00  ,6.478707065324e-01  ,9.000721689552e-01  ,9.000861706595e-01  
  3.752640098588e-09  ,5.201377885485e-01  ,2.885601932900e-05  ,8.999652938568e-01  ,9.000707961654e-01  ,1.160034188131e+00  ,6.398963995825e-01  ,9.000852241751e-01  ,9.000563681557e-01  
  3.852640860037e-09  ,5.360072722316e-01  ,7.045343139178e-05  ,8.999653467157e-01  ,9.000600760541e-01  ,1.167968982831e+00  ,6.319617105999e-01  ,9.000953027698e-01  ,9.000248493384e-01  
  3.952641621486e-09  ,5.517945366372e-01  ,1.099861790665e-04  ,8.999653987225e-01  ,9.000484075085e-01  ,1.175862667041e+00  ,6.240681304039e-01  ,9.001034005980e-01  ,8.999934144189e-01  
  4.052642382936e-09  ,5.674966995389e-01  ,1.467933670910e-04  ,8.999654499822e-01  ,9.000371690847e-01  ,1.183713799752e+00  ,6.162171002127e-01  ,9.001105657682e-01  ,8.999637724011e-01  
  4.152643144385e-09  ,5.831109626334e-01  ,1.803332344500e-04  ,8.999655006052e-01  ,9.000273185436e-01  ,1.191520981922e+00  ,6.084100192885e-01  ,9.001174851609e-01  ,8.999371519264e-01  
  4.252643905834e-09  ,5.986345990601e-01  ,2.101546656352e-04  ,8.999655506781e-01  ,9.000191390685e-01  ,1.199282850208e+00  ,6.006482511481e-01  ,9.001242164013e-01  ,8.999140617357e-01  
  4.352644667284e-09  ,6.140649432662e-01  ,2.358760745085e-04  ,8.999656002427e-01  ,9.000121946656e-01  ,1.206998071876e+00  ,5.929331286095e-01  ,9.001301327028e-01  ,8.998942566283e-01  
  4.452645428733e-09  ,6.293993827967e-01  ,2.571800396052e-04  ,8.999656492920e-01  ,9.000054946820e-01  ,1.214665340690e+00  ,5.852659578937e-01  ,9.001340847018e-01  ,8.998769046622e-01  
  4.552646190182e-09  ,6.446353516632e-01  ,2.738267293315e-04  ,8.999656977830e-01  ,8.999978091796e-01  ,1.222283373615e+00  ,5.776480219514e-01  ,9.001347225442e-01  ,8.998608958149e-01  
  4.652646951632e-09  ,6.597703250055e-01  ,2.856827293304e-04  ,8.999657456579e-01  ,8.999880367934e-01  ,1.229850908161e+00  ,5.700805831552e-01  ,9.001308781580e-01  ,8.998451954287e-01  
  4.752647713081e-09  ,6.748018148055e-01  ,2.927561949473e-04  ,8.999657928681e-01  ,8.999755159528e-01  ,1.237366700271e+00  ,5.625648854654e-01  ,9.001218940502e-01  ,8.998291378553e-01  
  4.852648474530e-09  ,6.897273664614e-01  ,2.952262645904e-04  ,8.999658393923e-01  ,8.999601923293e-01  ,1.244829522623e+00  ,5.551021561616e-01  ,9.001078054616e-01  ,8.998125791970e-01  
  4.952649235980e-09  ,7.045445560596e-01  ,2.934555594921e-04  ,8.999658852446e-01  ,8.999426026674e-01  ,1.252238163274e+00  ,5.476936072148e-01  ,9.000893304472e-01  ,8.997958748877e-01  
  5.052649997429e-09  ,7.192509882166e-01  ,2.879791183772e-04  ,8.999659304722e-01  ,8.999236916246e-01  ,1.259591424580e+00  ,5.403404363639e-01  ,9.000676811838e-01  ,8.997797020654e-01  
  5.152650758878e-09  ,7.338442943795e-01  ,2.794696955840e-04  ,8.999659751440e-01  ,8.999045256531e-01  ,1.266888122334e+00  ,5.330438279542e-01  ,9.000442605008e-01  ,8.997647908053e-01  
  5.252651520328e-09  ,7.483221314992e-01  ,2.686857797886e-04  ,8.999660193338e-01  ,8.998859928036e-01  ,1.274127085083e+00  ,5.258049535842e-01  ,9.000203356935e-01  ,8.997516499138e-01  
  5.352652281777e-09  ,7.626821810032e-01  ,2.564130009653e-04  ,8.999660631030e-01  ,8.998685746656e-01  ,1.281307153605e+00  ,5.186249726014e-01  ,8.999967811661e-01  ,8.997403681651e-01  
  5.452653043226e-09  ,7.769221480173e-01  ,2.434106784752e-04  ,8.999661064873e-01  ,8.998522499848e-01  ,1.288427180496e+00  ,5.115050324786e-01  ,8.999739553241e-01  ,8.997305446456e-01  
  5.552653804676e-09  ,7.910397607900e-01  ,2.303730700375e-04  ,8.999661494907e-01  ,8.998365483152e-01  ,1.295486029886e+00  ,5.044462690957e-01  ,8.999517348502e-01  ,8.997213617802e-01  
  5.652654566125e-09  ,8.050327702868e-01  ,2.179102602300e-04  ,8.999661920879e-01  ,8.998207286196e-01  ,1.302482577231e+00  ,4.974498069445e-01  ,8.999296837497e-01  ,8.997117734895e-01  
  5.752655327574e-09  ,8.188989499253e-01  ,2.065480009684e-04  ,8.999662342350e-01  ,8.998040240036e-01  ,1.309415709198e+00  ,4.905167592724e-01  ,8.999072980041e-01  ,8.997007500031e-01  
  5.852656089024e-09  ,8.326360954236e-01  ,1.967407870533e-04  ,8.999662758837e-01  ,8.997858785494e-01  ,1.316284323595e+00  ,4.836482281719e-01  ,8.998842489429e-01  ,8.996875081559e-01  
  5.952656850473e-09  ,8.462420247437e-01  ,1.888893948124e-04  ,8.999663169958e-01  ,8.997661089001e-01  ,1.323087329368e+00  ,4.768453046240e-01  ,8.998605535975e-01  ,8.996716642027e-01  
  6.052657611922e-09  ,8.597145781082e-01  ,1.833538224754e-04  ,8.999663575541e-01  ,8.997449488525e-01  ,1.329823646608e+00  ,4.701090685000e-01  ,8.998366257638e-01  ,8.996532719413e-01  
  6.152658373372e-09  ,8.730516180765e-01  ,1.804550232504e-04  ,8.999663975647e-01  ,8.997229713483e-01  ,1.336492206603e+00  ,4.634405885264e-01  ,8.998131988599e-01  ,8.996327438367e-01  
  6.252659134821e-09  ,8.862510296657e-01  ,1.804631782213e-04  ,8.999664370528e-01  ,8.997009178258e-01  ,1.343091951886e+00  ,4.568409222199e-01  ,8.997911494149e-01  ,8.996106862367e-01  
  6.352659896270e-09  ,8.993107205055e-01  ,1.835751261412e-04  ,8.999664760520e-01  ,8.996794896004e-01  ,1.349621836305e+00  ,4.503111157993e-01  ,8.997712771635e-01  ,8.995877020373e-01  
  6.452660657720e-09  ,9.122286210185e-01  ,1.898874532417e-04  ,8.999665145917e-01  ,8.996591633314e-01  ,1.356080825101e+00  ,4.438522040824e-01  ,8.997541070580e-01  ,8.995642196047e-01  
  6.552661419169e-09  ,9.250026846209e-01  ,1.993735137722e-04  ,8.999665526850e-01  ,8.996400817352e-01  ,1.362467894995e+00  ,4.374652103746e-01  ,8.997397684921e-01  ,8.995403949783e-01  
  6.652662180618e-09  ,9.376308879396e-01  ,2.118718616337e-04  ,8.999665903232e-01  ,8.996220458724e-01  ,1.368782034293e+00  ,4.311511463534e-01  ,8.997279818032e-01  ,8.995161099415e-01  
  6.752662942068e-09  ,9.501112310446e-01  ,2.270905723452e-04  ,8.999666274751e-01  ,8.996046046052e-01  ,1.375022242997e+00  ,4.249110119527e-01  ,8.997181498914e-01  ,8.994910593190e-01  
  6.852663703517e-09  ,9.624417376947e-01  ,2.446277038269e-04  ,8.999666640930e-01  ,8.995872093638e-01  ,1.381187532940e+00  ,4.187457952456e-01  ,8.997095232157e-01  ,8.994648955119e-01  
  6.952664464966e-09  ,9.746204555956e-01  ,2.640039731415e-04  ,8.999667001227e-01  ,8.995693857775e-01  ,1.387276927920e+00  ,4.126564723249e-01  ,8.997013877640e-01  ,8.994373837909e-01  
  7.052665226416e-09  ,9.866454566677e-01  ,2.847008181477e-04  ,8.999667355138e-01  ,8.995508720550e-01  ,1.393289463848e+00  ,4.066440071799e-01  ,8.996932224641e-01  ,8.994085216459e-01  
  7.152665987865e-09  ,9.985148373207e-01  ,3.061961411466e-04  ,8.999667702278e-01  ,8.995316867400e-01  ,1.399224188888e+00  ,4.007093515674e-01  ,8.996847848106e-01  ,8.993785886694e-01  
  7.252666749314e-09  ,1.010226718732e+00  ,3.279913380938e-04  ,8.999668042424e-01  ,8.995121110718e-01  ,1.405080163609e+00  ,3.948534448763e-01  ,8.996761067408e-01  ,8.993481154027e-01  
  7.352667510764e-09  ,1.021779247127e+00  ,3.496262034545e-04  ,8.999668375505e-01  ,8.994925965474e-01  ,1.410856461114e+00  ,3.890772139869e-01  ,8.996674096491e-01  ,8.993177834456e-01  
  7.452668272213e-09  ,1.033170594053e+00  ,3.706820021837e-04  ,8.999668701541e-01  ,8.994736289816e-01  ,1.416552167180e+00  ,3.833815731277e-01  ,8.996589699827e-01  ,8.992882879805e-01  
  7.552669033662e-09  ,1.044398956655e+00  ,3.907762929338e-04  ,8.999669020573e-01  ,8.994555907850e-01  ,1.422166380385e+00  ,3.777674237299e-01  ,8.996509789315e-01  ,8.992602026385e-01  
  7.652669795112e-09  ,1.055462557945e+00  ,4.095550320781e-04  ,8.999669332574e-01  ,8.994386609955e-01  ,1.427698212230e+00  ,3.722356542851e-01  ,8.996434385115e-01  ,8.992338834794e-01  
  7.752670556561e-09  ,1.066359647067e+00  ,4.266876012898e-04  ,8.999669637397e-01  ,8.994227792473e-01  ,1.433146787273e+00  ,3.667871402062e-01  ,8.996361230480e-01  ,8.992094354467e-01  
  7.852671318010e-09  ,1.077088499563e+00  ,4.418687711760e-04  ,8.999669934751e-01  ,8.994076798678e-01  ,1.438511243256e+00  ,3.614227436939e-01  ,8.996286142534e-01  ,8.991867454822e-01  
  7.952672079460e-09  ,1.087647417630e+00  ,4.548288413281e-04  ,8.999670224225e-01  ,8.993929818127e-01  ,1.443790731237e+00  ,3.561433136076e-01  ,8.996203962333e-01  ,8.991655673920e-01  
  8.052672840909e-09  ,1.098034730387e+00  ,4.653501846474e-04  ,8.999670505340e-01  ,8.993783050956e-01  ,1.448984415727e+00  ,3.509496853406e-01  ,8.996109801879e-01  ,8.991456300032e-01  
  8.152673602358e-09  ,1.108248794132e+00  ,4.732860878197e-04  ,8.999670777628e-01  ,8.993633786838e-01  ,1.454091474829e+00  ,3.458426806967e-01  ,8.996000217277e-01  ,8.991267356399e-01  
  8.252674363808e-09  ,1.118287992603e+00  ,4.785767815821e-04  ,8.999671040690e-01  ,8.993481095498e-01  ,1.459111100371e+00  ,3.408231077673e-01  ,8.995873979406e-01  ,8.991088211591e-01  
  8.352675125257e-09  ,1.128150737234e+00  ,4.812581186587e-04  ,8.999671294247e-01  ,8.993325956545e-01  ,1.464042498042e+00  ,3.358917608078e-01  ,8.995732247138e-01  ,8.990919665952e-01  
  8.452675886706e-09  ,1.137835467406e+00  ,4.814602350268e-04  ,8.999671538146e-01  ,8.993170828066e-01  ,1.468884887517e+00  ,3.310494201118e-01  ,8.995578129241e-01  ,8.990763526891e-01  
  8.552676648156e-09  ,1.147340650697e+00  ,4.793961034253e-04  ,8.999671772333e-01  ,8.993018814102e-01  ,1.473637502582e+00  ,3.262968518848e-01  ,8.995415794619e-01  ,8.990621833585e-01  
  8.652677409605e-09  ,1.156664783124e+00  ,4.753423738965e-04  ,8.999671996806e-01  ,8.992872695368e-01  ,1.478299591243e+00  ,3.216348081185e-01  ,8.995249407237e-01  ,8.990495983498e-01  
  8.752678171054e-09  ,1.165806389376e+00  ,4.696165854640e-04  ,8.999672211555e-01  ,8.992734109435e-01  ,1.482870415844e+00  ,3.170640264673e-01  ,8.995082192362e-01  ,8.990386026507e-01  
  8.852678932504e-09  ,1.174764023046e+00  ,4.625552932583e-04  ,8.999672416514e-01  ,8.992603105064e-01  ,1.487349253174e+00  ,3.125852301285e-01  ,8.994915881530e-01  ,8.990290328598e-01  
  8.952679693953e-09  ,1.183536266851e+00  ,4.544968394880e-04  ,8.999672611535e-01  ,8.992478173679e-01  ,1.491735394579e+00  ,3.081991277281e-01  ,8.994750657876e-01  ,8.990205689481e-01  
  9.052680455402e-09  ,1.192121732857e+00  ,4.457707327079e-04  ,8.999672796390e-01  ,8.992356717749e-01  ,1.496028146068e+00  ,3.039064132105e-01  ,8.994585571412e-01  ,8.990127864085e-01  
  9.152681216852e-09  ,1.200519392115e+00  ,4.366160273734e-04  ,8.999672970871e-01  ,8.992236471953e-01  ,1.500226993145e+00  ,2.997076010295e-01  ,8.994419552089e-01  ,8.990053391816e-01  
  9.252681978301e-09  ,1.208727340191e+00  ,4.274680987854e-04  ,8.999673134576e-01  ,8.992113606557e-01  ,1.504330983553e+00  ,2.956036433621e-01  ,8.994250947051e-01  ,8.989976266064e-01  
  9.352682739750e-09  ,1.216744434663e+00  ,4.185834096160e-04  ,8.999673287303e-01  ,8.991987009615e-01  ,1.508339546062e+00  ,2.915951113988e-01  ,8.994079926663e-01  ,8.989894092567e-01  
  9.452683501200e-09  ,1.224569464701e+00  ,4.102317227499e-04  ,8.999673428913e-01  ,8.991856716101e-01  ,1.512252075242e+00  ,2.876826105406e-01  ,8.993907874714e-01  ,8.989805557487e-01  
  9.552684262649e-09  ,1.232201215435e+00  ,4.026760510493e-04  ,8.999673559361e-01  ,8.991723882716e-01  ,1.516067963654e+00  ,2.838667482188e-01  ,8.993737262971e-01  ,8.989710502460e-01  
  9.652685024098e-09  ,1.239638489327e+00  ,3.961584716843e-04  ,8.999673678690e-01  ,8.991590332311e-01  ,1.519786612532e+00  ,2.801481232055e-01  ,8.993571124670e-01  ,8.989609539953e-01  
  9.752685785548e-09  ,1.246880397946e+00  ,3.908404800156e-04  ,8.999673786969e-01  ,8.991457522920e-01  ,1.523407577670e+00  ,2.765271797241e-01  ,8.993411725320e-01  ,8.989503320520e-01  
  9.852686546997e-09  ,1.253925300176e+00  ,3.869694049775e-04  ,8.999673884366e-01  ,8.991327518886e-01  ,1.526930038525e+00  ,2.730047383488e-01  ,8.993262365910e-01  ,8.989392671861e-01  
  9.952687308446e-09  ,1.260772216652e+00  ,3.846182329608e-04  ,8.999673970980e-01  ,8.991200270909e-01  ,1.530353505424e+00  ,2.695812887719e-01  ,8.993123362073e-01  ,8.989277179744e-01  
  1.005268806990e-08  ,1.267420113443e+00  ,3.838101294109e-04  ,8.999674046864e-01  ,8.991074718483e-01  ,1.533677461408e+00  ,2.662573479649e-01  ,8.992993769130e-01  ,8.989155667836e-01  
  1.015268883135e-08  ,1.273867958087e+00  ,3.845079250619e-04  ,8.999674112019e-01  ,8.990948963034e-01  ,1.536901390245e+00  ,2.630334321586e-01  ,8.992871502659e-01  ,8.989026423408e-01  
  1.025268959279e-08  ,1.280114738294e+00  ,3.866167853576e-04  ,8.999674166412e-01  ,8.990820742256e-01  ,1.540024785788e+00  ,2.599100474944e-01  ,8.992753826183e-01  ,8.988887658330e-01  
  1.035269035424e-08  ,1.286159468699e+00  ,3.899938518157e-04  ,8.999674210000e-01  ,8.990688003479e-01  ,1.543047155350e+00  ,2.568876866504e-01  ,8.992637972738e-01  ,8.988738034220e-01  
  1.045269111569e-08  ,1.292001193671e+00  ,3.944607919293e-04  ,8.999674242772e-01  ,8.990549391426e-01  ,1.545968021113e+00  ,2.539668274416e-01  ,8.992521695386e-01  ,8.988577087467e-01  
  1.055269187714e-08  ,1.297638988678e+00  ,3.998161286202e-04  ,8.999674264773e-01  ,8.990404513168e-01  ,1.548786920816e+00  ,2.511479321381e-01  ,8.992403593811e-01  ,8.988405432525e-01  
  1.065269263859e-08  ,1.303071961048e+00  ,4.058451736054e-04  ,8.999674276125e-01  ,8.990253919240e-01  ,1.551503408137e+00  ,2.484314470884e-01  ,8.992283145108e-01  ,8.988224693372e-01  
  1.075269340004e-08  ,1.308299250417e+00  ,4.123265791354e-04  ,8.999674277020e-01  ,8.990098826075e-01  ,1.554117052910e+00  ,2.458178024937e-01  ,8.992160458971e-01  ,8.988037193179e-01  
  1.085269416149e-08  ,1.313320029013e+00  ,4.190357549833e-04  ,8.999674267704e-01  ,8.989940677427e-01  ,1.556627441277e+00  ,2.433074122640e-01  ,8.992035856202e-01  ,8.987845498652e-01  
  1.095269492294e-08  ,1.318133501852e+00  ,4.257463663023e-04  ,8.999674248449e-01  ,8.989780682072e-01  ,1.559034175771e+00  ,2.409006739190e-01  ,8.991909413903e-01  ,8.987651950240e-01  
  1.105269568439e-08  ,1.322738906876e+00  ,4.322315922082e-04  ,8.999674219522e-01  ,8.989619462785e-01  ,1.561336875390e+00  ,2.385979685143e-01  ,8.991780620746e-01  ,8.987458304824e-01  
  1.115269644584e-08  ,1.327135515067e+00  ,4.382667014475e-04  ,8.999674181163e-01  ,8.989456910573e-01  ,1.563535175650e+00  ,2.363996605827e-01  ,8.991648244080e-01  ,8.987265577066e-01  
  1.125269720729e-08  ,1.331322630550e+00  ,4.436338815395e-04  ,8.999674133578e-01  ,8.989292272714e-01  ,1.565628728633e+00  ,2.343060980826e-01  ,8.991510442121e-01  ,8.987074103306e-01  
  1.135269796874e-08  ,1.335299590683e+00  ,4.481293681574e-04  ,8.999674076938e-01  ,8.989124433874e-01  ,1.567617203035e+00  ,2.323176123526e-01  ,8.991365080714e-01  ,8.986883787033e-01  
  1.145269873019e-08  ,1.339065766143e+00  ,4.515720489717e-04  ,8.999674011400e-01  ,8.988952296660e-01  ,1.569500284212e+00  ,2.304345180683e-01  ,8.991210156905e-01  ,8.986694436415e-01  
  1.155269949164e-08  ,1.342620561021e+00  ,4.538121202919e-04  ,8.999673937123e-01  ,8.988775145543e-01  ,1.571277674223e+00  ,2.286571132017e-01  ,8.991044206144e-01  ,8.986506084941e-01  
  1.165270025309e-08  ,1.345963412897e+00  ,4.547382144956e-04  ,8.999673854296e-01  ,8.988592890457e-01  ,1.572949091878e+00  ,2.269856789809e-01  ,8.990866581529e-01  ,8.986319199385e-01  
  1.175270101453e-08  ,1.349093792927e+00  ,4.542817108184e-04  ,8.999673763146e-01  ,8.988406127706e-01  ,1.574514272778e+00  ,2.254204798512e-01  ,8.990677536260e-01  ,8.986134719152e-01  
  1.185270177598e-08  ,1.352011205915e+00  ,4.524175777076e-04  ,8.999673663940e-01  ,8.988216012178e-01  ,1.575972969351e+00  ,2.239617634367e-01  ,8.990478100066e-01  ,8.985953924289e-01  
  1.195270253743e-08  ,1.354715190391e+00  ,4.491618669061e-04  ,8.999673556980e-01  ,8.988023989243e-01  ,1.577324950894e+00  ,2.226097605024e-01  ,8.990269798578e-01  ,8.985778179909e-01  
  1.205270329888e-08  ,1.357205318678e+00  ,4.445666597631e-04  ,8.999673442581e-01  ,8.987831471617e-01  ,1.578570003597e+00  ,2.213646849190e-01  ,8.990054304916e-01  ,8.985608638318e-01  
  1.215270406033e-08  ,1.359481290306e+00  ,4.386903627202e-04  ,8.999673320976e-01  ,8.987639346617e-01  ,1.579707977251e+00  ,2.202266869445e-01  ,8.989832798431e-01  ,8.985445894804e-01  
  1.225270482178e-08  ,1.361542579775e+00  ,4.316724089267e-04  ,8.999673192579e-01  ,8.987448693008e-01  ,1.580738609145e+00  ,2.191960293704e-01  ,8.989607055053e-01  ,8.985290330964e-01  
  1.235270558323e-08  ,1.363388908181e+00  ,4.236282239604e-04  ,8.999673057596e-01  ,8.987259453975e-01  ,1.581661759850e+00  ,2.182728516692e-01  ,8.989377595095e-01  ,8.985141312855e-01  
  1.245270634468e-08  ,1.365020000580e+00  ,4.146912236669e-04  ,8.999672916216e-01  ,8.987071311175e-01  ,1.582477291912e+00  ,2.174572913316e-01  ,8.989144767294e-01  ,8.984997855057e-01  
  1.255270710613e-08  ,1.366435605496e+00  ,4.050062987362e-04  ,8.999672768602e-01  ,8.986883870818e-01  ,1.583185079608e+00  ,2.167494741120e-01  ,8.988908902312e-01  ,8.984858839325e-01  
  1.265270786758e-08  ,1.367635501609e+00  ,3.947264812895e-04  ,8.999672614898e-01  ,8.986696903660e-01  ,1.583785012294e+00  ,2.161495106851e-01  ,8.988670536066e-01  ,8.984723271254e-01  
  1.275270862903e-08  ,1.368619500154e+00  ,3.840102031959e-04  ,8.999672455244e-01  ,8.986510536513e-01  ,1.584276995602e+00  ,2.156574954472e-01  ,8.988430587529e-01  ,8.984590485497e-01  
  1.285270939048e-08  ,1.369387445861e+00  ,3.730179539034e-04  ,8.999672289787e-01  ,8.986325331981e-01  ,1.584660951909e+00  ,2.152735060480e-01  ,8.988190421751e-01  ,8.984460242212e-01  
  1.295271015193e-08  ,1.369939217362e+00  ,3.619078552420e-04  ,8.999672118684e-01  ,8.986142236166e-01  ,1.584936820549e+00  ,2.149976031874e-01  ,8.987951775442e-01  ,8.984332696890e-01  
  1.305271091338e-08  ,1.370274727381e+00  ,3.508302137596e-04  ,8.999671942095e-01  ,8.985962415823e-01  ,1.585104557900e+00  ,2.148298305191e-01  ,8.987716566892e-01  ,8.984208264754e-01  
  1.315271167483e-08  ,1.370393922832e+00  ,3.399215407929e-04  ,8.999671760177e-01  ,8.985787037655e-01  ,1.585164137434e+00  ,2.147702146015e-01  ,8.987486645359e-01  ,8.984087429951e-01  
  1.325271243627e-08  ,1.370296784865e+00  ,3.292987850034e-04  ,8.999671573067e-01  ,8.985617055915e-01  ,1.585115549739e+00  ,2.148187648741e-01  ,8.987263549841e-01  ,8.983970561990e-01  
  1.335271319772e-08  ,1.369983328879e+00  ,3.190545550189e-04  ,8.999671380869e-01  ,8.985453067859e-01  ,1.584958802526e+00  ,2.149754736473e-01  ,8.987048340634e-01  ,8.983857795084e-01  
  1.345271395917e-08  ,1.369453604525e+00  ,3.092539317003e-04  ,8.999671183640e-01  ,8.985295273192e-01  ,1.584693920626e+00  ,2.152403161015e-01  ,8.986841542850e-01  ,8.983749003533e-01  
  1.355271472062e-08  ,1.368707695696e+00  ,2.999331470651e-04  ,8.999670981394e-01  ,8.985143541407e-01  ,1.584320945988e+00  ,2.156132502911e-01  ,8.986643207142e-01  ,8.983643875671e-01  
  1.365271548207e-08  ,1.367745720512e+00  ,2.911000415402e-04  ,8.999670774101e-01  ,8.984997559740e-01  ,1.583839937666e+00  ,2.160942171539e-01  ,8.986453059948e-01  ,8.983542059532e-01  
  1.375271624352e-08  ,1.366567831294e+00  ,2.827359081516e-04  ,8.999670561700e-01  ,8.984857013188e-01  ,1.583250971817e+00  ,2.166831405229e-01  ,8.986270692728e-01  ,8.983443333647e-01  
  1.385271700497e-08  ,1.365174214538e+00  ,2.747981680270e-04  ,8.999670344106e-01  ,8.984721742195e-01  ,1.582554141680e+00  ,2.173799271414e-01  ,8.986095733036e-01  ,8.983347751355e-01  
  1.395271776642e-08  ,1.363565090885e+00  ,2.672233244176e-04  ,8.999670121225e-01  ,8.984591833887e-01  ,1.581749557565e+00  ,2.181844666797e-01  ,8.985927950509e-01  ,8.983255717265e-01  
  1.405271852787e-08  ,1.361740715083e+00  ,2.599297902702e-04  ,8.999669892959e-01  ,8.984467625008e-01  ,1.580837346838e+00  ,2.190966317542e-01  ,8.985767273959e-01  ,8.983167976056e-01  
  1.415271928932e-08  ,1.359701375945e+00  ,2.528204152207e-04  ,8.999669659207e-01  ,8.984349621821e-01  ,1.579817653893e+00  ,2.201162779481e-01  ,8.985613723897e-01  ,8.983085519745e-01  
  1.425272005077e-08  ,1.357447396303e+00  ,2.457847717966e-04  ,8.999669419863e-01  ,8.984238365931e-01  ,1.578690640138e+00  ,2.212432438348e-01  ,8.985467289790e-01  ,8.983009442072e-01  
  1.435272081222e-08  ,1.354979132956e+00  ,2.387014257570e-04  ,8.999669174807e-01  ,8.984134288778e-01  ,1.577456483959e+00  ,2.224773510029e-01  ,8.985327795907e-01  ,8.982940781649e-01  
  1.445272157367e-08  ,1.352296976612e+00  ,2.314404682094e-04  ,8.999668923900e-01  ,8.984037598039e-01  ,1.576115380696e+00  ,2.238184040843e-01  ,8.985194800380e-01  ,8.982880395698e-01  
  1.455272233512e-08  ,1.349401351825e+00  ,2.238665221060e-04  ,8.999668666977e-01  ,8.983948227082e-01  ,1.574667542610e+00  ,2.252661907851e-01  ,8.985067559692e-01  ,8.982828894471e-01  
  1.465272309657e-08  ,1.346292716930e+00  ,2.158422839522e-04  ,8.999668403846e-01  ,8.983865858374e-01  ,1.573113198849e+00  ,2.268204819197e-01  ,8.984945069794e-01  ,8.982786646954e-01  
  1.475272385801e-08  ,1.342971563963e+00  ,2.072324774580e-04  ,8.999668134291e-01  ,8.983790009694e-01  ,1.571452595411e+00  ,2.284810314475e-01  ,8.984826172081e-01  ,8.982753847307e-01  
  1.485272461946e-08  ,1.339438418591e+00  ,1.979079392755e-04  ,8.999667858082e-01  ,8.983720154593e-01  ,1.569685995104e+00  ,2.302475765128e-01  ,8.984709694289e-01  ,8.982730614897e-01  
  1.495272538091e-08  ,1.335693840022e+00  ,1.877494741246e-04  ,8.999667574984e-01  ,8.983655840580e-01  ,1.567813677509e+00  ,2.321198374875e-01  ,8.984594587950e-01  ,8.982717093209e-01  
  1.505272614236e-08  ,1.331738420921e+00  ,1.766511275534e-04  ,8.999667284765e-01  ,8.983596771632e-01  ,1.565835938937e+00  ,2.340975180161e-01  ,8.984480027270e-01  ,8.982713515994e-01  
  1.515272690381e-08  ,1.327572787315e+00  ,1.645226194371e-04  ,8.999666987207e-01  ,8.983542834211e-01  ,1.563753092378e+00  ,2.361803050630e-01  ,8.984365447308e-01  ,8.982720221114e-01  
  1.525272766526e-08  ,1.323197598497e+00  ,1.512908278711e-04  ,8.999666682109e-01  ,8.983494063709e-01  ,1.561565467459e+00  ,2.383678689624e-01  ,8.984250517849e-01  ,8.982737609570e-01  
  1.535272842671e-08  ,1.318613546919e+00  ,1.369003668121e-04  ,8.999666369290e-01  ,8.983450565683e-01  ,1.559273410388e+00  ,2.406598634698e-01  ,8.984135067517e-01  ,8.982766063849e-01  
  1.545272918816e-08  ,1.313821358084e+00  ,1.213134190283e-04  ,8.999666048584e-01  ,8.983412418397e-01  ,1.556877283900e+00  ,2.430559258164e-01  ,8.984018985492e-01  ,8.982805851302e-01  
  1.555272994961e-08  ,1.308821790435e+00  ,1.045090410910e-04  ,8.999665719836e-01  ,8.983379586774e-01  ,1.554377467201e+00  ,2.455556767662e-01  ,8.983902131980e-01  ,8.982857041569e-01  
  1.565273071106e-08  ,1.303615635230e+00  ,8.648214426488e-05  ,8.999665382902e-01  ,8.983351872514e-01  ,1.551774355905e+00  ,2.481587206752e-01  ,8.983784283235e-01  ,8.982919461793e-01  
  1.575273147251e-08  ,1.298203716421e+00  ,6.724228897315e-05  ,8.999665037645e-01  ,8.983328912947e-01  ,1.549068361975e+00  ,2.508646455541e-01  ,8.983665124391e-01  ,8.982992701502e-01  
  1.585273223396e-08  ,1.292586890521e+00  ,4.681234086767e-05  ,8.999664683939e-01  ,8.983310226197e-01  ,1.546259913654e+00  ,2.536730231334e-01  ,8.983544287901e-01  ,8.983076164492e-01  
  1.595273299541e-08  ,1.286766046471e+00  ,2.522695669127e-05  ,8.999664321672e-01  ,8.983295286907e-01  ,1.543349455403e+00  ,2.565834089319e-01  ,8.983421421691e-01  ,8.983169152124e-01  
  1.605273375686e-08  ,1.280742105497e+00  ,2.530824072200e-06  ,8.999663950754e-01  ,8.983283608898e-01  ,1.540337447824e+00  ,2.595953423267e-01  ,8.983296263019e-01  ,8.983270954778e-01  
  1.615273451831e-08  ,1.274516020970e+00  ,-2.122341661481e-05  ,8.999663571122e-01  ,8.983274810685e-01  ,1.537224367597e+00  ,2.627083466272e-01  ,8.983168693602e-01  ,8.983380927768e-01  
  1.625273527975e-08  ,1.268088778250e+00  ,-4.597759220104e-05  ,8.999663182747e-01  ,8.983268646331e-01  ,1.534010707400e+00  ,2.659219291498e-01  ,8.983038758370e-01  ,8.983498534292e-01  
  1.635273604120e-08  ,1.261461394534e+00  ,-7.167070901837e-05  ,8.999662785637e-01  ,8.983264995346e-01  ,1.530696975831e+00  ,2.692355812968e-01  ,8.982906641801e-01  ,8.983623348891e-01  
  1.645273680265e-08  ,1.254634918696e+00  ,-9.824183430396e-05  ,8.999662379836e-01  ,8.983263817666e-01  ,1.527283697332e+00  ,2.726487786354e-01  ,8.982772608494e-01  ,8.983755026837e-01  
  1.655273756410e-08  ,1.247610164430e+00  ,-1.256467602022e-04  ,8.999661965402e-01  ,8.983265101639e-01  ,1.523771278755e+00  ,2.761611143251e-01  ,8.982636867838e-01  ,8.983893335440e-01  
  1.665273832555e-08  ,1.240388704416e+00  ,-1.538085283738e-04  ,8.999661542480e-01  ,8.983268774180e-01  ,1.520160506456e+00  ,2.797718020399e-01  ,8.982499731538e-01  ,8.984037816822e-01  
  1.675273908700e-08  ,1.232971561153e+00  ,-1.826894037679e-04  ,8.999661111194e-01  ,8.983274673922e-01  ,1.516451891696e+00  ,2.834803305427e-01  ,8.982361226903e-01  ,8.984188120940e-01  
  1.685273984845e-08  ,1.225359863357e+00  ,-2.122571634028e-04  ,8.999660671696e-01  ,8.983282532045e-01  ,1.512645998848e+00  ,2.872861354910e-01  ,8.982221246228e-01  ,8.984343817862e-01  
  1.695274060990e-08  ,1.217554796620e+00  ,-2.424893890827e-04  ,8.999660224164e-01  ,8.983291997873e-01  ,1.508743420727e+00  ,2.911886241063e-01  ,8.982079550928e-01  ,8.984504444819e-01  
  1.705274137135e-08  ,1.209557587480e+00  ,-2.733753757118e-04  ,8.999659768795e-01  ,8.983302688868e-01  ,1.504744770619e+00  ,2.951871831396e-01  ,8.981935811989e-01  ,8.984669565746e-01  
  1.715274213280e-08  ,1.201369497663e+00  ,-3.049170114193e-04  ,8.999659305807e-01  ,8.983314249666e-01  ,1.500650679412e+00  ,2.992811817493e-01  ,8.981789664609e-01  ,8.984838834723e-01  
  1.725274289425e-08  ,1.192991821539e+00  ,-3.371291395762e-04  ,8.999658835444e-01  ,8.983326402991e-01  ,1.496461794314e+00  ,3.034699727747e-01  ,8.981640757293e-01  ,8.985012048689e-01  
  1.735274365570e-08  ,1.184425884740e+00  ,-3.700396000180e-04  ,8.999658357973e-01  ,8.983338978505e-01  ,1.492178778167e+00  ,3.077528934272e-01  ,8.981488780505e-01  ,8.985189176505e-01  
  1.745274441715e-08  ,1.175673043298e+00  ,-4.036890103479e-04  ,8.999657873685e-01  ,8.983351912914e-01  ,1.487802309017e+00  ,3.121292657198e-01  ,8.981333467863e-01  ,8.985370357966e-01  
  1.755274517860e-08  ,1.166734683074e+00  ,-4.381302804898e-04  ,8.999657382896e-01  ,8.983365223478e-01  ,1.483333079827e+00  ,3.165983967525e-01  ,8.981174572075e-01  ,8.985555874880e-01  
  1.765274594005e-08  ,1.157612219356e+00  ,-4.734278260506e-04  ,8.999656885939e-01  ,8.983378964844e-01  ,1.478771798272e+00  ,3.211595789159e-01  ,8.981011825714e-01  ,8.985746103974e-01  
  1.775274670149e-08  ,1.148307096539e+00  ,-5.096564494743e-04  ,8.999656383161e-01  ,8.983393183329e-01  ,1.474119186586e+00  ,3.258120900465e-01  ,8.980844901081e-01  ,8.985941465576e-01  
  1.785274746294e-08  ,1.138820787865e+00  ,-5.468998854495e-04  ,8.999655874915e-01  ,8.983407882486e-01  ,1.469375981424e+00  ,3.305551935590e-01  ,8.980673383059e-01  ,8.986142381913e-01  
  1.795274822439e-08  ,1.129154795179e+00  ,-5.852490492181e-04  ,8.999655361556e-01  ,8.983423009517e-01  ,1.464542933745e+00  ,3.353881385659e-01  ,8.980496764271e-01  ,8.986349254763e-01  
  1.805274898584e-08  ,1.119310648701e+00  ,-6.248000708831e-04  ,8.999654843437e-01  ,8.983438465325e-01  ,1.459620808694e+00  ,3.403101599933e-01  ,8.980314464970e-01  ,8.986562465679e-01  
  1.815274974729e-08  ,1.109289906786e+00  ,-6.656522320805e-04  ,8.999654320906e-01  ,8.983454133961e-01  ,1.454610385484e+00  ,3.453204786974e-01  ,8.980125872801e-01  ,8.986782395121e-01  
  1.825275050874e-08  ,1.099094155696e+00  ,-7.079059330949e-04  ,8.999653794304e-01  ,8.983469921820e-01  ,1.449512457279e+00  ,3.504183015822e-01  ,8.979930392155e-01  ,8.987009451486e-01  
  1.835275127019e-08  ,1.088725009352e+00  ,-7.516608047011e-04  ,8.999653263966e-01  ,8.983485794561e-01  ,1.444327831073e+00  ,3.556028217205e-01  ,8.979727490538e-01  ,8.987244098585e-01  
  1.845275203164e-08  ,1.078183705668e+00  ,-7.969902325478e-04  ,8.999652730145e-01  ,8.983501777245e-01  ,1.439057125849e+00  ,3.608734201803e-01  ,8.979516826082e-01  ,8.987486728407e-01  
  1.855275279309e-08  ,1.067472337546e+00  ,-8.440136073422e-04  ,8.999652193255e-01  ,8.983517989279e-01  ,1.433701388099e+00  ,3.662290505523e-01  ,8.979297921242e-01  ,8.987738057316e-01  
  1.865275355454e-08  ,1.056592895523e+00  ,-8.928337098721e-04  ,8.999651653655e-01  ,8.983534705419e-01  ,1.428261613127e+00  ,3.716687176039e-01  ,8.979070536870e-01  ,8.987998873969e-01  
  1.875275431599e-08  ,1.045546529879e+00  ,-9.435051084933e-04  ,8.999651111542e-01  ,8.983552113857e-01  ,1.422738376094e+00  ,3.771918462149e-01  ,8.978834588315e-01  ,8.988269639400e-01  
  1.885275507744e-08  ,1.034335275723e+00  ,-9.961186759185e-04  ,8.999650567263e-01  ,8.983570544003e-01  ,1.417132694588e+00  ,3.827974188651e-01  ,8.978589950624e-01  ,8.988551137383e-01  
  1.895275583889e-08  ,1.022961200456e+00  ,-1.050753083039e-03  ,8.999650021125e-01  ,8.983590284355e-01  ,1.411445602341e+00  ,3.884844018843e-01  ,8.978336518940e-01  ,8.988844049770e-01  
  1.905275660034e-08  ,1.011425892950e+00  ,-1.107459967579e-03  ,8.999649473327e-01  ,8.983611497979e-01  ,1.405677893808e+00  ,3.942520008576e-01  ,8.978074198141e-01  ,8.989148797817e-01  
  1.915275736179e-08  ,9.997310973615e-01  ,-1.166288755227e-03  ,8.999648924077e-01  ,8.983634329941e-01  ,1.399830441088e+00  ,4.000993437270e-01  ,8.977802886164e-01  ,8.989465773717e-01  
  1.925275812323e-08  ,9.878786311414e-01  ,-1.227282796042e-03  ,8.999648373562e-01  ,8.983658915214e-01  ,1.393904152927e+00  ,4.060255217856e-01  ,8.977522501234e-01  ,8.989795329194e-01  
  1.935275888468e-08  ,9.758703566699e-01  ,-1.290478335071e-03  ,8.999647821947e-01  ,8.983685402574e-01  ,1.387899960530e+00  ,4.120296038598e-01  ,8.977233010898e-01  ,8.990137794249e-01  
  1.945275964613e-08  ,9.637081701520e-01  ,-1.355904683712e-03  ,8.999647269371e-01  ,8.983713979243e-01  ,1.381818812013e+00  ,4.181106418611e-01  ,8.976934455824e-01  ,8.990493502661e-01  
  1.955276040758e-08  ,9.513939965013e-01  ,-1.423585014474e-03  ,8.999646715952e-01  ,8.983744886411e-01  ,1.375661669846e+00  ,4.242676733445e-01  ,8.976626961339e-01  ,8.990862811484e-01  
  1.965276116903e-08  ,9.389297866339e-01  ,-1.493537532622e-03  ,8.999646161787e-01  ,8.983778420284e-01  ,1.369429509496e+00  ,4.304997228618e-01  ,8.976310732621e-01  ,8.991246107947e-01  
  1.975276193048e-08  ,9.263175159137e-01  ,-1.565776866178e-03  ,8.999645606955e-01  ,8.983814917992e-01  ,1.363123318652e+00  ,4.368058027386e-01  ,8.975986033661e-01  ,8.991643802323e-01  
  1.985276269193e-08  ,9.135591832130e-01  ,-1.640315538581e-03  ,8.999645051512e-01  ,8.983854732312e-01  ,1.356744096758e+00  ,4.431849135446e-01  ,8.975653154619e-01  ,8.992056310005e-01  
  1.995276345338e-08  ,9.006568103086e-01  ,-1.717165409235e-03  ,8.999644495493e-01  ,8.983898202458e-01  ,1.350292854704e+00  ,4.496360443950e-01  ,8.975312375412e-01  ,8.992484029504e-01  
  2.005276421483e-08  ,8.876124414564e-01  ,-1.796339000960e-03  ,8.999643938914e-01  ,8.983945629131e-01  ,1.343770614620e+00  ,4.561581731632e-01  ,8.974963934126e-01  ,8.992927324136e-01  
  2.015276497628e-08  ,8.744281430533e-01  ,-1.877850673840e-03  ,8.999643381766e-01  ,8.983997260193e-01  ,1.337178409703e+00  ,4.627502666499e-01  ,8.974608006824e-01  ,8.993386513563e-01  
  2.025276573773e-08  ,8.611054911819e-01  ,-1.961712868234e-03  ,8.999642824034e-01  ,8.984053246837e-01  ,1.330517027994e+00  ,4.694115368124e-01  ,8.974244682495e-01  ,8.993861811178e-01  
  2.035276649918e-08  ,8.476474844900e-01  ,-2.047953553138e-03  ,8.999642265657e-01  ,8.984113818755e-01  ,1.323787968811e+00  ,4.761404843207e-01  ,8.973874050990e-01  ,8.994353586521e-01  
  2.045276726063e-08  ,8.340560185992e-01  ,-2.136596527241e-03  ,8.999641706562e-01  ,8.984179075910e-01  ,1.316992179956e+00  ,4.829361613566e-01  ,8.973496093274e-01  ,8.994862058546e-01  
  2.055276802208e-08  ,8.203331577657e-01  ,-2.227672062247e-03  ,8.999641146663e-01  ,8.984249131205e-01  ,1.310130693549e+00  ,4.897975357834e-01  ,8.973110770894e-01  ,8.995387491517e-01  
  2.065276878353e-08  ,8.064810382303e-01  ,-2.321216796262e-03  ,8.999640585870e-01  ,8.984324113634e-01  ,1.303204577702e+00  ,4.967235394718e-01  ,8.972718029653e-01  ,8.995930197615e-01  
  2.075276954497e-08  ,7.925018366895e-01  ,-2.417274103384e-03  ,8.999640024086e-01  ,8.984404167461e-01  ,1.296214920753e+00  ,5.037130840639e-01  ,8.972317796944e-01  ,8.996490537978e-01  
  2.085277030642e-08  ,7.783977589283e-01  ,-2.515894512679e-03  ,8.999639461210e-01  ,8.984489442522e-01  ,1.289162825585e+00  ,5.107650666569e-01  ,8.971909969959e-01  ,8.997068915086e-01  
  2.095277106787e-08  ,7.641710349068e-01  ,-2.617135992628e-03  ,8.999638897137e-01  ,8.984580076788e-01  ,1.282049407167e+00  ,5.178783722603e-01  ,8.971494396824e-01  ,8.997665756751e-01  
  2.105277182932e-08  ,7.498233642341e-01  ,-2.721046721157e-03  ,8.999638331794e-01  ,8.984676155812e-01  ,1.274875515296e+00  ,5.250521510623e-01  ,8.971070922206e-01  ,8.998281389418e-01  
  2.115277259077e-08  ,7.353579767319e-01  ,-2.827726670704e-03  ,8.999637765030e-01  ,8.984777780122e-01  ,1.267642764869e+00  ,5.322847881370e-01  ,8.970639146768e-01  ,8.998916413475e-01  
  2.125277335222e-08  ,7.207769090114e-01  ,-2.937248655386e-03  ,8.999637196741e-01  ,8.984884925659e-01  ,1.260352174180e+00  ,5.395752651684e-01  ,8.970198682382e-01  ,8.999571168936e-01  
  2.135277411367e-08  ,7.060823754477e-01  ,-3.049696018440e-03  ,8.999636626820e-01  ,8.984997512817e-01  ,1.253004850406e+00  ,5.469224749582e-01  ,8.969749032725e-01  ,9.000245992909e-01  
  2.145277487512e-08  ,6.912761028546e-01  ,-3.165135630614e-03  ,8.999636055197e-01  ,8.985115447961e-01  ,1.245601656947e+00  ,5.543255540924e-01  ,8.969289769808e-01  ,9.000941126114e-01  
  2.155277563657e-08  ,6.763613915845e-01  ,-3.283699270545e-03  ,8.999635481736e-01  ,8.985238504970e-01  ,1.238144243966e+00  ,5.617828523813e-01  ,8.968820008617e-01  ,9.001657001322e-01  
  2.165277639802e-08  ,6.613403371256e-01  ,-3.405474735696e-03  ,8.999634906347e-01  ,8.985366504695e-01  ,1.230633659198e+00  ,5.692933220719e-01  ,8.968339131016e-01  ,9.002393878373e-01  
  2.175277715947e-08  ,6.462152184193e-01  ,-3.530558373838e-03  ,8.999634328949e-01  ,8.985499255312e-01  ,1.223071042105e+00  ,5.768558236853e-01  ,8.967846463443e-01  ,9.003152047181e-01  
  2.185277792092e-08  ,6.309883894588e-01  ,-3.659049891179e-03  ,8.999633749472e-01  ,8.985636564143e-01  ,1.215457569677e+00  ,5.844691802178e-01  ,8.967341314687e-01  ,9.003931813599e-01  
  2.195277868237e-08  ,6.156616567679e-01  ,-3.791025000400e-03  ,8.999633167881e-01  ,8.985778286253e-01  ,1.207794145172e+00  ,5.921324884042e-01  ,8.966823161251e-01  ,9.004733411255e-01  
  2.205277944382e-08  ,6.002384579290e-01  ,-3.926626877722e-03  ,8.999632584112e-01  ,8.985924135567e-01  ,1.200082487376e+00  ,5.998440294466e-01  ,8.966291001179e-01  ,9.005557269956e-01  
  2.215278020527e-08  ,5.847209622551e-01  ,-4.065944737133e-03  ,8.999631998137e-01  ,8.986073901532e-01  ,1.192323680941e+00  ,6.076027186861e-01  ,8.965744177846e-01  ,9.006403625218e-01  
  2.225278096671e-08  ,5.691109490806e-01  ,-4.209050330108e-03  ,8.999631409951e-01  ,8.986227392382e-01  ,1.184518615535e+00  ,6.154076664548e-01  ,8.965182140731e-01  ,9.007272644032e-01  
  2.235278172816e-08  ,5.534118509199e-01  ,-4.356079318973e-03  ,8.999630819559e-01  ,8.986384185238e-01  ,1.176669007416e+00  ,6.232571564959e-01  ,8.964603788643e-01  ,9.008164581833e-01  
  2.245278248961e-08  ,5.376258690814e-01  ,-4.507115028014e-03  ,8.999630226972e-01  ,8.986543945363e-01  ,1.168775957238e+00  ,6.311500881565e-01  ,8.964008370223e-01  ,9.009079520503e-01  
  2.255278325106e-08  ,5.217553963041e-01  ,-4.662244918595e-03  ,8.999629632218e-01  ,8.986706284039e-01  ,1.160840661374e+00  ,6.390852650697e-01  ,8.963395059446e-01  ,9.010017508632e-01  
  2.265278401251e-08  ,5.058029018055e-01  ,-4.821555220940e-03  ,8.999629035343e-01  ,8.986870787131e-01  ,1.152864354437e+00  ,6.470614526315e-01  ,8.962763011026e-01  ,9.010978563235e-01  
  2.275278477396e-08  ,4.897708927945e-01  ,-4.985129047203e-03  ,8.999628436407e-01  ,8.987037036945e-01  ,1.144848290038e+00  ,6.550773972435e-01  ,8.962111391709e-01  ,9.011962682181e-01  
  2.285278553541e-08  ,4.736619001513e-01  ,-5.153045848853e-03  ,8.999627835487e-01  ,8.987204628349e-01  ,1.136793733624e+00  ,6.631318334730e-01  ,8.961439399105e-01  ,9.012969857593e-01  
  2.295278629686e-08  ,4.574784721305e-01  ,-5.325381489373e-03  ,8.999627232669e-01  ,8.987373177476e-01  ,1.128701959332e+00  ,6.712234872016e-01  ,8.960746270029e-01  ,9.014000084923e-01  
  2.305278705831e-08  ,4.412225438643e-01  ,-5.502190808634e-03  ,8.999626628039e-01  ,8.987542410781e-01  ,1.120573934736e+00  ,6.793513908718e-01  ,8.960031456738e-01  ,9.015053364824e-01  
  2.315278781976e-08  ,4.248977798568e-01  ,-5.683574120495e-03  ,8.999626021765e-01  ,8.987711833711e-01  ,1.112411492105e+00  ,6.875137122481e-01  ,8.959293963108e-01  ,9.016129704313e-01  
  2.325278858121e-08  ,4.085064758956e-01  ,-5.869591278634e-03  ,8.999625413962e-01  ,8.987881151356e-01  ,1.104215779344e+00  ,6.957093034484e-01  ,8.958533194963e-01  ,9.017229107749e-01  
  2.335278934266e-08  ,3.920511200805e-01  ,-6.060306446115e-03  ,8.999624804772e-01  ,8.988050039082e-01  ,1.095988040517e+00  ,7.039369204369e-01  ,8.957748506852e-01  ,9.018351571313e-01  
  2.345279010411e-08  ,3.755342735728e-01  ,-6.255785074213e-03  ,8.999624194354e-01  ,8.988218155090e-01  ,1.087729556222e+00  ,7.121952826490e-01  ,8.956939229719e-01  ,9.019497080461e-01  
  2.355279086556e-08  ,3.589578961388e-01  ,-6.456076636281e-03  ,8.999623582844e-01  ,8.988385235288e-01  ,1.079441306354e+00  ,7.204834102150e-01  ,8.956104852107e-01  ,9.020665618470e-01  
  2.365279162701e-08  ,3.423257069487e-01  ,-6.661275245557e-03  ,8.999622970493e-01  ,8.988550776735e-01  ,1.071125150524e+00  ,7.287994435750e-01  ,8.955244400507e-01  ,9.021857152963e-01  
  2.375279238846e-08  ,3.256400417343e-01  ,-6.871441119981e-03  ,8.999622357457e-01  ,8.988714474107e-01  ,1.062782256613e+00  ,7.371422148786e-01  ,8.954357268507e-01  ,9.023071679707e-01  
  2.385279314990e-08  ,3.089028125011e-01  ,-7.086623845364e-03  ,8.999621743878e-01  ,8.988876094101e-01  ,1.054413580638e+00  ,7.455107681372e-01  ,8.953442974874e-01  ,9.024309213327e-01  
  2.395279391135e-08  ,2.921176993545e-01  ,-7.306920777024e-03  ,8.999621130031e-01  ,8.989035235021e-01  ,1.046020962680e+00  ,7.539032633259e-01  ,8.952500631136e-01  ,9.025569838906e-01  
  2.405279467280e-08  ,2.752870524102e-01  ,-7.532397213140e-03  ,8.999620516096e-01  ,8.989191704241e-01  ,1.037605577815e+00  ,7.623185254045e-01  ,8.951529718176e-01  ,9.026853690307e-01  
  2.415279543425e-08  ,2.584127969466e-01  ,-7.763107631709e-03  ,8.999619902227e-01  ,8.989345369393e-01  ,1.029168388696e+00  ,7.707555917494e-01  ,8.950529831234e-01  ,9.028160907551e-01  
  2.425279619570e-08  ,2.414982078967e-01  ,-7.999146785577e-03  ,8.999619288704e-01  ,8.989496041457e-01  ,1.020711032819e+00  ,7.792128249221e-01  ,8.949500307530e-01  ,9.029491775385e-01  
  2.435279695715e-08  ,2.245459777692e-01  ,-8.240597334003e-03  ,8.999618675753e-01  ,8.989643622634e-01  ,1.012234856460e+00  ,7.876888786907e-01  ,8.948440635964e-01  ,9.030846609304e-01  
  2.445279771860e-08  ,2.075587906330e-01  ,-8.487546314114e-03  ,8.999618063588e-01  ,8.989788039594e-01  ,1.003741201675e+00  ,7.961824110423e-01  ,8.947350308023e-01  ,9.032225771164e-01  
  2.455279848005e-08  ,1.905397612992e-01  ,-8.740101431747e-03  ,8.999617452475e-01  ,8.989929223119e-01  ,9.952316258970e-01  ,8.046918645979e-01  ,8.946228715960e-01  ,9.033629730277e-01  
  2.465279924150e-08  ,1.734912552023e-01  ,-8.998349213807e-03  ,8.999616842607e-01  ,8.990067128857e-01  ,9.867073118619e-01  ,8.132160566596e-01  ,8.945075382788e-01  ,9.035058874926e-01  
  2.475280000295e-08  ,1.564152145703e-01  ,-9.262361802800e-03  ,8.999616234153e-01  ,8.990201727142e-01  ,9.781692307005e-01  ,8.217540161302e-01  ,8.943889918128e-01  ,9.036513536156e-01  
  2.485280076440e-08  ,1.393149471313e-01  ,-9.532263983115e-03  ,8.999615627401e-01  ,8.990332983868e-01  ,9.696190363058e-01  ,8.303040891745e-01  ,8.942671663952e-01  ,9.037994303784e-01  
  2.495280152585e-08  ,1.221937037172e-01  ,-9.808180661250e-03  ,8.999615022640e-01  ,8.990460922784e-01  ,9.610583541226e-01  ,8.388646504054e-01  ,8.941420019478e-01  ,9.039501826091e-01  
  2.505280228730e-08  ,1.050538900577e-01  ,-1.009020946821e-02  ,8.999614420030e-01  ,8.990585612907e-01  ,9.524883870319e-01  ,8.474344969742e-01  ,8.940134565566e-01  ,9.041036660248e-01  
  2.515280304875e-08  ,8.789802292284e-02  ,-1.037845770216e-02  ,8.999613819735e-01  ,8.990707169545e-01  ,9.439103934349e-01  ,8.560123705121e-01  ,8.938814881034e-01  ,9.042599458055e-01  
  2.525280381020e-08  ,7.072862987064e-02  ,-1.067303695301e-02  ,8.999613221933e-01  ,8.990825751691e-01  ,9.353256371287e-01  ,8.645970072580e-01  ,8.937460566926e-01  ,9.044190936456e-01  
  2.535280457164e-08  ,5.354770887288e-02  ,-1.097403251175e-02  ,8.999612626820e-01  ,8.990941501768e-01  ,9.267351171185e-01  ,8.731874082456e-01  ,8.936071339209e-01  ,9.045811664327e-01  
  2.545280533309e-08  ,3.635910342515e-02  ,-1.128160729728e-02  ,8.999612034732e-01  ,8.991054718736e-01  ,9.181407551858e-01  ,8.817816517607e-01  ,8.934646682249e-01  ,9.047462755222e-01  
  2.555280609454e-08  ,1.916528101346e-02  ,-1.159586521734e-02  ,8.999611445841e-01  ,8.991165612850e-01  ,9.095437850908e-01  ,8.903785040773e-01  ,8.933186286763e-01  ,9.049144938936e-01  
  2.565280685599e-08  ,1.968763644221e-03  ,-1.191691916684e-02  ,8.999610860263e-01  ,8.991274412207e-01  ,9.009454678484e-01  ,8.989767042042e-01  ,8.931689816373e-01  ,9.050859008042e-01  
  2.575280761744e-08  ,-1.522775779124e-02  ,-1.224488496997e-02  ,8.999610278211e-01  ,8.991381349715e-01  ,8.923471489255e-01  ,9.075749067168e-01  ,8.930156924865e-01  ,9.052605774565e-01  
  2.585280837889e-08  ,-3.242157802056e-02  ,-1.257987898434e-02  ,8.999609699869e-01  ,8.991486658303e-01  ,8.837501809766e-01  ,9.161717589972e-01  ,8.928587263381e-01  ,9.054386053224e-01  
  2.595280914034e-08  ,-4.961060077724e-02  ,-1.292198817475e-02  ,8.999609125388e-01  ,8.991590512385e-01  ,8.751556121502e-01  ,9.247662129275e-01  ,8.926980571511e-01  ,9.056200453258e-01  
  2.605280990179e-08  ,-6.679082824672e-02  ,-1.327137517439e-02  ,8.999608555022e-01  ,8.991693247167e-01  ,8.665654413788e-01  ,9.333562696255e-01  ,8.925336371295e-01  ,9.058050123039e-01  
  2.615281066324e-08  ,-8.395978422843e-02  ,-1.362813963941e-02  ,8.999607988887e-01  ,8.991795090219e-01  ,8.579809067745e-01  ,9.419406910029e-01  ,8.923654392022e-01  ,9.059935788416e-01  
  2.625281142469e-08  ,-1.011148323035e-01  ,-1.399238793189e-02  ,8.999607427094e-01  ,8.991896306017e-01  ,8.494033265577e-01  ,9.505181588611e-01  ,8.921934366358e-01  ,9.061858245676e-01  
  2.635281218614e-08  ,-1.182532960919e-01  ,-1.436422741536e-02  ,8.999606869755e-01  ,8.991997179373e-01  ,8.408340389296e-01  ,9.590873350215e-01  ,8.920176042296e-01  ,9.063818316450e-01  
  2.645281294759e-08  ,-1.353724906686e-01  ,-1.474376465713e-02  ,8.999606316975e-01  ,8.992097998880e-01  ,8.322743863632e-01  ,9.676468770318e-01  ,8.918379175595e-01  ,9.065816822166e-01  
  2.655281370904e-08  ,-1.524697297451e-01  ,-1.513110497609e-02  ,8.999605768848e-01  ,8.992199041981e-01  ,8.237257120123e-01  ,9.761954417573e-01  ,8.916543517101e-01  ,9.067854566862e-01  
  2.665281447049e-08  ,-1.695423273350e-01  ,-1.552635248085e-02  ,8.999605225458e-01  ,8.992300564941e-01  ,8.151893588783e-01  ,9.847316862133e-01  ,8.914668802537e-01  ,9.069932327345e-01  
  2.675281523194e-08  ,-1.865875985944e-01  ,-1.592961027887e-02  ,8.999604686879e-01  ,8.992402797317e-01  ,8.066666693906e-01  ,9.932542679851e-01  ,8.912754745923e-01  ,9.072050848711e-01  
  2.685281599338e-08  ,-2.036035160924e-01  ,-1.634095519140e-02  ,8.999604153161e-01  ,8.992505892782e-01  ,7.981586572699e-01  ,1.001762173362e+00  ,8.910801116825e-01  ,9.074210668739e-01  
  2.695281675483e-08  ,-2.205862595916e-01  ,-1.676053154835e-02  ,8.999603624377e-01  ,8.992610102370e-01  ,7.896672326419e-01  ,1.010253492234e+00  ,8.908807444628e-01  ,9.076412760112e-01  
  2.705281751628e-08  ,-2.375334575178e-01  ,-1.718842907247e-02  ,8.999603100545e-01  ,8.992715538091e-01  ,7.811935812956e-01  ,1.018727038813e+00  ,8.906773392728e-01  ,9.078657683453e-01  
  2.715281827773e-08  ,-2.544431758301e-01  ,-1.762472043860e-02  ,8.999602581684e-01  ,8.992822279261e-01  ,7.727386702534e-01  ,1.027181846083e+00  ,8.904698677068e-01  ,9.080945881454e-01  
  2.725281903918e-08  ,-2.713117075036e-01  ,-1.806954499360e-02  ,8.999602067823e-01  ,8.992930460394e-01  ,7.643043530305e-01  ,1.035616060534e+00  ,8.902582735426e-01  ,9.083278185362e-01  
  2.735281980063e-08  ,-2.881367034689e-01  ,-1.852299167555e-02  ,8.999601558955e-01  ,8.993040152186e-01  ,7.558918041611e-01  ,1.044028507630e+00  ,8.900425193808e-01  ,9.085655110563e-01  
  2.745282056208e-08  ,-3.049156265695e-01  ,-1.898515712296e-02  ,8.999601055062e-01  ,8.993151423440e-01  ,7.475022922215e-01  ,1.052417918791e+00  ,8.898225637825e-01  ,9.088077209054e-01  
  2.755282132353e-08  ,-3.216465124798e-01  ,-1.945611602238e-02  ,8.999600556135e-01  ,8.993264318257e-01  ,7.391367993736e-01  ,1.060783311853e+00  ,8.895983738145e-01  ,9.090544898369e-01  
  2.765282208498e-08  ,-3.383256365492e-01  ,-1.993601147303e-02  ,8.999600062129e-01  ,8.993378890655e-01  ,7.307971879383e-01  ,1.069122824488e+00  ,8.893698833290e-01  ,9.093058948020e-01  
  2.775282284643e-08  ,-3.549506698145e-01  ,-2.042493570734e-02  ,8.999599572988e-01  ,8.993495130217e-01  ,7.224846223915e-01  ,1.077435292206e+00  ,8.891370451680e-01  ,9.095619808753e-01  
  2.785282360788e-08  ,-3.715191004975e-01  ,-2.092299012073e-02  ,8.999599088646e-01  ,8.993612993251e-01  ,7.142003586158e-01  ,1.085719459113e+00  ,8.888998042648e-01  ,9.098227943855e-01  
  2.795282436933e-08  ,-3.880289861939e-01  ,-2.143025379328e-02  ,8.999598609062e-01  ,8.993732423346e-01  ,7.059453678092e-01  ,1.093974354003e+00  ,8.886581154380e-01  ,9.100883692313e-01  
  2.805282513078e-08  ,-4.044766475029e-01  ,-2.194687930752e-02  ,8.999598134135e-01  ,8.993853266785e-01  ,6.977214896621e-01  ,1.102198137165e+00  ,8.884118870248e-01  ,9.103587663323e-01  
  2.815282589223e-08  ,-4.208603463875e-01  ,-2.247294076980e-02  ,8.999597663810e-01  ,8.993975415763e-01  ,6.895295931873e-01  ,1.110389939575e+00  ,8.881610711914e-01  ,9.106340119612e-01  
  2.825282665368e-08  ,-4.371766324834e-01  ,-2.300858800425e-02  ,8.999597197965e-01  ,8.994098631301e-01  ,6.813714035548e-01  ,1.118548036038e+00  ,8.879055691280e-01  ,9.109141571322e-01  
  2.835282741512e-08  ,-4.534232371895e-01  ,-2.355392268093e-02  ,8.999596736511e-01  ,8.994222734779e-01  ,6.732480550564e-01  ,1.126671292246e+00  ,8.876453121374e-01  ,9.111992348183e-01  
  2.845282817657e-08  ,-4.695983094412e-01  ,-2.410902793050e-02  ,8.999596279384e-01  ,8.994347579479e-01  ,6.651604732178e-01  ,1.134758782659e+00  ,8.873802439826e-01  ,9.114892719131e-01  
  2.855282893802e-08  ,-4.856987129519e-01  ,-2.467404520494e-02  ,8.999595826471e-01  ,8.994472915352e-01  ,6.571102261712e-01  ,1.142808939123e+00  ,8.871102689327e-01  ,9.117843141377e-01  
  2.865282969947e-08  ,-5.017214857224e-01  ,-2.524911125012e-02  ,8.999595377651e-01  ,8.994598496538e-01  ,6.490987949039e-01  ,1.150820280626e+00  ,8.868352940288e-01  ,9.120844052789e-01  
  2.875283046092e-08  ,-5.176649464163e-01  ,-2.583430476936e-02  ,8.999594932853e-01  ,8.994724176620e-01  ,6.411270200772e-01  ,1.158791966493e+00  ,8.865552652773e-01  ,9.123895700467e-01  
  2.885283122237e-08  ,-5.335257508043e-01  ,-2.642978398124e-02  ,8.999594491954e-01  ,8.994849648649e-01  ,6.331965737933e-01  ,1.166722324598e+00  ,8.862700728742e-01  ,9.126998568555e-01  
  2.895283198382e-08  ,-5.493016959064e-01  ,-2.703565529644e-02  ,8.999594054874e-01  ,8.994974687155e-01  ,6.253085575342e-01  ,1.174610253441e+00  ,8.859796410673e-01  ,9.130152963637e-01  
  2.905283274527e-08  ,-5.649909847925e-01  ,-2.765200542264e-02  ,8.999593621553e-01  ,8.995099099543e-01  ,6.174638697590e-01  ,1.182454854552e+00  ,8.856839072429e-01  ,9.133359126656e-01  
  2.915283350672e-08  ,-5.805905742958e-01  ,-2.827898134170e-02  ,8.999593191904e-01  ,8.995222545868e-01  ,6.096640320425e-01  ,1.190254606338e+00  ,8.853827639159e-01  ,9.136617452576e-01  
  2.925283426817e-08  ,-5.960975942843e-01  ,-2.891672343929e-02  ,8.999592765845e-01  ,8.995344678019e-01  ,6.019104794423e-01  ,1.198008073727e+00  ,8.850761060823e-01  ,9.139928295216e-01  
  2.935283502962e-08  ,-6.115098936458e-01  ,-2.956533804346e-02  ,8.999592343316e-01  ,8.995465234429e-01  ,5.942042875087e-01  ,1.205714181155e+00  ,8.847638544212e-01  ,9.143291924646e-01  
  2.945283579107e-08  ,-6.268257181687e-01  ,-3.022491106958e-02  ,8.999591924290e-01  ,8.995584009398e-01  ,5.865463333446e-01  ,1.213372051513e+00  ,8.844459454050e-01  ,9.146708564746e-01  
  2.955283655252e-08  ,-6.420417098799e-01  ,-3.089560633820e-02  ,8.999591508719e-01  ,8.995700627296e-01  ,5.789382959319e-01  ,1.220980005812e+00  ,8.841222595605e-01  ,9.150178658987e-01  
  2.965283731397e-08  ,-6.571557495827e-01  ,-3.157752677414e-02  ,8.999591096582e-01  ,8.995814873872e-01  ,5.713812348669e-01  ,1.228536984450e+00  ,8.837927240001e-01  ,9.153702507742e-01  
  2.975283807542e-08  ,-6.721661125606e-01  ,-3.227075525284e-02  ,8.999590687881e-01  ,8.995926584672e-01  ,5.638760125077e-01  ,1.236042125068e+00  ,8.834572808408e-01  ,9.157280360936e-01  
  2.985283883686e-08  ,-6.870698829349e-01  ,-3.297543086360e-02  ,8.999590282631e-01  ,8.996035496070e-01  ,5.564240867956e-01  ,1.243493969731e+00  ,8.831158341752e-01  ,9.160912650388e-01  
  2.995283959831e-08  ,-7.018643202123e-01  ,-3.369168375916e-02  ,8.999589880862e-01  ,8.996141386501e-01  ,5.490268279801e-01  ,1.250891148192e+00  ,8.827682967705e-01  ,9.164599805297e-01  
  3.005284035976e-08  ,-7.165473740903e-01  ,-3.441961183988e-02  ,8.999589482609e-01  ,8.996244095349e-01  ,5.416852612157e-01  ,1.258232635306e+00  ,8.824146036150e-01  ,9.168342154548e-01  
  3.015284112121e-08  ,-7.311168355998e-01  ,-3.515932026089e-02  ,8.999589087933e-01  ,8.996343451298e-01  ,5.344004909934e-01  ,1.265517326593e+00  ,8.820546849994e-01  ,9.172140052603e-01  
  3.025284188266e-08  ,-7.455704497081e-01  ,-3.591091582822e-02  ,8.999588696917e-01  ,8.996439284052e-01  ,5.271736448376e-01  ,1.272744094546e+00  ,8.816884704911e-01  ,9.175993863194e-01  
  3.035284264411e-08  ,-7.599059541392e-01  ,-3.667450508976e-02  ,8.999588309660e-01  ,8.996531432927e-01  ,5.200058538964e-01  ,1.279911808036e+00  ,8.813158907478e-01  ,9.179903958376e-01  
  3.045284340556e-08  ,-7.741216439186e-01  ,-3.745016741625e-02  ,8.999587926249e-01  ,8.996619787405e-01  ,5.128979706656e-01  ,1.287019614584e+00  ,8.809368950324e-01  ,9.183870624487e-01  
  3.055284416701e-08  ,-7.882143208989e-01  ,-3.823805125270e-02  ,8.999587546864e-01  ,8.996704167340e-01  ,5.058515942369e-01  ,1.294065915136e+00  ,8.805513911076e-01  ,9.187894423603e-01  
  3.065284492846e-08  ,-8.021820189035e-01  ,-3.903824791612e-02  ,8.999587171629e-01  ,8.996784499203e-01  ,4.988677077111e-01  ,1.301049726615e+00  ,8.801593259623e-01  ,9.191975738784e-01  
  3.075284568991e-08  ,-8.160226293702e-01  ,-3.985085535837e-02  ,8.999586800697e-01  ,8.996860728889e-01  ,4.919473653846e-01  ,1.307969994755e+00  ,8.797606452098e-01  ,9.196115005681e-01  
  3.085284645136e-08  ,-8.297340077366e-01  ,-4.067597306573e-02  ,8.999586434242e-01  ,8.996932828375e-01  ,4.850916395559e-01  ,1.314825647293e+00  ,8.793552963046e-01  ,9.200312693703e-01  
  3.095284721281e-08  ,-8.433140085529e-01  ,-4.151370051915e-02  ,8.999586072455e-01  ,8.997000795036e-01  ,4.783016029691e-01  ,1.321615611522e+00  ,8.789432292440e-01  ,9.204569297632e-01  
  3.105284797426e-08  ,-8.567610179954e-01  ,-4.236411212329e-02  ,8.999585715489e-01  ,8.997064640900e-01  ,4.715780625512e-01  ,1.328339080547e+00  ,8.785244080283e-01  ,9.208885201516e-01  
  3.115284873571e-08  ,-8.700720133693e-01  ,-4.322734802786e-02  ,8.999585363640e-01  ,8.997124409670e-01  ,4.649225296794e-01  ,1.334994543049e+00  ,8.780987669531e-01  ,9.213261149810e-01  
  3.125284949716e-08  ,-8.832451410767e-01  ,-4.410349590495e-02  ,8.999585017098e-01  ,8.997180148927e-01  ,4.583359311714e-01  ,1.341581072248e+00  ,8.776662669403e-01  ,9.217697628452e-01  
  3.135285025860e-08  ,-8.962784154893e-01  ,-4.499265076802e-02  ,8.999584676073e-01  ,8.997231917364e-01  ,4.518192598627e-01  ,1.348097675352e+00  ,8.772268663524e-01  ,9.222195171204e-01  
  3.145285102005e-08  ,-9.091698196748e-01  ,-4.589491008242e-02  ,8.999584340791e-01  ,8.997279784521e-01  ,4.453735242417e-01  ,1.354543343917e+00  ,8.767805234109e-01  ,9.226754334933e-01  
  3.155285178150e-08  ,-9.219173386904e-01  ,-4.681037206728e-02  ,8.999584011482e-01  ,8.997323833037e-01  ,4.389997318030e-01  ,1.360917070493e+00  ,8.763271972701e-01  ,9.231375693373e-01  
  3.165285254295e-08  ,-9.345189715865e-01  ,-4.773913504447e-02  ,8.999583688376e-01  ,8.997364162232e-01  ,4.326988830443e-01  ,1.367217854631e+00  ,8.758668487010e-01  ,9.236059837455e-01  
  3.175285330440e-08  ,-9.469727364613e-01  ,-4.868129714418e-02  ,8.999583371704e-01  ,8.997400891644e-01  ,4.264719689397e-01  ,1.373444705401e+00  ,8.753994405923e-01  ,9.240807377365e-01  
  3.185285406585e-08  ,-9.592771500909e-01  ,-4.963693176067e-02  ,8.999583061640e-01  ,8.997434124770e-01  ,4.203197311186e-01  ,1.379596881209e+00  ,8.749249465966e-01  ,9.245618783573e-01  
  3.195285482730e-08  ,-9.714297531744e-01  ,-5.060616086830e-02  ,8.999582758473e-01  ,8.997464052913e-01  ,4.142433992601e-01  ,1.385673152435e+00  ,8.744433248572e-01  ,9.250494857255e-01  
  3.205285558875e-08  ,-9.834283121534e-01  ,-5.158909743938e-02  ,8.999582462442e-01  ,8.997490894152e-01  ,4.082440901675e-01  ,1.391672402321e+00  ,8.739545406955e-01  ,9.255436381349e-01  
  3.215285635020e-08  ,-9.952715725880e-01  ,-5.258580571293e-02  ,8.999582173681e-01  ,8.997514782070e-01  ,4.023224310741e-01  ,1.397594003662e+00  ,8.734585753505e-01  ,9.260443810634e-01  
  3.225285711165e-08  ,-1.006957056094e+00  ,-5.359641372113e-02  ,8.999581892452e-01  ,8.997535989826e-01  ,3.964796611982e-01  ,1.403436717292e+00  ,8.729553921220e-01  ,9.265518058431e-01  
  3.235285787310e-08  ,-1.018483150013e+00  ,-5.462100623953e-02  ,8.999581618910e-01  ,8.997554702721e-01  ,3.907165868847e-01  ,1.409199736897e+00  ,8.724449671524e-01  ,9.270659733919e-01  
  3.245285863455e-08  ,-1.029848546726e+00  ,-5.565965189426e-02  ,8.999581353179e-01  ,8.997571070087e-01  ,3.850338619547e-01  ,1.414882408681e+00  ,8.719272810616e-01  ,9.275869329559e-01  
  3.255285939600e-08  ,-1.041050759091e+00  ,-5.671248189136e-02  ,8.999581095476e-01  ,8.997585375689e-01  ,3.794327300021e-01  ,1.420483489093e+00  ,8.714022966232e-01  ,9.281147785146e-01  
  3.265286015745e-08  ,-1.052088236317e+00  ,-5.777957902514e-02  ,8.999580845909e-01  ,8.997597798533e-01  ,3.739139664326e-01  ,1.426002202749e+00  ,8.708699903408e-01  ,9.286495693659e-01  
  3.275286091890e-08  ,-1.062959320204e+00  ,-5.886103197450e-02  ,8.999580604584e-01  ,8.997608534393e-01  ,3.684784003566e-01  ,1.431437720560e+00  ,8.703303374520e-01  ,9.291913694265e-01  
  3.285286168034e-08  ,-1.073662331349e+00  ,-5.995693034547e-02  ,8.999580371595e-01  ,8.997617788234e-01  ,3.631268714851e-01  ,1.436789202834e+00  ,8.697833136507e-01  ,9.297402439961e-01  
  3.295286244179e-08  ,-1.084195598345e+00  ,-6.106736287446e-02  ,8.999580147018e-01  ,8.997625772247e-01  ,3.578602155294e-01  ,1.442055813874e+00  ,8.692288957874e-01  ,9.302962586619e-01  
  3.305286320324e-08  ,-1.094557870406e+00  ,-6.219239518315e-02  ,8.999579930905e-01  ,8.997632649491e-01  ,3.526790578874e-01  ,1.447236928294e+00  ,8.686670673575e-01  ,9.308594625407e-01  
  3.315286396469e-08  ,-1.104746817302e+00  ,-6.333214895104e-02  ,8.999579723320e-01  ,8.997638732881e-01  ,3.475845636809e-01  ,1.452331380983e+00  ,8.680977988125e-01  ,9.314299477636e-01  
  3.325286472614e-08  ,-1.114761024999e+00  ,-6.448669773035e-02  ,8.999579524269e-01  ,8.997644220473e-01  ,3.425774399273e-01  ,1.457338464926e+00  ,8.675210731821e-01  ,9.320077709125e-01  
  3.335286548759e-08  ,-1.124598987288e+00  ,-6.565611963797e-02  ,8.999579333745e-01  ,8.997649321399e-01  ,3.376584397303e-01  ,1.462257427019e+00  ,8.669368723209e-01  ,9.325929919588e-01  
  3.345286624904e-08  ,-1.134259184183e+00  ,-6.684049302729e-02  ,8.999579151725e-01  ,8.997654240161e-01  ,3.328283230810e-01  ,1.467087507264e+00  ,8.663451775025e-01  ,9.331856705298e-01  
  3.355286701049e-08  ,-1.143740107908e+00  ,-6.803989502756e-02  ,8.999578978167e-01  ,8.997659169127e-01  ,3.280878438625e-01  ,1.471827951771e+00  ,8.657459693990e-01  ,9.337858644265e-01  
  3.365286777194e-08  ,-1.153040272257e+00  ,-6.925440102270e-02  ,8.999578813012e-01  ,8.997664285459e-01  ,3.234377451727e-01  ,1.476478017430e+00  ,8.651392280345e-01  ,9.343936290572e-01  
  3.375286853339e-08  ,-1.162158571118e+00  ,-7.048406633921e-02  ,8.999578656207e-01  ,8.997669712315e-01  ,3.188785800617e-01  ,1.481037151180e+00  ,8.645249380619e-01  ,9.350090044011e-01  
  3.385286929484e-08  ,-1.171093179379e+00  ,-7.172898145414e-02  ,8.999578507648e-01  ,8.997675643004e-01  ,3.144112610752e-01  ,1.485504440454e+00  ,8.639030735733e-01  ,9.356320550275e-01  
  3.395287005629e-08  ,-1.179842459619e+00  ,-7.298922660934e-02  ,8.999578367197e-01  ,8.997682233909e-01  ,3.100366069101e-01  ,1.489879066529e+00  ,8.632736100862e-01  ,9.362628366956e-01  
  3.405287081774e-08  ,-1.188405208287e+00  ,-7.426486052798e-02  ,8.999578234737e-01  ,8.997689595455e-01  ,3.057552193304e-01  ,1.494160427617e+00  ,8.626365292815e-01  ,9.369013898095e-01  
  3.415287157919e-08  ,-1.196780455194e+00  ,-7.555592980637e-02  ,8.999578110173e-01  ,8.997697813660e-01  ,3.015675834205e-01  ,1.498348038614e+00  ,8.619918164629e-01  ,9.375477462692e-01  
  3.425287234064e-08  ,-1.204966575017e+00  ,-7.686251152627e-02  ,8.999577993342e-01  ,8.997707027679e-01  ,2.974745118255e-01  ,1.502441086843e+00  ,8.613394470047e-01  ,9.382019585310e-01  
  3.435287310208e-08  ,-1.212962074622e+00  ,-7.818467510890e-02  ,8.999577884061e-01  ,8.997717352142e-01  ,2.934767510953e-01  ,1.506438825717e+00  ,8.606793976598e-01  ,9.388640727687e-01  
  3.445287386353e-08  ,-1.220765856576e+00  ,-7.952247127883e-02  ,8.999577782183e-01  ,8.997728859121e-01  ,2.895748499301e-01  ,1.510340706507e+00  ,8.600116502727e-01  ,9.395341215515e-01  
  3.455287462498e-08  ,-1.228377037275e+00  ,-8.087594033771e-02  ,8.999577687597e-01  ,8.997741598231e-01  ,2.857692501223e-01  ,1.514146287397e+00  ,8.593361896542e-01  ,9.402121299920e-01  
  3.465287538643e-08  ,-1.235793950110e+00  ,-8.224515772588e-02  ,8.999577600075e-01  ,8.997755640622e-01  ,2.820607849524e-01  ,1.517854735063e+00  ,8.586529851992e-01  ,9.408981429251e-01  
  3.475287614788e-08  ,-1.243015820091e+00  ,-8.363015800484e-02  ,8.999577519506e-01  ,8.997770999489e-01  ,2.784498419050e-01  ,1.521465661996e+00  ,8.579620209464e-01  ,9.415921789513e-01  
  3.485287690933e-08  ,-1.250041132515e+00  ,-8.503100854740e-02  ,8.999577445668e-01  ,8.997787677929e-01  ,2.749371783095e-01  ,1.524978310824e+00  ,8.572632635192e-01  ,9.422942720666e-01  
  3.495287767078e-08  ,-1.256868922089e+00  ,-8.644775202429e-02  ,8.999577378420e-01  ,8.997805652114e-01  ,2.715232767976e-01  ,1.528392198886e+00  ,8.565566891992e-01  ,9.430044412235e-01  
  3.505287843223e-08  ,-1.263498167260e+00  ,-8.788043318603e-02  ,8.999577317612e-01  ,8.997824884539e-01  ,2.682086481312e-01  ,1.531706815391e+00  ,8.558422718609e-01  ,9.437227050469e-01  
  3.515287919368e-08  ,-1.269928093590e+00  ,-8.932908539747e-02  ,8.999577263136e-01  ,8.997845339104e-01  ,2.649936795187e-01  ,1.534921773108e+00  ,8.551199912117e-01  ,9.444490766091e-01  
  3.525287995513e-08  ,-1.276157424141e+00  ,-9.079376296889e-02  ,8.999577214815e-01  ,8.997866945838e-01  ,2.618790094108e-01  ,1.538036433552e+00  ,8.543898130994e-01  ,9.451835760683e-01  
  3.535288071658e-08  ,-1.282185021290e+00  ,-9.227451316996e-02  ,8.999577172493e-01  ,8.997889617754e-01  ,2.588652066042e-01  ,1.541050227895e+00  ,8.536517051904e-01  ,9.459262183603e-01  
  3.545288147803e-08  ,-1.288010258176e+00  ,-9.377136164602e-02  ,8.999577136091e-01  ,8.997913298332e-01  ,2.559525845213e-01  ,1.543962842697e+00  ,8.529056490102e-01  ,9.466770106562e-01  
  3.555288223948e-08  ,-1.293631914984e+00  ,-9.528435769209e-02  ,8.999577105462e-01  ,8.997937863115e-01  ,2.531417530539e-01  ,1.546773668038e+00  ,8.521516074654e-01  ,9.474359651575e-01  
  3.565288300093e-08  ,-1.299049221793e+00  ,-9.681353169745e-02  ,8.999577080521e-01  ,8.997963212291e-01  ,2.504330971556e-01  ,1.549482318949e+00  ,8.513895553804e-01  ,9.482030870778e-01  
  3.575288376238e-08  ,-1.304261564576e+00  ,-9.835890743924e-02  ,8.999577061211e-01  ,8.997989256806e-01  ,2.478269238331e-01  ,1.552088488409e+00  ,8.506194719610e-01  ,9.489783794002e-01  
  3.585288452382e-08  ,-1.309267798061e+00  ,-9.992052843230e-02  ,8.999577047432e-01  ,8.998015806555e-01  ,2.453238057125e-01  ,1.554591603774e+00  ,8.498413164394e-01  ,9.497618448717e-01  
  3.595288528527e-08  ,-1.314067235591e+00  ,-1.014984197402e-01  ,8.999577039141e-01  ,8.998042719342e-01  ,2.429240861184e-01  ,1.556991321710e+00  ,8.490550620641e-01  ,9.505534818042e-01  
  3.605288604672e-08  ,-1.318659159358e+00  ,-1.030926067662e-01  ,8.999577036300e-01  ,8.998069833835e-01  ,2.406281239511e-01  ,1.559287283309e+00  ,8.482606800004e-01  ,9.513532867666e-01  
  3.615288680817e-08  ,-1.323043031932e+00  ,-1.047031077743e-01  ,8.999577038892e-01  ,8.998097022284e-01  ,2.384361879234e-01  ,1.561479219855e+00  ,8.474581483413e-01  ,9.521612561156e-01  
  3.625288756962e-08  ,-1.327217870389e+00  ,-1.063299545639e-01  ,8.999577046898e-01  ,8.998124038047e-01  ,2.363487694952e-01  ,1.563566639884e+00  ,8.466474265227e-01  ,9.529773810866e-01  
  3.635288833107e-08  ,-1.331183102756e+00  ,-1.079731635499e-01  ,8.999577060324e-01  ,8.998150724176e-01  ,2.343661546544e-01  ,1.565549257410e+00  ,8.458284906427e-01  ,9.538016541926e-01  
  3.645288909252e-08  ,-1.334938136248e+00  ,-1.096327502912e-01  ,8.999577079190e-01  ,8.998176914043e-01  ,2.324886397952e-01  ,1.567426776043e+00  ,8.450013162587e-01  ,9.546340665498e-01  
  3.655288985397e-08  ,-1.338482392236e+00  ,-1.113087281700e-01  ,8.999577103531e-01  ,8.998202441468e-01  ,2.307165142350e-01  ,1.569198906471e+00  ,8.441658800618e-01  ,9.554746082318e-01  
  3.665289061542e-08  ,-1.341815318114e+00  ,-1.130011079245e-01  ,8.999577133391e-01  ,8.998227143796e-01  ,2.290500542820e-01  ,1.570865372396e+00  ,8.433221604173e-01  ,9.563232683418e-01  
  3.675289137687e-08  ,-1.344936516469e+00  ,-1.147098958638e-01  ,8.999577168815e-01  ,8.998250901447e-01  ,2.274894586469e-01  ,1.572425975116e+00  ,8.424701422128e-01  ,9.571800380766e-01  
  3.685289213832e-08  ,-1.347845276836e+00  ,-1.164351003931e-01  ,8.999577209894e-01  ,8.998273492931e-01  ,2.260350825714e-01  ,1.573880359407e+00  ,8.416097990966e-01  ,9.580448994897e-01  
  3.695289289977e-08  ,-1.350541203425e+00  ,-1.181767225722e-01  ,8.999577256699e-01  ,8.998294784930e-01  ,2.246871239572e-01  ,1.575228327383e+00  ,8.407411172069e-01  ,9.589178397791e-01  
  3.705289366122e-08  ,-1.353023894615e+00  ,-1.199347612056e-01  ,8.999577309317e-01  ,8.998314637950e-01  ,2.234457836240e-01  ,1.576469678239e+00  ,8.398640831922e-01  ,9.597988443979e-01  
  3.715289442267e-08  ,-1.355292968559e+00  ,-1.217092123408e-01  ,8.999577367839e-01  ,8.998332916796e-01  ,2.223112525044e-01  ,1.577604221064e+00  ,8.389786855092e-01  ,9.606878978501e-01  
  3.725289518412e-08  ,-1.357348155439e+00  ,-1.235000711599e-01  ,8.999577432342e-01  ,8.998349525766e-01  ,2.212836655147e-01  ,1.578631820954e+00  ,8.380849169967e-01  ,9.615849881565e-01  
  3.735289594556e-08  ,-1.359189031868e+00  ,-1.253073270310e-01  ,8.999577502955e-01  ,8.998364316428e-01  ,2.203632343614e-01  ,1.579552266230e+00  ,8.371827681273e-01  ,9.624900951583e-01  
  3.745289670701e-08  ,-1.360815267355e+00  ,-1.271309638025e-01  ,8.999577579807e-01  ,8.998377181568e-01  ,2.195501243029e-01  ,1.580365391658e+00  ,8.362722362555e-01  ,9.634032000580e-01  
  3.755289746846e-08  ,-1.362226645996e+00  ,-1.289709656943e-01  ,8.999577662998e-01  ,8.998388062088e-01  ,2.188444433015e-01  ,1.581071089298e+00  ,8.353533233616e-01  ,9.643242890560e-01  
  3.765289822991e-08  ,-1.363423008219e+00  ,-1.308273182975e-01  ,8.999577752611e-01  ,8.998396920835e-01  ,2.182462711518e-01  ,1.581669279370e+00  ,8.344260329348e-01  ,9.652533512323e-01  
  3.775289899136e-08  ,-1.364404109535e+00  ,-1.326999946992e-01  ,8.999577848785e-01  ,8.998403711996e-01  ,2.177557301112e-01  ,1.582159839646e+00  ,8.334903738500e-01  ,9.661903685492e-01  
  3.785289975281e-08  ,-1.365169777662e+00  ,-1.345889631948e-01  ,8.999577951652e-01  ,8.998408430965e-01  ,2.173729063342e-01  ,1.582542683996e+00  ,8.325463614991e-01  ,9.671353246939e-01  
  3.795290051426e-08  ,-1.365719936870e+00  ,-1.364942035259e-01  ,8.999578061287e-01  ,8.998411087908e-01  ,2.170978376937e-01  ,1.582817774564e+00  ,8.315940070279e-01  ,9.680882105537e-01  
  3.805290127571e-08  ,-1.366054468912e+00  ,-1.384156720421e-01  ,8.999578177834e-01  ,8.998411721132e-01  ,2.169305833274e-01  ,1.582985052239e+00  ,8.306333360921e-01  ,9.690490081342e-01  
  3.815290203716e-08  ,-1.366173343123e+00  ,-1.403533443267e-01  ,8.999578301361e-01  ,8.998410364652e-01  ,2.168711585745e-01  ,1.583044501698e+00  ,8.296643643019e-01  ,9.700177086286e-01  
  3.825290279861e-08  ,-1.366076531175e+00  ,-1.423071684605e-01  ,8.999578431998e-01  ,8.998407104518e-01  ,2.169195776123e-01  ,1.582996108787e+00  ,8.286871262216e-01  ,9.709942946821e-01  
  3.835290356006e-08  ,-1.365764047477e+00  ,-1.442771158979e-01  ,8.999578569806e-01  ,8.998401999183e-01  ,2.170758332419e-01  ,1.582839880719e+00  ,8.277016419693e-01  ,9.719787578672e-01  
  3.845290432151e-08  ,-1.365235940491e+00  ,-1.462631345772e-01  ,8.999578714883e-01  ,8.998395164363e-01  ,2.173399012429e-01  ,1.582575841734e+00  ,8.267079491477e-01  ,9.729710837249e-01  
  3.855290508296e-08  ,-1.364492313256e+00  ,-1.482651671012e-01  ,8.999578867318e-01  ,8.998386751083e-01  ,2.177117301039e-01  ,1.582204043360e+00  ,8.257060915577e-01  ,9.739712586588e-01  
  3.865290584441e-08  ,-1.363533247325e+00  ,-1.502831784932e-01  ,8.999579027156e-01  ,8.998376860600e-01  ,2.181912790533e-01  ,1.581724526378e+00  ,8.246960968134e-01  ,9.749792753066e-01  
  3.875290660586e-08  ,-1.362358909142e+00  ,-1.523171053512e-01  ,8.999579194466e-01  ,8.998365684467e-01  ,2.187784648754e-01  ,1.581137374018e+00  ,8.236780157711e-01  ,9.759951211223e-01  
  3.885290736730e-08  ,-1.360969519511e+00  ,-1.543668788002e-01  ,8.999579369305e-01  ,8.998353446980e-01  ,2.194731771750e-01  ,1.580442696686e+00  ,8.226519052979e-01  ,9.770187840981e-01  
  3.895290812875e-08  ,-1.359365227297e+00  ,-1.564324573119e-01  ,8.999579551701e-01  ,8.998340286775e-01  ,2.202753415216e-01  ,1.579640568818e+00  ,8.216178000215e-01  ,9.780502573335e-01  
  3.905290889020e-08  ,-1.357546317081e+00  ,-1.585137660679e-01  ,8.999579741689e-01  ,8.998326454614e-01  ,2.211848156286e-01  ,1.578731132709e+00  ,8.205757624274e-01  ,9.790895284953e-01  
  3.915290965165e-08  ,-1.355513127296e+00  ,-1.606107249258e-01  ,8.999579939293e-01  ,8.998312217793e-01  ,2.222014302814e-01  ,1.577714557577e+00  ,8.195258593164e-01  ,9.801365842422e-01  
  3.925291041310e-08  ,-1.353265947025e+00  ,-1.627232695276e-01  ,8.999580144521e-01  ,8.998297785737e-01  ,2.233250409395e-01  ,1.576590987965e+00  ,8.184681438099e-01  ,9.811914133375e-01  
  3.935291117455e-08  ,-1.350805030362e+00  ,-1.648513460640e-01  ,8.999580357371e-01  ,8.998283330264e-01  ,2.245555205563e-01  ,1.575360550918e+00  ,8.174026599944e-01  ,9.822540060585e-01  
  3.945291193600e-08  ,-1.348130836025e+00  ,-1.669948610070e-01  ,8.999580577832e-01  ,8.998269144387e-01  ,2.258926397707e-01  ,1.574023475796e+00  ,8.163294839352e-01  ,9.833243449422e-01  
  3.955291269745e-08  ,-1.345243860807e+00  ,-1.691537190225e-01  ,8.999580805882e-01  ,8.998255512585e-01  ,2.273361501849e-01  ,1.572580010991e+00  ,8.152486917472e-01  ,9.844024107697e-01  
  3.965291345890e-08  ,-1.342144512337e+00  ,-1.713278438612e-01  ,8.999581041492e-01  ,8.998242653335e-01  ,2.288858479806e-01  ,1.571030360318e+00  ,8.141603434029e-01  ,9.854881872642e-01  
  3.975291422035e-08  ,-1.338833258712e+00  ,-1.735171500819e-01  ,8.999581284624e-01  ,8.998230803326e-01  ,2.305414991062e-01  ,1.569374757819e+00  ,8.130645052917e-01  ,9.865816553735e-01  
  3.985291498180e-08  ,-1.335310611319e+00  ,-1.757215467725e-01  ,8.999581535228e-01  ,8.998220203696e-01  ,2.323028478632e-01  ,1.567613459182e+00  ,8.119612469833e-01  ,9.876827937558e-01  
  3.995291574325e-08  ,-1.331576981992e+00  ,-1.779409630064e-01  ,8.999581793260e-01  ,8.998211034667e-01  ,2.341696883298e-01  ,1.565746670322e+00  ,8.108506219635e-01  ,9.887915849699e-01  
  4.005291650470e-08  ,-1.327633190121e+00  ,-1.801752601122e-01  ,8.999582058629e-01  ,8.998203629211e-01  ,2.361416108026e-01  ,1.563774800923e+00  ,8.097327328650e-01  ,9.899079929772e-01  
  4.015291726615e-08  ,-1.323479794129e+00  ,-1.824243455717e-01  ,8.999582331270e-01  ,8.998198182909e-01  ,2.382183360627e-01  ,1.561698130191e+00  ,8.086076455051e-01  ,9.910319910768e-01  
  4.025291802760e-08  ,-1.319117266728e+00  ,-1.846881424669e-01  ,8.999582611123e-01  ,8.998194847383e-01  ,2.403996277483e-01  ,1.559516894476e+00  ,8.074754135049e-01  ,9.921635559718e-01  
  4.035291878904e-08  ,-1.314546551802e+00  ,-1.869664987280e-01  ,8.999582898065e-01  ,8.998193894628e-01  ,2.426850139055e-01  ,1.557231565708e+00  ,8.063361400988e-01  ,9.933026388268e-01  
  4.045291955049e-08  ,-1.309768133681e+00  ,-1.892593379562e-01  ,8.999583192032e-01  ,8.998195438297e-01  ,2.450742523626e-01  ,1.554842386044e+00  ,8.051898748516e-01  ,9.944492128077e-01  
  4.055292031194e-08  ,-1.304782882948e+00  ,-1.915665239422e-01  ,8.999583492905e-01  ,8.998199663784e-01  ,2.475669078164e-01  ,1.552349790765e+00  ,8.040367044073e-01  ,9.956032283494e-01  
  4.065292107339e-08  ,-1.299591716730e+00  ,-1.938879141187e-01  ,8.999583800557e-01  ,8.998206722502e-01  ,2.501625216906e-01  ,1.549754238421e+00  ,8.028767151908e-01  ,9.967646293095e-01  
  4.075292183484e-08  ,-1.294195359986e+00  ,-1.962233957950e-01  ,8.999584114889e-01  ,8.998216708509e-01  ,2.528607314961e-01  ,1.547056091482e+00  ,8.017099729534e-01  ,9.979333687484e-01  
  4.085292259629e-08  ,-1.288594423271e+00  ,-1.985728755243e-01  ,8.999584435813e-01  ,8.998229688648e-01  ,2.556612319456e-01  ,1.544255655217e+00  ,8.005365311026e-01  ,9.991094066269e-01  
  4.095292335774e-08  ,-1.282790117496e+00  ,-2.009361691023e-01  ,8.999584763156e-01  ,8.998245769028e-01  ,2.585634175677e-01  ,1.541353535064e+00  ,7.993564923517e-01  ,1.000292661454e+00  
  4.105292411919e-08  ,-1.276783257448e+00  ,-2.033131531311e-01  ,8.999585096808e-01  ,8.998264989699e-01  ,2.615668809568e-01  ,1.538350138405e+00  ,7.981699224043e-01  ,1.001483075535e+00  
  4.115292488064e-08  ,-1.270574525608e+00  ,-2.057037254546e-01  ,8.999585436673e-01  ,8.998287372883e-01  ,2.646712808633e-01  ,1.535245806471e+00  ,7.969768745610e-01  ,1.002680600016e+00  
  4.125292564209e-08  ,-1.264165106093e+00  ,-2.081077101752e-01  ,8.999585782583e-01  ,8.998312938645e-01  ,2.678760252120e-01  ,1.532041131305e+00  ,7.957774387769e-01  ,1.003885148952e+00  
  4.135292640354e-08  ,-1.257556013841e+00  ,-2.105249578450e-01  ,8.999586134400e-01  ,8.998341669806e-01  ,2.711806065197e-01  ,1.528736620360e+00  ,7.945716880581e-01  ,1.005096645903e+00  
  4.145292716499e-08  ,-1.250748289181e+00  ,-2.129553151114e-01  ,8.999586491992e-01  ,8.998373523657e-01  ,2.745845046088e-01  ,1.525332793790e+00  ,7.933596948100e-01  ,1.006315009921e+00  
  4.155292792644e-08  ,-1.243743000909e+00  ,-2.153986247571e-01  ,8.999586855214e-01  ,8.998408432730e-01  ,2.780871850671e-01  ,1.521830185976e+00  ,7.921415308945e-01  ,1.007540155652e+00  
  4.165292868789e-08  ,-1.236541428770e+00  ,-2.178546981211e-01  ,8.999587223904e-01  ,8.998446286444e-01  ,2.816880080053e-01  ,1.518229436776e+00  ,7.909172795839e-01  ,1.008771977705e+00  
  4.175292944934e-08  ,-1.229144326976e+00  ,-2.203234248179e-01  ,8.999587597967e-01  ,8.998487007056e-01  ,2.853865963089e-01  ,1.514530923285e+00  ,7.896869882967e-01  ,1.010010413115e+00  
  4.185293021078e-08  ,-1.221553041673e+00  ,-2.228046090705e-01  ,8.999587977234e-01  ,8.998530445840e-01  ,2.891822768867e-01  ,1.510735318560e+00  ,7.884507400488e-01  ,1.011255349119e+00  
  4.195293097223e-08  ,-1.213768769653e+00  ,-2.252980781219e-01  ,8.999588361560e-01  ,8.998576453735e-01  ,2.930744513296e-01  ,1.506843220982e+00  ,7.872086063126e-01  ,1.012506684434e+00  
  4.205293173368e-08  ,-1.205792734647e+00  ,-2.278036552605e-01  ,8.999588750812e-01  ,8.998624868495e-01  ,2.970625077576e-01  ,1.502855242405e+00  ,7.859606592192e-01  ,1.013764314480e+00  
  4.215293249513e-08  ,-1.197626189006e+00  ,-2.303211598173e-01  ,8.999589144849e-01  ,8.998675515882e-01  ,3.011458199820e-01  ,1.498772008988e+00  ,7.847069716795e-01  ,1.015028131497e+00  
  4.225293325658e-08  ,-1.189270414421e+00  ,-2.328504071855e-01  ,8.999589543535e-01  ,8.998728210312e-01  ,3.053237471431e-01  ,1.494594161564e+00  ,7.834476174385e-01  ,1.016298024624e+00  
  4.235293401803e-08  ,-1.180726937246e+00  ,-2.353911767061e-01  ,8.999589946722e-01  ,8.998782722127e-01  ,3.095955260492e-01  ,1.490322463295e+00  ,7.821826838597e-01  ,1.017573860566e+00  
  4.245293477948e-08  ,-1.171996652386e+00  ,-2.379433397366e-01  ,8.999590354320e-01  ,8.998838914481e-01  ,3.139607092392e-01  ,1.485957361625e+00  ,7.809122215798e-01  ,1.018855561316e+00  
  4.255293554093e-08  ,-1.163081152273e+00  ,-2.405066686298e-01  ,8.999590766173e-01  ,8.998896542530e-01  ,3.184185004807e-01  ,1.481499652754e+00  ,7.796363199381e-01  ,1.020142988568e+00  
  4.265293630238e-08  ,-1.153981843776e+00  ,-2.430809634975e-01  ,8.999591182163e-01  ,8.998955386921e-01  ,3.229681963285e-01  ,1.476950040104e+00  ,7.783550569433e-01  ,1.021436020441e+00  
  4.275293706383e-08  ,-1.144700392683e+00  ,-2.456659860099e-01  ,8.999591602162e-01  ,8.999015185950e-01  ,3.276089638746e-01  ,1.472309356558e+00  ,7.770685255901e-01  ,1.022734511600e+00  
  4.285293782528e-08  ,-1.135238089308e+00  ,-2.482615506463e-01  ,8.999592026076e-01  ,8.999075740740e-01  ,3.323401579534e-01  ,1.467578247262e+00  ,7.757767987508e-01  ,1.024038349397e+00  
  4.295293858673e-08  ,-1.125596006202e+00  ,-2.508675048604e-01  ,8.999592453827e-01  ,8.999136891658e-01  ,3.371612422816e-01  ,1.462757248484e+00  ,7.744799367356e-01  ,1.025347441596e+00  
  4.305293934818e-08  ,-1.115775990288e+00  ,-2.534835875743e-01  ,8.999592885285e-01  ,8.999198372846e-01  ,3.420712933846e-01  ,1.457847283672e+00  ,7.731780434975e-01  ,1.026661631072e+00  
  4.315294010963e-08  ,-1.105779851381e+00  ,-2.561095424907e-01  ,8.999593320351e-01  ,8.999259943773e-01  ,3.470694063445e-01  ,1.452849257726e+00  ,7.718712231320e-01  ,1.027980765623e+00  
  4.325294087108e-08  ,-1.095608640389e+00  ,-2.587452205280e-01  ,8.999593758974e-01  ,8.999321473817e-01  ,3.521550557028e-01  ,1.447763696092e+00  ,7.705595371177e-01  ,1.029304757646e+00  
  4.335294163252e-08  ,-1.085264482048e+00  ,-2.613903195811e-01  ,8.999594201052e-01  ,8.999382713314e-01  ,3.573271790812e-01  ,1.442591661129e+00  ,7.692431115408e-01  ,1.030633431122e+00  
  4.345294239397e-08  ,-1.074748819158e+00  ,-2.640446333057e-01  ,8.999594646532e-01  ,8.999443511107e-01  ,3.625850550741e-01  ,1.437333874232e+00  ,7.679220344579e-01  ,1.031966667764e+00  
  4.355294315542e-08  ,-1.064062846741e+00  ,-2.667079922145e-01  ,8.999595095372e-01  ,8.999503750602e-01  ,3.679280861667e-01  ,1.431990932908e+00  ,7.665963789529e-01  ,1.033304371167e+00  
  4.365294391687e-08  ,-1.053208616962e+00  ,-2.693801065666e-01  ,8.999595547499e-01  ,8.999563244654e-01  ,3.733552462688e-01  ,1.426563863231e+00  ,7.652662711822e-01  ,1.034646377749e+00  
  4.375294467832e-08  ,-1.042187850817e+00  ,-2.720607339420e-01  ,8.999596002874e-01  ,8.999621858938e-01  ,3.788656748791e-01  ,1.421053525696e+00  ,7.639318189228e-01  ,1.035992552865e+00  
  4.385294543977e-08  ,-1.031002285985e+00  ,-2.747496280834e-01  ,8.999596461473e-01  ,8.999679472668e-01  ,3.844585031550e-01  ,1.415460789140e+00  ,7.625931332250e-01  ,1.037342761308e+00  
  4.395294620122e-08  ,-1.019653967926e+00  ,-2.774464964138e-01  ,8.999596923273e-01  ,8.999735965465e-01  ,3.901327083642e-01  ,1.409786676290e+00  ,7.612503483395e-01  ,1.038696844753e+00  
  4.405294696267e-08  ,-1.008144085336e+00  ,-2.801511691441e-01  ,8.999597388266e-01  ,8.999791280572e-01  ,3.958876961586e-01  ,1.404031781495e+00  ,7.599035434851e-01  ,1.040054712629e+00  
  4.415294772412e-08  ,-9.964750392194e-01  ,-2.828633027787e-01  ,8.999597856446e-01  ,8.999845325101e-01  ,4.017222660349e-01  ,1.398197305254e+00  ,7.585528811208e-01  ,1.041416183900e+00  
  4.425294848557e-08  ,-9.846480571501e-01  ,-2.855827222979e-01  ,8.999598327811e-01  ,8.999898069622e-01  ,4.076358042060e-01  ,1.392283861356e+00  ,7.571984458133e-01  ,1.042781168111e+00  
  4.435294924702e-08  ,-9.726653095937e-01  ,-2.883091187812e-01  ,8.999598802365e-01  ,8.999949475176e-01  ,4.136272254396e-01  ,1.386292535033e+00  ,7.558403881270e-01  ,1.044149506908e+00  
  4.445295000847e-08  ,-9.605286902930e-01  ,-2.910422224410e-01  ,8.999599280126e-01  ,8.999999531125e-01  ,4.196955828661e-01  ,1.380224273159e+00  ,7.544788418920e-01  ,1.045521064333e+00  
  4.455295076992e-08  ,-9.482404213238e-01  ,-2.937817131691e-01  ,8.999599761134e-01  ,9.000048248874e-01  ,4.258397654515e-01  ,1.374080186775e+00  ,7.531139683028e-01  ,1.046895681472e+00  
  4.465295153137e-08  ,-9.358017908513e-01  ,-2.965274054731e-01  ,8.999600245408e-01  ,9.000095646886e-01  ,4.320591291151e-01  ,1.367860919966e+00  ,7.517458619521e-01  ,1.048273267425e+00  
  4.475295229282e-08  ,-9.232150774546e-01  ,-2.992789722225e-01  ,8.999600732978e-01  ,9.000141768160e-01  ,4.383525345704e-01  ,1.361567612025e+00  ,7.503746907047e-01  ,1.049653662927e+00  
  4.485295305426e-08  ,-9.104822697335e-01  ,-3.020361282821e-01  ,8.999601223879e-01  ,9.000186667220e-01  ,4.447189875211e-01  ,1.355201257255e+00  ,7.490006025810e-01  ,1.051036730863e+00  
  4.495295381571e-08  ,-8.976056990143e-01  ,-3.047985359208e-01  ,8.999601718170e-01  ,9.000230421622e-01  ,4.511573223098e-01  ,1.348763021324e+00  ,7.476237742018e-01  ,1.052422310123e+00  
  4.505295457716e-08  ,-8.845867154102e-01  ,-3.075659996589e-01  ,8.999602215875e-01  ,9.000273082879e-01  ,4.576668638824e-01  ,1.342253579293e+00  ,7.462443084584e-01  ,1.053810308117e+00  
  4.515295533861e-08  ,-8.714277055270e-01  ,-3.103381749220e-01  ,8.999602717038e-01  ,9.000314749526e-01  ,4.642464189403e-01  ,1.335674124467e+00  ,7.448623874916e-01  ,1.055200562414e+00  
  4.525295610006e-08  ,-8.581307493317e-01  ,-3.131147616744e-01  ,8.999603221704e-01  ,9.000355521935e-01  ,4.708949475046e-01  ,1.329025696836e+00  ,7.434781713563e-01  ,1.056592933031e+00  
  4.535295686151e-08  ,-8.446982822330e-01  ,-3.158954048568e-01  ,8.999603729932e-01  ,9.000395531616e-01  ,4.776112318767e-01  ,1.322309514110e+00  ,7.420918507332e-01  ,1.057987255590e+00  
  4.545295762296e-08  ,-8.311317130441e-01  ,-3.186798991174e-01  ,8.999604241743e-01  ,9.000434858742e-01  ,4.843945676523e-01  ,1.315526280696e+00  ,7.407035363155e-01  ,1.059383435433e+00  
  4.555295838441e-08  ,-8.174338782422e-01  ,-3.214678300655e-01  ,8.999604757183e-01  ,9.000473669304e-01  ,4.912435365972e-01  ,1.308677414839e+00  ,7.393134518976e-01  ,1.060781281963e+00  
  4.565295914586e-08  ,-8.036066877817e-01  ,-3.242589168513e-01  ,8.999605276281e-01  ,9.000512080771e-01  ,4.981571837373e-01  ,1.301763871519e+00  ,7.379217496515e-01  ,1.062180666503e+00  
  4.575295990731e-08  ,-7.896517161196e-01  ,-3.270529296122e-01  ,8.999605799053e-01  ,9.000550190558e-01  ,5.051347218455e-01  ,1.294786437965e+00  ,7.365285542497e-01  ,1.063581483862e+00  
  4.585296066876e-08  ,-7.755720142998e-01  ,-3.298494224134e-01  ,8.999606325517e-01  ,9.000588187455e-01  ,5.121746254018e-01  ,1.287746639702e+00  ,7.351341075388e-01  ,1.064983529952e+00  
  4.595296143021e-08  ,-7.613690710235e-01  ,-3.326481780506e-01  ,8.999606855676e-01  ,9.000626161267e-01  ,5.192761500558e-01  ,1.280645221079e+00  ,7.337385271014e-01  ,1.066386705152e+00  
  4.605296219166e-08  ,-7.470455072753e-01  ,-3.354488141483e-01  ,8.999607389532e-01  ,9.000664265579e-01  ,5.264379853155e-01  ,1.273483492591e+00  ,7.323420194837e-01  ,1.067790833632e+00  
  4.615296295311e-08  ,-7.326039569748e-01  ,-3.382509426662e-01  ,8.999607927076e-01  ,9.000702645831e-01  ,5.336588142202e-01  ,1.266262771195e+00  ,7.309447932500e-01  ,1.069195735916e+00  
  4.625296371456e-08  ,-7.180459371966e-01  ,-3.410543396122e-01  ,8.999608468292e-01  ,9.000741382810e-01  ,5.409378782309e-01  ,1.258983815428e+00  ,7.295469684750e-01  ,1.070601308087e+00  
  4.635296447600e-08  ,-7.033744958586e-01  ,-3.438585536493e-01  ,8.999609013137e-01  ,9.000780634272e-01  ,5.482736533844e-01  ,1.251648149243e+00  ,7.281487866026e-01  ,1.072007340252e+00  
  4.645296523745e-08  ,-6.885916782376e-01  ,-3.466632796666e-01  ,8.999609561567e-01  ,9.000820498738e-01  ,5.556651170379e-01  ,1.244256795275e+00  ,7.267504100405e-01  ,1.073413689707e+00  
  4.655296599890e-08  ,-6.736997148952e-01  ,-3.494681844790e-01  ,8.999610113526e-01  ,9.000861077072e-01  ,5.631111539050e-01  ,1.236810868800e+00  ,7.253520154677e-01  ,1.074820199947e+00  
  4.665296676035e-08  ,-6.587003482268e-01  ,-3.522730099415e-01  ,8.999610668954e-01  ,9.000902442687e-01  ,5.706108927820e-01  ,1.229311241009e+00  ,7.239537392980e-01  ,1.076226749239e+00  
  4.675296752180e-08  ,-6.435965249471e-01  ,-3.550773210050e-01  ,8.999611227743e-01  ,9.000944712365e-01  ,5.781628603007e-01  ,1.221759385248e+00  ,7.225558107340e-01  ,1.077633131739e+00  
  4.685296828325e-08  ,-6.283910368196e-01  ,-3.578807023948e-01  ,8.999611789784e-01  ,9.000987979575e-01  ,5.857656605686e-01  ,1.214156697388e+00  ,7.211584467601e-01  ,1.079039149155e+00  
  4.695296904470e-08  ,-6.130854847914e-01  ,-3.606829146926e-01  ,8.999612355006e-01  ,9.001032290064e-01  ,5.934184931049e-01  ,1.206503977896e+00  ,7.197617716602e-01  ,1.080444686353e+00  
  4.705296980615e-08  ,-5.976826874487e-01  ,-3.634835368344e-01  ,8.999612923259e-01  ,9.001077714453e-01  ,6.011199486016e-01  ,1.198802636050e+00  ,7.183660030282e-01  ,1.081849539863e+00  
  4.715297056760e-08  ,-5.821850823131e-01  ,-3.662822039863e-01  ,8.999613494397e-01  ,9.001124295136e-01  ,6.088688082832e-01  ,1.191053890596e+00  ,7.169713275205e-01  ,1.083253531507e+00  
  4.725297132905e-08  ,-5.665955086131e-01  ,-3.690784863333e-01  ,8.999614068260e-01  ,9.001172063669e-01  ,6.166636525195e-01  ,1.183259161133e+00  ,7.155779632003e-01  ,1.084656449534e+00  
  4.735297209050e-08  ,-5.509156016135e-01  ,-3.718721362388e-01  ,8.999614644730e-01  ,9.001221030156e-01  ,6.245036636663e-01  ,1.175419265280e+00  ,7.141860348962e-01  ,1.086058171135e+00  
  4.745297285195e-08  ,-5.351486437718e-01  ,-3.746626553991e-01  ,8.999615223572e-01  ,9.001271201995e-01  ,6.323872004713e-01  ,1.167535844243e+00  ,7.127957924999e-01  ,1.087458447899e+00  
  4.755297361340e-08  ,-5.192962957559e-01  ,-3.774497921362e-01  ,8.999615804664e-01  ,9.001322572191e-01  ,6.403134325884e-01  ,1.159609728344e+00  ,7.114073611510e-01  ,1.088857153287e+00  
  4.765297437485e-08  ,-5.033614799463e-01  ,-3.802331040014e-01  ,8.999616387786e-01  ,9.001375121068e-01  ,6.482808988054e-01  ,1.151642378752e+00  ,7.100209601060e-01  ,1.090254064107e+00  
  4.775297513630e-08  ,-4.873467207162e-01  ,-3.830122079680e-01  ,8.999616972733e-01  ,9.001428819281e-01  ,6.562883369152e-01  ,1.143635057631e+00  ,7.086367779441e-01  ,1.091648985912e+00  
  4.785297589774e-08  ,-4.712549547149e-01  ,-3.857866531820e-01  ,8.999617559276e-01  ,9.001483619132e-01  ,6.643342785701e-01  ,1.135589233285e+00  ,7.072550353222e-01  ,1.093041688504e+00  
  4.795297665919e-08  ,-4.550884183670e-01  ,-3.885560931654e-01  ,8.999618147226e-01  ,9.001539470391e-01  ,6.724176055391e-01  ,1.127506023906e+00  ,7.058759004564e-01  ,1.094431993622e+00  
  4.805297742064e-08  ,-4.388489514685e-01  ,-3.913202450843e-01  ,8.999618736418e-01  ,9.001596325590e-01  ,6.805373979075e-01  ,1.119386349376e+00  ,7.044995100168e-01  ,1.095819755101e+00  
  4.815297818209e-08  ,-4.225396928300e-01  ,-3.940786282230e-01  ,8.999619326571e-01  ,9.001654094970e-01  ,6.886920862421e-01  ,1.111231779072e+00  ,7.031260953855e-01  ,1.097204723608e+00  
  4.825297894354e-08  ,-4.061636529692e-01  ,-3.968307788235e-01  ,8.999619917436e-01  ,9.001712672035e-01  ,6.968801652591e-01  ,1.103043818228e+00  ,7.017558777918e-01  ,1.098586656615e+00  
  4.835297970499e-08  ,-3.897231140532e-01  ,-3.995763408552e-01  ,8.999620508827e-01  ,9.001771963924e-01  ,7.051004938561e-01  ,1.094823607909e+00  ,7.003890259648e-01  ,1.099965366820e+00  
  4.845298046644e-08  ,-3.732199505837e-01  ,-4.023150238261e-01  ,8.999621100578e-01  ,9.001831889387e-01  ,7.133521347660e-01  ,1.086572085350e+00  ,6.990256770257e-01  ,1.101340700852e+00  
  4.855298122789e-08  ,-3.566577801115e-01  ,-4.050462662334e-01  ,8.999621692385e-01  ,9.001892280986e-01  ,7.216332791827e-01  ,1.078291059294e+00  ,6.976660949819e-01  ,1.102712361215e+00  
  4.865298198934e-08  ,-3.400389209185e-01  ,-4.077697052576e-01  ,8.999622284070e-01  ,9.001953021570e-01  ,7.299427679478e-01  ,1.069981688866e+00  ,6.963104495282e-01  ,1.104080154786e+00  
  4.875298275079e-08  ,-3.233658888502e-01  ,-4.104849459099e-01  ,8.999622875440e-01  ,9.002013981303e-01  ,7.382793431189e-01  ,1.061645231969e+00  ,6.949589251754e-01  ,1.105443871085e+00  
  4.885298351224e-08  ,-3.066406407633e-01  ,-4.131916830138e-01  ,8.999623466337e-01  ,9.002075057713e-01  ,7.466420262521e-01  ,1.053282667015e+00  ,6.936116642644e-01  ,1.106803347278e+00  
  4.895298427369e-08  ,-2.898664753656e-01  ,-4.158894034842e-01  ,8.999624056505e-01  ,9.002136074292e-01  ,7.550291679677e-01  ,1.044895643333e+00  ,6.922689056870e-01  ,1.108158309171e+00  
  4.905298503514e-08  ,-2.730460677183e-01  ,-4.185776903509e-01  ,8.999624645768e-01  ,9.002196879553e-01  ,7.634394307176e-01  ,1.036485498436e+00  ,6.909308427798e-01  ,1.109508533131e+00  
  4.915298579659e-08  ,-2.561820820237e-01  ,-4.212561243888e-01  ,8.999625233967e-01  ,9.002257316918e-01  ,7.718714823848e-01  ,1.028053564409e+00  ,6.895976694973e-01  ,1.110853793886e+00  
  4.925298655804e-08  ,-2.392776094879e-01  ,-4.239242136013e-01  ,8.999625820917e-01  ,9.002317199674e-01  ,7.803237773478e-01  ,1.019601386836e+00  ,6.882696131667e-01  ,1.112193826768e+00  
  4.935298731948e-08  ,-2.223349982254e-01  ,-4.265815810242e-01  ,8.999626406498e-01  ,9.002376381745e-01  ,7.887951415371e-01  ,1.011130139762e+00  ,6.869468476624e-01  ,1.113528428687e+00  
  4.945298808093e-08  ,-2.053561768201e-01  ,-4.292279194412e-01  ,8.999626990605e-01  ,9.002434742760e-01  ,7.972846106504e-01  ,1.002640787471e+00  ,6.856295145554e-01  ,1.114857433997e+00  
  4.955298884238e-08  ,-1.883448654744e-01  ,-4.318626358834e-01  ,8.999627573057e-01  ,9.002492049932e-01  ,8.057903245685e-01  ,9.941351900429e-01  ,6.843178870515e-01  ,1.116180522935e+00  
  4.965298960383e-08  ,-1.713034449167e-01  ,-4.344853482488e-01  ,8.999628153769e-01  ,9.002548155115e-01  ,8.143110929185e-01  ,9.856145378352e-01  ,6.830121413871e-01  ,1.117497489636e+00  
  4.975299036528e-08  ,-1.542338646081e-01  ,-4.370957452119e-01  ,8.999628732666e-01  ,9.002602939263e-01  ,8.228459409625e-01  ,9.770798055706e-01  ,6.817124213204e-01  ,1.118808166532e+00  
  4.985299112673e-08  ,-1.371394389216e-01  ,-4.396932985429e-01  ,8.999629309630e-01  ,9.002656202919e-01  ,8.313932115022e-01  ,9.685326504238e-01  ,6.804189710204e-01  ,1.120112269563e+00  
  4.995299188818e-08  ,-1.200234253101e-01  ,-4.422775007882e-01  ,8.999629884549e-01  ,9.002707761361e-01  ,8.399512757999e-01  ,9.599747011100e-01  ,6.791320257420e-01  ,1.121409526530e+00  
  5.005299264963e-08  ,-1.028882289856e-01  ,-4.448479635751e-01  ,8.999630457408e-01  ,9.002757478679e-01  ,8.485189312480e-01  ,9.514071602336e-01  ,6.778517660803e-01  ,1.122699729655e+00  
  5.015299341108e-08  ,-8.573574869564e-02  ,-4.474043705906e-01  ,8.999631028205e-01  ,9.002805246824e-01  ,8.570952284727e-01  ,9.428309771683e-01  ,6.765783393871e-01  ,1.123982709978e+00  
  5.025299417253e-08  ,-6.856957616631e-02  ,-4.499461117997e-01  ,8.999631596927e-01  ,9.002850863394e-01  ,8.656783716095e-01  ,9.342479477758e-01  ,6.753120304395e-01  ,1.125258142239e+00  
  5.035299493398e-08  ,-5.139194507128e-02  ,-4.524727947435e-01  ,8.999632163567e-01  ,9.002894207105e-01  ,8.742672438211e-01  ,9.256591888924e-01  ,6.740530233387e-01  ,1.126525818082e+00  
  5.045299569543e-08  ,-3.420545842691e-02  ,-4.549839932193e-01  ,8.999632728059e-01  ,9.002935154770e-01  ,8.828605435925e-01  ,9.170660020194e-01  ,6.728015188674e-01  ,1.127785512087e+00  
  5.055299645688e-08  ,-1.701217083132e-02  ,-4.574793786891e-01  ,8.999633290369e-01  ,9.002973617981e-01  ,8.914572436213e-01  ,9.084694144526e-01  ,6.715576724536e-01  ,1.129037051143e+00  
  5.065299721833e-08  ,1.839687544896e-04  ,-4.599583255238e-01  ,8.999633850477e-01  ,9.003009440143e-01  ,9.000553694250e-01  ,8.998714006705e-01  ,6.703217812524e-01  ,1.130280106776e+00  
  5.075299797978e-08  ,1.738106558815e-02  ,-4.624205362394e-01  ,8.999634408399e-01  ,9.003042554046e-01  ,9.086539736340e-01  ,8.912729080458e-01  ,6.690939872849e-01  ,1.131514523524e+00  
  5.085299874122e-08  ,3.457582410527e-02  ,-4.648654894416e-01  ,8.999634964149e-01  ,9.003072843897e-01  ,9.172514084675e-01  ,8.826755843623e-01  ,6.678745396689e-01  ,1.132740029110e+00  
  5.095299950267e-08  ,5.176547255546e-02  ,-4.672927367286e-01  ,8.999635517751e-01  ,9.003100217113e-01  ,9.258462880528e-01  ,8.740808154974e-01  ,6.666636533470e-01  ,1.133956390076e+00  
  5.105300026412e-08  ,6.894684797016e-02  ,-4.697017535235e-01  ,8.999636069255e-01  ,9.003124586238e-01  ,9.344370309106e-01  ,8.654901829404e-01  ,6.654615818621e-01  ,1.135163335386e+00  
  5.115300102557e-08  ,8.611756855930e-02  ,-4.720921391830e-01  ,8.999636618668e-01  ,9.003145902230e-01  ,9.430224461465e-01  ,8.569048775872e-01  ,6.642685206315e-01  ,1.136360659815e+00  
  5.125300178702e-08  ,1.032750531312e-01  ,-4.744634589463e-01  ,8.999637166013e-01  ,9.003164120206e-01  ,9.516012431669e-01  ,8.483261900357e-01  ,6.630846825474e-01  ,1.137548141494e+00  
  5.135300254847e-08  ,1.204166484558e-01  ,-4.768152660710e-01  ,8.999637711324e-01  ,9.003179203999e-01  ,9.601720953603e-01  ,8.397554469044e-01  ,6.619102873644e-01  ,1.138725553435e+00  
  5.145300330992e-08  ,1.375396728416e-01  ,-4.791471092753e-01  ,8.999638254642e-01  ,9.003191132216e-01  ,9.687336618850e-01  ,8.311939890434e-01  ,6.607455585839e-01  ,1.139892667859e+00  
  5.155300407137e-08  ,1.546414328454e-01  ,-4.814585353277e-01  ,8.999638796007e-01  ,9.003199902822e-01  ,9.772845960234e-01  ,8.226431631780e-01  ,6.595907226184e-01  ,1.141049257946e+00  
  5.165300483282e-08  ,1.717198901044e-01  ,-4.837492036213e-01  ,8.999639335436e-01  ,9.003205526562e-01  ,9.858238785958e-01  ,8.141039884914e-01  ,6.584459508455e-01  ,1.142195154467e+00  
  5.175300559427e-08  ,1.887712000689e-01  ,-4.860184700651e-01  ,8.999639872955e-01  ,9.003208041527e-01  ,9.943495873299e-01  ,8.055783872610e-01  ,6.573115691202e-01  ,1.143330039185e+00  
  5.185300635572e-08  ,2.057935547121e-01  ,-4.882660310525e-01  ,8.999640408564e-01  ,9.003207475994e-01  ,1.002860818212e+00  ,7.970672635003e-01  ,6.561877320731e-01  ,1.144453763126e+00  
  5.195300711717e-08  ,2.227833614458e-01  ,-4.904912790183e-01  ,8.999640942261e-01  ,9.003203890154e-01  ,1.011355774949e+00  ,7.885724135032e-01  ,6.550747495062e-01  ,1.145566028525e+00  
  5.205300787862e-08  ,2.397382526786e-01  ,-4.926938085341e-01  ,8.999641474034e-01  ,9.003197331887e-01  ,1.019833273743e+00  ,7.800950210641e-01  ,6.539728289217e-01  ,1.146666637456e+00  
  5.215300864007e-08  ,2.566556679592e-01  ,-4.948731802488e-01  ,8.999642003864e-01  ,9.003187861370e-01  ,1.028292034366e+00  ,7.716363664068e-01  ,6.528821960125e-01  ,1.147755376261e+00  
  5.225300940152e-08  ,2.735329810362e-01  ,-4.970289434542e-01  ,8.999642531726e-01  ,9.003175549914e-01  ,1.036730743691e+00  ,7.631977626545e-01  ,6.518030832643e-01  ,1.148832026719e+00  
  5.235301016296e-08  ,2.903675430482e-01  ,-4.991606436373e-01  ,8.999643057590e-01  ,9.003160479609e-01  ,1.045148077283e+00  ,7.547805342349e-01  ,6.507357261422e-01  ,1.149896369780e+00  
  5.245301092441e-08  ,3.071573475350e-01  ,-5.012679389628e-01  ,8.999643581427e-01  ,9.003142719050e-01  ,1.053543031910e+00  ,7.463856843752e-01  ,6.496803024236e-01  ,1.150948241386e+00  
  5.255301168586e-08  ,3.238986117130e-01  ,-5.033501833636e-01  ,8.999644103178e-01  ,9.003122413261e-01  ,1.061913716174e+00  ,7.380151044613e-01  ,6.486371496443e-01  ,1.151987333008e+00  
  5.265301244731e-08  ,3.405895586469e-01  ,-5.054070726607e-01  ,8.999644622809e-01  ,9.003099643320e-01  ,1.070259241604e+00  ,7.296696829575e-01  ,6.476064280016e-01  ,1.153013500662e+00  
  5.275301320876e-08  ,3.572270852141e-01  ,-5.074380746889e-01  ,8.999645140249e-01  ,9.003074558957e-01  ,1.078578056632e+00  ,7.213509714178e-01  ,6.465884185512e-01  ,1.154026493240e+00  
  5.285301397021e-08  ,3.738081293063e-01  ,-5.094426577899e-01  ,8.999645655408e-01  ,9.003047322637e-01  ,1.086868630194e+00  ,7.130605008877e-01  ,6.455834033688e-01  ,1.155026061159e+00  
  5.295301473166e-08  ,3.903303861820e-01  ,-5.114204173635e-01  ,8.999646168214e-01  ,9.003018057680e-01  ,1.095129809912e+00  ,7.047994237304e-01  ,6.445915970863e-01  ,1.156012014450e+00  
  5.305301549311e-08  ,4.067913629068e-01  ,-5.133709155236e-01  ,8.999646678572e-01  ,9.002986894862e-01  ,1.103360349311e+00  ,6.965689864038e-01  ,6.436132317244e-01  ,1.156984147248e+00  
  5.315301625456e-08  ,4.231891282362e-01  ,-5.152938157608e-01  ,8.999647186395e-01  ,9.002953932790e-01  ,1.111559282758e+00  ,6.883701545214e-01  ,6.426484853986e-01  ,1.157942301159e+00  
  5.325301701601e-08  ,4.395204390472e-01  ,-5.171885549404e-01  ,8.999647691539e-01  ,9.002919333934e-01  ,1.119724988677e+00  ,6.802045496302e-01  ,6.416976559232e-01  ,1.158886210864e+00  
  5.335301777746e-08  ,4.557822740787e-01  ,-5.190546048846e-01  ,8.999648193877e-01  ,9.002883245314e-01  ,1.127855956427e+00  ,6.720736823483e-01  ,6.407610220891e-01  ,1.159815626974e+00  
  5.345301853891e-08  ,4.719729194303e-01  ,-5.208916643250e-01  ,8.999648693331e-01  ,9.002845749408e-01  ,1.135951329048e+00  ,6.639784096180e-01  ,6.398387427783e-01  ,1.160730407103e+00  
  5.355301930036e-08  ,4.880893768580e-01  ,-5.226992066251e-01  ,8.999649189746e-01  ,9.002806989505e-01  ,1.144009607404e+00  ,6.559202305456e-01  ,6.389310956380e-01  ,1.161630302263e+00  
  5.365302006181e-08  ,5.041286811169e-01  ,-5.244767066794e-01  ,8.999649682962e-01  ,9.002767107043e-01  ,1.152029308855e+00  ,6.479006277378e-01  ,6.380383573646e-01  ,1.162515064044e+00  
  5.375302082326e-08  ,5.200891455565e-01  ,-5.262238651049e-01  ,8.999650172888e-01  ,9.002726181981e-01  ,1.160009590067e+00  ,6.399204445106e-01  ,6.371606856456e-01  ,1.163384550751e+00  
  5.385302158471e-08  ,5.359678179420e-01  ,-5.279401587265e-01  ,8.999650659344e-01  ,9.002684351134e-01  ,1.167948974905e+00  ,6.319811569634e-01  ,6.362983557502e-01  ,1.164238514477e+00  
  5.395302234615e-08  ,5.517621783831e-01  ,-5.296251405801e-01  ,8.999651142169e-01  ,9.002641721851e-01  ,1.175846203408e+00  ,6.240840250254e-01  ,6.354516018950e-01  ,1.165076742475e+00  
  5.405302310760e-08  ,5.674693279615e-01  ,-5.312782909728e-01  ,8.999651621209e-01  ,9.002598399365e-01  ,1.183699826102e+00  ,6.162304981401e-01  ,6.346206944501e-01  ,1.165898985423e+00  
  5.415302386905e-08  ,5.830876161694e-01  ,-5.328993138659e-01  ,8.999652096357e-01  ,9.002554433627e-01  ,1.191509017720e+00  ,6.084214015511e-01  ,6.338057864298e-01  ,1.166705100296e+00  
  5.425302463050e-08  ,5.986137578078e-01  ,-5.344876187082e-01  ,8.999652567408e-01  ,9.002509910464e-01  ,1.199272135645e+00  ,6.006583778369e-01  ,6.330071816923e-01  ,1.167494800401e+00  
  5.435302539195e-08  ,6.140455877036e-01  ,-5.360428138033e-01  ,8.999653034230e-01  ,9.002464868617e-01  ,1.206988097275e+00  ,5.929425095712e-01  ,6.322250799601e-01  ,1.168267893763e+00  
  5.445302615340e-08  ,6.293813403626e-01  ,-5.375645816948e-01  ,8.999653496708e-01  ,9.002419332186e-01  ,1.214656019852e+00  ,5.852746794895e-01  ,6.314596423712e-01  ,1.169024224066e+00  
  5.455302691485e-08  ,6.446180269739e-01  ,-5.390523864477e-01  ,8.999653954640e-01  ,9.002373330768e-01  ,1.222274408951e+00  ,5.776563819771e-01  ,6.307111398529e-01  ,1.169763526301e+00  
  5.465302767630e-08  ,6.597532174676e-01  ,-5.405057920016e-01  ,8.999654407874e-01  ,9.002326869989e-01  ,1.229842049521e+00  ,5.700888320536e-01  ,6.299797909981e-01  ,1.170485583000e+00  
  5.475302843775e-08  ,6.747841280636e-01  ,-5.419242921382e-01  ,8.999654856253e-01  ,9.002279943190e-01  ,1.237357549657e+00  ,5.625734215935e-01  ,6.292658482499e-01  ,1.171190140388e+00  
  5.485302919920e-08  ,6.897086688192e-01  ,-5.433075031984e-01  ,8.999655299646e-01  ,9.002232534229e-01  ,1.244819864374e+00  ,5.551111955550e-01  ,6.285695018237e-01  ,1.171877005022e+00  
  5.495302996065e-08  ,7.045251352558e-01  ,-5.446551144310e-01  ,8.999655737945e-01  ,9.002184623610e-01  ,1.252228141422e+00  ,5.477030061666e-01  ,6.278909051455e-01  ,1.172546019576e+00  
  5.505303072210e-08  ,7.192302652702e-01  ,-5.459665306307e-01  ,8.999656170954e-01  ,9.002136157522e-01  ,1.259580749731e+00  ,5.403504844603e-01  ,6.272303504368e-01  ,1.173196881068e+00  
  5.515303148355e-08  ,7.338225019427e-01  ,-5.472414681088e-01  ,8.999656598584e-01  ,9.002087096666e-01  ,1.266876910830e+00  ,5.330544088871e-01  ,6.265879756122e-01  ,1.173829443721e+00  
  5.525303224500e-08  ,7.482991301166e-01  ,-5.484794319739e-01  ,8.999657020681e-01  ,9.002037362422e-01  ,1.274115267126e+00  ,5.258161370098e-01  ,6.259640202553e-01  ,1.174443452229e+00  
  5.535303300645e-08  ,7.626578482158e-01  ,-5.496800010594e-01  ,8.999657437121e-01  ,9.001986868610e-01  ,1.281294667820e+00  ,5.186368196042e-01  ,6.253586863313e-01  ,1.175038687391e+00  
  5.545303376789e-08  ,7.768960194681e-01  ,-5.508426874506e-01  ,8.999657847778e-01  ,9.001935495254e-01  ,1.288413794512e+00  ,5.115177750438e-01  ,6.247722058001e-01  ,1.175614893251e+00  
  5.555303452934e-08  ,7.910116660851e-01  ,-5.519671221308e-01  ,8.999658252559e-01  ,9.001883139985e-01  ,1.295471658298e+00  ,5.044599922133e-01  ,6.242047529331e-01  ,1.176171875064e+00  
  5.565303529079e-08  ,8.050031764575e-01  ,-5.530530065543e-01  ,8.999658651378e-01  ,9.001829716673e-01  ,1.302467453367e+00  ,4.974642769091e-01  ,6.236564683901e-01  ,1.176709474944e+00  
  5.575303605224e-08  ,8.188674695594e-01  ,-5.540997696865e-01  ,8.999659044087e-01  ,9.001775054345e-01  ,1.309399639188e+00  ,4.905321696290e-01  ,6.231276205913e-01  ,1.177227390278e+00  
  5.585303681369e-08  ,8.326030778619e-01  ,-5.551071399902e-01  ,8.999659430620e-01  ,9.001719066988e-01  ,1.316267481993e+00  ,4.836644041310e-01  ,6.226183367037e-01  ,1.177725476694e+00  
  5.595303757514e-08  ,8.462074444805e-01  ,-5.560746442044e-01  ,8.999659810871e-01  ,9.001661601857e-01  ,1.323069703327e+00  ,4.768622588469e-01  ,6.221288380835e-01  ,1.178203482288e+00  
  5.605303833659e-08  ,8.596784064673e-01  ,-5.570018803923e-01  ,8.999660184758e-01  ,9.001602524596e-01  ,1.329805221709e+00  ,4.701268152422e-01  ,6.216593122635e-01  ,1.178661192656e+00  
  5.615303909804e-08  ,8.730134905100e-01  ,-5.578883838585e-01  ,8.999660552205e-01  ,9.001541677264e-01  ,1.336472800475e+00  ,4.634593099655e-01  ,6.212099757972e-01  ,1.179098359656e+00  
  5.625303985949e-08  ,8.862108450236e-01  ,-5.587338039231e-01  ,8.999660913152e-01  ,9.001478939153e-01  ,1.343071513827e+00  ,4.568606688034e-01  ,6.207809919538e-01  ,1.179514795877e+00  
  5.635304062094e-08  ,8.992689631153e-01  ,-5.595378572443e-01  ,8.999661267547e-01  ,9.001414211870e-01  ,1.349600608312e+00  ,4.503316451970e-01  ,6.203724925649e-01  ,1.179910349809e+00  
  5.645304138239e-08  ,9.121852990940e-01  ,-5.603000669010e-01  ,8.999661615304e-01  ,9.001347328780e-01  ,1.356058811077e+00  ,4.438735119834e-01  ,6.199846994275e-01  ,1.180284766328e+00  
  5.655304214384e-08  ,9.249574678401e-01  ,-5.610199839623e-01  ,8.999661956370e-01  ,9.001278133789e-01  ,1.362444929557e+00  ,4.374874617170e-01  ,6.196178213978e-01  ,1.180637805360e+00  
  5.665304290529e-08  ,9.375836919853e-01  ,-5.616972701122e-01  ,8.999662290714e-01  ,9.001206514836e-01  ,1.368758075064e+00  ,4.311743830788e-01  ,6.192720164275e-01  ,1.180969286540e+00  
  5.675304366674e-08  ,9.500620626353e-01  ,-5.623315617497e-01  ,8.999662618297e-01  ,9.001132358394e-01  ,1.374997293147e+00  ,4.249352305120e-01  ,6.189474549645e-01  ,1.181279016714e+00  
  5.685304442819e-08  ,9.623911112292e-01  ,-5.629225812409e-01  ,8.999662939086e-01  ,9.001055583244e-01  ,1.381161849523e+00  ,4.187707382940e-01  ,6.186442677039e-01  ,1.181566848945e+00  
  5.695304518963e-08  ,9.745683858586e-01  ,-5.634698665728e-01  ,8.999663253034e-01  ,9.000976063120e-01  ,1.387250518233e+00  ,4.126821323741e-01  ,6.183626730256e-01  ,1.181832539598e+00  
  5.705304595108e-08  ,9.865916336958e-01  ,-5.639729905819e-01  ,8.999663560122e-01  ,9.000893703868e-01  ,1.393262172860e+00  ,4.066705391642e-01  ,6.181028750959e-01  ,1.182075865678e+00  
  5.715304671253e-08  ,9.984591814364e-01  ,-5.644316319410e-01  ,8.999663860337e-01  ,9.000808447823e-01  ,1.399195976752e+00  ,4.007367953155e-01  ,6.178650288118e-01  ,1.182296660753e+00  
  5.725304747398e-08  ,1.010169235079e+00  ,-5.648454457807e-01  ,8.999664153668e-01  ,9.000720242764e-01  ,1.405051032906e+00  ,3.948817978275e-01  ,6.176493013860e-01  ,1.182494747167e+00  
  5.735304823543e-08  ,1.021719973068e+00  ,-5.652140821600e-01  ,8.999664440102e-01  ,9.000629047299e-01  ,1.410826430544e+00  ,3.891064574762e-01  ,6.174558636499e-01  ,1.182669945810e+00  
  5.745304899688e-08  ,1.033110020608e+00  ,-5.655372789650e-01  ,8.999664719633e-01  ,9.000534838523e-01  ,1.416521482267e+00  ,3.834114616594e-01  ,6.172848443698e-01  ,1.182822123335e+00  
  5.755304975833e-08  ,1.044337094385e+00  ,-5.658146021816e-01  ,8.999664992252e-01  ,9.000437590157e-01  ,1.422135046418e+00  ,3.777979520325e-01  ,6.171364579249e-01  ,1.182951060106e+00  
  5.765305051978e-08  ,1.055399399313e+00  ,-5.660457102586e-01  ,8.999665257963e-01  ,9.000337302536e-01  ,1.427666225453e+00  ,3.722668261398e-01  ,6.170108751243e-01  ,1.183056585383e+00  
  5.775305128123e-08  ,1.066294902265e+00  ,-5.662302108718e-01  ,8.999665516787e-01  ,9.000233995206e-01  ,1.433114002811e+00  ,3.668191005462e-01  ,6.169082940848e-01  ,1.183138504957e+00  
  5.785305204268e-08  ,1.077022092542e+00  ,-5.663678098564e-01  ,8.999665768740e-01  ,9.000127699612e-01  ,1.438477623145e+00  ,3.614555306029e-01  ,6.168288650330e-01  ,1.183196674889e+00  
  5.795305280413e-08  ,1.087579745731e+00  ,-5.664582704053e-01  ,8.999666013827e-01  ,9.000018450235e-01  ,1.443756474248e+00  ,3.561767285174e-01  ,6.167727098208e-01  ,1.183230980226e+00  
  5.805305356558e-08  ,1.097965534956e+00  ,-5.665011424295e-01  ,8.999666252071e-01  ,8.999906334846e-01  ,1.448949392685e+00  ,3.509838577291e-01  ,6.167400622698e-01  ,1.183241204699e+00  
  5.815305432703e-08  ,1.108178012496e+00  ,-5.664961444502e-01  ,8.999666483493e-01  ,8.999791433677e-01  ,1.454055654597e+00  ,3.458776421013e-01  ,6.167310711426e-01  ,1.183227215593e+00  
  5.825305508848e-08  ,1.118216008313e+00  ,-5.664430500883e-01  ,8.999666708107e-01  ,8.999673818276e-01  ,1.459074674967e+00  ,3.408586666540e-01  ,6.167458567835e-01  ,1.183188906872e+00  
  5.835305584993e-08  ,1.128077304506e+00  ,-5.663414295727e-01  ,8.999666925947e-01  ,8.999553639886e-01  ,1.464005344848e+00  ,3.359280403415e-01  ,6.167846492023e-01  ,1.183126078775e+00  
  5.845305661137e-08  ,1.137760859566e+00  ,-5.661910812215e-01  ,8.999667137032e-01  ,8.999430982266e-01  ,1.468847143486e+00  ,3.310862839201e-01  ,6.168475576158e-01  ,1.183038638837e+00  
  5.855305737282e-08  ,1.147264868447e+00  ,-5.659916555572e-01  ,8.999667341398e-01  ,8.999306000286e-01  ,1.473599168363e+00  ,3.263342999162e-01  ,6.169347722501e-01  ,1.182926427807e+00  
  5.865305813427e-08  ,1.156587584519e+00  ,-5.657428118966e-01  ,8.999667539079e-01  ,8.999178867312e-01  ,1.478260546168e+00  ,3.216729616482e-01  ,6.170464807830e-01  ,1.182789292680e+00  
  5.875305889572e-08  ,1.165727716038e+00  ,-5.654442962661e-01  ,8.999667730103e-01  ,8.999049722783e-01  ,1.482830631029e+00  ,3.171029149914e-01  ,6.171828241453e-01  ,1.182627120411e+00  
  5.885305965717e-08  ,1.174683884408e+00  ,-5.650958378253e-01  ,8.999667914497e-01  ,8.998918722180e-01  ,1.487308733654e+00  ,3.126248492455e-01  ,6.173439533054e-01  ,1.182439791131e+00  
  5.895306041862e-08  ,1.183454697850e+00  ,-5.646971637351e-01  ,8.999668092288e-01  ,8.998786031156e-01  ,1.491694158154e+00  ,3.082394603038e-01  ,6.175300212480e-01  ,1.182227184983e+00  
  5.905306118007e-08  ,1.192038777035e+00  ,-5.642480041969e-01  ,8.999668263500e-01  ,8.998651823923e-01  ,1.495986214867e+00  ,3.039474378326e-01  ,6.177411802939e-01  ,1.181989184491e+00  
  5.915306194152e-08  ,1.200434764939e+00  ,-5.637480941990e-01  ,8.999668428159e-01  ,8.998516281522e-01  ,1.500184225285e+00  ,2.997494603463e-01  ,6.179775810527e-01  ,1.181725675252e+00  
  5.925306270297e-08  ,1.208641331166e+00  ,-5.631971741520e-01  ,8.999668586287e-01  ,8.998379589223e-01  ,1.504287524212e+00  ,2.956461930456e-01  ,6.182393718463e-01  ,1.181436545998e+00  
  5.935306346442e-08  ,1.216657174090e+00  ,-5.625949901516e-01  ,8.999668737907e-01  ,8.998241933949e-01  ,1.508295460836e+00  ,2.916382867455e-01  ,6.185266983191e-01  ,1.181121688471e+00  
  5.945306422587e-08  ,1.224481022004e+00  ,-5.619412941203e-01  ,8.999668883033e-01  ,8.998103502365e-01  ,1.512207399305e+00  ,2.877263773016e-01  ,6.188397031764e-01  ,1.180780997297e+00  
  5.955306498732e-08  ,1.232111934432e+00  ,-5.612359036969e-01  ,8.999669021676e-01  ,8.997964433581e-01  ,1.516022869383e+00  ,2.839109349517e-01  ,6.191784915097e-01  ,1.180414395207e+00  
  5.965306574877e-08  ,1.239548366265e+00  ,-5.604785199522e-01  ,8.999669153843e-01  ,8.997824957185e-01  ,1.519741098517e+00  ,2.801927322517e-01  ,6.195432357424e-01  ,1.180021755695e+00  
  5.975306651022e-08  ,1.246789130000e+00  ,-5.596689128363e-01  ,8.999669279542e-01  ,8.997685251179e-01  ,1.523361492954e+00  ,2.765723629540e-01  ,6.199340686998e-01  ,1.179602981536e+00  
  5.985306727167e-08  ,1.253832899180e+00  ,-5.588068224151e-01  ,8.999669398777e-01  ,8.997545513509e-01  ,1.526883389468e+00  ,2.730504902878e-01  ,6.203511401434e-01  ,1.179157962559e+00  
  5.995306803311e-08  ,1.260678702111e+00  ,-5.578920571512e-01  ,8.999669511545e-01  ,8.997405886809e-01  ,1.530306302210e+00  ,2.696276000992e-01  ,6.207945601052e-01  ,1.178686617256e+00  
  6.005306879456e-08  ,1.267325509154e+00  ,-5.569244145549e-01  ,8.999669617835e-01  ,8.997266520153e-01  ,1.533629716360e+00  ,2.663042072065e-01  ,6.212644447378e-01  ,1.178188859293e+00  
  6.015306955601e-08  ,1.273772289434e+00  ,-5.559036927096e-01  ,8.999669717631e-01  ,8.997127560480e-01  ,1.536853116480e+00  ,2.630808270461e-01  ,6.217609096933e-01  ,1.177664602403e+00  
  6.025307031746e-08  ,1.280018030613e+00  ,-5.548296941936e-01  ,8.999669810912e-01  ,8.996989148952e-01  ,1.539975996397e+00  ,2.599579657850e-01  ,6.222840677985e-01  ,1.177113761992e+00  
  6.035307107891e-08  ,1.286061746473e+00  ,-5.537022274443e-01  ,8.999669897650e-01  ,8.996851418613e-01  ,1.542997863001e+00  ,2.569361165287e-01  ,6.228340281391e-01  ,1.176536255583e+00  
  6.045307184036e-08  ,1.291902711397e+00  ,-5.525211527312e-01  ,8.999669977817e-01  ,8.996714463280e-01  ,1.545918353480e+00  ,2.540156420833e-01  ,6.234108699624e-01  ,1.175932022694e+00  
  6.055307260181e-08  ,1.297539594625e+00  ,-5.512862141720e-01  ,8.999670051361e-01  ,8.996578446976e-01  ,1.548736802449e+00  ,2.511972078237e-01  ,6.240147376116e-01  ,1.175300951784e+00  
  6.065307336326e-08  ,1.302971613107e+00  ,-5.499972609326e-01  ,8.999670118240e-01  ,8.996443456105e-01  ,1.551452818378e+00  ,2.484812052703e-01  ,6.246457151442e-01  ,1.174642976077e+00  
  6.075307412471e-08  ,1.308198143962e+00  ,-5.486541736954e-01  ,8.999670178417e-01  ,8.996309554962e-01  ,1.554066089823e+00  ,2.458679458604e-01  ,6.253038686485e-01  ,1.173958042344e+00  
  6.085307488616e-08  ,1.313218156114e+00  ,-5.472567557552e-01  ,8.999670231820e-01  ,8.996176842578e-01  ,1.556576101239e+00  ,2.433579451249e-01  ,6.259893063802e-01  ,1.173246062135e+00  
  6.095307564761e-08  ,1.318030729578e+00  ,-5.458048319900e-01  ,8.999670278379e-01  ,8.996045389832e-01  ,1.558982392627e+00  ,2.409516630490e-01  ,6.267021229882e-01  ,1.172506954978e+00  
  6.105307640906e-08  ,1.322635202488e+00  ,-5.442982762701e-01  ,8.999670318034e-01  ,8.995915238163e-01  ,1.561284633047e+00  ,2.386494305595e-01  ,6.274423856813e-01  ,1.171740661951e+00  
  6.115307717051e-08  ,1.327031049496e+00  ,-5.427369894596e-01  ,8.999670350734e-01  ,8.995786416273e-01  ,1.563482559821e+00  ,2.364515103253e-01  ,6.282101468976e-01  ,1.170947136357e+00  
  6.125307793196e-08  ,1.331217296429e+00  ,-5.411207888897e-01  ,8.999670376376e-01  ,8.995658968769e-01  ,1.565575685852e+00  ,2.343583894231e-01  ,6.290055024320e-01  ,1.170126291322e+00  
  6.135307869341e-08  ,1.335193366353e+00  ,-5.394495674638e-01  ,8.999670394894e-01  ,8.995532912025e-01  ,1.567563722666e+00  ,2.323703563130e-01  ,6.298285074705e-01  ,1.169278074934e+00  
  6.145307945485e-08  ,1.338958804287e+00  ,-5.377232415917e-01  ,8.999670406231e-01  ,8.995408255427e-01  ,1.569446442767e+00  ,2.304876384796e-01  ,6.306792047469e-01  ,1.168402446339e+00  
  6.155308021630e-08  ,1.342512772744e+00  ,-5.359416587029e-01  ,8.999670410272e-01  ,8.995285007515e-01  ,1.571223427399e+00  ,2.287106546554e-01  ,6.315576714001e-01  ,1.167499330103e+00  
  6.165308097775e-08  ,1.345854783082e+00  ,-5.341047312189e-01  ,8.999670406947e-01  ,8.995163162081e-01  ,1.572894432236e+00  ,2.270396491535e-01  ,6.324639505987e-01  ,1.166568681818e+00  
  6.175308173920e-08  ,1.348984452743e+00  ,-5.322123915025e-01  ,8.999670396194e-01  ,8.995042710108e-01  ,1.574459265991e+00  ,2.254748132479e-01  ,6.333980752596e-01  ,1.165610466762e+00  
  6.185308250065e-08  ,1.351901083826e+00  ,-5.302645178908e-01  ,8.999670377900e-01  ,8.994923625208e-01  ,1.575917579703e+00  ,2.240164958772e-01  ,6.343601035754e-01  ,1.164624621466e+00  
  6.195308326210e-08  ,1.354604276965e+00  ,-5.282610428680e-01  ,8.999670351994e-01  ,8.994805880070e-01  ,1.577269173682e+00  ,2.226648967169e-01  ,6.353500665730e-01  ,1.163611109441e+00  
  6.205308402355e-08  ,1.357093626292e+00  ,-5.262018993407e-01  ,8.999670318402e-01  ,8.994689440243e-01  ,1.578513844986e+00  ,2.214202186940e-01  ,6.363679943540e-01  ,1.162569893695e+00  
  6.215308478500e-08  ,1.359368837124e+00  ,-5.240870399441e-01  ,8.999670277070e-01  ,8.994574276332e-01  ,1.579651446269e+00  ,2.202826091451e-01  ,6.374139076611e-01  ,1.161500947605e+00  
  6.225308554645e-08  ,1.361429389219e+00  ,-5.219163837760e-01  ,8.999670227897e-01  ,8.994460328182e-01  ,1.580681717399e+00  ,2.192523281801e-01  ,6.384878409302e-01  ,1.160404224706e+00  
  6.235308630790e-08  ,1.363275002749e+00  ,-5.196898907383e-01  ,8.999670170830e-01  ,8.994347554443e-01  ,1.581604518457e+00  ,2.183295157086e-01  ,6.395898100751e-01  ,1.159279700813e+00  
  6.245308706935e-08  ,1.364905401618e+00  ,-5.174075235753e-01  ,8.999670105815e-01  ,8.994235910297e-01  ,1.582419711390e+00  ,2.175143097725e-01  ,6.407198292420e-01  ,1.158127352817e+00  
  6.255308783080e-08  ,1.366320333138e+00  ,-5.150692511666e-01  ,8.999670032800e-01  ,8.994125350094e-01  ,1.583127169849e+00  ,2.168068367109e-01  ,6.418779094261e-01  ,1.156947160593e+00  
  6.265308859225e-08  ,1.367519574824e+00  ,-5.126750497024e-01  ,8.999669951742e-01  ,8.994015828395e-01  ,1.583726782586e+00  ,2.162072077622e-01  ,6.430640579883e-01  ,1.155739107691e+00  
  6.275308935370e-08  ,1.368502980355e+00  ,-5.102249061395e-01  ,8.999669862614e-01  ,8.993907311518e-01  ,1.584218476439e+00  ,2.157154960837e-01  ,6.442782780821e-01  ,1.154503184222e+00  
  6.285309011515e-08  ,1.369270334453e+00  ,-5.077188053485e-01  ,8.999669765379e-01  ,8.993799744136e-01  ,1.584602143764e+00  ,2.153318093115e-01  ,6.455205717393e-01  ,1.153239377088e+00  
  6.295309087659e-08  ,1.369821502308e+00  ,-5.051567487694e-01  ,8.999669660015e-01  ,8.993693076976e-01  ,1.584877717155e+00  ,2.150562148477e-01  ,6.467909333129e-01  ,1.151947682082e+00  
  6.305309163804e-08  ,1.370156415961e+00  ,-5.025387459444e-01  ,8.999669546521e-01  ,8.993587274505e-01  ,1.585045162633e+00  ,2.148887466716e-01  ,6.480893544783e-01  ,1.150628100423e+00  
  6.315309239949e-08  ,1.370275037246e+00  ,-4.998648084939e-01  ,8.999669424896e-01  ,8.993482309109e-01  ,1.585104461112e+00  ,2.148294238668e-01  ,6.494158266640e-01  ,1.149280635158e+00  
  6.325309316094e-08  ,1.370177328429e+00  ,-4.971349622958e-01  ,8.999669295154e-01  ,8.993378136624e-01  ,1.585055593730e+00  ,2.148782653011e-01  ,6.507703325145e-01  ,1.147905294810e+00  
  6.335309392239e-08  ,1.369863314849e+00  ,-4.943492470513e-01  ,8.999669157321e-01  ,8.993274722747e-01  ,1.584898573156e+00  ,2.150352583078e-01  ,6.521528487491e-01  ,1.146502095800e+00  
  6.345309468384e-08  ,1.369333033815e+00  ,-4.915076909711e-01  ,8.999669011421e-01  ,8.993172051902e-01  ,1.584633418050e+00  ,2.153003842345e-01  ,6.535633597046e-01  ,1.145071050676e+00  
  6.355309544529e-08  ,1.368586574340e+00  ,-4.886103489681e-01  ,8.999668857504e-01  ,8.993070101317e-01  ,1.584260172921e+00  ,2.156735985802e-01  ,6.550018356477e-01  ,1.143612184616e+00  
  6.365309620674e-08  ,1.367624080645e+00  ,-4.856572898539e-01  ,8.999668695633e-01  ,8.992968859870e-01  ,1.583778909886e+00  ,2.161548292410e-01  ,6.564682410601e-01  ,1.142125530914e+00  
  6.375309696819e-08  ,1.366445695435e+00  ,-4.826485747607e-01  ,8.999668525867e-01  ,8.992868326592e-01  ,1.583189700304e+00  ,2.167440048693e-01  ,6.579625452789e-01  ,1.140611120040e+00  
  6.385309772964e-08  ,1.365051553121e+00  ,-4.795842573414e-01  ,8.999668348261e-01  ,8.992768503972e-01  ,1.582492611386e+00  ,2.174410582657e-01  ,6.594847217265e-01  ,1.139068979068e+00  
  6.395309849109e-08  ,1.363441909353e+00  ,-4.764644347925e-01  ,8.999668162913e-01  ,8.992669401247e-01  ,1.581687770968e+00  ,2.182458616150e-01  ,6.610347227284e-01  ,1.137499157521e+00  
  6.405309925254e-08  ,1.361617022399e+00  ,-4.732891984641e-01  ,8.999667969917e-01  ,8.992571035079e-01  ,1.580775308191e+00  ,2.191582857920e-01  ,6.626125042758e-01  ,1.135901702740e+00  
  6.415310001399e-08  ,1.359577182711e+00  ,-4.700586482523e-01  ,8.999667769368e-01  ,8.992473428547e-01  ,1.579755368292e+00  ,2.201781855815e-01  ,6.642180187286e-01  ,1.134276666981e+00  
  6.425310077544e-08  ,1.357322770760e+00  ,-4.667729123869e-01  ,8.999667561395e-01  ,8.992376617478e-01  ,1.578628141519e+00  ,2.213053707595e-01  ,6.658512055544e-01  ,1.132624117941e+00  
  6.435310153689e-08  ,1.354854108499e+00  ,-4.634320974976e-01  ,8.999667346096e-01  ,8.992280636342e-01  ,1.577393788859e+00  ,2.225396803600e-01  ,6.675120148854e-01  ,1.130944112383e+00  
  6.445310229833e-08  ,1.352171477302e+00  ,-4.600362942967e-01  ,8.999667123559e-01  ,8.992185516653e-01  ,1.576052451007e+00  ,2.238809737049e-01  ,6.692004045169e-01  ,1.129236698814e+00  
  6.455310305978e-08  ,1.349275382730e+00  ,-4.565856628317e-01  ,8.999666893936e-01  ,8.992091317468e-01  ,1.574604380759e+00  ,2.253289980287e-01  ,6.709163003309e-01  ,1.127501963163e+00  
  6.465310382123e-08  ,1.346166367047e+00  ,-4.530803716235e-01  ,8.999666657374e-01  ,8.991998109193e-01  ,1.573049849261e+00  ,2.268834822141e-01  ,6.726596251075e-01  ,1.125739996731e+00  
  6.475310458268e-08  ,1.342844872529e+00  ,-4.495205580715e-01  ,8.999666413986e-01  ,8.991905953692e-01  ,1.571389077663e+00  ,2.285442051342e-01  ,6.744303163335e-01  ,1.123950874405e+00  
  6.485310534413e-08  ,1.339311278612e+00  ,-4.459063379233e-01  ,8.999666163868e-01  ,8.991814904802e-01  ,1.569622255693e+00  ,2.303109770810e-01  ,6.762283215186e-01  ,1.122134659442e+00  
  6.495310610558e-08  ,1.335566256949e+00  ,-4.422379136548e-01  ,8.999665907186e-01  ,8.991725058835e-01  ,1.567749719193e+00  ,2.321834622443e-01  ,6.780535490561e-01  ,1.120291462711e+00  
  6.505310686703e-08  ,1.331610406216e+00  ,-4.385154630977e-01  ,8.999665644072e-01  ,8.991636503376e-01  ,1.565771767515e+00  ,2.341613612992e-01  ,6.799059187888e-01  ,1.118421381886e+00  
  6.515310762848e-08  ,1.327444354793e+00  ,-4.347391728456e-01  ,8.999665374653e-01  ,8.991549331146e-01  ,1.563688714862e+00  ,2.362443600686e-01  ,6.817853466918e-01  ,1.116524519537e+00  
  6.525310838993e-08  ,1.323068762589e+00  ,-4.309092382805e-01  ,8.999665099062e-01  ,8.991463640082e-01  ,1.561500891201e+00  ,2.384321286119e-01  ,6.836917448680e-01  ,1.114600983148e+00  
  6.535310915138e-08  ,1.318484321890e+00  ,-4.270258635994e-01  ,8.999664817425e-01  ,8.991379533451e-01  ,1.559208642688e+00  ,2.407243207973e-01  ,6.856250215454e-01  ,1.112650885145e+00  
  6.545310991283e-08  ,1.313691757719e+00  ,-4.230892618275e-01  ,8.999664529860e-01  ,8.991297119026e-01  ,1.556812331845e+00  ,2.431205741266e-01  ,6.875850809889e-01  ,1.110674342816e+00  
  6.555311067428e-08  ,1.308691827936e+00  ,-4.190996548112e-01  ,8.999664236487e-01  ,8.991216507787e-01  ,1.554312337617e+00  ,2.456205096806e-01  ,6.895718233731e-01  ,1.108671478184e+00  
  6.565311143573e-08  ,1.303485323227e+00  ,-4.150572732101e-01  ,8.999663937418e-01  ,8.991137814152e-01  ,1.551709055355e+00  ,2.482237321283e-01  ,6.915851448102e-01  ,1.106642418020e+00  
  6.575311219718e-08  ,1.298073067009e+00  ,-4.109623565079e-01  ,8.999663632757e-01  ,8.991061157568e-01  ,1.549002896780e+00  ,2.509298297710e-01  ,6.936249375028e-01  ,1.104587294011e+00  
  6.585311295863e-08  ,1.292455915325e+00  ,-4.068151530292e-01  ,8.999663322605e-01  ,8.990986662290e-01  ,1.546194289923e+00  ,2.537383745980e-01  ,6.956910897144e-01  ,1.102506242744e+00  
  6.595311372007e-08  ,1.286634756705e+00  ,-4.026159199386e-01  ,8.999663007051e-01  ,8.990914454614e-01  ,1.543283679058e+00  ,2.566489223524e-01  ,6.977834854921e-01  ,1.100399405431e+00  
  6.605311448152e-08  ,1.280610512023e+00  ,-3.983649232306e-01  ,8.999662686183e-01  ,8.990844660925e-01  ,1.540271524630e+00  ,2.596610126067e-01  ,6.999020044772e-01  ,1.098266927708e+00  
  6.615311524297e-08  ,1.274384134340e+00  ,-3.940624377305e-01  ,8.999662360081e-01  ,8.990777408669e-01  ,1.537158303178e+00  ,2.627741688383e-01  ,7.020465220016e-01  ,1.096108959732e+00  
  6.625311600442e-08  ,1.267956608747e+00  ,-3.897087471172e-01  ,8.999662028812e-01  ,8.990712827295e-01  ,1.533944507255e+00  ,2.659878985078e-01  ,7.042169091709e-01  ,1.093925656288e+00  
  6.635311676587e-08  ,1.261329120324e+00  ,-3.853041944230e-01  ,8.999661692444e-01  ,8.990651067357e-01  ,1.530630729406e+00  ,2.693016090825e-01  ,7.064130095242e-01  ,1.091717203947e+00  
  6.645311752732e-08  ,1.254502369805e+00  ,-3.808489815756e-01  ,8.999661351015e-01  ,8.990592212859e-01  ,1.527217320004e+00  ,2.727149501991e-01  ,7.086347304981e-01  ,1.089483712074e+00  
  6.655311828877e-08  ,1.247477609979e+00  ,-3.763434678420e-01  ,8.999661004585e-01  ,8.990536408648e-01  ,1.523704905448e+00  ,2.762272954688e-01  ,7.108819069438e-01  ,1.087225374786e+00  
  6.665311905022e-08  ,1.240255958346e+00  ,-3.717879723125e-01  ,8.999660653195e-01  ,8.990483776014e-01  ,1.520094044492e+00  ,2.798380861467e-01  ,7.131543914451e-01  ,1.084942363758e+00  
  6.675311981167e-08  ,1.232838748582e+00  ,-3.671828792760e-01  ,8.999660296874e-01  ,8.990434454799e-01  ,1.516385403979e+00  ,2.835466553962e-01  ,7.154520058419e-01  ,1.082634885118e+00  
  6.685312057312e-08  ,1.225226765116e+00  ,-3.625284142114e-01  ,8.999659935640e-01  ,8.990388522785e-01  ,1.512579376122e+00  ,2.873526110062e-01  ,7.177746451728e-01  ,1.080303059384e+00  
  6.695312133457e-08  ,1.217421406784e+00  ,-3.578249775802e-01  ,8.999659569524e-01  ,8.990346112393e-01  ,1.508676660344e+00  ,2.912552535606e-01  ,7.201221224492e-01  ,1.077947100029e+00  
  6.705312209602e-08  ,1.209424118481e+00  ,-3.530729844999e-01  ,8.999659198537e-01  ,8.990307346899e-01  ,1.504677979094e+00  ,2.952538606134e-01  ,7.224942424400e-01  ,1.075567226940e+00  
  6.715312285747e-08  ,1.201235746635e+00  ,-3.482726780281e-01  ,8.999658822685e-01  ,8.990272293357e-01  ,1.500583755586e+00  ,2.993480089510e-01  ,7.248908903216e-01  ,1.073163568350e+00  
  6.725312361892e-08  ,1.192857797940e+00  ,-3.434244893605e-01  ,8.999658441979e-01  ,8.990241065416e-01  ,1.496394743168e+00  ,3.035369452277e-01  ,7.273118618613e-01  ,1.070736351222e+00  
  6.735312438037e-08  ,1.184291822870e+00  ,-3.385288643061e-01  ,8.999658056419e-01  ,8.990213765493e-01  ,1.492111717077e+00  ,3.078198942071e-01  ,7.297569443962e-01  ,1.068285808702e+00  
  6.745312514182e-08  ,1.175538727682e+00  ,-3.335860634531e-01  ,8.999657666001e-01  ,8.990190446316e-01  ,1.487735130441e+00  ,3.121964027591e-01  ,7.322260129051e-01  ,1.065812076358e+00  
  6.755312590326e-08  ,1.166600123628e+00  ,-3.285965486518e-01  ,8.999657270726e-01  ,8.990171193968e-01  ,1.483265788887e+00  ,3.166656652587e-01  ,7.347188450708e-01  ,1.063315393723e+00  
  6.765312666471e-08  ,1.157477432289e+00  ,-3.235607267691e-01  ,8.999656870595e-01  ,8.990156070753e-01  ,1.478704403204e+00  ,3.212269709149e-01  ,7.372352436908e-01  ,1.060795970460e+00  
  6.775312742616e-08  ,1.148172099906e+00  ,-3.184790133469e-01  ,8.999656465593e-01  ,8.990145130585e-01  ,1.474051696513e+00  ,3.258795966062e-01  ,7.397750063850e-01  ,1.058254019732e+00  
  6.785312818761e-08  ,1.138685840359e+00  ,-3.133519049724e-01  ,8.999656055718e-01  ,8.990138424636e-01  ,1.469308525752e+00  ,3.306226853920e-01  ,7.423378899774e-01  ,1.055689794950e+00  
  6.795312894906e-08  ,1.129019654879e+00  ,-3.081796911684e-01  ,8.999655640968e-01  ,8.990135975559e-01  ,1.464475391536e+00  ,3.354557366575e-01  ,7.449237519717e-01  ,1.053103443140e+00  
  6.805312971051e-08  ,1.119175321775e+00  ,-3.029628843320e-01  ,8.999655221345e-01  ,8.990137815933e-01  ,1.459553183022e+00  ,3.403778612467e-01  ,7.475323394273e-01  ,1.050495223759e+00  
  6.815313047196e-08  ,1.109154406202e+00  ,-2.977019344818e-01  ,8.999654796851e-01  ,8.990143960699e-01  ,1.454542682786e+00  ,3.453882765842e-01  ,7.501634288290e-01  ,1.047865363311e+00  
  6.825313123341e-08  ,1.098958496744e+00  ,-2.923973001644e-01  ,8.999654367490e-01  ,8.990154415198e-01  ,1.449444685121e+00  ,3.504861883770e-01  ,7.528167914376e-01  ,1.045214091602e+00  
  6.835313199486e-08  ,1.088589470882e+00  ,-2.870495279313e-01  ,8.999653933266e-01  ,8.990169172555e-01  ,1.444260128768e+00  ,3.556706578855e-01  ,7.554921532899e-01  ,1.042541681221e+00  
  6.845313275631e-08  ,1.078048422762e+00  ,-2.816589357614e-01  ,8.999653494193e-01  ,8.990188222054e-01  ,1.438989560801e+00  ,3.609411380382e-01  ,7.581893543247e-01  ,1.039848290086e+00  
  6.855313351776e-08  ,1.067337293033e+00  ,-2.762260857562e-01  ,8.999653050295e-01  ,8.990211537542e-01  ,1.433633951546e+00  ,3.662966585132e-01  ,7.609081108761e-01  ,1.037134196632e+00  
  6.865313427921e-08  ,1.056457784786e+00  ,-2.707514703491e-01  ,8.999652601595e-01  ,8.990239082521e-01  ,1.428194152552e+00  ,3.717363677668e-01  ,7.636481730775e-01  ,1.034399643427e+00  
  6.875313504066e-08  ,1.045411622862e+00  ,-2.652355903278e-01  ,8.999652148123e-01  ,8.990270810546e-01  ,1.422671026243e+00  ,3.772594033812e-01  ,7.664092858907e-01  ,1.031644876219e+00  
  6.885313580211e-08  ,1.034200840924e+00  ,-2.596790412803e-01  ,8.999651689918e-01  ,8.990306657574e-01  ,1.417065589454e+00  ,3.828647485298e-01  ,7.691911451172e-01  ,1.028870186398e+00  
  6.895313656356e-08  ,1.022826621667e+00  ,-2.540821690827e-01  ,8.999651227011e-01  ,8.990346582262e-01  ,1.411378433535e+00  ,3.885518118676e-01  ,7.719935736848e-01  ,1.026075742767e+00  
  6.905313732500e-08  ,1.011291060317e+00  ,-2.484455845213e-01  ,8.999650759459e-01  ,8.990390506196e-01  ,1.405610606104e+00  ,3.943195457876e-01  ,7.748162583590e-01  ,1.023261842880e+00  
  6.915313808645e-08  ,9.995959910812e-01  ,-2.427698214898e-01  ,8.999650287321e-01  ,8.990438350620e-01  ,1.399763024273e+00  ,4.001670331915e-01  ,7.776589243171e-01  ,1.020428745807e+00  
  6.925313884790e-08  ,9.877432681515e-01  ,-2.370554220033e-01  ,8.999649810656e-01  ,8.990490029736e-01  ,1.393836615141e+00  ,4.060933469899e-01  ,7.805212919719e-01  ,1.017576713975e+00  
  6.935313960935e-08  ,9.757350732426e-01  ,-2.313030294338e-01  ,8.999649329544e-01  ,8.990545439357e-01  ,1.387832469576e+00  ,4.120973963331e-01  ,7.834030292188e-01  ,1.014706058653e+00  
  6.945314037080e-08  ,9.635730846107e-01  ,-2.255131423436e-01  ,8.999648844049e-01  ,8.990604496543e-01  ,1.381751426710e+00  ,4.181783420995e-01  ,7.863038784825e-01  ,1.011817020826e+00  
  6.955314113225e-08  ,9.512586910100e-01  ,-2.196861695986e-01  ,8.999648354234e-01  ,8.990667131006e-01  ,1.375594180928e+00  ,4.243354899184e-01  ,7.892236283013e-01  ,1.008909797900e+00  
  6.965314189370e-08  ,9.387942741476e-01  ,-2.138228091435e-01  ,8.999647860216e-01  ,8.990733219268e-01  ,1.369361923095e+00  ,4.305676489478e-01  ,7.921619173550e-01  ,1.005984726499e+00  
  6.975314265515e-08  ,9.261818244838e-01  ,-2.079236430561e-01  ,8.999647362091e-01  ,8.990802654406e-01  ,1.363055648451e+00  ,4.368738239672e-01  ,7.951184439125e-01  ,1.003042086969e+00  
  6.985314341660e-08  ,9.134233451704e-01  ,-2.019892612496e-01  ,8.999646859952e-01  ,8.990875331108e-01  ,1.356676358580e+00  ,4.432530134100e-01  ,7.980929024860e-01  ,1.000082163736e+00  
  6.995314417805e-08  ,9.005211851905e-01  ,-1.960203625987e-01  ,8.999646353922e-01  ,8.990951130774e-01  ,1.350225227987e+00  ,4.497040427969e-01  ,8.010849317781e-01  ,9.971052943767e-01  
  7.005314493950e-08  ,8.874767049580e-01  ,-1.900173516375e-01  ,8.999645844075e-01  ,8.991029985743e-01  ,1.343702936886e+00  ,4.562262319285e-01  ,8.040943227556e-01  ,9.941116743931e-01  
  7.015314570095e-08  ,8.742926456220e-01  ,-1.839810450781e-01  ,8.999645330564e-01  ,8.991111759818e-01  ,1.337110855867e+00  ,4.628182102455e-01  ,8.071206534428e-01  ,9.911016985209e-01  
  7.025314646240e-08  ,8.609708554984e-01  ,-1.779119969447e-01  ,8.999644813498e-01  ,8.991196364485e-01  ,1.330449909099e+00  ,4.694790536005e-01  ,8.101636379761e-01  ,9.880756349208e-01  
  7.035314722385e-08  ,8.475128592361e-01  ,-1.718106609273e-01  ,8.999644292969e-01  ,8.991283731072e-01  ,1.323720858915e+00  ,4.762079996789e-01  ,8.132230426436e-01  ,9.850337035709e-01  
  7.045314798530e-08  ,8.339212652777e-01  ,-1.656778104817e-01  ,8.999643769142e-01  ,8.991373749052e-01  ,1.316925009553e+00  ,4.830037442754e-01  ,8.162984696644e-01  ,9.819762801460e-01  
  7.055314874674e-08  ,8.201982435901e-01  ,-1.595140888585e-01  ,8.999643242144e-01  ,8.991466337160e-01  ,1.310063446009e+00  ,4.898652024194e-01  ,8.193895892867e-01  ,9.789036781452e-01  
  7.065314950819e-08  ,8.063459729620e-01  ,-1.533201466900e-01  ,8.999642712097e-01  ,8.991561417706e-01  ,1.303137257691e+00  ,4.967912847287e-01  ,8.224960684256e-01  ,9.758162151156e-01  
  7.075315026964e-08  ,7.923670021305e-01  ,-1.470967529184e-01  ,8.999642179160e-01  ,8.991658907271e-01  ,1.296147718981e+00  ,5.037807168507e-01  ,8.256175142679e-01  ,9.727142671863e-01  
  7.085315103109e-08  ,7.782632820373e-01  ,-1.408445008418e-01  ,8.999641643450e-01  ,8.991758752951e-01  ,1.289095805364e+00  ,5.108325233264e-01  ,8.287536248742e-01  ,9.695981257160e-01  
  7.095315179254e-08  ,7.640364225322e-01  ,-1.345638758822e-01  ,8.999641105073e-01  ,8.991860916994e-01  ,1.281982321773e+00  ,5.179458992412e-01  ,8.319041537583e-01  ,9.664680296405e-01  
  7.105315255399e-08  ,7.496895451289e-01  ,-1.282558194684e-01  ,8.999640564226e-01  ,8.991965336511e-01  ,1.274808828987e+00  ,5.251192838581e-01  ,8.350686239169e-01  ,9.633244433852e-01  
  7.115315331544e-08  ,7.352241736428e-01  ,-1.219207899214e-01  ,8.999640021004e-01  ,8.992071988464e-01  ,1.267576088922e+00  ,5.323519152790e-01  ,8.382468038857e-01  ,9.601675938070e-01  
  7.125315407689e-08  ,7.206429903018e-01  ,-1.155595938990e-01  ,8.999639475569e-01  ,8.992180838034e-01  ,1.260285442708e+00  ,5.396424524060e-01  ,8.414382868540e-01  ,9.569978807529e-01  
  7.135315483834e-08  ,7.059483150008e-01  ,-1.091729314646e-01  ,8.999638928062e-01  ,8.992291868156e-01  ,1.252938050307e+00  ,5.469897353057e-01  ,8.446427210833e-01  ,9.538156525479e-01  
  7.145315559979e-08  ,6.911428529833e-01  ,-1.027616285327e-01  ,8.999638378629e-01  ,8.992405075270e-01  ,1.245535264355e+00  ,5.543924113712e-01  ,8.478596932606e-01  ,9.506213217933e-01  
  7.155315636124e-08  ,6.762281642806e-01  ,-9.632616150136e-02  ,8.999637827362e-01  ,8.992520463333e-01  ,1.238077864877e+00  ,5.618497005959e-01  ,8.510889655826e-01  ,9.474151270840e-01  
  7.165315712269e-08  ,6.612070002432e-01  ,-8.986736845329e-02  ,8.999637274433e-01  ,8.992638043520e-01  ,1.230567227565e+00  ,5.693602273217e-01  ,8.543301201254e-01  ,9.441974885787e-01  
  7.175315788414e-08  ,6.460817472488e-01  ,-8.338597598288e-02  ,8.999636719981e-01  ,8.992757834687e-01  ,1.223004545623e+00  ,5.769227983737e-01  ,8.575827954773e-01  ,9.409687714602e-01  
  7.185315864559e-08  ,6.308551883060e-01  ,-7.688284049714e-02  ,8.999636164146e-01  ,8.992879873271e-01  ,1.215391210568e+00  ,5.845360222616e-01  ,8.608465670786e-01  ,9.377294075757e-01  
  7.195315940704e-08  ,6.155289275733e-01  ,-7.035845559106e-02  ,8.999635607019e-01  ,8.993004186970e-01  ,1.207728024489e+00  ,5.921990969152e-01  ,8.641211909015e-01  ,9.344796464925e-01  
  7.205316016848e-08  ,6.001057931051e-01  ,-6.381368921861e-02  ,8.999635048757e-01  ,8.993130828371e-01  ,1.200016401428e+00  ,5.999106083232e-01  ,8.674062382278e-01  ,9.312199274464e-01  
  7.215316092993e-08  ,5.845886304222e-01  ,-5.724941961360e-02  ,8.999634489497e-01  ,8.993259857765e-01  ,1.192257764161e+00  ,6.076691337386e-01  ,8.707012759697e-01  ,9.279506955833e-01  
  7.225316169138e-08  ,5.689790763238e-01  ,-5.066615264211e-02  ,8.999633929322e-01  ,8.993391312476e-01  ,1.184452931094e+00  ,6.154738547702e-01  ,8.740060549265e-01  ,9.246722075687e-01  
  7.235316245283e-08  ,5.532804148250e-01  ,-4.406490595909e-02  ,8.999633368396e-01  ,8.993525273924e-01  ,1.176603544252e+00  ,6.233231294271e-01  ,8.773200744129e-01  ,9.213849803719e-01  
  7.245316321428e-08  ,5.374948436612e-01  ,-3.744636539043e-02  ,8.999632806822e-01  ,8.993661803732e-01  ,1.168710702513e+00  ,6.312158588516e-01  ,8.806429976780e-01  ,9.180893630684e-01  
  7.255316397573e-08  ,5.216241693105e-01  ,-3.081109088723e-02  ,8.999632244687e-01  ,8.993800953077e-01  ,1.160775309124e+00  ,6.391511398134e-01  ,8.839745498641e-01  ,9.147856407513e-01  
  7.265316473718e-08  ,5.056714725931e-01  ,-2.416003435657e-02  ,8.999631682142e-01  ,8.993942808763e-01  ,1.152798904511e+00  ,6.471274319177e-01  ,8.873142636981e-01  ,9.114742980546e-01  
  7.275316549863e-08  ,4.896397077177e-01  ,-1.749411462865e-02  ,8.999631119311e-01  ,8.994087453506e-01  ,1.144782965790e+00  ,6.551432580722e-01  ,8.906616880362e-01  ,9.081558026649e-01  
  7.285316626008e-08  ,4.735305678470e-01  ,-1.081386037817e-02  ,8.999630556258e-01  ,8.994234935193e-01  ,1.136728339549e+00  ,6.631977717024e-01  ,8.940165633302e-01  ,9.048304237084e-01  
  7.295316702153e-08  ,4.573474445626e-01  ,-4.120334308540e-03  ,8.999629993125e-01  ,8.994385350588e-01  ,1.128636721594e+00  ,6.712892770312e-01  ,8.973783679046e-01  ,9.014987022131e-01  
  7.305316778298e-08  ,4.410920487348e-01  ,2.585927806833e-03  ,8.999629429981e-01  ,8.994538747093e-01  ,1.120508967366e+00  ,6.794169186307e-01  ,9.007468386128e-01  ,8.981609108059e-01  
  7.315316854443e-08  ,4.247673885397e-01  ,9.303984920305e-03  ,8.999628866944e-01  ,8.994695203250e-01  ,1.112346580964e+00  ,6.875791924245e-01  ,9.041215127852e-01  ,8.948175278648e-01  
  7.325316930588e-08  ,4.083760580894e-01  ,1.603302398842e-02  ,8.999628304108e-01  ,8.994854777251e-01  ,1.104150859456e+00  ,6.957748013661e-01  ,9.075019897193e-01  ,8.914689657309e-01  
  7.335317006733e-08  ,3.919210714398e-01  ,2.277208975196e-02  ,8.999627741572e-01  ,8.995017529746e-01  ,1.095923309877e+00  ,7.040022384373e-01  ,9.108877978506e-01  ,8.881157080986e-01  
  7.345317082878e-08  ,3.754041606254e-01  ,2.952063311703e-02  ,8.999627179394e-01  ,8.995183493288e-01  ,1.087664798252e+00  ,7.122606376267e-01  ,9.142786658873e-01  ,8.847580327703e-01  
  7.355317159022e-08  ,3.588283739741e-01  ,3.627768999964e-02  ,8.999626617678e-01  ,8.995352720581e-01  ,1.079376848755e+00  ,7.205484747807e-01  ,9.176741170580e-01  ,8.813964270583e-01  
  7.365317235167e-08  ,3.421967666629e-01  ,4.304228855526e-02  ,8.999626056512e-01  ,8.995525248181e-01  ,1.071060988983e+00  ,7.288642223198e-01  ,9.210736690957e-01  ,8.780313805405e-01  
  7.375317311312e-08  ,3.255116582479e-01  ,4.981368371303e-02  ,8.999625495955e-01  ,8.995701091915e-01  ,1.062718378719e+00  ,7.372067204716e-01  ,9.244769510481e-01  ,8.746632673350e-01  
  7.385317387457e-08  ,3.087749540984e-01  ,5.659126805223e-02  ,8.999624936071e-01  ,8.995880261012e-01  ,1.054349970656e+00  ,7.455750165579e-01  ,9.278836601273e-01  ,8.712923920751e-01  
  7.395317463602e-08  ,2.919903306988e-01  ,6.337386866916e-02  ,8.999624376966e-01  ,8.996062765309e-01  ,1.045957603046e+00  ,7.539672723472e-01  ,9.312932108655e-01  ,8.679193421964e-01  
  7.405317539747e-08  ,2.751601425309e-01  ,7.016072915938e-02  ,8.999623818691e-01  ,8.996248598918e-01  ,1.037542453135e+00  ,7.623823106036e-01  ,9.347052244715e-01  ,8.645444953121e-01  
  7.415317615892e-08  ,2.582863185065e-01  ,7.695123304518e-02  ,8.999623261295e-01  ,8.996437750882e-01  ,1.029105485383e+00  ,7.708191668763e-01  ,9.381193916108e-01  ,8.611681585657e-01  
  7.425317692037e-08  ,2.413721395779e-01  ,8.374433408119e-02  ,8.999622704868e-01  ,8.996630192710e-01  ,1.020648340276e+00  ,7.792762006979e-01  ,9.415351863116e-01  ,8.577908522304e-01  
  7.435317768182e-08  ,2.244203026768e-01  ,9.053917086021e-02  ,8.999622149473e-01  ,8.996825884633e-01  ,1.012172366286e+00  ,7.877520636090e-01  ,9.449521738934e-01  ,8.544130030332e-01  
  7.445317844327e-08  ,2.074334956126e-01  ,9.733487827299e-02  ,8.999621595152e-01  ,8.997024778787e-01  ,1.003678907321e+00  ,7.962454117089e-01  ,9.483699170151e-01  ,8.510350387422e-01  
  7.455317920472e-08  ,1.904148367296e-01  ,1.041304421402e-01  ,8.999621041965e-01  ,8.997226806472e-01  ,9.951695225614e-01  ,8.047546858317e-01  ,9.517879017173e-01  ,8.476574595771e-01  
  7.465317996617e-08  ,1.733661150065e-01  ,1.109252806213e-01  ,8.999620489951e-01  ,8.997431919778e-01  ,9.866451064983e-01  ,8.132789914918e-01  ,9.552058322885e-01  ,8.442805516671e-01  
  7.475318072762e-08  ,1.562909108252e-01  ,1.177182267432e-01  ,8.999619939170e-01  ,8.997640010257e-01  ,9.781074493296e-01  ,8.218165385044e-01  ,9.586231143973e-01  ,8.409048876542e-01  
  7.485318148907e-08  ,1.391911323437e-01  ,1.245086943364e-01  ,8.999619389709e-01  ,8.997851014654e-01  ,9.695575051428e-01  ,8.303663727990e-01  ,9.620394486336e-01  ,8.375307542972e-01  
  7.495318225052e-08  ,1.220700865155e-01  ,1.312956555660e-01  ,8.999618841649e-01  ,8.998064817549e-01  ,9.609969274226e-01  ,8.389268409072e-01  ,9.654543095379e-01  ,8.341586539719e-01  
  7.505318301197e-08  ,1.049304198769e-01  ,1.380782256305e-01  ,8.999618294926e-01  ,8.998281311684e-01  ,9.524270394311e-01  ,8.474966195542e-01  ,9.688672439836e-01  ,8.307890183532e-01  
  7.515318377341e-08  ,8.777511682892e-02  ,1.448553683585e-01  ,8.999617749540e-01  ,8.998500362678e-01  ,9.438493333685e-01  ,8.560742165395e-01  ,9.722777204470e-01  ,8.274223520885e-01  
  7.525318453486e-08  ,7.060651102227e-02  ,1.516262914925e-01  ,8.999617205593e-01  ,8.998721858908e-01  ,9.352649760704e-01  ,8.646584650481e-01  ,9.756853316370e-01  ,8.240590401446e-01  
  7.535318529631e-08  ,5.342709234785e-02  ,1.583901348090e-01  ,8.999616663096e-01  ,8.998945670897e-01  ,9.266752124835e-01  ,8.732481201357e-01  ,9.790896344942e-01  ,8.206994996853e-01  
  7.545318605776e-08  ,3.623950981654e-02  ,1.651460139266e-01  ,8.999616122103e-01  ,8.999171657632e-01  ,9.180813671185e-01  ,8.818418573020e-01  ,9.824901727265e-01  ,8.173441587999e-01  
  7.555318681921e-08  ,1.904575582464e-02  ,1.718932586961e-01  ,8.999615582648e-01  ,8.999399709078e-01  ,9.094844361771e-01  ,8.904386803524e-01  ,9.858866002559e-01  ,8.139933415598e-01  
  7.565318758066e-08  ,1.849672367866e-03  ,1.786305982003e-01  ,8.999615044817e-01  ,8.999629616041e-01  ,9.008863406656e-01  ,8.990366682977e-01  ,9.892782607042e-01  ,8.106476625039e-01  
  7.575318834211e-08  ,-1.534624789798e-02  ,1.853572302407e-01  ,8.999614508662e-01  ,8.999861247266e-01  ,8.922883269172e-01  ,9.076345748152e-01  ,9.926647398469e-01  ,8.073075096062e-01  
  7.585318910356e-08  ,-3.253931048650e-02  ,1.920722843175e-01  ,8.999613974238e-01  ,9.000094459361e-01  ,8.836917421805e-01  ,9.162310526670e-01  ,9.960455880949e-01  ,8.039733037774e-01  
  7.595318986501e-08  ,-4.972744066412e-02  ,1.987750898676e-01  ,8.999613441588e-01  ,9.000329140844e-01  ,8.750976238267e-01  ,9.248250644908e-01  ,9.994204590182e-01  ,8.006453691506e-01  
  7.605319062646e-08  ,-6.690673280886e-02  ,2.054643709444e-01  ,8.999612910794e-01  ,9.000565081297e-01  ,8.665079246749e-01  ,9.334146574838e-01  ,1.002788693602e+00  ,7.973243226575e-01  
  7.615319138791e-08  ,-8.407477050315e-02  ,2.121393194994e-01  ,8.999612381907e-01  ,9.000802153948e-01  ,8.579238529391e-01  ,9.419986234422e-01  ,1.006149875144e+00  ,7.940105556451e-01  
  7.625319214936e-08  ,-1.012289509514e-01  ,2.187990590199e-01  ,8.999611854981e-01  ,9.001040225612e-01  ,8.493467100224e-01  ,9.505756609738e-01  ,1.009503552071e+00  ,7.907044930512e-01  
  7.635319291081e-08  ,-1.183666104416e-01  ,2.254426893305e-01  ,8.999611330072e-01  ,9.001279159574e-01  ,8.407778277864e-01  ,9.591444382280e-01  ,1.012849260623e+00  ,7.874065712922e-01  
  7.645319367226e-08  ,-1.354850641202e-01  ,2.320693016398e-01  ,8.999610807237e-01  ,9.001518814550e-01  ,8.322185486636e-01  ,9.677036127838e-01  ,1.016186532275e+00  ,7.841172306351e-01  
  7.655319443371e-08  ,-1.525822776221e-01  ,2.386782118449e-01  ,8.999610286527e-01  ,9.001759082112e-01  ,8.236698898416e-01  ,9.762521674637e-01  ,1.019515014134e+00  ,7.808368022888e-01  
  7.665319519515e-08  ,-1.696548487986e-01  ,2.452682784028e-01  ,8.999609768027e-01  ,9.001999780981e-01  ,8.151335524034e-01  ,9.847884012021e-01  ,1.022834117299e+00  ,7.775658388966e-01  
  7.675319595660e-08  ,-1.866996254141e-01  ,2.518384334443e-01  ,8.999609251809e-01  ,9.002240747821e-01  ,8.066111124739e-01  ,9.933107378880e-01  ,1.026143291504e+00  ,7.743048580600e-01  
  7.685319671805e-08  ,-2.037148161824e-01  ,2.583880663659e-01  ,8.999608737924e-01  ,9.002481895026e-01  ,7.981034657012e-01  ,1.001818281884e+00  ,1.029442222686e+00  ,7.710541563196e-01  
  7.695319747950e-08  ,-2.206972831018e-01  ,2.649161083361e-01  ,8.999608226480e-01  ,9.002723074350e-01  ,7.896121810971e-01  ,1.010309464199e+00  ,1.032730361603e+00  ,7.678142532669e-01  
  7.705319824095e-08  ,-2.376439116522e-01  ,2.714214900862e-01  ,8.999607717599e-01  ,9.002964151280e-01  ,7.811388159338e-01  ,1.018782727586e+00  ,1.036007160171e+00  ,7.645856700849e-01  
  7.715319900240e-08  ,-2.545523519462e-01  ,2.779033969508e-01  ,8.999607211366e-01  ,9.003205035609e-01  ,7.726845451635e-01  ,1.027236897110e+00  ,1.039272202036e+00  ,7.613688050855e-01  
  7.725319976385e-08  ,-2.714206809203e-01  ,2.843611670761e-01  ,8.999606707866e-01  ,9.003445660652e-01  ,7.642503303264e-01  ,1.035671011247e+00  ,1.042525149603e+00  ,7.581639825272e-01  
  7.735320052530e-08  ,-2.882456328362e-01  ,2.907936805391e-01  ,8.999606207247e-01  ,9.003685922498e-01  ,7.558378043066e-01  ,1.044083437143e+00  ,1.045765432519e+00  ,7.549717519803e-01  
  7.745320128675e-08  ,-3.050245349787e-01  ,2.972000213708e-01  ,8.999605709613e-01  ,9.003925748029e-01  ,7.474483034719e-01  ,1.052472838451e+00  ,1.048992585488e+00  ,7.517925641175e-01  
  7.755320204820e-08  ,-3.217543111681e-01  ,3.035791215610e-01  ,8.999605215076e-01  ,9.004165051882e-01  ,7.390833659236e-01  ,1.060837677092e+00  ,1.052206065969e+00  ,7.486269444077e-01  
  7.765320280965e-08  ,-3.384326410713e-01  ,3.099301680587e-01  ,8.999604723745e-01  ,9.004403769411e-01  ,7.307441518388e-01  ,1.069176792910e+00  ,1.055405460970e+00  ,7.454752929117e-01  
  7.775320357110e-08  ,-3.550576267376e-01  ,3.162525006275e-01  ,8.999604235712e-01  ,9.004641850214e-01  ,7.224316102024e-01  ,1.077489236940e+00  ,1.058590435335e+00  ,7.423379347077e-01  
  7.785320433255e-08  ,-3.716256236905e-01  ,3.225448505633e-01  ,8.999603751157e-01  ,9.004879203936e-01  ,7.141475632705e-01  ,1.085773186961e+00  ,1.061760345675e+00  ,7.392154951119e-01  
  7.795320509400e-08  ,-3.881348823410e-01  ,3.288066097650e-01  ,8.999603270169e-01  ,9.005115792789e-01  ,7.058928858464e-01  ,1.094027768187e+00  ,1.064914884161e+00  ,7.361082743964e-01  
  7.805320585545e-08  ,-4.045823440993e-01  ,3.350367148542e-01  ,8.999602792904e-01  ,9.005351555582e-01  ,6.976691072407e-01  ,1.102251451340e+00  ,1.068053512985e+00  ,7.330167981312e-01  
  7.815320661689e-08  ,-4.209654024378e-01  ,3.412342559989e-01  ,8.999602319497e-01  ,9.005586451510e-01  ,6.894775307308e-01  ,1.110442933169e+00  ,1.071175773150e+00  ,7.299415171515e-01  
  7.825320737834e-08  ,-4.372810570732e-01  ,3.473981738329e-01  ,8.999601850090e-01  ,9.005820450224e-01  ,6.813196564724e-01  ,1.118600713546e+00  ,1.074281131939e+00  ,7.268829581059e-01  
  7.835320813979e-08  ,-4.535275981120e-01  ,3.535278641301e-01  ,8.999601384771e-01  ,9.006053541047e-01  ,6.731963394211e-01  ,1.126723937533e+00  ,1.077369286170e+00  ,7.238414220396e-01  
  7.845320890124e-08  ,-4.697016191850e-01  ,3.596221202853e-01  ,8.999600923720e-01  ,9.006285705363e-01  ,6.651092827795e-01  ,1.134810901964e+00  ,1.080439630679e+00  ,7.208175103937e-01  
  7.855320966269e-08  ,-4.858008713434e-01  ,3.656801403301e-01  ,8.999600467050e-01  ,9.006516932140e-01  ,6.570596110333e-01  ,1.142860482377e+00  ,1.083491763379e+00  ,7.178116230489e-01  
  7.865321042414e-08  ,-5.018229261833e-01  ,3.717010571312e-01  ,8.999600014887e-01  ,9.006747209730e-01  ,6.490485383970e-01  ,1.150871464580e+00  ,1.086525249539e+00  ,7.148241924074e-01  
  7.875321118559e-08  ,-5.177659053084e-01  ,3.776842048684e-01  ,8.999599567332e-01  ,9.006976529510e-01  ,6.410770040790e-01  ,1.158842909387e+00  ,1.089539755385e+00  ,7.118555505168e-01  
  7.885321194704e-08  ,-5.336266580186e-01  ,3.836284701169e-01  ,8.999599124554e-01  ,9.007204877034e-01  ,6.331465834461e-01  ,1.166773241465e+00  ,1.092534722762e+00  ,7.089062526449e-01  
  7.895321270849e-08  ,-5.494026579122e-01  ,3.895329589330e-01  ,8.999598686667e-01  ,9.007432239873e-01  ,6.252585397106e-01  ,1.174661197623e+00  ,1.095509703454e+00  ,7.059767445208e-01  
  7.905321346994e-08  ,-5.650910114126e-01  ,3.953966319825e-01  ,8.999598253792e-01  ,9.007658604325e-01  ,6.174143196729e-01  ,1.182505331086e+00  ,1.098464176424e+00  ,7.030675444413e-01  
  7.915321423139e-08  ,-5.806895445349e-01  ,4.012187003322e-01  ,8.999597826029e-01  ,9.007883965201e-01  ,6.096150103355e-01  ,1.190304554870e+00  ,1.101397746686e+00  ,7.001790463541e-01  
  7.925321499284e-08  ,-5.961964829348e-01  ,4.069985243890e-01  ,8.999597403461e-01  ,9.008108321513e-01  ,6.018614988787e-01  ,1.198057981813e+00  ,1.104310094346e+00  ,6.973115699567e-01  
  7.935321575429e-08  ,-6.116088208096e-01  ,4.127350241127e-01  ,8.999596986223e-01  ,9.008331675199e-01  ,5.941552882175e-01  ,1.205764109027e+00  ,1.107200679576e+00  ,6.944656554636e-01  
  7.945321651574e-08  ,-6.269237225178e-01  ,4.184271744342e-01  ,8.999596574420e-01  ,9.008554031875e-01  ,5.864977961831e-01  ,1.213421518701e+00  ,1.110068990405e+00  ,6.916418159704e-01  
  7.955321727719e-08  ,-6.421395808865e-01  ,4.240743919067e-01  ,8.999596168105e-01  ,9.008775393548e-01  ,5.788898263673e-01  ,1.221029407254e+00  ,1.112914735308e+00  ,6.888403434014e-01  
  7.965321803863e-08  ,-6.572532029938e-01  ,4.296755132244e-01  ,8.999595767388e-01  ,9.008995762733e-01  ,5.713329752419e-01  ,1.228586178236e+00  ,1.115737332886e+00  ,6.860618196611e-01  
  7.975321880008e-08  ,-6.722624903266e-01  ,4.352297674682e-01  ,8.999595372326e-01  ,9.009215137561e-01  ,5.638282920693e-01  ,1.236090782396e+00  ,1.118536397490e+00  ,6.833066300220e-01  
  7.985321956153e-08  ,-6.871651816675e-01  ,4.407363225334e-01  ,8.999594982976e-01  ,9.009433510703e-01  ,5.563769074639e-01  ,1.243542089131e+00  ,1.121311512337e+00  ,6.805751898036e-01  
  7.995322032298e-08  ,-7.019589679809e-01  ,4.461943285881e-01  ,8.999594599400e-01  ,9.009650868477e-01  ,5.489799759496e-01  ,1.250938943930e+00  ,1.124062251142e+00  ,6.778679225536e-01  
  8.005322108443e-08  ,-7.166420971988e-01  ,4.516031453863e-01  ,8.999594221647e-01  ,9.009867197471e-01  ,5.416383735653e-01  ,1.258280470764e+00  ,1.126788292440e+00  ,6.751851470540e-01  
  8.015322184588e-08  ,-7.312116467687e-01  ,4.569617075570e-01  ,8.999593849789e-01  ,9.010082473493e-01  ,5.343535615945e-01  ,1.265565208363e+00  ,1.129489101128e+00  ,6.725273935708e-01  
  8.025322260733e-08  ,-7.456649295357e-01  ,4.622690266574e-01  ,8.999593483857e-01  ,9.010296673328e-01  ,5.271268836179e-01  ,1.272791813154e+00  ,1.132164180661e+00  ,6.698951540041e-01  
  8.035322336878e-08  ,-7.599999408795e-01  ,4.675243543996e-01  ,8.999593123866e-01  ,9.010509780010e-01  ,5.199593419469e-01  ,1.279959282826e+00  ,1.134813155201e+00  ,6.672888008012e-01  
  8.045322413023e-08  ,-7.742145236689e-01  ,4.727268839724e-01  ,8.999592769839e-01  ,9.010721773399e-01  ,5.128520151495e-01  ,1.287066538818e+00  ,1.137435619326e+00  ,6.647087353537e-01  
  8.055322489168e-08  ,-7.883064781480e-01  ,4.778757923652e-01  ,8.999592421795e-01  ,9.010932629986e-01  ,5.058060031055e-01  ,1.294112481254e+00  ,1.140031159181e+00  ,6.621553668160e-01  
  8.065322565313e-08  ,-8.022741371339e-01  ,4.829704601864e-01  ,8.999592079750e-01  ,9.011142329785e-01  ,4.988221394080e-01  ,1.301096276542e+00  ,1.142599463072e+00  ,6.596290028853e-01  
  8.075322641458e-08  ,-8.161143684705e-01  ,4.880097214534e-01  ,8.999591743718e-01  ,9.011350829327e-01  ,4.919019901365e-01  ,1.308016358607e+00  ,1.145139943659e+00  ,6.571302222060e-01  
  8.085322717603e-08  ,-8.298257113379e-01  ,4.929930313711e-01  ,8.999591413698e-01  ,9.011558102849e-01  ,4.850462857009e-01  ,1.314871997039e+00  ,1.147652325970e+00  ,6.546592945993e-01  
  8.095322793748e-08  ,-8.434056238495e-01  ,4.979194401820e-01  ,8.999591089686e-01  ,9.011764100373e-01  ,4.782562970439e-01  ,1.321661920893e+00  ,1.150136130128e+00  ,6.522166899464e-01  
  8.105322869893e-08  ,-8.568516199535e-01  ,5.027880073840e-01  ,8.999590771666e-01  ,9.011968759690e-01  ,4.715332671899e-01  ,1.328384887143e+00  ,1.152590879661e+00  ,6.498028722770e-01  
  8.115322946037e-08  ,-8.701618424358e-01  ,5.075980224073e-01  ,8.999590459620e-01  ,9.012172027034e-01  ,4.648781247441e-01  ,1.335039967180e+00  ,1.155016213907e+00  ,6.474181914998e-01  
  8.125323022182e-08  ,-8.833347804939e-01  ,5.123489107283e-01  ,8.999590153542e-01  ,9.012373856786e-01  ,4.582916251072e-01  ,1.341626405601e+00  ,1.157411841043e+00  ,6.450629303145e-01  
  8.135323098327e-08  ,-8.963678823768e-01  ,5.170397046578e-01  ,8.999589853426e-01  ,9.012574169632e-01  ,4.517750441542e-01  ,1.348142926531e+00  ,1.159777269292e+00  ,6.427375646344e-01  
  8.145323174472e-08  ,-9.092590843012e-01  ,5.216696210069e-01  ,8.999589559258e-01  ,9.012772897934e-01  ,4.453294137752e-01  ,1.354588498076e+00  ,1.162112100297e+00  ,6.404424792900e-01  
  8.155323250617e-08  ,-9.220060328418e-01  ,5.262377547435e-01  ,8.999589271001e-01  ,9.012969961223e-01  ,4.389559106792e-01  ,1.360961943521e+00  ,1.164415873494e+00  ,6.381781187505e-01  
  8.165323326762e-08  ,-9.346073972782e-01  ,5.307435930643e-01  ,8.999588988647e-01  ,9.013165311735e-01  ,4.326552002257e-01  ,1.367262597504e+00  ,1.166688327706e+00  ,6.359447346414e-01  
  8.175323402907e-08  ,-9.470608570765e-01  ,5.351862430235e-01  ,8.999588712183e-01  ,9.013358862832e-01  ,4.264284426801e-01  ,1.373489299757e+00  ,1.168929007795e+00  ,6.337427647715e-01  
  8.185323479052e-08  ,-9.593644479190e-01  ,5.395649477717e-01  ,8.999588441590e-01  ,9.013550533652e-01  ,4.202766201995e-01  ,1.379641068119e+00  ,1.171137527251e+00  ,6.315725794793e-01  
  8.195323555197e-08  ,-9.715159272081e-01  ,5.438788337584e-01  ,8.999588176847e-01  ,9.013740221642e-01  ,4.142008540807e-01  ,1.385716781289e+00  ,1.173313439043e+00  ,6.294346052850e-01  
  8.205323631342e-08  ,-9.835140271665e-01  ,5.481274065003e-01  ,8.999587917953e-01  ,9.013927864726e-01  ,4.082017782121e-01  ,1.391715805379e+00  ,1.175456489723e+00  ,6.273290832225e-01  
  8.215323707487e-08  ,-9.953565380806e-01  ,5.523098054128e-01  ,8.999587664903e-01  ,9.014113351488e-01  ,4.022804974500e-01  ,1.397637035531e+00  ,1.177566237855e+00  ,6.252564324424e-01  
  8.225323783632e-08  ,-1.007041296025e+00  ,5.564251819980e-01  ,8.999587417685e-01  ,9.014296563530e-01  ,3.964380937560e-01  ,1.403479389781e+00  ,1.179642247352e+00  ,6.232170653540e-01  
  8.235323859777e-08  ,-1.018566688747e+00  ,5.604728975618e-01  ,8.999587176294e-01  ,9.014477407000e-01  ,3.906753732560e-01  ,1.409242062003e+00  ,1.181684189481e+00  ,6.212112919191e-01  
  8.245323935922e-08  ,-1.029930986727e+00  ,5.644522662610e-01  ,8.999586940735e-01  ,9.014655779707e-01  ,3.849932007102e-01  ,1.414924187437e+00  ,1.183691711101e+00  ,6.192394448402e-01  
  8.255324012067e-08  ,-1.041132433769e+00  ,5.683625916855e-01  ,8.999586711017e-01  ,9.014831577751e-01  ,3.793924542172e-01  ,1.420524887986e+00  ,1.185664453618e+00  ,6.173018619324e-01  
  8.265324088211e-08  ,-1.052169278591e+00  ,5.722031791770e-01  ,8.999586487154e-01  ,9.015004697337e-01  ,3.738740094200e-01  ,1.426043288011e+00  ,1.187602059322e+00  ,6.153988801452e-01  
  8.275324164356e-08  ,-1.063039787012e+00  ,5.759733400392e-01  ,8.999586269162e-01  ,9.015175034218e-01  ,3.684387334102e-01  ,1.431478520422e+00  ,1.189504173441e+00  ,6.135308334022e-01  
  8.285324240501e-08  ,-1.073742247340e+00  ,5.796723930349e-01  ,8.999586057065e-01  ,9.015342482908e-01  ,3.630874820364e-01  ,1.436829729377e+00  ,1.191370444808e+00  ,6.116980517733e-01  
  8.295324316646e-08  ,-1.084275382930e+00  ,5.832998322181e-01  ,8.999585850886e-01  ,9.015506963464e-01  ,3.578208936237e-01  ,1.442096276554e+00  ,1.193200612456e+00  ,6.099007802374e-01  
  8.305324392791e-08  ,-1.094637082921e+00  ,5.868548212463e-01  ,8.999585650668e-01  ,9.015668341971e-01  ,3.526400236060e-01  ,1.447277106527e+00  ,1.194994244820e+00  ,6.081394235740e-01  
  8.315324468936e-08  ,-1.104825701520e+00  ,5.903367035975e-01  ,8.999585456441e-01  ,9.015826510797e-01  ,3.475456948839e-01  ,1.452371396404e+00  ,1.196751002879e+00  ,6.064142992810e-01  
  8.325324545081e-08  ,-1.114839380560e+00  ,5.937447250628e-01  ,8.999585268244e-01  ,9.015981345063e-01  ,3.425388365442e-01  ,1.457378217105e+00  ,1.198470497038e+00  ,6.047257719749e-01  
  8.335324621226e-08  ,-1.124676743184e+00  ,5.970783201070e-01  ,8.999585086115e-01  ,9.016132750360e-01  ,3.376201370196e-01  ,1.462296880203e+00  ,1.200152435089e+00  ,6.030741149825e-01  
  8.345324697371e-08  ,-1.134336675306e+00  ,6.003370334473e-01  ,8.999584910090e-01  ,9.016280650811e-01  ,3.327901533561e-01  ,1.467126828662e+00  ,1.201796581805e+00  ,6.014595483575e-01  
  8.355324773516e-08  ,-1.143817063707e+00  ,6.035199996654e-01  ,8.999584740240e-01  ,9.016424903927e-01  ,3.280499421707e-01  ,1.471867005877e+00  ,1.203402490225e+00  ,5.998824905601e-01  
  8.365324849661e-08  ,-1.153116598346e+00  ,6.066266774132e-01  ,8.999584576607e-01  ,9.016565424038e-01  ,3.234001584878e-01  ,1.476516756834e+00  ,1.204969881110e+00  ,5.983432036972e-01  
  8.375324925806e-08  ,-1.162234222272e+00  ,6.096566312560e-01  ,8.999584419233e-01  ,9.016702144165e-01  ,3.188413307873e-01  ,1.481075553059e+00  ,1.206498530044e+00  ,5.968418987884e-01  
  8.385325001951e-08  ,-1.171168163035e+00  ,6.126091314255e-01  ,8.999584268190e-01  ,9.016834955244e-01  ,3.143743453013e-01  ,1.485542508337e+00  ,1.207988061237e+00  ,5.953789298116e-01  
  8.395325078096e-08  ,-1.179917009043e+00  ,6.154835940549e-01  ,8.999584123537e-01  ,9.016963775772e-01  ,3.099999078322e-01  ,1.489916916875e+00  ,1.209438174605e+00  ,5.939545805497e-01  
  8.405325154241e-08  ,-1.188479168809e+00  ,6.182793511490e-01  ,8.999583985337e-01  ,9.017088517436e-01  ,3.057188141291e-01  ,1.494197982938e+00  ,1.210848527318e+00  ,5.925691761691e-01  
  8.415325230386e-08  ,-1.196853467140e+00  ,6.209959039449e-01  ,8.999583853646e-01  ,9.017209118230e-01  ,3.015316517946e-01  ,1.498385118935e+00  ,1.212218863795e+00  ,5.912229598506e-01  
  8.425325306530e-08  ,-1.205038955810e+00  ,6.236328518838e-01  ,8.999583728514e-01  ,9.017325530559e-01  ,2.974388949465e-01  ,1.502477850756e+00  ,1.213548978998e+00  ,5.899161271140e-01  
  8.435325382675e-08  ,-1.213034045620e+00  ,6.261895246522e-01  ,8.999583610022e-01  ,9.017437678619e-01  ,2.934413381920e-01  ,1.506475383812e+00  ,1.214838530188e+00  ,5.886490055358e-01  
  8.445325458820e-08  ,-1.220837473740e+00  ,6.286653878215e-01  ,8.999583498229e-01  ,9.017545509205e-01  ,2.895396129530e-01  ,1.510377086693e+00  ,1.216087244831e+00  ,5.874218570098e-01  
  8.455325534965e-08  ,-1.228447821257e+00  ,6.310598318493e-01  ,8.999583393196e-01  ,9.017648969271e-01  ,2.857344286913e-01  ,1.514182249948e+00  ,1.217294812852e+00  ,5.862349810024e-01  
  8.465325611110e-08  ,-1.235864044463e+00  ,6.333724031134e-01  ,8.999583294971e-01  ,9.017748026318e-01  ,2.820263072658e-01  ,1.517890351728e+00  ,1.218461004188e+00  ,5.850886010751e-01  
  8.475325687255e-08  ,-1.243085303425e+00  ,6.356027380148e-01  ,8.999583203595e-01  ,9.017842657953e-01  ,2.784156686473e-01  ,1.521500972072e+00  ,1.219585634803e+00  ,5.839828967879e-01  
  8.485325763400e-08  ,-1.250110193922e+00  ,6.377502292457e-01  ,8.999583119136e-01  ,9.017932832542e-01  ,2.749032149525e-01  ,1.525013408875e+00  ,1.220668397877e+00  ,5.829181686314e-01  
  8.495325839545e-08  ,-1.256937433635e+00  ,6.398143165395e-01  ,8.999583041647e-01  ,9.018018534322e-01  ,2.714895873474e-01  ,1.528427020982e+00  ,1.221709011702e+00  ,5.818946951625e-01  
  8.505325915690e-08  ,-1.263566085437e+00  ,6.417945842789e-01  ,8.999582971166e-01  ,9.018099759358e-01  ,2.681752543980e-01  ,1.531741339835e+00  ,1.222707268075e+00  ,5.809126837964e-01  
  8.515325991835e-08  ,-1.269995397708e+00  ,6.436906999429e-01  ,8.999582907727e-01  ,9.018176508391e-01  ,2.649605919188e-01  ,1.534955989626e+00  ,1.223663000811e+00  ,5.799723008677e-01  
  8.525326067980e-08  ,-1.276223959242e+00  ,6.455020364063e-01  ,8.999582851384e-01  ,9.018248791596e-01  ,2.618463055173e-01  ,1.538070264760e+00  ,1.224575897363e+00  ,5.790738609564e-01  
  8.535326144125e-08  ,-1.282250912642e+00  ,6.472282074975e-01  ,8.999582802164e-01  ,9.018316624886e-01  ,2.588328238953e-01  ,1.541083736537e+00  ,1.225445766237e+00  ,5.782175587399e-01  
  8.545326220270e-08  ,-1.288075572878e+00  ,6.488689047637e-01  ,8.999582760087e-01  ,9.018380023701e-01  ,2.559204895695e-01  ,1.543996062448e+00  ,1.226272454752e+00  ,5.774035499883e-01  
  8.555326296415e-08  ,-1.293696658893e+00  ,6.504235477095e-01  ,8.999582725192e-01  ,9.018439024163e-01  ,2.531099430725e-01  ,1.546806601966e+00  ,1.227055676271e+00  ,5.766321285615e-01  
  8.565326372560e-08  ,-1.299113397992e+00  ,6.518917804191e-01  ,8.999582697493e-01  ,9.018493657882e-01  ,2.504015707533e-01  ,1.549514968745e+00  ,1.227795255998e+00  ,5.759034755787e-01  
  8.575326448704e-08  ,-1.304324979108e+00  ,6.532732264461e-01  ,8.999582677003e-01  ,9.018543963966e-01  ,2.477957781465e-01  ,1.552120757254e+00  ,1.228491009620e+00  ,5.752177831735e-01  
  8.585326524849e-08  ,-1.309330792323e+00  ,6.545676026365e-01  ,8.999582663731e-01  ,9.018589975427e-01  ,2.452928702115e-01  ,1.554623662535e+00  ,1.229142798861e+00  ,5.745751962245e-01  
  8.595326600994e-08  ,-1.314129838847e+00  ,6.557744440613e-01  ,8.999582657690e-01  ,9.018631751103e-01  ,2.428933463458e-01  ,1.557023185192e+00  ,1.229750397141e+00  ,5.739759530797e-01  
  8.605326677139e-08  ,-1.318721360334e+00  ,6.568933930979e-01  ,8.999582658881e-01  ,9.018669344424e-01  ,2.405975857209e-01  ,1.559318946055e+00  ,1.230313630991e+00  ,5.734202378935e-01  
  8.615326753284e-08  ,-1.323104524876e+00  ,6.579240487269e-01  ,8.999582667295e-01  ,9.018702823018e-01  ,2.384060042917e-01  ,1.561510529167e+00  ,1.230832306665e+00  ,5.729082579383e-01  
  8.625326829429e-08  ,-1.327278735733e+00  ,6.588661178475e-01  ,8.999582682923e-01  ,9.018732241845e-01  ,2.363189004260e-01  ,1.563597636159e+00  ,1.231306283108e+00  ,5.724401652608e-01  
  8.635326905574e-08  ,-1.331243520606e+00  ,6.597193680177e-01  ,8.999582705759e-01  ,9.018757646242e-01  ,2.343365102726e-01  ,1.565580030879e+00  ,1.231735448633e+00  ,5.720160806153e-01  
  8.645326981719e-08  ,-1.334998102368e+00  ,6.604834150528e-01  ,8.999582735783e-01  ,9.018779113068e-01  ,2.324592223944e-01  ,1.567457324762e+00  ,1.232119618833e+00  ,5.716362037804e-01  
  8.655327057864e-08  ,-1.338541889598e+00  ,6.611579616074e-01  ,8.999582772978e-01  ,9.018796704714e-01  ,2.306873324990e-01  ,1.569229222097e+00  ,1.232458651275e+00  ,5.713006896677e-01  
  8.665327134009e-08  ,-1.341874242202e+00  ,6.617426775611e-01  ,8.999582817310e-01  ,9.018810493133e-01  ,2.290211606302e-01  ,1.570895402832e+00  ,1.232752388094e+00  ,5.710097105327e-01  
  8.675327210154e-08  ,-1.344994816419e+00  ,6.622373825414e-01  ,8.999582868762e-01  ,9.018820519309e-01  ,2.274608786667e-01  ,1.572455695086e+00  ,1.233000743202e+00  ,5.707633606602e-01  
  8.685327286299e-08  ,-1.347903031645e+00  ,6.626417692136e-01  ,8.999582927298e-01  ,9.018826853984e-01  ,2.260067769073e-01  ,1.573909808552e+00  ,1.233203570005e+00  ,5.705618007917e-01  
  8.695327362444e-08  ,-1.350598363262e+00  ,6.629555511406e-01  ,8.999582992876e-01  ,9.018829563400e-01  ,2.246591176567e-01  ,1.575257480919e+00  ,1.233360731910e+00  ,5.704051807697e-01  
  8.705327438589e-08  ,-1.353080447358e+00  ,6.631785232207e-01  ,8.999583065462e-01  ,9.018828694057e-01  ,2.234180828673e-01  ,1.576498530225e+00  ,1.233472131016e+00  ,5.702936077953e-01  
  8.715327514734e-08  ,-1.355349002771e+00  ,6.633105248243e-01  ,8.999583145028e-01  ,9.018824282294e-01  ,2.222838131172e-01  ,1.577632815888e+00  ,1.233537690641e+00  ,5.702271658172e-01  
  8.725327590878e-08  ,-1.357403577927e+00  ,6.633512937791e-01  ,8.999583231524e-01  ,9.018816387366e-01  ,2.212565341890e-01  ,1.578660112116e+00  ,1.233557285626e+00  ,5.702059918470e-01  
  8.735327667023e-08  ,-1.359243802844e+00  ,6.633006031677e-01  ,8.999583324896e-01  ,9.018805058825e-01  ,2.203364310675e-01  ,1.579580233912e+00  ,1.233530807466e+00  ,5.702302042987e-01  
  8.745327743168e-08  ,-1.360869488972e+00  ,6.631583319338e-01  ,8.999583425111e-01  ,9.018790320895e-01  ,2.195235980254e-01  ,1.580393086997e+00  ,1.233458198056e+00  ,5.702998661226e-01  
  8.755327819313e-08  ,-1.362280328721e+00  ,6.629242768935e-01  ,8.999583532115e-01  ,9.018772211211e-01  ,2.188181888508e-01  ,1.581098517572e+00  ,1.233339359568e+00  ,5.704150826743e-01  
  8.765327895458e-08  ,-1.363476101125e+00  ,6.625982803357e-01  ,8.999583645857e-01  ,9.018750753726e-01  ,2.182203140231e-01  ,1.581696415148e+00  ,1.233174215541e+00  ,5.705759352048e-01  
  8.775327971603e-08  ,-1.364456594248e+00  ,6.621801761242e-01  ,8.999583766275e-01  ,9.018725969027e-01  ,2.177300795034e-01  ,1.582186673752e+00  ,1.232962684965e+00  ,5.707825088406e-01  
  8.785328047748e-08  ,-1.365221709558e+00  ,6.616698781056e-01  ,8.999583893334e-01  ,9.018697864857e-01  ,2.173475345542e-01  ,1.582569244113e+00  ,1.232704725539e+00  ,5.710348474329e-01  
  8.795328123893e-08  ,-1.365771283223e+00  ,6.610672272185e-01  ,8.999584026962e-01  ,9.018666449337e-01  ,2.170727610849e-01  ,1.582844044307e+00  ,1.232400258543e+00  ,5.713330313245e-01  
  8.805328200038e-08  ,-1.366105247673e+00  ,6.603721341558e-01  ,8.999584167110e-01  ,9.018631719148e-01  ,2.169057928747e-01  ,1.583011040547e+00  ,1.232049238993e+00  ,5.716771048370e-01  
  8.815328276183e-08  ,-1.366223556127e+00  ,6.595845127345e-01  ,8.999584313725e-01  ,9.018593666276e-01  ,2.168466533090e-01  ,1.583070209436e+00  ,1.231651622995e+00  ,5.720671102603e-01  
  8.825328352328e-08  ,-1.366126192479e+00  ,6.587043040668e-01  ,8.999584466765e-01  ,9.018552281624e-01  ,2.168953504371e-01  ,1.583021542916e+00  ,1.231207380196e+00  ,5.725030761290e-01  
  8.835328428473e-08  ,-1.365813158052e+00  ,6.577314202622e-01  ,8.999584626159e-01  ,9.018507545627e-01  ,2.170518835899e-01  ,1.582865041642e+00  ,1.230716464694e+00  ,5.729850444317e-01  
  8.845328504618e-08  ,-1.365284517105e+00  ,6.566658041606e-01  ,8.999584791840e-01  ,9.018459429118e-01  ,2.173162206317e-01  ,1.582600737736e+00  ,1.230178844992e+00  ,5.735130408315e-01  
  8.855328580763e-08  ,-1.364540328836e+00  ,6.555074321274e-01  ,8.999584963771e-01  ,9.018407911502e-01  ,2.176883319590e-01  ,1.582228660795e+00  ,1.229594507214e+00  ,5.740870750865e-01  
  8.865328656908e-08  ,-1.363580720378e+00  ,6.542562718624e-01  ,8.999585141886e-01  ,9.018352953342e-01  ,2.181681539997e-01  ,1.581748874378e+00  ,1.228963431265e+00  ,5.747071594030e-01  
  8.875328733052e-08  ,-1.362405873245e+00  ,6.529123137659e-01  ,8.999585326118e-01  ,9.018294507878e-01  ,2.187555959891e-01  ,1.581161469234e+00  ,1.228285607671e+00  ,5.753732939048e-01  
  8.885328809197e-08  ,-1.361015957959e+00  ,6.514755647048e-01  ,8.999585516419e-01  ,9.018232535905e-01  ,2.194505726625e-01  ,1.580466530621e+00  ,1.227561035943e+00  ,5.760854712381e-01  
  8.895328885342e-08  ,-1.359411131520e+00  ,6.499460367327e-01  ,8.999585712747e-01  ,9.018167004045e-01  ,2.202530055148e-01  ,1.579664137035e+00  ,1.226789718771e+00  ,5.768436820382e-01  
  8.905328961487e-08  ,-1.357591687675e+00  ,6.483237606337e-01  ,8.999585915031e-01  ,9.018097853652e-01  ,2.211627476655e-01  ,1.578754435341e+00  ,1.225971665682e+00  ,5.776479050484e-01  
  8.915329037632e-08  ,-1.355557966470e+00  ,6.466087908379e-01  ,8.999586123210e-01  ,9.018025024972e-01  ,2.221796290861e-01  ,1.577737595556e+00  ,1.225106897916e+00  ,5.784981070782e-01  
  8.925329113777e-08  ,-1.353310257491e+00  ,6.448011831346e-01  ,8.999586337237e-01  ,9.017948472086e-01  ,2.233035049782e-01  ,1.576613762469e+00  ,1.224195438776e+00  ,5.793942556413e-01  
  8.935329189922e-08  ,-1.350848815085e+00  ,6.429009893847e-01  ,8.999586557073e-01  ,9.017868157798e-01  ,2.245342481647e-01  ,1.575383063250e+00  ,1.223237310472e+00  ,5.803363210874e-01  
  8.945329266067e-08  ,-1.348174165930e+00  ,6.409083248309e-01  ,8.999586782642e-01  ,9.017784011171e-01  ,2.258715952991e-01  ,1.574045761229e+00  ,1.222232563533e+00  ,5.813242387017e-01  
  8.955329342212e-08  ,-1.345286595197e+00  ,6.388232574837e-01  ,8.999587013911e-01  ,9.017695998964e-01  ,2.273154037928e-01  ,1.572601998989e+00  ,1.221181228638e+00  ,5.823579711545e-01  
  8.965329418357e-08  ,-1.342186625285e+00  ,6.366459156270e-01  ,8.999587250819e-01  ,9.017604064275e-01  ,2.288654124392e-01  ,1.571052037725e+00  ,1.220083364241e+00  ,5.834374486140e-01  
  8.975329494502e-08  ,-1.338874829072e+00  ,6.343764507352e-01  ,8.999587493312e-01  ,9.017508154144e-01  ,2.305213347954e-01  ,1.569396163867e+00  ,1.218939040782e+00  ,5.845625900468e-01  
  8.985329570647e-08  ,-1.335351556115e+00  ,6.320149586593e-01  ,8.999587741358e-01  ,9.017408240388e-01  ,2.322829960781e-01  ,1.567634552193e+00  ,1.217748303368e+00  ,5.857333447091e-01  
  8.995329646792e-08  ,-1.331617442842e+00  ,6.295616164438e-01  ,8.999587994900e-01  ,9.017304276177e-01  ,2.341500780693e-01  ,1.565767520911e+00  ,1.216511235840e+00  ,5.869496193958e-01  
  9.005329722937e-08  ,-1.327673177280e+00  ,6.270166244049e-01  ,8.999588253889e-01  ,9.017196221980e-01  ,2.361222367488e-01  ,1.563795414029e+00  ,1.215227934400e+00  ,5.882113099955e-01  
  9.015329799082e-08  ,-1.323519312293e+00  ,6.243801496564e-01  ,8.999588518288e-01  ,9.017084053463e-01  ,2.381991956822e-01  ,1.561718507975e+00  ,1.213898480174e+00  ,5.895183305181e-01  
  9.025329875226e-08  ,-1.319156317826e+00  ,6.216523345805e-01  ,8.999588788066e-01  ,9.016967753697e-01  ,2.403807198935e-01  ,1.559537037720e+00  ,1.212522942660e+00  ,5.908706080794e-01  
  9.035329951371e-08  ,-1.314585019133e+00  ,6.188334307131e-01  ,8.999589063169e-01  ,9.016847298664e-01  ,2.426663967506e-01  ,1.557251415883e+00  ,1.211101445223e+00  ,5.922680145099e-01  
  9.045330027516e-08  ,-1.309806140285e+00  ,6.159236633603e-01  ,8.999589343559e-01  ,9.016722677566e-01  ,2.450558642135e-01  ,1.554862004498e+00  ,1.209634099437e+00  ,5.937104360765e-01  
  9.055330103661e-08  ,-1.304820433697e+00  ,6.129232718243e-01  ,8.999589629204e-01  ,9.016593886682e-01  ,2.475487460722e-01  ,1.552369179769e+00  ,1.208121024580e+00  ,5.951977527561e-01  
  9.065330179806e-08  ,-1.299628682252e+00  ,6.098325094006e-01  ,8.999589920066e-01  ,9.016460929552e-01  ,2.501446508806e-01  ,1.549773333133e+00  ,1.206562347656e+00  ,5.967298382549e-01  
  9.075330255951e-08  ,-1.294231700299e+00  ,6.066516433789e-01  ,8.999590216111e-01  ,9.016323816552e-01  ,2.528431714616e-01  ,1.547074871761e+00  ,1.204958203345e+00  ,5.983065599658e-01  
  9.085330332096e-08  ,-1.288630334059e+00  ,6.033809550444e-01  ,8.999590517311e-01  ,9.016182564943e-01  ,2.556438847019e-01  ,1.544274218760e+00  ,1.203308734017e+00  ,5.999277789721e-01  
  9.095330408241e-08  ,-1.282825461756e+00  ,6.000207396689e-01  ,8.999590823632e-01  ,9.016037199650e-01  ,2.585463514853e-01  ,1.541371813241e+00  ,1.201614089799e+00  ,6.015933501305e-01  
  9.105330484386e-08  ,-1.276817993603e+00  ,5.965713064984e-01  ,8.999591135047e-01  ,9.015887753510e-01  ,2.615501167035e-01  ,1.538368110306e+00  ,1.199874428600e+00  ,6.033031221018e-01  
  9.115330560531e-08  ,-1.270608871700e+00  ,5.930329787444e-01  ,8.999591451530e-01  ,9.015734266464e-01  ,2.646547093028e-01  ,1.535263581003e+00  ,1.198089916019e+00  ,6.050569372742e-01  
  9.125330636676e-08  ,-1.264199069918e+00  ,5.894060935771e-01  ,8.999591773051e-01  ,9.015576785023e-01  ,2.678596423460e-01  ,1.532058712264e+00  ,1.196260725291e+00  ,6.068546317137e-01  
  9.135330712821e-08  ,-1.257589593744e+00  ,5.856910021048e-01  ,8.999592099592e-01  ,9.015415363099e-01  ,2.711644130870e-01  ,1.528754006831e+00  ,1.194387037362e+00  ,6.086960352575e-01  
  9.145330788966e-08  ,-1.250781480122e+00  ,5.818880693452e-01  ,8.999592431125e-01  ,9.015250062611e-01  ,2.745685030515e-01  ,1.525349983174e+00  ,1.192469040934e+00  ,6.105809715885e-01  
  9.155330865111e-08  ,-1.243775797284e+00  ,5.779976742041e-01  ,8.999592767625e-01  ,9.015080952096e-01  ,2.780713781206e-01  ,1.521847175404e+00  ,1.190506932312e+00  ,6.125092581075e-01  
  9.165330941256e-08  ,-1.236573644578e+00  ,5.740202094614e-01  ,8.999593109070e-01  ,9.014908104829e-01  ,2.816724886179e-01  ,1.518246133196e+00  ,1.188500915214e+00  ,6.144807057522e-01  
  9.175331017401e-08  ,-1.229176152297e+00  ,5.699560817520e-01  ,8.999593455436e-01  ,9.014731598653e-01  ,2.853712693949e-01  ,1.514547421692e+00  ,1.186451200741e+00  ,6.164951189893e-01  
  9.185331093545e-08  ,-1.221584481498e+00  ,5.658057115361e-01  ,8.999593806699e-01  ,9.014551517028e-01  ,2.891671399211e-01  ,1.510751621419e+00  ,1.184358007471e+00  ,6.185522959347e-01  
  9.195331169690e-08  ,-1.213799823814e+00  ,5.615695330601e-01  ,8.999594162837e-01  ,9.014367948837e-01  ,2.930595043764e-01  ,1.506859328191e+00  ,1.182221561414e+00  ,6.206520283537e-01  
  9.205331245835e-08  ,-1.205823401276e+00  ,5.572479943267e-01  ,8.999594523821e-01  ,9.014180986288e-01  ,2.970477517439e-01  ,1.502871153020e+00  ,1.180042095792e+00  ,6.227941014655e-01  
  9.215331321980e-08  ,-1.197656671785e+00  ,5.528416366918e-01  ,8.999594889628e-01  ,9.013990739843e-01  ,3.011311530703e-01  ,1.498787824855e+00  ,1.177819892330e+00  ,6.249782556384e-01  
  9.225331398125e-08  ,-1.189300491296e+00  ,5.483507786309e-01  ,8.999595260239e-01  ,9.013797274808e-01  ,3.053092803760e-01  ,1.494609771672e+00  ,1.175555116796e+00  ,6.272043381653e-01  
  9.235331474270e-08  ,-1.180756384065e+00  ,5.437759865725e-01  ,8.999595635615e-01  ,9.013600707954e-01  ,3.095813715290e-01  ,1.490337755594e+00  ,1.173248064082e+00  ,6.294720775092e-01  
  9.245331550415e-08  ,-1.172025919183e+00  ,5.391178496320e-01  ,8.999596015720e-01  ,9.013401160259e-01  ,3.139466419803e-01  ,1.485972561164e+00  ,1.170899040842e+00  ,6.317811912099e-01  
  9.255331626560e-08  ,-1.163110013458e+00  ,5.343767134830e-01  ,8.999596400536e-01  ,9.013198701015e-01  ,3.184046333244e-01  ,1.481514646783e+00  ,1.168508226843e+00  ,6.341315133600e-01  
  9.265331702705e-08  ,-1.154010296418e+00  ,5.295531920635e-01  ,8.999596790016e-01  ,9.012993451090e-01  ,3.229545307928e-01  ,1.476964827210e+00  ,1.166075941141e+00  ,6.365227490772e-01  
  9.275331778850e-08  ,-1.144728204854e+00  ,5.246478286324e-01  ,8.999597184117e-01  ,9.012785513619e-01  ,3.275956159847e-01  ,1.472323820839e+00  ,1.163602465678e+00  ,6.389546370457e-01  
  9.285331854995e-08  ,-1.135265438355e+00  ,5.196612752542e-01  ,8.999597582799e-01  ,9.012575008822e-01  ,3.323270391027e-01  ,1.467592477457e+00  ,1.161088138509e+00  ,6.414268632551e-01  
  9.295331931140e-08  ,-1.125622989063e+00  ,5.145939134423e-01  ,8.999597986028e-01  ,9.012362004732e-01  ,3.371483040711e-01  ,1.462771293135e+00  ,1.158533157194e+00  ,6.439392437520e-01  
  9.305332007285e-08  ,-1.115802618834e+00  ,5.094464197135e-01  ,8.999598393739e-01  ,9.012146618616e-01  ,3.420585299569e-01  ,1.457861148791e+00  ,1.155937871718e+00  ,6.464914520048e-01  
  9.315332083430e-08  ,-1.105805877930e+00  ,5.042193906944e-01  ,8.999598805878e-01  ,9.011928947448e-01  ,3.470569416228e-01  ,1.452862819553e+00  ,1.153302590092e+00  ,6.490831993976e-01  
  9.325332159575e-08  ,-1.095634596371e+00  ,4.989135404155e-01  ,8.999599222386e-01  ,9.011709101587e-01  ,3.521426240532e-01  ,1.447777220424e+00  ,1.150627680366e+00  ,6.517141399510e-01  
  9.335332235719e-08  ,-1.085289840426e+00  ,4.935292856493e-01  ,8.999599643216e-01  ,9.011487143016e-01  ,3.573150441087e-01  ,1.442604884535e+00  ,1.147913357126e+00  ,6.543840714769e-01  
  9.345332311864e-08  ,-1.074773501508e+00  ,4.880673644569e-01  ,8.999600068287e-01  ,9.011263178240e-01  ,3.625732560745e-01  ,1.437346757583e+00  ,1.145160000052e+00  ,6.570926355955e-01  
  9.355332388009e-08  ,-1.064087240074e+00  ,4.825284259011e-01  ,8.999600497527e-01  ,9.011037294006e-01  ,3.679164297156e-01  ,1.432003669790e+00  ,1.142367942351e+00  ,6.598395164501e-01  
  9.365332464154e-08  ,-1.053232738510e+00  ,4.769131319813e-01  ,8.999600930863e-01  ,9.010809573075e-01  ,3.733437238315e-01  ,1.426576462341e+00  ,1.139537523298e+00  ,6.626243913169e-01  
  9.375332540299e-08  ,-1.042211981475e+00  ,4.712222725230e-01  ,8.999601368203e-01  ,9.010580107455e-01  ,3.788541460826e-01  ,1.421066127558e+00  ,1.136669147007e+00  ,6.654468744840e-01  
  9.385332616444e-08  ,-1.031026123736e+00  ,4.654563073771e-01  ,8.999601809486e-01  ,9.010348946884e-01  ,3.844471190806e-01  ,1.415473242817e+00  ,1.133763048377e+00  ,6.683067409999e-01  
  9.395332692589e-08  ,-1.019677211613e+00  ,4.596160497569e-01  ,8.999602254605e-01  ,9.010116174873e-01  ,3.901216196541e-01  ,1.409798831267e+00  ,1.130819642366e+00  ,6.712035926089e-01  
  9.405332768734e-08  ,-1.008167037576e+00  ,4.537022126833e-01  ,8.999602703464e-01  ,9.009881856964e-01  ,3.958767515587e-01  ,1.404043789134e+00  ,1.127839292038e+00  ,6.741370793547e-01  
  9.415332844879e-08  ,-9.964974144572e-01  ,4.477155217230e-01  ,8.999603155970e-01  ,9.009646055249e-01  ,4.017116083684e-01  ,1.398209022826e+00  ,1.124822366386e+00  ,6.771068446635e-01  
  9.425332921024e-08  ,-9.846704763975e-01  ,4.416568403274e-01  ,8.999603612007e-01  ,9.009408836712e-01  ,4.076251230019e-01  ,1.392295599399e+00  ,1.121769303835e+00  ,6.801124635076e-01  
  9.435332997169e-08  ,-9.726874628668e-01  ,4.355266701594e-01  ,8.999604071500e-01  ,9.009170236215e-01  ,4.136166757165e-01  ,1.386304138583e+00  ,1.118680358701e+00  ,6.831536885418e-01  
  9.445333073314e-08  ,-9.605505679979e-01  ,4.293258973352e-01  ,8.999604534322e-01  ,9.008930311984e-01  ,4.196851694332e-01  ,1.380235737431e+00  ,1.115555979866e+00  ,6.862300825308e-01  
  9.455333149459e-08  ,-9.482620203320e-01  ,4.230554283552e-01  ,8.999605000346e-01  ,9.008689117334e-01  ,4.258294898686e-01  ,1.374091510201e+00  ,1.112396625911e+00  ,6.893411975558e-01  
  9.465333225604e-08  ,-9.358231101119e-01  ,4.167157892793e-01  ,8.999605469497e-01  ,9.008446681279e-01  ,4.320489918937e-01  ,1.367872102006e+00  ,1.109202562768e+00  ,6.924867734882e-01  
  9.475333301749e-08  ,-9.232364380456e-01  ,4.103080442229e-01  ,8.999605941618e-01  ,9.008203057227e-01  ,4.383423751390e-01  ,1.361578813185e+00  ,1.105974327834e+00  ,6.956662836112e-01  
  9.485333377893e-08  ,-9.105033295220e-01  ,4.038327352072e-01  ,8.999606416629e-01  ,9.007958267634e-01  ,4.447089769019e-01  ,1.355212306424e+00  ,1.102712194367e+00  ,6.988794591598e-01  
  9.495333454038e-08  ,-8.976261250220e-01  ,3.972908186635e-01  ,8.999606894392e-01  ,9.007712349201e-01  ,4.511476269281e-01  ,1.348773751950e+00  ,1.099416644252e+00  ,7.021258255884e-01  
  9.505333530183e-08  ,-8.846068613636e-01  ,3.906831292460e-01  ,8.999607374788e-01  ,9.007465330522e-01  ,4.576573067970e-01  ,1.342264168161e+00  ,1.096088097675e+00  ,7.054049684292e-01  
  9.515333606328e-08  ,-8.714479234922e-01  ,3.840106564982e-01  ,8.999607857684e-01  ,9.007217243204e-01  ,4.642368240223e-01  ,1.335684747515e+00  ,1.092727052570e+00  ,7.087163960713e-01  
  9.525333682473e-08  ,-8.581506914554e-01  ,3.772739735430e-01  ,8.999608343000e-01  ,9.006968102512e-01  ,4.708854885723e-01  ,1.329036180028e+00  ,1.089333797023e+00  ,7.120598234796e-01  
  9.535333758618e-08  ,-8.447176038235e-01  ,3.704740909681e-01  ,8.999608830591e-01  ,9.006717931990e-01  ,4.776020811474e-01  ,1.322319684971e+00  ,1.085908838683e+00  ,7.154347477149e-01  
  9.545333834763e-08  ,-8.311507841936e-01  ,3.636118893461e-01  ,8.999609320342e-01  ,9.006466748666e-01  ,4.843855399374e-01  ,1.315536324131e+00  ,1.082452619540e+00  ,7.188407301936e-01  
  9.555333910908e-08  ,-8.174527175678e-01  ,3.566884112397e-01  ,8.999609812131e-01  ,9.006214574963e-01  ,4.912346224292e-01  ,1.308687339997e+00  ,1.078965663116e+00  ,7.222772518765e-01  
  9.565333987053e-08  ,-8.036248406979e-01  ,3.497042597695e-01  ,8.999610305878e-01  ,9.005961423712e-01  ,4.981486102389e-01  ,1.301773450937e+00  ,1.075448272256e+00  ,7.257440124864e-01  
  9.575334063198e-08  ,-7.896696909571e-01  ,3.426604977049e-01  ,8.999610801446e-01  ,9.005707314735e-01  ,5.051262346661e-01  ,1.294795925623e+00  ,1.071900980326e+00  ,7.292404826210e-01  
  9.585334139343e-08  ,-7.755894753355e-01  ,3.355580497611e-01  ,8.999611298734e-01  ,9.005452260787e-01  ,5.121663922056e-01  ,1.287755867541e+00  ,1.068324250959e+00  ,7.327662011982e-01  
  9.595334215488e-08  ,-7.613867736125e-01  ,3.283980093850e-01  ,8.999611797631e-01  ,9.005196278238e-01  ,5.192677929569e-01  ,1.280654566569e+00  ,1.064718632516e+00  ,7.363206231313e-01  
  9.605334291633e-08  ,-7.470630758728e-01  ,3.211810084598e-01  ,8.999612298067e-01  ,9.004939378338e-01  ,5.264296918703e-01  ,1.273492767743e+00  ,1.061084442064e+00  ,7.399034336038e-01  
  9.615334367778e-08  ,-7.326210121815e-01  ,3.139081597513e-01  ,8.999612799915e-01  ,9.004681580010e-01  ,5.336507739008e-01  ,1.266271786082e+00  ,1.057422237877e+00  ,7.435140781254e-01  
  9.625334443923e-08  ,-7.180632361906e-01  ,3.065805933306e-01  ,8.999613303081e-01  ,9.004422898188e-01  ,5.409297122128e-01  ,1.258992948403e+00  ,1.053732586484e+00  ,7.471519931535e-01  
  9.635334520067e-08  ,-7.033912773608e-01  ,2.991989617779e-01  ,8.999613807507e-01  ,9.004163340880e-01  ,5.482657420703e-01  ,1.251657019431e+00  ,1.050015814977e+00  ,7.508168531991e-01  
  9.645334596212e-08  ,-6.886078330798e-01  ,2.917644138397e-01  ,8.999614313088e-01  ,9.003902924813e-01  ,5.556575147688e-01  ,1.244265347849e+00  ,1.046272499401e+00  ,7.545080855614e-01  
  9.655334672357e-08  ,-6.737152432174e-01  ,2.842779468020e-01  ,8.999614819736e-01  ,9.003641669112e-01  ,5.631038603649e-01  ,1.236819103582e+00  ,1.042503140312e+00  ,7.582251935102e-01  
  9.665334748502e-08  ,-6.587162376207e-01  ,2.767407375413e-01  ,8.999615327384e-01  ,9.003379596528e-01  ,5.706034139280e-01  ,1.229319651549e+00  ,1.038708328423e+00  ,7.619675908821e-01  
  9.675334824647e-08  ,-6.436129008013e-01  ,2.691536927679e-01  ,8.999615835970e-01  ,9.003116723899e-01  ,5.781551331964e-01  ,1.221768033998e+00  ,1.034888518774e+00  ,7.657348260059e-01  
  9.685334900792e-08  ,-6.284069503721e-01  ,2.615175536914e-01  ,8.999616345440e-01  ,9.002853066291e-01  ,5.857581593580e-01  ,1.214165109730e+00  ,1.031044083475e+00  ,7.695265297833e-01  
  9.695334976937e-08  ,-6.131013209716e-01  ,2.538335818144e-01  ,8.999616855704e-01  ,9.002588652416e-01  ,5.934110250846e-01  ,1.206512346056e+00  ,1.027175656149e+00  ,7.733420743345e-01  
  9.705335053082e-08  ,-5.976984457725e-01  ,2.461028223282e-01  ,8.999617366701e-01  ,9.002323511194e-01  ,6.011125137838e-01  ,1.198810959556e+00  ,1.023283762283e+00  ,7.771809399552e-01  
  9.715335129227e-08  ,-5.822007605550e-01  ,2.383263295702e-01  ,8.999617878385e-01  ,9.002057672536e-01  ,6.088614075610e-01  ,1.191062168116e+00  ,1.019368932039e+00  ,7.810426024685e-01  
  9.725335205372e-08  ,-5.666111048220e-01  ,2.305053458471e-01  ,8.999618390701e-01  ,9.001791170249e-01  ,6.166562866591e-01  ,1.183267391481e+00  ,1.015431789948e+00  ,7.849264441013e-01  
  9.735335281517e-08  ,-5.509316445347e-01  ,2.226408268415e-01  ,8.999618903609e-01  ,9.001524032701e-01  ,6.244960680935e-01  ,1.175427712628e+00  ,1.011472816691e+00  ,7.888319898493e-01  
  9.745335357662e-08  ,-5.351647423194e-01  ,2.147338147022e-01  ,8.999619417065e-01  ,9.001256295104e-01  ,6.323795705468e-01  ,1.167544312866e+00  ,1.007492536862e+00  ,7.927587221593e-01  
  9.755335433807e-08  ,-5.193128422813e-01  ,2.067853859741e-01  ,8.999619931022e-01  ,9.000987997795e-01  ,6.403055719615e-01  ,1.159618414243e+00  ,1.003491492767e+00  ,7.967061067925e-01  
  9.765335509952e-08  ,-5.033778206225e-01  ,1.987963597847e-01  ,8.999620445436e-01  ,9.000719173182e-01  ,6.482731342324e-01  ,1.151650954855e+00  ,9.994700972106e-01  ,8.006737374259e-01  
  9.775335586097e-08  ,-4.873628354423e-01  ,1.907681104088e-01  ,8.999620960244e-01  ,9.000449876970e-01  ,6.562806783032e-01  ,1.143643513746e+00  ,9.954290429014e-01  ,8.046609324926e-01  
  9.785335662241e-08  ,-4.712708526970e-01  ,1.827019394450e-01  ,8.999621475409e-01  ,9.000180165567e-01  ,6.643267211924e-01  ,1.135597573889e+00  ,9.913689862792e-01  ,8.086670468343e-01  
  9.795335738386e-08  ,-4.551041169468e-01  ,1.745988468077e-01  ,8.999621990909e-01  ,8.999910086073e-01  ,6.724101406174e-01  ,1.127514257564e+00  ,9.872904320112e-01  ,8.126915852035e-01  
  9.805335814531e-08  ,-4.388644715343e-01  ,1.664596485859e-01  ,8.999622506706e-01  ,8.999639678941e-01  ,6.805300149035e-01  ,1.119394486438e+00  ,9.831937921871e-01  ,8.167341436012e-01  
  9.815335890676e-08  ,-4.225550580469e-01  ,1.582857316298e-01  ,8.999623022737e-01  ,8.999369015502e-01  ,6.886847732503e-01  ,1.111239831297e+00  ,9.790797673651e-01  ,8.207940357353e-01  
  9.825335966821e-08  ,-4.061788848752e-01  ,1.500784334407e-01  ,8.999623538961e-01  ,8.999098169293e-01  ,6.968729114585e-01  ,1.103051796334e+00  ,9.749490336497e-01  ,8.248706002090e-01  
  9.835336042966e-08  ,-3.897376751190e-01  ,1.418385231673e-01  ,8.999624055351e-01  ,8.998827183648e-01  ,7.050935679756e-01  ,1.094831243095e+00  ,9.708019799485e-01  ,8.289634567811e-01  
  9.845336119111e-08  ,-3.732344590128e-01  ,1.335673515893e-01  ,8.999624571848e-01  ,8.998556136026e-01  ,7.133452276784e-01  ,1.086579686691e+00  ,9.666392893973e-01  ,8.330719378080e-01  
  9.855336195256e-08  ,-3.566718502381e-01  ,1.252660854396e-01  ,8.999625088403e-01  ,8.998285096669e-01  ,7.216265837213e-01  ,1.078298433959e+00  ,9.624615523867e-01  ,8.371954669471e-01  
  9.865336271401e-08  ,-3.400528851202e-01  ,1.169360951688e-01  ,8.999625604984e-01  ,8.998014154072e-01  ,7.299361179383e-01  ,1.069989003058e+00  ,9.582694629916e-01  ,8.413333678228e-01  
  9.875336347546e-08  ,-3.233798726833e-01  ,1.085784317512e-01  ,8.999626121543e-01  ,8.997743380432e-01  ,7.382726758127e-01  ,1.061652548496e+00  ,9.540635539188e-01  ,8.454851221676e-01  
  9.885336423691e-08  ,-3.066553263671e-01  ,1.001942387925e-01  ,8.999626638026e-01  ,8.997472855790e-01  ,7.466350006190e-01  ,1.053290326986e+00  ,9.498444049753e-01  ,8.496501661827e-01  
  9.895336499836e-08  ,-2.898812048091e-01  ,9.178439947367e-02  ,8.999627154381e-01  ,8.997202642606e-01  ,7.550221130335e-01  ,1.044903317843e+00  ,9.456124639974e-01  ,8.538280645237e-01  
  9.905336575981e-08  ,-2.730608127617e-01  ,8.335039807146e-02  ,8.999627670520e-01  ,8.996932846905e-01  ,7.634323606712e-01  ,1.036493173433e+00  ,9.413684837263e-01  ,8.580180856548e-01  
  9.915336652126e-08  ,-2.561968337434e-01  ,7.489343971588e-02  ,8.999628186383e-01  ,8.996663557384e-01  ,7.718644017666e-01  ,1.028061235510e+00  ,9.371130755963e-01  ,8.622196358804e-01  
  9.925336728271e-08  ,-2.392919401416e-01  ,6.641473531079e-02  ,8.999628701912e-01  ,8.996394865056e-01  ,7.803169001204e-01  ,1.019608840262e+00  ,9.328468541610e-01  ,8.664321188502e-01  
  9.935336804415e-08  ,-2.223492320462e-01  ,5.791570515336e-02  ,8.999629217024e-01  ,8.996126875380e-01  ,7.887883056793e-01  ,1.011137537725e+00  ,9.285705401146e-01  ,8.706548349613e-01  
  9.945336880560e-08  ,-2.053710637733e-01  ,4.939743695674e-02  ,8.999629731657e-01  ,8.995859667730e-01  ,7.972774412790e-01  ,1.002648505052e+00  ,9.242846852514e-01  ,8.748872482946e-01  
  9.955336956705e-08  ,-1.883593687083e-01  ,4.086081694675e-02  ,8.999630245751e-01  ,8.995593307549e-01  ,8.057833402209e-01  ,9.941427089292e-01  ,9.199897392282e-01  ,8.791289222815e-01  
  9.965337032850e-08  ,-1.713174400771e-01  ,3.230734873546e-02  ,8.999630759193e-01  ,8.995327908021e-01  ,8.143043558807e-01  ,9.856217959578e-01  ,9.156864651699e-01  ,8.833791164344e-01  
  9.975337108995e-08  ,-1.542484246572e-01  ,2.373847659987e-02  ,8.999631271888e-01  ,8.995063581281e-01  ,8.228389148602e-01  ,9.770873395174e-01  ,9.113755964281e-01  ,8.876371198282e-01  
  9.985337185140e-08  ,-1.371542341281e-01  ,1.515502897015e-02  ,8.999631783732e-01  ,8.994800390621e-01  ,8.313860613091e-01  ,9.685402954372e-01  ,9.070575535472e-01  ,8.919025245770e-01  
  9.995337261285e-08  ,-1.200381793820e-01  ,6.558458624838e-03  ,8.999632294591e-01  ,8.994538444805e-01  ,8.399441397681e-01  ,9.599823191501e-01  ,9.027330737929e-01  ,8.961746151680e-01  
  1.000533733743e-07  ,-1.029033127496e-01  ,-2.049774307157e-03  ,8.999632804477e-01  ,8.994277849624e-01  ,8.485116240729e-01  ,9.514149368225e-01  ,8.984028978088e-01  ,9.004526721160e-01  
  1.001533741357e-07  ,-8.575191850155e-02  ,-1.066855307180e-02  ,8.999633313324e-01  ,8.994018685169e-01  ,8.570873720816e-01  ,9.428392905832e-01  ,8.940675919810e-01  ,9.047361450528e-01  
  1.002533748972e-07  ,-6.858653808467e-02  ,-1.929666478958e-02  ,8.999633820988e-01  ,8.993761036962e-01  ,8.656701130565e-01  ,9.342566511411e-01  ,8.897277713014e-01  ,9.090244360910e-01  
  1.003533756586e-07  ,-5.140913258404e-02  ,-2.793317440617e-02  ,8.999634327389e-01  ,8.993504969993e-01  ,8.742588664469e-01  ,9.256679990309e-01  ,8.853839097962e-01  ,9.133170842023e-01  
  1.004533764201e-07  ,-3.422345781102e-02  ,-3.657630113429e-02  ,8.999634832401e-01  ,8.993250606675e-01  ,8.828517543346e-01  ,9.170752121456e-01  ,8.810369101003e-01  ,9.176132112346e-01  
  1.005533771815e-07  ,-1.703124286979e-02  ,-4.522519816409e-02  ,8.999635335985e-01  ,8.992998003616e-01  ,8.914479121636e-01  ,9.084791550334e-01  ,8.766872012796e-01  ,9.219123994437e-01  
  1.006533779430e-07  ,1.639723617193e-04  ,-5.387816874171e-02  ,8.999635837990e-01  ,8.992747268639e-01  ,9.000455699798e-01  ,8.998815976181e-01  ,8.723356424930e-01  ,9.262138112347e-01  
  1.007533787044e-07  ,1.736043747760e-02  ,-6.253436195555e-02  ,8.999636338362e-01  ,8.992498450564e-01  ,9.086438525750e-01  ,8.912834150974e-01  ,8.679826640787e-01  ,9.305170260342e-01  
  1.008533794659e-07  ,3.455453522490e-02  ,-7.119207326673e-02  ,8.999636836934e-01  ,8.992251643783e-01  ,9.172409513059e-01  ,8.826864160810e-01  ,8.636291277449e-01  ,9.348212010116e-01  
  1.009533802273e-07  ,5.174372544851e-02  ,-7.985016312182e-02  ,8.999637333560e-01  ,8.992006908362e-01  ,9.258355960803e-01  ,8.740918706318e-01  ,8.592756092753e-01  ,9.391257723972e-01  
  1.010533809888e-07  ,6.892592990179e-02  ,-8.850770455935e-02  ,8.999637828127e-01  ,8.991764290208e-01  ,9.344267477636e-01  ,8.655008178619e-01  ,8.549225767412e-01  ,9.434302813005e-01  
  1.011533817502e-07  ,8.609765122845e-02  ,-9.716312718432e-02  ,8.999638320488e-01  ,8.991523857794e-01  ,9.430126576631e-01  ,8.569150064346e-01  ,8.505708221872e-01  ,9.477339493716e-01  
  1.012533825117e-07  ,1.032560935338e-01  ,-1.058151430593e-01  ,8.999638810562e-01  ,8.991285647179e-01  ,9.515919278231e-01  ,8.483358342893e-01  ,8.462209931882e-01  ,9.520361362476e-01  
  1.013533832731e-07  ,1.203980890093e-01  ,-1.144622468878e-01  ,8.999639298243e-01  ,8.991049689134e-01  ,9.601629743289e-01  ,8.397648853196e-01  ,8.418738454695e-01  ,9.563360923573e-01  
  1.014533840346e-07  ,1.375218399463e-01  ,-1.231035773709e-01  ,8.999639783471e-01  ,8.990816004526e-01  ,9.687248983202e-01  ,8.312030583739e-01  ,8.375298117671e-01  ,9.606333891380e-01  
  1.015533847960e-07  ,1.546241967076e-01  ,-1.317376263085e-01  ,8.999640266132e-01  ,8.990584634830e-01  ,9.772761249671e-01  ,8.226519282594e-01  ,8.331896503288e-01  ,9.649272766373e-01  
  1.016533855575e-07  ,1.717020305865e-01  ,-1.403628833452e-01  ,8.999640746120e-01  ,8.990355622476e-01  ,9.858150899052e-01  ,8.141130593187e-01  ,8.288541205750e-01  ,9.692170039202e-01  
  1.017533863189e-07  ,1.887535547676e-01  ,-1.489784846458e-01  ,8.999641223381e-01  ,8.990128985537e-01  ,9.943408997219e-01  ,8.055873449543e-01  ,8.245236562308e-01  ,9.735021408766e-01  
  1.018533870804e-07  ,2.057752018848e-01  ,-1.575827015666e-01  ,8.999641697816e-01  ,8.989904756267e-01  ,1.002851770724e+00  ,7.970765688392e-01  ,8.201991248433e-01  ,9.777818264100e-01  
  1.019533878418e-07  ,2.227651833428e-01  ,-1.661746691304e-01  ,8.999642169364e-01  ,8.989682951289e-01  ,1.011346808608e+00  ,7.885816252650e-01  ,8.158809605637e-01  ,9.820556296941e-01  
  1.020533886033e-07  ,2.397199327681e-01  ,-1.747526571308e-01  ,8.999642637911e-01  ,8.989463604678e-01  ,1.019824230175e+00  ,7.801042974070e-01  ,8.115700319024e-01  ,9.863226890332e-01  
  1.021533893647e-07  ,2.566370896990e-01  ,-1.833155119930e-01  ,8.999643103373e-01  ,8.989246728759e-01  ,1.028282855187e+00  ,7.716457654878e-01  ,8.072669168794e-01  ,9.905824288724e-01  
  1.022533901262e-07  ,2.735140998822e-01  ,-1.918619841226e-01  ,8.999643565658e-01  ,8.989032321222e-01  ,1.036721406507e+00  ,7.632073066247e-01  ,8.029722400609e-01  ,9.948342241835e-01  
  1.023533908876e-07  ,2.903483425988e-01  ,-2.003907920960e-01  ,8.999644024672e-01  ,8.988820367142e-01  ,1.045138573767e+00  ,7.547902311678e-01  ,7.986866406662e-01  ,9.990774327623e-01  
  1.024533916491e-07  ,3.071371743679e-01  ,-2.089006442051e-01  ,8.999644480328e-01  ,8.988610846475e-01  ,1.053533035217e+00  ,7.463958608488e-01  ,7.944107625449e-01  ,1.003311406750e+00  
  1.025533924105e-07  ,3.238779456671e-01  ,-2.173902458079e-01  ,8.999644932542e-01  ,8.988403739784e-01  ,1.061903466088e+00  ,7.380255204207e-01  ,7.901452510744e-01  ,1.007535496882e+00  
  1.026533931720e-07  ,3.405686550787e-01  ,-2.258586255379e-01  ,8.999645381252e-01  ,8.988199033789e-01  ,1.070248865665e+00  ,7.296802105858e-01  ,7.858905906099e-01  ,1.011749216148e+00  
  1.027533939334e-07  ,3.572059615723e-01  ,-2.343041649703e-01  ,8.999645826356e-01  ,8.987996707363e-01  ,1.078567563422e+00  ,7.213616018494e-01  ,7.816475882512e-01  ,1.015951753221e+00  
  1.028533946949e-07  ,3.737872048405e-01  ,-2.427255706024e-01  ,8.999646267795e-01  ,8.987796744247e-01  ,1.086858229200e+00  ,7.130710243592e-01  ,7.774168891235e-01  ,1.020142459726e+00  
  1.029533954563e-07  ,3.903093350438e-01  ,-2.511213351563e-01  ,8.999646705513e-01  ,8.987599127960e-01  ,1.095119338073e+00  ,7.048100030295e-01  ,7.731992452179e-01  ,1.024320580374e+00  
  1.030533962178e-07  ,4.067700563613e-01  ,-2.594903118745e-01  ,8.999647139457e-01  ,8.987403850686e-01  ,1.103349742126e+00  ,6.965796857650e-01  ,7.689952291314e-01  ,1.028485541006e+00  
  1.031533969792e-07  ,4.231668855798e-01  ,-2.678312599515e-01  ,8.999647569563e-01  ,8.987210904738e-01  ,1.111548199746e+00  ,6.883813141665e-01  ,7.648054604981e-01  ,1.032636720450e+00  
  1.032533977407e-07  ,4.394978991180e-01  ,-2.761432260672e-01  ,8.999647995781e-01  ,8.987020282872e-01  ,1.119713749137e+00  ,6.802158500191e-01  ,7.606304152536e-01  ,1.036773641321e+00  
  1.033533985021e-07  ,4.557598669784e-01  ,-2.844246151979e-01  ,8.999648418023e-01  ,8.986831968911e-01  ,1.127844775292e+00  ,6.720849083131e-01  ,7.564708892921e-01  ,1.040895504490e+00  
  1.034533992636e-07  ,4.719501933853e-01  ,-2.926741452091e-01  ,8.999648836239e-01  ,8.986645942156e-01  ,1.135939980316e+00  ,6.639897869312e-01  ,7.523275216111e-01  ,1.045001666820e+00  
  1.035534000250e-07  ,4.880659010756e-01  ,-3.008903239021e-01  ,8.999649250383e-01  ,8.986462175683e-01  ,1.143997875576e+00  ,6.559319745005e-01  ,7.482010556172e-01  ,1.049091379519e+00  
  1.036534007865e-07  ,5.041047500648e-01  ,-3.090720173715e-01  ,8.999649660413e-01  ,8.986280652348e-01  ,1.152017341074e+00  ,6.479125910089e-01  ,7.440920565490e-01  ,1.053164073921e+00  
  1.037534015479e-07  ,5.200643193171e-01  ,-3.172179997158e-01  ,8.999650066278e-01  ,8.986101358792e-01  ,1.159997166286e+00  ,6.399328469693e-01  ,7.400011360212e-01  ,1.057219135737e+00  
  1.038534023094e-07  ,5.359427349410e-01  ,-3.253273297445e-01  ,8.999650467933e-01  ,8.985924288895e-01  ,1.167936414264e+00  ,6.319936793228e-01  ,7.359287640173e-01  ,1.061256093762e+00  
  1.039534030708e-07  ,5.517364473925e-01  ,-3.333982232327e-01  ,8.999650865301e-01  ,8.985749440101e-01  ,1.175833310226e+00  ,6.240968628339e-01  ,7.318758323938e-01  ,1.065274055626e+00  
  1.040534038323e-07  ,5.674432430793e-01  ,-3.414295583400e-01  ,8.999651258347e-01  ,8.985576820418e-01  ,1.183686747374e+00  ,6.162435042951e-01  ,7.278429028718e-01  ,1.069272461212e+00  
  1.041534045937e-07  ,5.830613202756e-01  ,-3.494204253763e-01  ,8.999651647037e-01  ,8.985406438402e-01  ,1.191495824842e+00  ,6.084345045659e-01  ,7.238304311521e-01  ,1.073250856528e+00  
  1.042534053552e-07  ,5.985876318671e-01  ,-3.573692878685e-01  ,8.999652031310e-01  ,8.985238311174e-01  ,1.199259019065e+00  ,6.006713871974e-01  ,7.198391871831e-01  ,1.077208475052e+00  
  1.043534061166e-07  ,6.140193104545e-01  ,-3.652746867569e-01  ,8.999652411127e-01  ,8.985072460754e-01  ,1.206974896340e+00  ,5.929555858855e-01  ,7.158699026970e-01  ,1.081144589454e+00  
  1.044534068781e-07  ,6.293547308504e-01  ,-3.731357913208e-01  ,8.999652786469e-01  ,8.984908901257e-01  ,1.214642644072e+00  ,5.852879132217e-01  ,7.119229944654e-01  ,1.085058785786e+00  
  1.045534076395e-07  ,6.445910523931e-01  ,-3.809511509679e-01  ,8.999653157279e-01  ,8.984747657944e-01  ,1.222260841924e+00  ,5.776697895314e-01  ,7.079991903104e-01  ,1.088950341278e+00  
  1.046534084010e-07  ,6.597254719305e-01  ,-3.887193232161e-01  ,8.999653523513e-01  ,8.984588756945e-01  ,1.229828088317e+00  ,5.701026163860e-01  ,7.040992140864e-01  ,1.092818537303e+00  
  1.047534091624e-07  ,6.747558854891e-01  ,-3.964392143410e-01  ,8.999653885149e-01  ,8.984432221384e-01  ,1.237343331259e+00  ,5.625874457703e-01  ,7.002236149679e-01  ,1.096662829309e+00  
  1.048534099239e-07  ,6.896805770609e-01  ,-4.041099382093e-01  ,8.999654242155e-01  ,8.984278073653e-01  ,1.244805712746e+00  ,5.551251356851e-01  ,6.963728382606e-01  ,1.100482776470e+00  
  1.049534106853e-07  ,7.044962620806e-01  ,-4.117297968823e-01  ,8.999654594474e-01  ,8.984126366600e-01  ,1.252213590488e+00  ,5.477173284071e-01  ,6.925477382189e-01  ,1.104277535101e+00  
  1.050534114468e-07  ,7.192008686868e-01  ,-4.192977114075e-01  ,8.999654942082e-01  ,8.983977144811e-01  ,1.259565928552e+00  ,5.403650598648e-01  ,6.887488587773e-01  ,1.108046570185e+00  
  1.051534122082e-07  ,7.337927114707e-01  ,-4.268128079266e-01  ,8.999655284952e-01  ,8.983830446893e-01  ,1.266861884231e+00  ,5.330691727599e-01  ,6.849766407260e-01  ,1.111789448653e+00  
  1.052534129697e-07  ,7.482685713946e-01  ,-4.342734127208e-01  ,8.999655623033e-01  ,8.983686351091e-01  ,1.274099848001e+00  ,5.258312766060e-01  ,6.812319287487e-01  ,1.115505341470e+00  
  1.053534137311e-07  ,7.626264240745e-01  ,-4.416784631160e-01  ,8.999655956300e-01  ,8.983544911270e-01  ,1.281278807667e+00  ,5.186523835927e-01  ,6.775152595690e-01  ,1.119193722685e+00  
  1.054534144926e-07  ,7.768646237742e-01  ,-4.490270987844e-01  ,8.999656284724e-01  ,8.983406171710e-01  ,1.288397940360e+00  ,5.115333165853e-01  ,6.738270677788e-01  ,1.122854166563e+00  
  1.055534152540e-07  ,7.909803908629e-01  ,-4.563178688623e-01  ,8.999656608255e-01  ,8.983270207285e-01  ,1.295455856257e+00  ,5.044754653940e-01  ,6.701680862973e-01  ,1.126485955160e+00  
  1.056534160155e-07  ,8.049714754880e-01  ,-4.635495958054e-01  ,8.999656926856e-01  ,8.983137077708e-01  ,1.302451430430e+00  ,4.974799549416e-01  ,6.665389098681e-01  ,1.130088505674e+00  
  1.057534167769e-07  ,8.188353068605e-01  ,-4.707209155605e-01  ,8.999657240503e-01  ,8.983006849348e-01  ,1.309383377481e+00  ,4.905480706201e-01  ,6.629402271546e-01  ,1.133661142715e+00  
  1.058534175384e-07  ,8.325704283403e-01  ,-4.778310535514e-01  ,8.999657549170e-01  ,8.982879559841e-01  ,1.316250969087e+00  ,4.836805407468e-01  ,6.593724292084e-01  ,1.137203482760e+00  
  1.059534182998e-07  ,8.461739494362e-01  ,-4.848784681634e-01  ,8.999657852810e-01  ,8.982755287317e-01  ,1.323052759999e+00  ,4.768788105629e-01  ,6.558362946500e-01  ,1.140714762813e+00  
  1.060534190613e-07  ,8.596439756581e-01  ,-4.918621413200e-01  ,8.999658151400e-01  ,8.982634088200e-01  ,1.329787802969e+00  ,4.701438273110e-01  ,6.523323381599e-01  ,1.144194479480e+00  
  1.061534198227e-07  ,8.729789663676e-01  ,-4.987812495769e-01  ,8.999658444912e-01  ,8.982516009720e-01  ,1.336455327675e+00  ,4.634763613074e-01  ,6.488609761835e-01  ,1.147642225760e+00  
  1.062534205842e-07  ,8.861759816502e-01  ,-5.056342184145e-01  ,8.999658733291e-01  ,8.982401143634e-01  ,1.343053864154e+00  ,4.568778825041e-01  ,6.454230051562e-01  ,1.151057223571e+00  
  1.063534213456e-07  ,8.992331771041e-01  ,-5.124200513583e-01  ,8.999659016513e-01  ,8.982289547552e-01  ,1.349582490203e+00  ,4.503493130992e-01  ,6.420189290760e-01  ,1.154438980434e+00  
  1.064534221071e-07  ,9.121485740415e-01  ,-5.191376756217e-01  ,8.999659294544e-01  ,8.982181281033e-01  ,1.356040216475e+00  ,4.438916424337e-01  ,6.386492902925e-01  ,1.157786965914e+00  
  1.065534228685e-07  ,9.249201607971e-01  ,-5.257859987474e-01  ,8.999659567347e-01  ,8.982076401249e-01  ,1.362426037133e+00  ,4.375058763361e-01  ,6.353146407513e-01  ,1.161100639499e+00  
  1.066534236300e-07  ,9.375464166875e-01  ,-5.323641998118e-01  ,8.999659834885e-01  ,8.981974948441e-01  ,1.368739191832e+00  ,4.311927751448e-01  ,6.320153949382e-01  ,1.164379594750e+00  
  1.067534243914e-07  ,9.500244916458e-01  ,-5.388707360580e-01  ,8.999660097099e-01  ,8.981876991713e-01  ,1.374978255533e+00  ,4.249537638870e-01  ,6.287523311423e-01  ,1.167623067200e+00  
  1.068534251529e-07  ,9.623530619160e-01  ,-5.453048887728e-01  ,8.999660353962e-01  ,8.981782557800e-01  ,1.381142566354e+00  ,4.187895044382e-01  ,6.255258113936e-01  ,1.170830700166e+00  
  1.069534259143e-07  ,9.745298276938e-01  ,-5.516654064964e-01  ,8.999660605425e-01  ,8.981691689740e-01  ,1.387230974389e+00  ,4.127011466956e-01  ,6.223364657258e-01  ,1.174001872222e+00  
  1.070534266758e-07  ,9.865525482072e-01  ,-5.579510536674e-01  ,8.999660851443e-01  ,8.981604423655e-01  ,1.393242359248e+00  ,4.066898110407e-01  ,6.191849155318e-01  ,1.177135969199e+00  
  1.071534274372e-07  ,9.984199602514e-01  ,-5.641611307511e-01  ,8.999661091988e-01  ,8.981520779202e-01  ,1.399176089324e+00  ,4.007561290731e-01  ,6.160715125447e-01  ,1.180232643296e+00  
  1.072534281987e-07  ,1.010129863822e+00  ,-5.702944201850e-01  ,8.999661327006e-01  ,8.981440790417e-01  ,1.405031064612e+00  ,3.949012007894e-01  ,6.129968689492e-01  ,1.183291289134e+00  
  1.073534289601e-07  ,1.021680107390e+00  ,-5.763497211694e-01  ,8.999661556446e-01  ,8.981364488753e-01  ,1.410806209339e+00  ,3.891261019497e-01  ,6.099615882906e-01  ,1.186311309460e+00  
  1.074534297216e-07  ,1.033069477914e+00  ,-5.823263543856e-01  ,8.999661780279e-01  ,8.981291889531e-01  ,1.416500916985e+00  ,3.834314390709e-01  ,6.069660117602e-01  ,1.189292366146e+00  
  1.075534304830e-07  ,1.044295863435e+00  ,-5.882231379928e-01  ,8.999661998448e-01  ,8.981223015665e-01  ,1.422114131563e+00  ,3.778182681271e-01  ,6.040107325701e-01  ,1.192233870563e+00  
  1.076534312445e-07  ,1.055357482303e+00  ,-5.940390723033e-01  ,8.999662210901e-01  ,8.981157879117e-01  ,1.427644962242e+00  ,3.722874799387e-01  ,6.010962517601e-01  ,1.195135324063e+00  
  1.077534320059e-07  ,1.066252306478e+00  ,-5.997730058043e-01  ,8.999662417594e-01  ,8.981096485294e-01  ,1.433092394998e+00  ,3.668400885203e-01  ,5.982231456273e-01  ,1.197996151432e+00  
  1.078534327673e-07  ,1.076978825729e+00  ,-6.054240726677e-01  ,8.999662618479e-01  ,8.981038831326e-01  ,1.438455674713e+00  ,3.614768489832e-01  ,5.953918467987e-01  ,1.200815919466e+00  
  1.079534335288e-07  ,1.087535815364e+00  ,-6.109915747281e-01  ,8.999662813515e-01  ,8.980984911455e-01  ,1.443734189033e+00  ,3.561983736696e-01  ,5.926027037815e-01  ,1.203594278510e+00  
  1.080534342902e-07  ,1.097920947140e+00  ,-6.164741820970e-01  ,8.999663002625e-01  ,8.980934708038e-01  ,1.448926773833e+00  ,3.510058266923e-01  ,5.898563797553e-01  ,1.206330561852e+00  
  1.081534350517e-07  ,1.108132771960e+00  ,-6.218710593677e-01  ,8.999663185768e-01  ,8.980888204278e-01  ,1.454032704557e+00  ,3.458999325971e-01  ,5.871532907439e-01  ,1.209024350112e+00  
  1.082534358131e-07  ,1.118170118740e+00  ,-6.271815333026e-01  ,8.999663362905e-01  ,8.980845386105e-01  ,1.459051395660e+00  ,3.408812769207e-01  ,5.844937719592e-01  ,1.211675305262e+00  
  1.083534365746e-07  ,1.128031020595e+00  ,-6.324044735125e-01  ,8.999663533964e-01  ,8.980806229054e-01  ,1.463981863694e+00  ,3.359508430989e-01  ,5.818783861492e-01  ,1.214282859662e+00  
  1.084534373360e-07  ,1.137713658531e+00  ,-6.375388227109e-01  ,8.999663698893e-01  ,8.980770707156e-01  ,1.468823199155e+00  ,3.311095406236e-01  ,5.793076593601e-01  ,1.216846482071e+00  
  1.085534380975e-07  ,1.147217014145e+00  ,-6.425839848443e-01  ,8.999663857660e-01  ,8.980738803926e-01  ,1.473574892839e+00  ,3.263578786935e-01  ,5.767818879704e-01  ,1.219365872815e+00  
  1.086534388589e-07  ,1.156539320458e+00  ,-6.475389250392e-01  ,8.999664010206e-01  ,8.980710488786e-01  ,1.478236061249e+00  ,3.216967407919e-01  ,5.743015863590e-01  ,1.221840511398e+00  
  1.087534396204e-07  ,1.165679097643e+00  ,-6.524027719397e-01  ,8.999664156479e-01  ,8.980685732213e-01  ,1.482805964469e+00  ,3.171268668263e-01  ,5.718671872514e-01  ,1.224269959191e+00  
  1.088534403818e-07  ,1.174634671160e+00  ,-6.571745262386e-01  ,8.999664296433e-01  ,8.980664495261e-01  ,1.487283765223e+00  ,3.126490940634e-01  ,5.694791864068e-01  ,1.226653712645e+00  
  1.089534411433e-07  ,1.183404801483e+00  ,-6.618534399278e-01  ,8.999664430029e-01  ,8.980646744344e-01  ,1.491668843745e+00  ,3.082640422613e-01  ,5.671379544706e-01  ,1.228991394398e+00  
  1.090534419047e-07  ,1.191988487314e+00  ,-6.664389114102e-01  ,8.999664557234e-01  ,8.980632450806e-01  ,1.495960699380e+00  ,3.039722120662e-01  ,5.648437893755e-01  ,1.231282700786e+00  
  1.091534426662e-07  ,1.200383833579e+00  ,-6.709297984981e-01  ,8.999664677988e-01  ,8.980621558206e-01  ,1.500158384588e+00  ,2.997745510093e-01  ,5.625972565715e-01  ,1.233527055070e+00  
  1.092534434276e-07  ,1.208589953891e+00  ,-6.753255650579e-01  ,8.999664792268e-01  ,8.980614039323e-01  ,1.504261456172e+00  ,2.956715022811e-01  ,5.603986214033e-01  ,1.235724186461e+00  
  1.093534441891e-07  ,1.216605315980e+00  ,-6.796252818176e-01  ,8.999664900029e-01  ,8.980609847651e-01  ,1.508269147993e+00  ,2.916638320130e-01  ,5.582483438563e-01  ,1.237873625674e+00  
  1.094534449505e-07  ,1.224428646221e+00  ,-6.838281693123e-01  ,8.999665001238e-01  ,8.980608945197e-01  ,1.512180823234e+00  ,2.877521770132e-01  ,5.561468098635e-01  ,1.239974979176e+00  
  1.095534457120e-07  ,1.232058511515e+00  ,-6.879333368358e-01  ,8.999665095866e-01  ,8.980611289070e-01  ,1.515995765344e+00  ,2.839372538288e-01  ,5.540944604892e-01  ,1.242027797325e+00  
  1.096534464734e-07  ,1.239493857008e+00  ,-6.919401201565e-01  ,8.999665183891e-01  ,8.980616848109e-01  ,1.519713446893e+00  ,2.802195898852e-01  ,5.520916247326e-01  ,1.244031744889e+00  
  1.097534472349e-07  ,1.246733833633e+00  ,-6.958479862187e-01  ,8.999665265295e-01  ,8.980625597766e-01  ,1.523333443346e+00  ,2.765996097131e-01  ,5.501385666672e-01  ,1.245986552886e+00  
  1.098534479963e-07  ,1.253777021722e+00  ,-6.996560436264e-01  ,8.999665340046e-01  ,8.980637497249e-01  ,1.526855044865e+00  ,2.730780231438e-01  ,5.482357279117e-01  ,1.247891771538e+00  
  1.099534487578e-07  ,1.260622124566e+00  ,-7.033634674492e-01  ,8.999665408133e-01  ,8.980652507952e-01  ,1.530277603096e+00  ,2.696554785302e-01  ,5.463835170706e-01  ,1.249746984520e+00  
  1.100534495192e-07  ,1.267268194488e+00  ,-7.069696441850e-01  ,8.999665469550e-01  ,8.980670599953e-01  ,1.533600644199e+00  ,2.663324497108e-01  ,5.445822379028e-01  ,1.251551882088e+00  
  1.101534502807e-07  ,1.273714471389e+00  ,-7.104740822615e-01  ,8.999665524290e-01  ,8.980691749395e-01  ,1.536823788123e+00  ,2.631093167346e-01  ,5.428321338088e-01  ,1.253306216070e+00  
  1.102534510421e-07  ,1.279959688260e+00  ,-7.138759608968e-01  ,8.999665572346e-01  ,8.980715917560e-01  ,1.539946401365e+00  ,2.599867131045e-01  ,5.411336113076e-01  ,1.255009572204e+00  
  1.103534518036e-07  ,1.286002696222e+00  ,-7.171745235290e-01  ,8.999665613721e-01  ,8.980743072809e-01  ,1.542967909483e+00  ,2.569652132610e-01  ,5.394870455164e-01  ,1.256661569045e+00  
  1.104534525650e-07  ,1.291842659885e+00  ,-7.203692092654e-01  ,8.999665648422e-01  ,8.980773194406e-01  ,1.545887894785e+00  ,2.540452348997e-01  ,5.378927148079e-01  ,1.258261924073e+00  
  1.105534533265e-07  ,1.297478911455e+00  ,-7.234595695055e-01  ,8.999665676452e-01  ,8.980806266625e-01  ,1.548706023373e+00  ,2.512271119178e-01  ,5.363508419098e-01  ,1.259810411415e+00  
  1.106534540879e-07  ,1.302910341333e+00  ,-7.264448565430e-01  ,8.999665697819e-01  ,8.980842264679e-01  ,1.551421740449e+00  ,2.485113991153e-01  ,5.348617981964e-01  ,1.261306654739e+00  
  1.107534548494e-07  ,1.308135951508e+00  ,-7.293243844167e-01  ,8.999665712547e-01  ,8.980881170061e-01  ,1.554034547008e+00  ,2.458985955009e-01  ,5.334259247978e-01  ,1.262750309214e+00  
  1.108534556108e-07  ,1.313155020949e+00  ,-7.320976465224e-01  ,8.999665720655e-01  ,8.980922971873e-01  ,1.556544082540e+00  ,2.433890615910e-01  ,5.320434739260e-01  ,1.264141120448e+00  
  1.109534563723e-07  ,1.317966793572e+00  ,-7.347641063721e-01  ,8.999665722166e-01  ,8.980967659546e-01  ,1.558949969002e+00  ,2.409831754307e-01  ,5.307147127686e-01  ,1.265478819141e+00  
  1.110534571337e-07  ,1.322570521605e+00  ,-7.373232278702e-01  ,8.999665717102e-01  ,8.981015222989e-01  ,1.561251832513e+00  ,2.386813109078e-01  ,5.294399083638e-01  ,1.266763136234e+00  
  1.111534578952e-07  ,1.326965655061e+00  ,-7.397746149468e-01  ,8.999665705482e-01  ,8.981065655075e-01  ,1.563449398079e+00  ,2.364837430176e-01  ,5.282192580341e-01  ,1.267993872981e+00  
  1.112534586566e-07  ,1.331151300102e+00  ,-7.421176193860e-01  ,8.999665687341e-01  ,8.981118945097e-01  ,1.565542218785e+00  ,2.343909186833e-01  ,5.270530848167e-01  ,1.269170704203e+00  
  1.113534594181e-07  ,1.335126687067e+00  ,-7.443516653326e-01  ,8.999665662718e-01  ,8.981175086955e-01  ,1.567529909805e+00  ,2.324032227383e-01  ,5.259416760292e-01  ,1.270293341362e+00  
  1.114534601795e-07  ,1.338891269208e+00  ,-7.464763307535e-01  ,8.999665631644e-01  ,8.981234078572e-01  ,1.569412197769e+00  ,2.305209285602e-01  ,5.248852424805e-01  ,1.271361573234e+00  
  1.115534609410e-07  ,1.342444616024e+00  ,-7.484912804001e-01  ,8.999665594143e-01  ,8.981295919163e-01  ,1.571188867426e+00  ,2.287442514026e-01  ,5.238839517163e-01  ,1.272375232116e+00  
  1.116534617024e-07  ,1.345786022478e+00  ,-7.503959592303e-01  ,8.999665550258e-01  ,8.981360608932e-01  ,1.572859566265e+00  ,2.270735437867e-01  ,5.229380812780e-01  ,1.273334040508e+00  
  1.117534624639e-07  ,1.348914877947e+00  ,-7.521898671697e-01  ,8.999665500033e-01  ,8.981428152362e-01  ,1.574423988977e+00  ,2.255091110299e-01  ,5.220478816514e-01  ,1.274237748821e+00  
  1.118534632253e-07  ,1.351830754688e+00  ,-7.538726403145e-01  ,8.999665443502e-01  ,8.981498555274e-01  ,1.575881921694e+00  ,2.240511670060e-01  ,5.212135353702e-01  ,1.275086175685e+00  
  1.119534639868e-07  ,1.354533215345e+00  ,-7.554438975561e-01  ,8.999665380701e-01  ,8.981571824717e-01  ,1.577233145742e+00  ,2.226999303978e-01  ,5.204352336937e-01  ,1.275879131250e+00  
  1.120534647482e-07  ,1.357021840690e+00  ,-7.569032630486e-01  ,8.999665311667e-01  ,8.981647968263e-01  ,1.578477451512e+00  ,2.214556108217e-01  ,5.197131653020e-01  ,1.276616428351e+00  
  1.121534655097e-07  ,1.359296332205e+00  ,-7.582504624882e-01  ,8.999665236426e-01  ,8.981726991818e-01  ,1.579614689745e+00  ,2.203183575399e-01  ,5.190474679377e-01  ,1.277297930426e+00  
  1.122534662711e-07  ,1.361356218432e+00  ,-7.594850517238e-01  ,8.999665155025e-01  ,8.981808905617e-01  ,1.580644624718e+00  ,2.192884062866e-01  ,5.184383646998e-01  ,1.277923416424e+00  
  1.123534670326e-07  ,1.363201171788e+00  ,-7.606066995409e-01  ,8.999665067497e-01  ,8.981893718647e-01  ,1.581567092644e+00  ,2.183659208558e-01  ,5.178860220942e-01  ,1.278492721635e+00  
  1.124534677940e-07  ,1.364830858868e+00  ,-7.616150426689e-01  ,8.999664973883e-01  ,8.981981441694e-01  ,1.582381926822e+00  ,2.175510679543e-01  ,5.173906228349e-01  ,1.279005665504e+00  
  1.125534685555e-07  ,1.366245112127e+00  ,-7.625098849060e-01  ,8.999664874203e-01  ,8.982072080820e-01  ,1.583089043484e+00  ,2.168439313570e-01  ,5.169522656290e-01  ,1.279462150535e+00  
  1.126534693169e-07  ,1.367443661023e+00  ,-7.632908943250e-01  ,8.999664768493e-01  ,8.982165646832e-01  ,1.583688307361e+00  ,2.162446463376e-01  ,5.165711175206e-01  ,1.279862011846e+00  
  1.127534700784e-07  ,1.368426291517e+00  ,-7.639577676487e-01  ,8.999664656786e-01  ,8.982262151836e-01  ,1.584179611437e+00  ,2.157533199203e-01  ,5.162473313592e-01  ,1.280205099008e+00  
  1.128534708398e-07  ,1.369192904170e+00  ,-7.645103430990e-01  ,8.999664539100e-01  ,8.982361603400e-01  ,1.584562905995e+00  ,2.153700018252e-01  ,5.159809887905e-01  ,1.280491331890e+00  
  1.129534716013e-07  ,1.369743347991e+00  ,-7.649483491316e-01  ,8.999664415464e-01  ,8.982464014604e-01  ,1.584838115542e+00  ,2.150947675507e-01  ,5.157722268946e-01  ,1.280720576026e+00  
  1.130534723627e-07  ,1.370077536902e+00  ,-7.652715749292e-01  ,8.999664285901e-01  ,8.982569395637e-01  ,1.585005197041e+00  ,2.149276601392e-01  ,5.156211520991e-01  ,1.280892727028e+00  
  1.131534731242e-07  ,1.370195418885e+00  ,-7.654798271373e-01  ,8.999664150433e-01  ,8.982677755386e-01  ,1.585064124486e+00  ,2.148687056007e-01  ,5.155278619699e-01  ,1.281007689107e+00  
  1.132534738856e-07  ,1.370096976009e+00  ,-7.655729299309e-01  ,8.999664009078e-01  ,8.982789102069e-01  ,1.585014888912e+00  ,2.149179129032e-01  ,5.154924452414e-01  ,1.281065375172e+00  
  1.133534746471e-07  ,1.369782224445e+00  ,-7.655507250779e-01  ,8.999663861853e-01  ,8.982903442911e-01  ,1.584857498408e+00  ,2.150752739628e-01  ,5.155149817521e-01  ,1.281065706830e+00  
  1.134534754085e-07  ,1.369251227620e+00  ,-7.654130519948e-01  ,8.999663708773e-01  ,8.983020783468e-01  ,1.584591984687e+00  ,2.153407570673e-01  ,5.155955523494e-01  ,1.281008604344e+00  
  1.135534761700e-07  ,1.368504067601e+00  ,-7.651598066822e-01  ,8.999663549848e-01  ,8.983141125724e-01  ,1.584218388785e+00  ,2.157143211845e-01  ,5.157342092313e-01  ,1.280894015913e+00  
  1.136534769314e-07  ,1.367540829230e+00  ,-7.647909130156e-01  ,8.999663385087e-01  ,8.983264470598e-01  ,1.583736753124e+00  ,2.161959238936e-01  ,5.159309905520e-01  ,1.280721903568e+00  
  1.137534776929e-07  ,1.366361684033e+00  ,-7.643062556053e-01  ,8.999663214505e-01  ,8.983390818841e-01  ,1.583147163467e+00  ,2.167854794342e-01  ,5.161859540815e-01  ,1.280492209687e+00  
  1.138534784543e-07  ,1.364966821462e+00  ,-7.637057648374e-01  ,8.999663038110e-01  ,8.983520169554e-01  ,1.582449714542e+00  ,2.174828930802e-01  ,5.164991345367e-01  ,1.280204899374e+00  
  1.139534792158e-07  ,1.363356463626e+00  ,-7.629893889485e-01  ,8.999662855908e-01  ,8.983652520163e-01  ,1.581644517404e+00  ,2.182880537779e-01  ,5.168705575421e-01  ,1.279859946491e+00  
  1.140534799772e-07  ,1.361530865993e+00  ,-7.621570940579e-01  ,8.999662667908e-01  ,8.983787865701e-01  ,1.580731699787e+00  ,2.192008337943e-01  ,5.173002395412e-01  ,1.279457333599e+00  
  1.141534807387e-07  ,1.359490369196e+00  ,-7.612088650292e-01  ,8.999662474115e-01  ,8.983926197335e-01  ,1.579711432009e+00  ,2.202210628137e-01  ,5.177881872189e-01  ,1.278997052248e+00  
  1.142534815001e-07  ,1.357235265258e+00  ,-7.601447089532e-01  ,8.999662274533e-01  ,8.984067505930e-01  ,1.578583860082e+00  ,2.213485948242e-01  ,5.183343961164e-01  ,1.278479105070e+00  
  1.143534822616e-07  ,1.354765811092e+00  ,-7.589646400847e-01  ,8.999662069169e-01  ,8.984211782598e-01  ,1.577349112463e+00  ,2.225833013708e-01  ,5.189388582175e-01  ,1.277903498302e+00  
  1.144534830230e-07  ,1.352082470747e+00  ,-7.576686961627e-01  ,8.999661858034e-01  ,8.984359009696e-01  ,1.576007421177e+00  ,2.239249504300e-01  ,5.196015528882e-01  ,1.277270249051e+00  
  1.145534837845e-07  ,1.349185673589e+00  ,-7.562569331699e-01  ,8.999661641136e-01  ,8.984509168044e-01  ,1.574559000908e+00  ,2.253733273191e-01  ,5.203224502194e-01  ,1.276579383389e+00  
  1.146534845459e-07  ,1.346075880053e+00  ,-7.547294251255e-01  ,8.999661418479e-01  ,8.984662235628e-01  ,1.573004081875e+00  ,2.269282018212e-01  ,5.211015110001e-01  ,1.275830936126e+00  
  1.147534853074e-07  ,1.342753582973e+00  ,-7.530862640998e-01  ,8.999661190075e-01  ,8.984818188138e-01  ,1.571342910494e+00  ,2.285893275210e-01  ,5.219386867639e-01  ,1.275024950864e+00  
  1.148534860688e-07  ,1.339219308197e+00  ,-7.513275602272e-01  ,8.999660955934e-01  ,8.984976998655e-01  ,1.569575749692e+00  ,2.303564414950e-01  ,5.228339197519e-01  ,1.274161479979e+00  
  1.149534868303e-07  ,1.335473614848e+00  ,-7.494534417154e-01  ,8.999660716068e-01  ,8.985138637208e-01  ,1.567702879031e+00  ,2.322292641828e-01  ,5.237871428631e-01  ,1.273240584578e+00  
  1.150534875917e-07  ,1.331517195546e+00  ,-7.474640827483e-01  ,8.999660470495e-01  ,8.985303065006e-01  ,1.565724644822e+00  ,2.342074492767e-01  ,5.247982651265e-01  ,1.272262347875e+00  
  1.151534883532e-07  ,1.327350469882e+00  ,-7.453595949162e-01  ,8.999660219228e-01  ,8.985470258325e-01  ,1.563641256864e+00  ,2.362907869816e-01  ,5.258672283744e-01  ,1.271226823291e+00  
  1.152534891146e-07  ,1.322974198000e+00  ,-7.431401855637e-01  ,8.999659962289e-01  ,8.985640174076e-01  ,1.561453095229e+00  ,2.384788972288e-01  ,5.269939246257e-01  ,1.270134110189e+00  
  1.153534898760e-07  ,1.318389076098e+00  ,-7.408060552441e-01  ,8.999659699704e-01  ,8.985812771701e-01  ,1.559160508019e+00  ,2.407714319214e-01  ,5.281782495481e-01  ,1.268984304792e+00  
  1.154534906375e-07  ,1.313595831251e+00  ,-7.383574225917e-01  ,8.999659431492e-01  ,8.985988006729e-01  ,1.556763858775e+00  ,2.431680275235e-01  ,5.294200893771e-01  ,1.267777511969e+00  
  1.155534913989e-07  ,1.308595222432e+00  ,-7.357945243090e-01  ,8.999659157682e-01  ,8.986165831352e-01  ,1.554263526984e+00  ,2.456683045524e-01  ,5.307193209807e-01  ,1.266513845290e+00  
  1.156534921604e-07  ,1.303388040953e+00  ,-7.331176151608e-01  ,8.999658878309e-01  ,8.986346195918e-01  ,1.551659908307e+00  ,2.482718673546e-01  ,5.320758120114e-01  ,1.265193427172e+00  
  1.157534929218e-07  ,1.297975247809e+00  ,-7.303270169430e-01  ,8.999658593407e-01  ,8.986529040153e-01  ,1.548953483245e+00  ,2.509782354361e-01  ,5.334893955438e-01  ,1.263816412487e+00  
  1.158534936833e-07  ,1.292357415843e+00  ,-7.274229255589e-01  ,8.999658303003e-01  ,8.986714327947e-01  ,1.546144538222e+00  ,2.537871223787e-01  ,5.349599700153e-01  ,1.262382895574e+00  
  1.159534944447e-07  ,1.286535573809e+00  ,-7.244056958421e-01  ,8.999658007148e-01  ,8.986901994490e-01  ,1.543233587619e+00  ,2.566980138102e-01  ,5.364873515280e-01  ,1.260893047370e+00  
  1.160534952062e-07  ,1.280510800853e+00  ,-7.212757126089e-01  ,8.999657705891e-01  ,8.987091972468e-01  ,1.540221171016e+00  ,2.597103701626e-01  ,5.380713409423e-01  ,1.259347053551e+00  
  1.161534959676e-07  ,1.274283735558e+00  ,-7.180332077310e-01  ,8.999657399262e-01  ,8.987284223285e-01  ,1.537107607705e+00  ,2.628238721473e-01  ,5.397118184630e-01  ,1.257745026194e+00  
  1.162534967291e-07  ,1.267855521032e+00  ,-7.146785989450e-01  ,8.999657087320e-01  ,8.987478678978e-01  ,1.533893469248e+00  ,2.660379482161e-01  ,5.414085684253e-01  ,1.256087167370e+00  
  1.163534974905e-07  ,1.261227179962e+00  ,-7.112122669289e-01  ,8.999656770121e-01  ,8.987675279724e-01  ,1.530579266993e+00  ,2.693520870311e-01  ,5.431613945080e-01  ,1.254373661437e+00  
  1.164534982520e-07  ,1.254399936675e+00  ,-7.076346801268e-01  ,8.999656447722e-01  ,8.987873953528e-01  ,1.527165613110e+00  ,2.727656764347e-01  ,5.449700552894e-01  ,1.252604735416e+00  
  1.165534990134e-07  ,1.247374513304e+00  ,-7.039461181069e-01  ,8.999656120166e-01  ,8.988074659051e-01  ,1.523652868669e+00  ,2.762783553646e-01  ,5.468344068516e-01  ,1.250780524959e+00  
  1.166534997749e-07  ,1.240152199672e+00  ,-7.001470819760e-01  ,8.999655787529e-01  ,8.988277324445e-01  ,1.520041678589e+00  ,2.798894789169e-01  ,5.487541914565e-01  ,1.248901273433e+00  
  1.167535005363e-07  ,1.232734144328e+00  ,-6.962380236823e-01  ,8.999655449874e-01  ,8.988481888906e-01  ,1.516332617151e+00  ,2.835984728236e-01  ,5.507291770494e-01  ,1.246967200732e+00  
  1.168535012978e-07  ,1.225121523292e+00  ,-6.922194128889e-01  ,8.999655107262e-01  ,8.988688291730e-01  ,1.512526272372e+00  ,2.874047490800e-01  ,5.527591227285e-01  ,1.244978535617e+00  
  1.169535020592e-07  ,1.217315541744e+00  ,-6.880917369168e-01  ,8.999654759765e-01  ,8.988896472446e-01  ,1.508623246849e+00  ,2.913077051043e-01  ,5.548437787862e-01  ,1.242935515703e+00  
  1.170535028207e-07  ,1.209317434751e+00  ,-6.838555006939e-01  ,8.999654407451e-01  ,8.989106372451e-01  ,1.504624158121e+00  ,2.953067233696e-01  ,5.569828868982e-01  ,1.240838387592e+00  
  1.171535035821e-07  ,1.201128467512e+00  ,-6.795112267122e-01  ,8.999654050389e-01  ,8.989317936167e-01  ,1.500529638795e+00  ,2.994011712828e-01  ,5.591761802606e-01  ,1.238687406973e+00  
  1.172535043436e-07  ,1.192749935377e+00  ,-6.750594549710e-01  ,8.999653688656e-01  ,8.989531109678e-01  ,1.496340336554e+00  ,3.035904011772e-01  ,5.614233834823e-01  ,1.236482838453e+00  
  1.173535051050e-07  ,1.184183381134e+00  ,-6.705008391853e-01  ,8.999653322334e-01  ,8.989745830870e-01  ,1.492057022800e+00  ,3.078736416666e-01  ,5.637241634944e-01  ,1.234225002680e+00  
  1.174535058665e-07  ,1.175429709287e+00  ,-6.658357644820e-01  ,8.999652951475e-01  ,8.989962065936e-01  ,1.487680149791e+00  ,3.122504405038e-01  ,5.660783243526e-01  ,1.231914088835e+00  
  1.175535066279e-07  ,1.166490529273e+00  ,-6.610649163688e-01  ,8.999652576173e-01  ,8.990179758247e-01  ,1.483210522254e+00  ,3.167199929810e-01  ,5.684855176403e-01  ,1.229550434009e+00  
  1.176535073894e-07  ,1.157367262806e+00  ,-6.561889042095e-01  ,8.999652196507e-01  ,8.990398863215e-01  ,1.478648851054e+00  ,3.212815882479e-01  ,5.709454342168e-01  ,1.227134338426e+00  
  1.177535081508e-07  ,1.148061356613e+00  ,-6.512083545308e-01  ,8.999651812549e-01  ,8.990619337916e-01  ,1.473995859561e+00  ,3.259345029486e-01  ,5.734577565262e-01  ,1.224666111057e+00  
  1.178535089123e-07  ,1.138574525269e+00  ,-6.461240215187e-01  ,8.999651424391e-01  ,8.990841135581e-01  ,1.469252405074e+00  ,3.306778798047e-01  ,5.760221027987e-01  ,1.222146124317e+00  
  1.179535096737e-07  ,1.128907770396e+00  ,-6.409363474692e-01  ,8.999651032088e-01  ,8.991064232252e-01  ,1.464418988407e+00  ,3.355112180109e-01  ,5.786382494906e-01  ,1.219574596960e+00  
  1.180535104352e-07  ,1.119062870958e+00  ,-6.356461176827e-01  ,8.999650635733e-01  ,8.991288589074e-01  ,1.459496499052e+00  ,3.404336280942e-01  ,5.813058000661e-01  ,1.216951917749e+00  
  1.181535111966e-07  ,1.109041392601e+00  ,-6.302540265719e-01  ,8.999650235409e-01  ,8.991514177362e-01  ,1.454485719841e+00  ,3.454443272406e-01  ,5.840244044503e-01  ,1.214278431022e+00  
  1.182535119581e-07  ,1.098844924339e+00  ,-6.247607853068e-01  ,8.999649831192e-01  ,8.991740970014e-01  ,1.449387445289e+00  ,3.505425209496e-01  ,5.867937043480e-01  ,1.211554489655e+00  
  1.183535127195e-07  ,1.088475344078e+00  ,-6.191672462561e-01  ,8.999649423171e-01  ,8.991968939535e-01  ,1.444202614356e+00  ,3.557272702782e-01  ,5.896132708254e-01  ,1.208780517082e+00  
  1.184535134810e-07  ,1.077933746172e+00  ,-6.134739075424e-01  ,8.999649011398e-01  ,8.992198073538e-01  ,1.438931774226e+00  ,3.609980280539e-01  ,5.924828535826e-01  ,1.205956761125e+00  
  1.185535142424e-07  ,1.067222071612e+00  ,-6.076816518726e-01  ,8.999648595969e-01  ,8.992428352527e-01  ,1.433575895403e+00  ,3.663538237907e-01  ,5.954020093164e-01  ,1.203083661189e+00  
  1.186535150039e-07  ,1.056342023739e+00  ,-6.017912565779e-01  ,8.999648176960e-01  ,8.992659761711e-01  ,1.428135829566e+00  ,3.717938058264e-01  ,5.983703478821e-01  ,1.200161604460e+00  
  1.187535157653e-07  ,1.045295327612e+00  ,-5.958035152588e-01  ,8.999647754450e-01  ,8.992892286330e-01  ,1.422612439251e+00  ,3.773171116390e-01  ,6.013874710036e-01  ,1.197190986262e+00  
  1.188535165268e-07  ,1.034084017114e+00  ,-5.897193757842e-01  ,8.999647328523e-01  ,8.993125914572e-01  ,1.417006741409e+00  ,3.829227242951e-01  ,6.044529035651e-01  ,1.194172279349e+00  
  1.189535172882e-07  ,1.022709659871e+00  ,-5.835395769986e-01  ,8.999646899242e-01  ,8.993360642102e-01  ,1.411319519860e+00  ,3.886098599888e-01  ,6.075662757109e-01  ,1.191105852709e+00  
  1.190535180497e-07  ,1.011173554661e+00  ,-5.772647267420e-01  ,8.999646466666e-01  ,8.993596465827e-01  ,1.405551423997e+00  ,3.943778693360e-01  ,6.107272832117e-01  ,1.187992009954e+00  
  1.191535188111e-07  ,9.994779313032e-01  ,-5.708958656590e-01  ,8.999646030895e-01  ,8.993833380053e-01  ,1.399703568741e+00  ,4.002256374379e-01  ,6.139354051757e-01  ,1.184831270835e+00  
  1.192535195726e-07  ,9.876249597398e-01  ,-5.644340157907e-01  ,8.999645592014e-01  ,8.994071379435e-01  ,1.393777039071e+00  ,4.061520793314e-01  ,6.171901300482e-01  ,1.181624145839e+00  
  1.193535203340e-07  ,9.756163017103e-01  ,-5.578799719972e-01  ,8.999645150078e-01  ,8.994310462873e-01  ,1.387772665863e+00  ,4.121563641526e-01  ,6.204910602887e-01  ,1.178371032286e+00  
  1.194535210955e-07  ,9.634533308012e-01  ,-5.512343874197e-01  ,8.999644705145e-01  ,8.994550630906e-01  ,1.381691135915e+00  ,4.182378051139e-01  ,6.238378693808e-01  ,1.175072256800e+00  
  1.195535218569e-07  ,9.511384012907e-01  ,-5.444983790368e-01  ,8.999644257314e-01  ,8.994791884872e-01  ,1.375533626377e+00  ,4.243952250860e-01  ,6.272299989689e-01  ,1.171728378006e+00  
  1.196535226184e-07  ,9.386734791807e-01  ,-5.376728821187e-01  ,8.999643806655e-01  ,8.995034223995e-01  ,1.369301120256e+00  ,4.306276410751e-01  ,6.306669813401e-01  ,1.168339863459e+00  
  1.197535233798e-07  ,9.260608640039e-01  ,-5.307590083565e-01  ,8.999643353240e-01  ,8.995277643399e-01  ,1.362994767326e+00  ,4.369339033220e-01  ,6.341482601616e-01  ,1.164907268518e+00  
  1.198535241413e-07  ,9.133018865611e-01  ,-5.237574029831e-01  ,8.999642897123e-01  ,8.995522140852e-01  ,1.356615232993e+00  ,4.433133464317e-01  ,6.376735125936e-01  ,1.161430915577e+00  
  1.199535249027e-07  ,9.003988992732e-01  ,-5.166692050757e-01  ,8.999642438392e-01  ,8.995767714078e-01  ,1.350163693476e+00  ,4.497647942026e-01  ,6.412421688699e-01  ,1.157911373946e+00  
  1.200535256642e-07  ,8.873539526051e-01  ,-5.094954096790e-01  ,8.999641977112e-01  ,8.996014361172e-01  ,1.343641174014e+00  ,4.562872214087e-01  ,6.448537312777e-01  ,1.154349140957e+00  
  1.201535264256e-07  ,8.741694484556e-01  ,-5.022371975210e-01  ,8.999641513355e-01  ,8.996262071886e-01  ,1.337048875563e+00  ,4.628794271077e-01  ,6.485076084281e-01  ,1.150744805949e+00  
  1.202535271871e-07  ,8.608467768621e-01  ,-4.948952529039e-01  ,8.999641047171e-01  ,8.996510837220e-01  ,1.330387493148e+00  ,4.695407162861e-01  ,6.522034572700e-01  ,1.147098710174e+00  
  1.203535279485e-07  ,8.473887374153e-01  ,-4.874709586934e-01  ,8.999640578653e-01  ,8.996760640145e-01  ,1.323658426573e+00  ,4.762696891577e-01  ,6.559405846678e-01  ,1.143411543361e+00  
  1.204535287100e-07  ,8.337972163642e-01  ,-4.799652546555e-01  ,8.999640107854e-01  ,8.997011469324e-01  ,1.316862618967e+00  ,4.830654026033e-01  ,6.597185196046e-01  ,1.139683774260e+00  
  1.205535294714e-07  ,8.200737690842e-01  ,-4.723789109594e-01  ,8.999639634826e-01  ,8.997263313410e-01  ,1.310000848025e+00  ,4.899270789405e-01  ,6.635368758613e-01  ,1.135915786821e+00  
  1.206535302329e-07  ,8.062214106342e-01  ,-4.647134242052e-01  ,8.999639159668e-01  ,8.997516143757e-01  ,1.303074621284e+00  ,4.968532106497e-01  ,6.673949022731e-01  ,1.132108326478e+00  
  1.207535309943e-07  ,7.922416129692e-01  ,-4.569695253522e-01  ,8.999638682427e-01  ,8.997769941967e-01  ,1.296084674727e+00  ,5.038430617581e-01  ,6.712922315206e-01  ,1.128261756873e+00  
  1.208535317558e-07  ,7.781369681605e-01  ,-4.491485025930e-01  ,8.999638203185e-01  ,8.998024675306e-01  ,1.289032304399e+00  ,5.108953362382e-01  ,6.752282162341e-01  ,1.124376718827e+00  
  1.209535325172e-07  ,7.639100823968e-01  ,-4.412516665045e-01  ,8.999637722012e-01  ,8.998280310019e-01  ,1.281918813400e+00  ,5.180087310028e-01  ,6.792021977496e-01  ,1.120453864254e+00  
  1.210535332787e-07  ,7.495624573060e-01  ,-4.332797748164e-01  ,8.999637238952e-01  ,8.998536824608e-01  ,1.274744952548e+00  ,5.251824952422e-01  ,6.832137950526e-01  ,1.116493569869e+00  
  1.211535340401e-07  ,7.350967415193e-01  ,-4.252341622637e-01  ,8.999636754086e-01  ,8.998794176731e-01  ,1.267512046168e+00  ,5.324153046489e-01  ,6.872623365413e-01  ,1.112496498805e+00  
  1.212535348016e-07  ,7.205152335635e-01  ,-4.171159892614e-01  ,8.999636267487e-01  ,8.999052322230e-01  ,1.260221243530e+00  ,5.397060099670e-01  ,6.913472375923e-01  ,1.108463226854e+00  
  1.213535355630e-07  ,7.058206166797e-01  ,-4.089266269279e-01  ,8.999635779218e-01  ,8.999311206713e-01  ,1.252873886262e+00  ,5.470532695819e-01  ,6.954678072073e-01  ,1.104394434135e+00  
  1.214535363245e-07  ,6.910149411148e-01  ,-4.006671329311e-01  ,8.999635289331e-01  ,8.999570787415e-01  ,1.245470999491e+00  ,5.544560583757e-01  ,6.996235122759e-01  ,1.100290645207e+00  
  1.215535370859e-07  ,6.760998969353e-01  ,-3.923383724733e-01  ,8.999634797880e-01  ,8.999831027521e-01  ,1.238013428256e+00  ,5.619135313204e-01  ,7.038139165155e-01  ,1.096152288989e+00  
  1.216535378474e-07  ,6.610783727764e-01  ,-3.839418190157e-01  ,8.999634304957e-01  ,9.000091860381e-01  ,1.230502616884e+00  ,5.694242441075e-01  ,7.080382765303e-01  ,1.091980095546e+00  
  1.217535386088e-07  ,6.459527655403e-01  ,-3.754786950490e-01  ,8.999633810623e-01  ,9.000353223984e-01  ,1.222939763832e+00  ,5.769869982922e-01  ,7.122959748739e-01  ,1.087774669923e+00  
  1.218535393703e-07  ,6.307254759444e-01  ,-3.669502349210e-01  ,8.999633314939e-01  ,9.000615054444e-01  ,1.215326069466e+00  ,5.846005935217e-01  ,7.165863879839e-01  ,1.083536622905e+00  
  1.219535401317e-07  ,6.153993042154e-01  ,-3.583578945947e-01  ,8.999632817980e-01  ,9.000877279210e-01  ,1.207662933906e+00  ,5.922636296903e-01  ,7.209087806236e-01  ,1.079266675218e+00  
  1.220535408932e-07  ,5.999758644170e-01  ,-3.497025137289e-01  ,8.999632319793e-01  ,9.001139856491e-01  ,1.199951164188e+00  ,5.999752997708e-01  ,7.252627287847e-01  ,1.074965242514e+00  
  1.221535416546e-07  ,5.844580018965e-01  ,-3.409855692709e-01  ,8.999631820460e-01  ,9.001402710036e-01  ,1.192192182994e+00  ,6.077341810977e-01  ,7.296474863682e-01  ,1.070633055639e+00  
  1.222535424161e-07  ,5.688481819401e-01  ,-3.322083413009e-01  ,8.999631320053e-01  ,9.001665768506e-01  ,1.184387222975e+00  ,6.155390410353e-01  ,7.340624062002e-01  ,1.066270747501e+00  
  1.223535431775e-07  ,5.531492764816e-01  ,-3.233723380718e-01  ,8.999630818642e-01  ,9.001928947663e-01  ,1.176537720105e+00  ,6.233884436233e-01  ,7.385067257304e-01  ,1.061879063802e+00  
  1.224535439390e-07  ,5.373634750358e-01  ,-3.144787198472e-01  ,8.999630316281e-01  ,9.002192186017e-01  ,1.168644769146e+00  ,6.312812941102e-01  ,7.429798586781e-01  ,1.057458578525e+00  
  1.225535447004e-07  ,5.214931651275e-01  ,-3.055287518927e-01  ,8.999629813037e-01  ,9.002455416140e-01  ,1.160709563867e+00  ,6.392163987400e-01  ,7.474811656676e-01  ,1.053009917560e+00  
  1.226535454619e-07  ,5.055408157522e-01  ,-2.965237412399e-01  ,8.999629308980e-01  ,9.002718565837e-01  ,1.152733338774e+00  ,6.471925230219e-01  ,7.520099859638e-01  ,1.048533727204e+00  
  1.227535462233e-07  ,4.895083216260e-01  ,-2.874646823717e-01  ,8.999628804170e-01  ,9.002981578641e-01  ,1.144717041230e+00  ,6.552087196040e-01  ,7.565658166782e-01  ,1.044030499050e+00  
  1.228535469847e-07  ,4.733988712421e-01  ,-2.783532437014e-01  ,8.999628298711e-01  ,9.003244359743e-01  ,1.136662265492e+00  ,6.632633942500e-01  ,7.611478141236e-01  ,1.039501057825e+00  
  1.229535477462e-07  ,4.572150445073e-01  ,-2.691907779324e-01  ,8.999627792675e-01  ,9.003506835800e-01  ,1.128570301521e+00  ,6.713552570139e-01  ,7.657552946138e-01  ,1.034946072546e+00  
  1.230535485076e-07  ,4.409594129811e-01  ,-2.599786473806e-01  ,8.999627286126e-01  ,9.003768939591e-01  ,1.120442435103e+00  ,6.794830221221e-01  ,7.703875702688e-01  ,1.030366217649e+00  
  1.231535492691e-07  ,4.246349647154e-01  ,-2.507184541943e-01  ,8.999626779150e-01  ,9.004030595210e-01  ,1.112280160273e+00  ,6.876451955573e-01  ,7.750438324238e-01  ,1.025762286618e+00  
  1.232535500305e-07  ,4.082439733438e-01  ,-2.414114284986e-01  ,8.999626271810e-01  ,9.004291743337e-01  ,1.104084613853e+00  ,6.958406405091e-01  ,7.797234600844e-01  ,1.021134888583e+00  
  1.233535507920e-07  ,3.917889151060e-01  ,-2.320589099063e-01  ,8.999625764182e-01  ,9.004552320347e-01  ,1.095857033971e+00  ,7.040681188652e-01  ,7.844257770816e-01  ,1.016484686988e+00  
  1.234535515534e-07  ,3.752717207197e-01  ,-2.226619337073e-01  ,8.999625256336e-01  ,9.004812278695e-01  ,1.087598385993e+00  ,7.123266652737e-01  ,7.891502610159e-01  ,1.011812194723e+00  
  1.235535523149e-07  ,3.586956493795e-01  ,-2.132222408857e-01  ,8.999624748384e-01  ,9.005071541279e-01  ,1.079310299528e+00  ,7.206146501486e-01  ,7.938960336851e-01  ,1.007118274571e+00  
  1.236535530763e-07  ,3.420633503708e-01  ,-2.037412469744e-01  ,8.999624240401e-01  ,9.005330049516e-01  ,1.070994099225e+00  ,7.289307488547e-01  ,7.986623814644e-01  ,1.002403628439e+00  
  1.237535538378e-07  ,3.253774638646e-01  ,-1.942203756763e-01  ,8.999623732457e-01  ,9.005587744774e-01  ,1.062651105178e+00  ,7.372736413134e-01  ,8.034485866392e-01  ,9.976689623155e-01  
  1.238535545992e-07  ,3.086410550473e-01  ,-1.846612986985e-01  ,8.999623224653e-01  ,9.005844559691e-01  ,1.054282849989e+00  ,7.456417949416e-01  ,8.082538066199e-01  ,9.929151053184e-01  
  1.239535553607e-07  ,2.918564535846e-01  ,-1.750652975998e-01  ,8.999622717060e-01  ,9.006100447171e-01  ,1.045890498498e+00  ,7.540340449137e-01  ,8.130773959171e-01  ,9.881426935170e-01  
  1.240535561221e-07  ,2.750255735661e-01  ,-1.654334171335e-01  ,8.999622209749e-01  ,9.006355371297e-01  ,1.037475007758e+00  ,7.624494341919e-01  ,8.179188285630e-01  ,9.833522456965e-01  
  1.241535568836e-07  ,2.581516768153e-01  ,-1.557674308322e-01  ,8.999621702850e-01  ,9.006609274306e-01  ,1.029038008693e+00  ,7.708863318773e-01  ,8.227772120145e-01  ,9.785446428467e-01  
  1.242535576450e-07  ,2.412378833933e-01  ,-1.460690445426e-01  ,8.999621196462e-01  ,9.006862107159e-01  ,1.020581061343e+00  ,7.793431779496e-01  ,8.276516884446e-01  ,9.737207329872e-01  
  1.243535584065e-07  ,2.242859773341e-01  ,-1.363392375516e-01  ,8.999620690643e-01  ,9.007113843839e-01  ,1.012105057731e+00  ,7.878190803972e-01  ,8.325417656081e-01  ,9.688810031597e-01  
  1.244535591679e-07  ,2.072990926789e-01  ,-1.265797279713e-01  ,8.999620185504e-01  ,9.007364441095e-01  ,1.003611564890e+00  ,7.963124722110e-01  ,8.374465801239e-01  ,9.640263080952e-01  
  1.245535599294e-07  ,1.902799263561e-01  ,-1.167919965639e-01  ,8.999619681145e-01  ,9.007613865118e-01  ,9.951019312925e-01  ,8.048220049364e-01  ,8.423653882298e-01  ,9.591573847937e-01  
  1.246535606908e-07  ,1.732316048625e-01  ,-1.069777791545e-01  ,8.999619177655e-01  ,9.007862076487e-01  ,9.865777201968e-01  ,8.133461153342e-01  ,8.472973180715e-01  ,9.542750972260e-01  
  1.247535614523e-07  ,1.561559210353e-01  ,-9.713807155071e-02  ,8.999618675109e-01  ,9.008109052665e-01  ,9.780398280285e-01  ,8.218839069932e-01  ,8.522418694911e-01  ,9.493799410418e-01  
  1.248535622137e-07  ,1.390560262450e-01  ,-8.727462018696e-02  ,8.999618173638e-01  ,9.008354756048e-01  ,9.694898304863e-01  ,8.304338042413e-01  ,8.571981655113e-01  ,9.444727856983e-01  
  1.249535629752e-07  ,1.219347199352e-01  ,-7.738892899785e-02  ,8.999617673375e-01  ,9.008599158909e-01  ,9.609291273051e-01  ,8.389944073699e-01  ,8.621654513919e-01  ,9.395543803898e-01  
  1.250535637366e-07  ,1.047948274498e-01  ,-6.748250714394e-02  ,8.999617174427e-01  ,9.008842236416e-01  ,9.523591311676e-01  ,8.475643037178e-01  ,8.671429700696e-01  ,9.346254772136e-01  
  1.251535644981e-07  ,8.763898589129e-02  ,-5.755686874231e-02  ,8.999616676809e-01  ,9.009083964105e-01  ,9.437811606265e-01  ,8.561421747353e-01  ,8.721299620394e-01  ,9.296868307817e-01  
  1.252535652595e-07  ,7.047013626115e-02  ,-4.761378665329e-02  ,8.999616180569e-01  ,9.009324317428e-01  ,9.351966861874e-01  ,8.647265499263e-01  ,8.771255384161e-01  ,9.247393250694e-01  
  1.253535660210e-07  ,5.329049590980e-02  ,-3.765461624047e-02  ,8.999615685810e-01  ,9.009563281479e-01  ,9.266068165359e-01  ,8.733163206261e-01  ,8.821290200277e-01  ,9.197836362681e-01  
  1.254535667824e-07  ,3.610264444373e-02  ,-2.768082906376e-02  ,8.999615192675e-01  ,9.009800837079e-01  ,9.180128414893e-01  ,8.819101970456e-01  ,8.871396691760e-01  ,9.148204982398e-01  
  1.255535675439e-07  ,1.890861057250e-02  ,-1.769355925810e-02  ,8.999614701252e-01  ,9.010036965884e-01  ,9.094157754114e-01  ,8.905071648389e-01  ,8.921569169593e-01  ,9.098504762174e-01  
  1.256535683053e-07  ,1.711850478291e-03  ,-7.694709479839e-03  ,8.999614211694e-01  ,9.010271633684e-01  ,9.008173464085e-01  ,8.991054959302e-01  ,8.971798086284e-01  ,9.048745181083e-01  
  1.257535690668e-07  ,-1.548476893852e-02  ,2.314181514842e-03  ,8.999613724107e-01  ,9.010504814192e-01  ,8.922189879414e-01  ,9.077037568800e-01  ,9.022075721766e-01  ,8.998933906617e-01  
  1.258535698282e-07  ,-3.267841703634e-02  ,1.233157158698e-02  ,8.999613238581e-01  ,9.010736494486e-01  ,8.836221153399e-01  ,9.163005323762e-01  ,9.072394352421e-01  ,8.949078636551e-01  
  1.259535705897e-07  ,-4.986589753096e-02  ,2.235565731741e-02  ,8.999612755180e-01  ,9.010966666613e-01  ,8.750283267525e-01  ,9.248942242835e-01  ,9.122744953200e-01  ,8.899188380026e-01  
  1.260535713511e-07  ,-6.704481602960e-02  ,3.238506186965e-02  ,8.999612273990e-01  ,9.011195316639e-01  ,8.664388193842e-01  ,9.334836354138e-01  ,9.173120625987e-01  ,8.849270007291e-01  
  1.261535721126e-07  ,-8.421321522835e-02  ,4.241866543150e-02  ,8.999611795102e-01  ,9.011422431166e-01  ,8.578545718961e-01  ,9.420677871244e-01  ,9.223515758323e-01  ,8.799329104008e-01  
  1.262535728740e-07  ,-1.013677721144e-01  ,5.245457117355e-02  ,8.999611318651e-01  ,9.011647990357e-01  ,8.492772458079e-01  ,9.506450179223e-01  ,9.273920846225e-01  ,8.749375134490e-01  
  1.263535736355e-07  ,-1.185053313446e-01  ,6.249096437786e-02  ,8.999610844705e-01  ,9.011871984840e-01  ,8.407084187982e-01  ,9.592137501428e-01  ,9.324326806730e-01  ,8.699417162951e-01  
  1.264535743969e-07  ,-1.356235138986e-01  ,7.252646037294e-02  ,8.999610373305e-01  ,9.012094402652e-01  ,8.321492803812e-01  ,9.677727942798e-01  ,9.374726704517e-01  ,8.649462100787e-01  
  1.265535751584e-07  ,-1.527197419881e-01  ,8.255955789637e-02  ,8.999609904507e-01  ,9.012315218242e-01  ,8.236011194567e-01  ,9.763208614448e-01  ,9.425113007724e-01  ,8.599517428760e-01  
  1.266535759198e-07  ,-1.697920149631e-01  ,9.258910141463e-02  ,8.999609438366e-01  ,9.012534405134e-01  ,8.150649363551e-01  ,9.848569513182e-01  ,9.475479912208e-01  ,8.549588898061e-01  
  1.267535766813e-07  ,-1.868369677898e-01  ,1.026131545432e-01  ,8.999608974979e-01  ,9.012751915462e-01  ,8.065424136030e-01  ,9.933793813928e-01  ,9.525817688178e-01  ,8.499686142746e-01  
  1.268535774427e-07  ,-2.038518860343e-01  ,1.126301552138e-01  ,8.999608514420e-01  ,9.012967712533e-01  ,7.980349084248e-01  ,1.001886794459e+00  ,9.576118488602e-01  ,8.449816936464e-01  
  1.269535782042e-07  ,-2.208340776248e-01  ,1.226385406991e-01  ,8.999608056759e-01  ,9.013181769659e-01  ,7.895437668635e-01  ,1.010377844488e+00  ,9.626374473155e-01  ,8.399989066164e-01  
  1.270535789656e-07  ,-2.377804343470e-01  ,1.326364873087e-01  ,8.999607602088e-01  ,9.013394059329e-01  ,7.810705430352e-01  ,1.018850977382e+00  ,9.676576495873e-01  ,8.350211622786e-01  
  1.271535797271e-07  ,-2.546891803442e-01  ,1.426229529191e-01  ,8.999607150455e-01  ,9.013604565320e-01  ,7.726161248734e-01  ,1.027305305218e+00  ,9.726719329915e-01  ,8.300489800724e-01  
  1.272535804885e-07  ,-2.715572007684e-01  ,1.525961140253e-01  ,8.999606701938e-01  ,9.013813260674e-01  ,7.641820698096e-01  ,1.035739270578e+00  ,9.776793830801e-01  ,8.250832690548e-01  
  1.273535812500e-07  ,-2.883813988381e-01  ,1.625541478805e-01  ,8.999606256597e-01  ,9.014020122407e-01  ,7.557699262407e-01  ,1.044151325079e+00  ,9.826790861810e-01  ,8.201249383004e-01  
  1.274535820114e-07  ,-3.051600084741e-01  ,1.724960133554e-01  ,8.999605814464e-01  ,9.014225136419e-01  ,7.473805772094e-01  ,1.052540585683e+00  ,9.876705203196e-01  ,8.151745069642e-01  
  1.275535827729e-07  ,-3.218899341928e-01  ,1.824198890117e-01  ,8.999605375601e-01  ,9.014428271774e-01  ,7.390155704637e-01  ,1.060905504656e+00  ,9.926527716833e-01  ,8.102328826715e-01  
  1.276535835343e-07  ,-3.385681028848e-01  ,1.923239550906e-01  ,8.999604940063e-01  ,9.014629478998e-01  ,7.306764425639e-01  ,1.069244545449e+00  ,9.976249254452e-01  ,8.053009703545e-01  
  1.277535842958e-07  ,-3.551921983830e-01  ,2.022068266299e-01  ,8.999604507883e-01  ,9.014828711778e-01  ,7.223643515968e-01  ,1.077556549980e+00  ,1.002586284493e+00  ,8.003794578629e-01  
  1.278535850572e-07  ,-3.717603268228e-01  ,2.120673791798e-01  ,8.999604079104e-01  ,9.015025932159e-01  ,7.140802444989e-01  ,1.085840571322e+00  ,1.007536282806e+00  ,7.954689036260e-01  
  1.279535858187e-07  ,-3.882692746225e-01  ,2.219037112563e-01  ,8.999603653804e-01  ,9.015221078083e-01  ,7.058257280692e-01  ,1.094095002692e+00  ,1.012473963436e+00  ,7.905702521802e-01  
  1.280535865801e-07  ,-4.047164164007e-01  ,2.317142698909e-01  ,8.999603232033e-01  ,9.015414104809e-01  ,6.976021150029e-01  ,1.102318531404e+00  ,1.017398545426e+00  ,7.856842755355e-01  
  1.281535873416e-07  ,-4.210987347120e-01  ,2.414972465456e-01  ,8.999602813824e-01  ,9.015604966840e-01  ,6.894109140264e-01  ,1.110509648738e+00  ,1.022309119957e+00  ,7.808118734112e-01  
  1.282535881030e-07  ,-4.374139566946e-01  ,2.512512661472e-01  ,8.999602399221e-01  ,9.015793631874e-01  ,6.812532615749e-01  ,1.118667218269e+00  ,1.027204996261e+00  ,7.759537301138e-01  
  1.283535888645e-07  ,-4.536602248207e-01  ,2.609752128902e-01  ,8.999601988263e-01  ,9.015980074063e-01  ,6.731300864160e-01  ,1.126790311237e+00  ,1.032085613851e+00  ,7.711104009612e-01  
  1.284535896259e-07  ,-4.698339756514e-01  ,2.706669446001e-01  ,8.999601581017e-01  ,9.016164242450e-01  ,6.650431702760e-01  ,1.134877145927e+00  ,1.036949896545e+00  ,7.662829519449e-01  
  1.285535903874e-07  ,-4.859329519579e-01  ,2.803250948784e-01  ,8.999601177515e-01  ,9.016346099911e-01  ,6.569936417726e-01  ,1.142926593730e+00  ,1.041797157430e+00  ,7.614720625519e-01  
  1.286535911488e-07  ,-5.019553139868e-01  ,2.899485552414e-01  ,8.999600777796e-01  ,9.016525613093e-01  ,6.489824207862e-01  ,1.150937734773e+00  ,1.046626838930e+00  ,7.566782836886e-01  
  1.287535919103e-07  ,-5.178979471996e-01  ,2.995354526470e-01  ,8.999600381925e-01  ,9.016702720664e-01  ,6.410110645927e-01  ,1.158909011792e+00  ,1.051437998390e+00  ,7.519025457429e-01  
  1.288535926717e-07  ,-5.337579149797e-01  ,3.090840064068e-01  ,8.999599989950e-01  ,9.016877354736e-01  ,6.330810415052e-01  ,1.166838956485e+00  ,1.056229738677e+00  ,7.471457322702e-01  
  1.289535934332e-07  ,-5.495330151232e-01  ,3.185928643810e-01  ,8.999599601902e-01  ,9.017049462033e-01  ,6.251934526286e-01  ,1.174726467752e+00  ,1.061001378394e+00  ,7.424085140128e-01  
  1.290535941946e-07  ,-5.652214509444e-01  ,3.280609301686e-01  ,8.999599217821e-01  ,9.017218999880e-01  ,6.173491963099e-01  ,1.182570647254e+00  ,1.065752365072e+00  ,7.376914349037e-01  
  1.291535949561e-07  ,-5.808201792980e-01  ,3.374863519830e-01  ,8.999598837781e-01  ,9.017385898397e-01  ,6.095497941290e-01  ,1.190369973427e+00  ,1.070481765831e+00  ,7.329954138481e-01  
  1.292535957175e-07  ,-5.963267232279e-01  ,3.468676216642e-01  ,8.999598461831e-01  ,9.017550106410e-01  ,6.017964845691e-01  ,1.198123207797e+00  ,1.075188821473e+00  ,7.283211998089e-01  
  1.293535964790e-07  ,-6.117382428409e-01  ,3.562029870497e-01  ,8.999598090017e-01  ,9.017711571684e-01  ,5.940906875812e-01  ,1.205828930422e+00  ,1.079872650693e+00  ,7.236696636436e-01  
  1.294535972404e-07  ,-6.270531241664e-01  ,3.654914506882e-01  ,8.999597722380e-01  ,9.017870266290e-01  ,5.864332101548e-01  ,1.213486334321e+00  ,1.084532751973e+00  ,7.190413012849e-01  
  1.295535980019e-07  ,-6.422685441979e-01  ,3.747312709882e-01  ,8.999597358992e-01  ,9.018026140708e-01  ,5.788254638002e-01  ,1.221094007998e+00  ,1.089168249565e+00  ,7.144369785767e-01  
  1.296535987633e-07  ,-6.573817142993e-01  ,3.839207164718e-01  ,8.999596999905e-01  ,9.018179140275e-01  ,5.712688428408e-01  ,1.228650557140e+00  ,1.093778272263e+00  ,7.098575557916e-01  
  1.297535995248e-07  ,-6.723905412686e-01  ,3.930584745235e-01  ,8.999596645166e-01  ,9.018329217893e-01  ,5.637643938823e-01  ,1.236154935151e+00  ,1.098362159051e+00  ,7.053036845276e-01  
  1.298536002862e-07  ,-6.872933180132e-01  ,4.021434817510e-01  ,8.999596294824e-01  ,9.018476333675e-01  ,5.563129704758e-01  ,1.243606288489e+00  ,1.102919374243e+00  ,7.007758924920e-01  
  1.299536010477e-07  ,-7.020871548160e-01  ,4.111739436568e-01  ,8.999595948964e-01  ,9.018620418987e-01  ,5.489160174884e-01  ,1.251003172304e+00  ,1.107449013727e+00  ,6.962750700703e-01  
  1.300536018091e-07  ,-7.167697033205e-01  ,4.201484015920e-01  ,8.999595607644e-01  ,9.018761417107e-01  ,5.415747091042e-01  ,1.258344412425e+00  ,1.111950342507e+00  ,6.918019409147e-01  
  1.301536025706e-07  ,-7.313382758439e-01  ,4.290651637628e-01  ,8.999595270920e-01  ,9.018899264361e-01  ,5.342903891701e-01  ,1.265628665014e+00  ,1.116422508317e+00  ,6.873573445547e-01  
  1.302536033320e-07  ,-7.457913475199e-01  ,4.379232684974e-01  ,8.999594938839e-01  ,9.019033926768e-01  ,5.270638201240e-01  ,1.272855167644e+00  ,1.120865026925e+00  ,6.829417584280e-01  
  1.303536040934e-07  ,-7.601262539116e-01  ,4.467210381037e-01  ,8.999594611485e-01  ,9.019165349404e-01  ,5.198963341927e-01  ,1.280022588104e+00  ,1.125277053992e+00  ,6.785560158885e-01  
  1.304536048549e-07  ,-7.743403694515e-01  ,4.554568082513e-01  ,8.999594288923e-01  ,9.019293488249e-01  ,5.127892441665e-01  ,1.287129613618e+00  ,1.129657752951e+00  ,6.742009446992e-01  
  1.305536056163e-07  ,-7.884317272541e-01  ,4.641293195603e-01  ,8.999593971204e-01  ,9.019418312609e-01  ,5.057435334934e-01  ,1.294175260747e+00  ,1.134006491041e+00  ,6.698771714808e-01  
  1.306536063778e-07  ,-8.023982086058e-01  ,4.727372145252e-01  ,8.999593658393e-01  ,9.019539788312e-01  ,4.987602615364e-01  ,1.301158470142e+00  ,1.138322586094e+00  ,6.655853715686e-01  
  1.307536071392e-07  ,-8.162381791289e-01  ,4.812794537496e-01  ,8.999593350545e-01  ,9.019657888231e-01  ,4.918402454901e-01  ,1.308078424619e+00  ,1.142605515698e+00  ,6.613260619483e-01  
  1.308536079007e-07  ,-8.299489042529e-01  ,4.897543033628e-01  ,8.999593047750e-01  ,9.019772565724e-01  ,4.849848526486e-01  ,1.314933756901e+00  ,1.146854408254e+00  ,6.571001048909e-01  
  1.309536086621e-07  ,-8.435282037675e-01  ,4.981603790336e-01  ,8.999592750065e-01  ,9.019883781168e-01  ,4.781951731228e-01  ,1.321723376890e+00  ,1.151068567634e+00  ,6.529081886001e-01  
  1.310536094236e-07  ,-8.569735923912e-01  ,5.064960784945e-01  ,8.999592457553e-01  ,9.019991488025e-01  ,4.714724495597e-01  ,1.328446041951e+00  ,1.155247188050e+00  ,6.487511095552e-01  
  1.311536101850e-07  ,-8.702832120499e-01  ,5.147601910083e-01  ,8.999592170268e-01  ,9.020095653307e-01  ,4.648176110019e-01  ,1.335100823052e+00  ,1.159389660835e+00  ,6.446294698266e-01  
  1.312536109465e-07  ,-8.834550638178e-01  ,5.229514128252e-01  ,8.999591888272e-01  ,9.020196245082e-01  ,4.582316569183e-01  ,1.341686720736e+00  ,1.163495330921e+00  ,6.405439180956e-01  
  1.313536117079e-07  ,-8.964876076229e-01  ,5.310687466621e-01  ,8.999591611615e-01  ,9.020293241580e-01  ,4.517153573500e-01  ,1.348202964973e+00  ,1.167563697489e+00  ,6.364949508269e-01  
  1.314536124694e-07  ,-9.093782693027e-01  ,5.391105303269e-01  ,8.999591340381e-01  ,9.020386610329e-01  ,4.452699993868e-01  ,1.354648268689e+00  ,1.171593926196e+00  ,6.324833958695e-01  
  1.315536132308e-07  ,-9.221250011295e-01  ,5.470754393613e-01  ,8.999591074627e-01  ,9.020476332359e-01  ,4.388966068980e-01  ,1.361021608027e+00  ,1.175585352917e+00  ,6.285099135552e-01  
  1.316536139923e-07  ,-9.347254728074e-01  ,5.549619433214e-01  ,8.999590814405e-01  ,9.020562392054e-01  ,4.325963450367e-01  ,1.367321817844e+00  ,1.179537210866e+00  ,6.245752675447e-01  
  1.317536147537e-07  ,-9.471779452220e-01  ,5.627688876240e-01  ,8.999590559759e-01  ,9.020644780403e-01  ,4.263700833648e-01  ,1.373548028587e+00  ,1.183448921852e+00  ,6.206800342283e-01  
  1.318536155152e-07  ,-9.594810050525e-01  ,5.704953394889e-01  ,8.999590310731e-01  ,9.020723489672e-01  ,4.202185285468e-01  ,1.379699533599e+00  ,1.187320018712e+00  ,6.168246792228e-01  
  1.319536162766e-07  ,-9.716322675857e-01  ,5.781397289885e-01  ,8.999590067390e-01  ,9.020798504874e-01  ,4.141428729461e-01  ,1.385775140532e+00  ,1.191149714982e+00  ,6.130099859932e-01  
  1.320536170381e-07  ,-9.836295046413e-01  ,5.857005785895e-01  ,8.999589829791e-01  ,9.020869808212e-01  ,4.081442306584e-01  ,1.391773735300e+00  ,1.194937270116e+00  ,6.092366915264e-01  
  1.321536177995e-07  ,-9.954714614624e-01  ,5.931770518847e-01  ,8.999589597962e-01  ,9.020937390611e-01  ,4.022232290650e-01  ,1.397694690527e+00  ,1.198682265003e+00  ,6.055052131187e-01  
  1.322536185610e-07  ,-1.007155953600e+00  ,6.005676931836e-01  ,8.999589371961e-01  ,9.021001239716e-01  ,3.963809603963e-01  ,1.403536913996e+00  ,1.202383970563e+00  ,6.018162773798e-01  
  1.323536193224e-07  ,-1.018680846317e+00  ,6.078710671313e-01  ,8.999589151828e-01  ,9.021061350442e-01  ,3.906184920245e-01  ,1.409299338341e+00  ,1.206041668610e+00  ,5.981706014785e-01  
  1.324536200839e-07  ,-1.030044550239e+00  ,6.150860931731e-01  ,8.999588937590e-01  ,9.021117720867e-01  ,3.849366186395e-01  ,1.414981168878e+00  ,1.209654818673e+00  ,5.945687255001e-01  
  1.325536208453e-07  ,-1.041245775820e+00  ,6.222118994216e-01  ,8.999588729277e-01  ,9.021170350516e-01  ,3.793359850178e-01  ,1.420581760838e+00  ,1.213222984762e+00  ,5.910110853409e-01  
  1.326536216068e-07  ,-1.052282350477e+00  ,6.292470201769e-01  ,8.999588526944e-01  ,9.021219241880e-01  ,3.738176774558e-01  ,1.426100027933e+00  ,1.216745434276e+00  ,5.874984140995e-01  
  1.327536223682e-07  ,-1.063152251741e+00  ,6.361900801692e-01  ,8.999588330623e-01  ,9.021264405967e-01  ,3.683827071915e-01  ,1.431534958933e+00  ,1.220221480681e+00  ,5.840314005121e-01  
  1.328536231297e-07  ,-1.073853979388e+00  ,6.430400454193e-01  ,8.999588140330e-01  ,9.021305852688e-01  ,3.630318243392e-01  ,1.436885803727e+00  ,1.223650607978e+00  ,5.806105625591e-01  
  1.329536238911e-07  ,-1.084386318211e+00  ,6.497960822178e-01  ,8.999587956091e-01  ,9.021343588539e-01  ,3.577656365035e-01  ,1.442151954715e+00  ,1.227032399963e+00  ,5.772363177450e-01  
  1.330536246526e-07  ,-1.094746960025e+00  ,6.564566026368e-01  ,8.999587777946e-01  ,9.021377622316e-01  ,3.525852977820e-01  ,1.447332257807e+00  ,1.230366063550e+00  ,5.739094609132e-01  
  1.331536254140e-07  ,-1.104934817640e+00  ,6.630208571316e-01  ,8.999587605910e-01  ,9.021407956261e-01  ,3.474913517713e-01  ,1.452426169411e+00  ,1.233651224192e+00  ,5.706303670603e-01  
  1.332536261755e-07  ,-1.114948005288e+00  ,6.694875433994e-01  ,8.999587440008e-01  ,9.021434595082e-01  ,3.424847413566e-01  ,1.457432746645e+00  ,1.236887231208e+00  ,5.673996878085e-01  
  1.333536269369e-07  ,-1.124784943443e+00  ,6.758555630891e-01  ,8.999587280261e-01  ,9.021457544727e-01  ,3.375662563045e-01  ,1.462351199748e+00  ,1.240073536017e+00  ,5.642179729281e-01  
  1.334536276984e-07  ,-1.134443841941e+00  ,6.821236544928e-01  ,8.999587126680e-01  ,9.021476813161e-01  ,3.327367916976e-01  ,1.467180633638e+00  ,1.243209508563e+00  ,5.610858540697e-01  
  1.335536284598e-07  ,-1.143923695172e+00  ,6.882911064395e-01  ,8.999586979276e-01  ,9.021492404868e-01  ,3.279968503416e-01  ,1.471920545514e+00  ,1.246294793707e+00  ,5.580036872671e-01  
  1.336536292213e-07  ,-1.153222756762e+00  ,6.943566843418e-01  ,8.999586838070e-01  ,9.021504328340e-01  ,3.233473054258e-01  ,1.476570062188e+00  ,1.249328775005e+00  ,5.549720906631e-01  
  1.337536299827e-07  ,-1.162339331529e+00  ,7.003191787280e-01  ,8.999586703074e-01  ,9.021512594643e-01  ,3.187890045429e-01  ,1.481128336072e+00  ,1.252310848828e+00  ,5.519916701003e-01  
  1.338536307442e-07  ,-1.171272165552e+00  ,7.061776839630e-01  ,8.999586574289e-01  ,9.021517212980e-01  ,3.143225746527e-01  ,1.485594740205e+00  ,1.255240563279e+00  ,5.490628793165e-01  
  1.339536315056e-07  ,-1.180020245917e+00  ,7.119314715098e-01  ,8.999586451728e-01  ,9.021518189926e-01  ,3.099485222140e-01  ,1.489968768131e+00  ,1.258117554748e+00  ,5.461860832377e-01  
  1.340536322671e-07  ,-1.188581873137e+00  ,7.175793202200e-01  ,8.999586335406e-01  ,9.021515534128e-01  ,3.056676969722e-01  ,1.494249570109e+00  ,1.260941213523e+00  ,5.433618933028e-01  
  1.341536330285e-07  ,-1.196955481250e+00  ,7.231200930011e-01  ,8.999586225325e-01  ,9.021509247153e-01  ,3.014808819074e-01  ,1.498436363158e+00  ,1.263710971216e+00  ,5.405908782148e-01  
  1.342536337900e-07  ,-1.205140196841e+00  ,7.285531507172e-01  ,8.999586121488e-01  ,9.021499327768e-01  ,2.973885137283e-01  ,1.502528710569e+00  ,1.266426508135e+00  ,5.378733574182e-01  
  1.343536345514e-07  ,-1.213134508141e+00  ,7.338773856206e-01  ,8.999586023904e-01  ,9.021485772898e-01  ,2.933913483197e-01  ,1.506525856461e+00  ,1.269087270100e+00  ,5.352098844795e-01  
  1.344536353129e-07  ,-1.220937155960e+00  ,7.390918686435e-01  ,8.999585932581e-01  ,9.021468578762e-01  ,2.894900152783e-01  ,1.510427171238e+00  ,1.271692792198e+00  ,5.326009235544e-01  
  1.345536360743e-07  ,-1.228546722702e+00  ,7.441955382444e-01  ,8.999585847512e-01  ,9.021447739957e-01  ,2.856852234000e-01  ,1.514231946102e+00  ,1.274242543118e+00  ,5.300470048735e-01  
  1.346536368358e-07  ,-1.235962164740e+00  ,7.491876029113e-01  ,8.999585768699e-01  ,9.021423251191e-01  ,2.819774945001e-01  ,1.517939659240e+00  ,1.276736126575e+00  ,5.275485236634e-01  
  1.347536375972e-07  ,-1.243182373245e+00  ,7.540672185060e-01  ,8.999585696145e-01  ,9.021395106343e-01  ,2.783673829922e-01  ,1.521549756237e+00  ,1.279173119887e+00  ,5.251059013813e-01  
  1.348536383587e-07  ,-1.250206504802e+00  ,7.588337450652e-01  ,8.999585629853e-01  ,9.021363300547e-01  ,2.748553105842e-01  ,1.525061815386e+00  ,1.281553202587e+00  ,5.227194575221e-01  
  1.349536391201e-07  ,-1.257032991225e+00  ,7.634859867738e-01  ,8.999585569823e-01  ,9.021327823394e-01  ,2.714420613698e-01  ,1.528475052595e+00  ,1.283875775726e+00  ,5.203897889526e-01  
  1.350536398816e-07  ,-1.263660889426e+00  ,7.680232127591e-01  ,8.999585516052e-01  ,9.021288665562e-01  ,2.681281068922e-01  ,1.531788996318e+00  ,1.286140472936e+00  ,5.181172601766e-01  
  1.351536406430e-07  ,-1.270089204165e+00  ,7.724446450050e-01  ,8.999585468537e-01  ,9.021245814394e-01  ,2.649139447712e-01  ,1.535003148936e+00  ,1.288346903942e+00  ,5.159022589369e-01  
  1.352536414045e-07  ,-1.276316942453e+00  ,7.767495013522e-01  ,8.999585427278e-01  ,9.021199254476e-01  ,2.618000715015e-01  ,1.538117013954e+00  ,1.290494676124e+00  ,5.137451747715e-01  
  1.353536421659e-07  ,-1.282343366965e+00  ,7.809372007527e-01  ,8.999585392277e-01  ,9.021148972873e-01  ,2.587868557454e-01  ,1.541130222710e+00  ,1.292583497664e+00  ,5.116462969110e-01  
  1.354536429274e-07  ,-1.288167120720e+00  ,7.850066649350e-01  ,8.999585363531e-01  ,9.021094943302e-01  ,2.558749759929e-01  ,1.544042096713e+00  ,1.294612826798e+00  ,5.096061618627e-01  
  1.355536436888e-07  ,-1.293787400887e+00  ,7.889572416274e-01  ,8.999585341036e-01  ,9.021037147820e-01  ,2.530648336600e-01  ,1.546852234547e+00  ,1.296582335596e+00  ,5.076250939683e-01  
  1.356536444503e-07  ,-1.299203568038e+00  ,7.927884094123e-01  ,8.999585324790e-01  ,9.020975571935e-01  ,2.503567484601e-01  ,1.549560316498e+00  ,1.298491761900e+00  ,5.057033524874e-01  
  1.357536452117e-07  ,-1.304414562531e+00  ,7.964992996569e-01  ,8.999585314790e-01  ,9.020910191583e-01  ,2.477512502135e-01  ,1.552165812745e+00  ,1.300340668987e+00  ,5.038413693298e-01  
  1.358536459732e-07  ,-1.309419562871e+00  ,8.000892271391e-01  ,8.999585311032e-01  ,9.020840988161e-01  ,2.452487496679e-01  ,1.554668312539e+00  ,1.302128712386e+00  ,5.020394852465e-01  
  1.359536467346e-07  ,-1.314217783914e+00  ,8.035575251179e-01  ,8.999585313507e-01  ,9.020767943748e-01  ,2.428496393938e-01  ,1.557067423308e+00  ,1.303855556934e+00  ,5.002980318159e-01  
  1.360536474961e-07  ,-1.318808474643e+00  ,8.069035454571e-01  ,8.999585322210e-01  ,9.020691040407e-01  ,2.405542948997e-01  ,1.559362769542e+00  ,1.305520876769e+00  ,4.986173313121e-01  
  1.361536482575e-07  ,-1.323190806645e+00  ,8.101265574851e-01  ,8.999585337134e-01  ,9.020610256981e-01  ,2.383631303911e-01  ,1.561553937036e+00  ,1.307124304441e+00  ,4.969977469555e-01  
  1.362536490190e-07  ,-1.327364184142e+00  ,8.132260240414e-01  ,8.999585358273e-01  ,9.020525577388e-01  ,2.362764437562e-01  ,1.563640627898e+00  ,1.308665569760e+00  ,4.954395457182e-01  
  1.363536497804e-07  ,-1.331328135254e+00  ,8.162015176360e-01  ,8.999585385622e-01  ,9.020436988546e-01  ,2.342944709354e-01  ,1.565622606189e+00  ,1.310144457673e+00  ,4.939429400366e-01  
  1.364536505419e-07  ,-1.335081883181e+00  ,8.190523292251e-01  ,8.999585419178e-01  ,9.020344468365e-01  ,2.324176003274e-01  ,1.567499483508e+00  ,1.311560611449e+00  ,4.925082822240e-01  
  1.365536513033e-07  ,-1.338624746557e+00  ,8.217778168159e-01  ,8.999585458930e-01  ,9.020247997087e-01  ,2.306461726144e-01  ,1.569270919172e+00  ,1.312913708117e+00  ,4.911358913007e-01  
  1.366536520648e-07  ,-1.341956243656e+00  ,8.243775112989e-01  ,8.999585504870e-01  ,9.020147562238e-01  ,2.289804286588e-01  ,1.570936672315e+00  ,1.314203511873e+00  ,4.898260005744e-01  
  1.367536528262e-07  ,-1.345075996843e+00  ,8.268510406922e-01  ,8.999585556993e-01  ,9.020043155239e-01  ,2.274205572779e-01  ,1.572496554121e+00  ,1.315429835870e+00  ,4.885787951778e-01  
  1.368536535877e-07  ,-1.347983316530e+00  ,8.291977114826e-01  ,8.999585615290e-01  ,9.019934763115e-01  ,2.259669032638e-01  ,1.573950219794e+00  ,1.316592332053e+00  ,4.873946205702e-01  
  1.369536543491e-07  ,-1.350677807622e+00  ,8.314171066235e-01  ,8.999585679753e-01  ,9.019822381631e-01  ,2.246196641644e-01  ,1.575297471786e+00  ,1.317690791475e+00  ,4.862736848513e-01  
  1.370536551106e-07  ,-1.353159068583e+00  ,8.335087899079e-01  ,8.999585750373e-01  ,9.019706008366e-01  ,2.233790407460e-01  ,1.576538109329e+00  ,1.318724995791e+00  ,4.852162058826e-01  
  1.371536558720e-07  ,-1.355426807888e+00  ,8.354724367267e-01  ,8.999585827144e-01  ,9.019585642986e-01  ,2.222451787705e-01  ,1.577671986658e+00  ,1.319694782662e+00  ,4.842223459352e-01  
  1.372536566335e-07  ,-1.357480563294e+00  ,8.373075192292e-01  ,8.999585910057e-01  ,9.019461287053e-01  ,2.212183093585e-01  ,1.578698872653e+00  ,1.320599888320e+00  ,4.832923690906e-01  
  1.373536573949e-07  ,-1.359319964563e+00  ,8.390135787238e-01  ,8.999585999097e-01  ,9.019332946488e-01  ,2.202986176282e-01  ,1.579618582191e+00  ,1.321440084011e+00  ,4.824265052869e-01  
  1.374536581564e-07  ,-1.360944765727e+00  ,8.405902865074e-01  ,8.999586094254e-01  ,9.019200627702e-01  ,2.194862265621e-01  ,1.580430992289e+00  ,1.322215206024e+00  ,4.816249195165e-01  
  1.375536589178e-07  ,-1.362354782596e+00  ,8.420373850102e-01  ,8.999586195522e-01  ,9.019064336918e-01  ,2.187812282544e-01  ,1.581136010850e+00  ,1.322925126197e+00  ,4.808877411867e-01  
  1.376536596793e-07  ,-1.363549728857e+00  ,8.433544536034e-01  ,8.999586302885e-01  ,9.018924086736e-01  ,2.181837658600e-01  ,1.581733494717e+00  ,1.323569635475e+00  ,4.802151818719e-01  
  1.377536604407e-07  ,-1.364529392491e+00  ,8.445411276080e-01  ,8.999586416332e-01  ,9.018779895046e-01  ,2.176939453879e-01  ,1.582223337878e+00  ,1.324148553309e+00  ,4.796074257006e-01  
  1.378536612021e-07  ,-1.365293675132e+00  ,8.455972121957e-01  ,8.999586535852e-01  ,9.018631774638e-01  ,2.173118160192e-01  ,1.582605491151e+00  ,1.324661783562e+00  ,4.790645713660e-01  
  1.379536619636e-07  ,-1.365842427482e+00  ,8.465223800242e-01  ,8.999586661433e-01  ,9.018479750353e-01  ,2.170374524023e-01  ,1.582879879884e+00  ,1.325109165047e+00  ,4.785867850232e-01  
  1.380536627250e-07  ,-1.366175555836e+00  ,8.473163378470e-01  ,8.999586793057e-01  ,9.018323852979e-01  ,2.168709013879e-01  ,1.583046457224e+00  ,1.325490554221e+00  ,4.781742163745e-01  
  1.381536634865e-07  ,-1.366293029331e+00  ,8.479789317855e-01  ,8.999586930717e-01  ,9.018164102332e-01  ,2.168121784062e-01  ,1.583105207737e+00  ,1.325805876126e+00  ,4.778269443405e-01  
  1.382536642479e-07  ,-1.366194817121e+00  ,8.485099062763e-01  ,8.999587074395e-01  ,9.018000535042e-01  ,2.168612988788e-01  ,1.583056116000e+00  ,1.326055006642e+00  ,4.775451003660e-01  
  1.383536650094e-07  ,-1.365880935882e+00  ,8.489090682714e-01  ,8.999587224075e-01  ,9.017833185685e-01  ,2.170182544664e-01  ,1.582899190349e+00  ,1.326237852704e+00  ,4.773287844328e-01  
  1.384536657708e-07  ,-1.365351435683e+00  ,8.491762453883e-01  ,8.999587379743e-01  ,9.017662090388e-01  ,2.172830201326e-01  ,1.582634455816e+00  ,1.326354331733e+00  ,4.771780863446e-01  
  1.385536665323e-07  ,-1.364606418567e+00  ,8.493112647161e-01  ,8.999587541380e-01  ,9.017487293103e-01  ,2.176555448544e-01  ,1.582261963422e+00  ,1.326404361668e+00  ,4.770930969522e-01  
  1.386536672937e-07  ,-1.363645965841e+00  ,8.493140412928e-01  ,8.999587708973e-01  ,9.017308820022e-01  ,2.181357879766e-01  ,1.581781753818e+00  ,1.326387902649e+00  ,4.770738613558e-01  
  1.387536680552e-07  ,-1.362470243694e+00  ,8.491844403113e-01  ,8.999587882501e-01  ,9.017126718236e-01  ,2.187236664031e-01  ,1.581193910097e+00  ,1.326304891979e+00  ,4.771204516679e-01  
  1.388536688166e-07  ,-1.361079472959e+00  ,8.489223617012e-01  ,8.999588061941e-01  ,9.016941038078e-01  ,2.194190697147e-01  ,1.580498542674e+00  ,1.326155284658e+00  ,4.772329229572e-01  
  1.389536695781e-07  ,-1.359473853942e+00  ,8.485277508898e-01  ,8.999588247277e-01  ,9.016751819944e-01  ,2.202218977568e-01  ,1.579695751699e+00  ,1.325939057439e+00  ,4.774113065495e-01  
  1.390536703395e-07  ,-1.357653630448e+00  ,8.480005652956e-01  ,8.999588438486e-01  ,9.016559108991e-01  ,2.211320286245e-01  ,1.578785659073e+00  ,1.325656193547e+00  ,4.776556282513e-01  
  1.391536711010e-07  ,-1.355619012085e+00  ,8.473407837414e-01  ,8.999588635550e-01  ,9.016362940833e-01  ,2.221493575123e-01  ,1.577768369598e+00  ,1.325306685954e+00  ,4.779659022126e-01  
  1.392536718624e-07  ,-1.353370380022e+00  ,8.465483875246e-01  ,8.999588838437e-01  ,9.016163376177e-01  ,2.232736938328e-01  ,1.576644073855e+00  ,1.324890531380e+00  ,4.783421438554e-01  
  1.393536726239e-07  ,-1.350908154122e+00  ,8.456233987467e-01  ,8.999589047119e-01  ,9.015960473823e-01  ,2.245048276509e-01  ,1.575412981773e+00  ,1.324407746756e+00  ,4.787843480089e-01  
  1.394536733853e-07  ,-1.348232683563e+00  ,8.445658560235e-01  ,8.999589261573e-01  ,9.015754278388e-01  ,2.258425843759e-01  ,1.574075267939e+00  ,1.323858355851e+00  ,4.792924998271e-01  
  1.395536741468e-07  ,-1.345344271318e+00  ,8.433758006517e-01  ,8.999589481776e-01  ,9.015544825801e-01  ,2.272868125186e-01  ,1.572631083837e+00  ,1.323242382906e+00  ,4.798665822542e-01  
  1.396536749082e-07  ,-1.342243458810e+00  ,8.420533184161e-01  ,8.999589707688e-01  ,9.015332176364e-01  ,2.288372413638e-01  ,1.571080700174e+00  ,1.322559876844e+00  ,4.805065584283e-01  
  1.397536756697e-07  ,-1.338930737491e+00  ,8.405985088071e-01  ,8.999589939277e-01  ,9.015116378718e-01  ,2.304936251821e-01  ,1.569424362673e+00  ,1.321810892275e+00  ,4.812123834682e-01  
  1.398536764311e-07  ,-1.335406628963e+00  ,8.390114923474e-01  ,8.999590176511e-01  ,9.014897481354e-01  ,2.322557031696e-01  ,1.567662332133e+00  ,1.320995494309e+00  ,4.819840019617e-01  
  1.399536771926e-07  ,-1.331671780224e+00  ,8.372924382842e-01  ,8.999590419347e-01  ,9.014675540341e-01  ,2.341231518229e-01  ,1.565794932047e+00  ,1.320113773176e+00  ,4.828213348920e-01  
  1.400536779540e-07  ,-1.327726584143e+00  ,8.354414573607e-01  ,8.999590667759e-01  ,9.014450587337e-01  ,2.360957747046e-01  ,1.563822358847e+00  ,1.319165787414e+00  ,4.837243300534e-01  
  1.401536787155e-07  ,-1.323571753567e+00  ,8.334587574043e-01  ,8.999590921700e-01  ,9.014222677680e-01  ,2.381732153866e-01  ,1.561744968953e+00  ,1.318151646470e+00  ,4.846928890658e-01  
  1.402536794769e-07  ,-1.319207943479e+00  ,8.313445430893e-01  ,8.999591181127e-01  ,9.013991859081e-01  ,2.403551463730e-01  ,1.559563089852e+00  ,1.317071457453e+00  ,4.857269143635e-01  
  1.403536802384e-07  ,-1.314635839592e+00  ,8.290990400899e-01  ,8.999591445997e-01  ,9.013758179405e-01  ,2.426412248039e-01  ,1.557277064395e+00  ,1.315925337985e+00  ,4.868262978956e-01  
  1.404536809998e-07  ,-1.309856279384e+00  ,8.267225402523e-01  ,8.999591716257e-01  ,9.013521692262e-01  ,2.450310319337e-01  ,1.554887311318e+00  ,1.314713439352e+00  ,4.879908991000e-01  
  1.405536817613e-07  ,-1.304869764713e+00  ,8.242152243258e-01  ,8.999591991873e-01  ,9.013282426655e-01  ,2.475243168307e-01  ,1.552394081544e+00  ,1.313435854828e+00  ,4.892206305026e-01  
  1.406536825227e-07  ,-1.299677199582e+00  ,8.215774225816e-01  ,8.999592272787e-01  ,9.013040432464e-01  ,2.501206274878e-01  ,1.549797827070e+00  ,1.312092754537e+00  ,4.905153319556e-01  
  1.407536832842e-07  ,-1.294279402739e+00  ,8.188094445053e-01  ,8.999592558946e-01  ,9.012795751564e-01  ,2.528195545250e-01  ,1.547098957264e+00  ,1.310684297409e+00  ,4.918748529038e-01  
  1.408536840456e-07  ,-1.288677222652e+00  ,8.159116204523e-01  ,8.999592850294e-01  ,9.012548425224e-01  ,2.556206737033e-01  ,1.544297896355e+00  ,1.309210652749e+00  ,4.932990322962e-01  
  1.409536848071e-07  ,-1.282871538705e+00  ,8.128843016285e-01  ,8.999593146775e-01  ,9.012298492289e-01  ,2.585235453250e-01  ,1.541395084030e+00  ,1.307672000043e+00  ,4.947876984147e-01  
  1.410536855685e-07  ,-1.276863261728e+00  ,8.097278600750e-01  ,8.999593448331e-01  ,9.012045989146e-01  ,2.615277139692e-01  ,1.538390975697e+00  ,1.306068528952e+00  ,4.963406688771e-01  
  1.411536863300e-07  ,-1.270653334176e+00  ,8.064426886305e-01  ,8.999593754906e-01  ,9.011790952323e-01  ,2.646327084025e-01  ,1.535286042579e+00  ,1.304400439548e+00  ,4.979577509170e-01  
  1.412536870914e-07  ,-1.264242730138e+00  ,8.030292008653e-01  ,8.999594066436e-01  ,9.011533420278e-01  ,2.678380415747e-01  ,1.532080771712e+00  ,1.302667942461e+00  ,4.996387415952e-01  
  1.413536878529e-07  ,-1.257632455252e+00  ,7.994878310211e-01  ,8.999594382856e-01  ,9.011273431653e-01  ,2.711432106595e-01  ,1.528775665912e+00  ,1.300871258676e+00  ,5.013834276547e-01  
  1.414536886143e-07  ,-1.250823546581e+00  ,7.958190339755e-01  ,8.999594704105e-01  ,9.011011022179e-01  ,2.745476971199e-01  ,1.525371243701e+00  ,1.299010619206e+00  ,5.031915852301e-01  
  1.415536893758e-07  ,-1.243817072465e+00  ,7.920232852086e-01  ,8.999595030117e-01  ,9.010746225281e-01  ,2.780509667794e-01  ,1.521868039244e+00  ,1.297086265132e+00  ,5.050629799238e-01  
  1.416536901372e-07  ,-1.236614132359e+00  ,7.881010807323e-01  ,8.999595360827e-01  ,9.010479075498e-01  ,2.816524699033e-01  ,1.518266602262e+00  ,1.295098447916e+00  ,5.069973671836e-01  
  1.417536908987e-07  ,-1.229215856661e+00  ,7.840529370018e-01  ,8.999595696168e-01  ,9.010209608951e-01  ,2.853516412863e-01  ,1.514567497947e+00  ,1.293047429396e+00  ,5.089944923942e-01  
  1.418536916601e-07  ,-1.221623406532e+00  ,7.798793908476e-01  ,8.999596036069e-01  ,9.009937859835e-01  ,2.891479003410e-01  ,1.510771306873e+00  ,1.290933481407e+00  ,5.110540905597e-01  
  1.419536924216e-07  ,-1.213838169718e+00  ,7.755810962320e-01  ,8.999596380456e-01  ,9.009663864070e-01  ,2.930405531865e-01  ,1.506878722905e+00  ,1.288756934523e+00  ,5.131758382909e-01  
  1.420536931830e-07  ,-1.205860962228e+00  ,7.711584403589e-01  ,8.999596729281e-01  ,9.009387642239e-01  ,2.970291918140e-01  ,1.502890154042e+00  ,1.286517984403e+00  ,5.153595440444e-01  
  1.421536939445e-07  ,-1.197693445135e+00  ,7.666122178022e-01  ,8.999597082451e-01  ,9.009109238029e-01  ,3.011129856774e-01  ,1.498806430813e+00  ,1.284217032704e+00  ,5.176048149018e-01  
  1.422536947059e-07  ,-1.189336478573e+00  ,7.619428426112e-01  ,8.999597439916e-01  ,9.008828674814e-01  ,3.052915047051e-01  ,1.494627983278e+00  ,1.281854288787e+00  ,5.199114461758e-01  
  1.423536954674e-07  ,-1.180791591759e+00  ,7.571510527066e-01  ,8.999597801595e-01  ,9.008545993051e-01  ,3.095639842798e-01  ,1.490355576039e+00  ,1.279430125658e+00  ,5.222790729518e-01  
  1.424536962288e-07  ,-1.172060354839e+00  ,7.522376192631e-01  ,8.999598167410e-01  ,9.008261231673e-01  ,3.139296393213e-01  ,1.485989994161e+00  ,1.276944932799e+00  ,5.247073135358e-01  
  1.425536969903e-07  ,-1.163143684747e+00  ,7.472029961891e-01  ,8.999598537316e-01  ,9.007974413152e-01  ,3.183880113583e-01  ,1.481531696105e+00  ,1.274398939410e+00  ,5.271959432207e-01  
  1.426536977517e-07  ,-1.154043211028e+00  ,7.420479909965e-01  ,8.999598911229e-01  ,9.007685578289e-01  ,3.229382856088e-01  ,1.476981496637e+00  ,1.271792553327e+00  ,5.297445623306e-01  
  1.427536985132e-07  ,-1.144760370242e+00  ,7.367733206970e-01  ,8.999599289078e-01  ,9.007394764187e-01  ,3.275797437868e-01  ,1.472340114029e+00  ,1.269126136767e+00  ,5.323528160702e-01  
  1.428536992746e-07  ,-1.135296623101e+00  ,7.313797218590e-01  ,8.999599670800e-01  ,9.007102007550e-01  ,3.323116555295e-01  ,1.467608278631e+00  ,1.266400061684e+00  ,5.350203398255e-01  
  1.429537000361e-07  ,-1.125653699703e+00  ,7.258680802863e-01  ,8.999600056321e-01  ,9.006807349818e-01  ,3.371331557809e-01  ,1.462786855483e+00  ,1.263614775125e+00  ,5.377466948387e-01  
  1.430537007975e-07  ,-1.115832610293e+00  ,7.202389150627e-01  ,8.999600445595e-01  ,9.006510815155e-01  ,3.420437394132e-01  ,1.457876349706e+00  ,1.260770539047e+00  ,5.405316239841e-01  
  1.431537015590e-07  ,-1.105835148747e+00  ,7.144931474254e-01  ,8.999600838542e-01  ,9.006212447516e-01  ,3.470425094807e-01  ,1.452877658228e+00  ,1.257867818464e+00  ,5.433746710389e-01  
  1.432537023204e-07  ,-1.095662893103e+00  ,7.086315912274e-01  ,8.999601235099e-01  ,9.005912287721e-01  ,3.521286769585e-01  ,1.447791570061e+00  ,1.254907024386e+00  ,5.462754331583e-01  
  1.433537030819e-07  ,-1.085317444425e+00  ,7.026550793488e-01  ,8.999601635205e-01  ,9.005610378074e-01  ,3.573014413078e-01  ,1.442618885733e+00  ,1.251888577482e+00  ,5.492334981330e-01  
  1.434537038433e-07  ,-1.074800694175e+00  ,6.965646092046e-01  ,8.999602038793e-01  ,9.005306768076e-01  ,3.625598567917e-01  ,1.437360550967e+00  ,1.248812981410e+00  ,5.522483722053e-01  
  1.435537046048e-07  ,-1.064114103030e+00  ,6.903609602011e-01  ,8.999602445809e-01  ,9.005001496352e-01  ,3.679031930660e-01  ,1.432017296096e+00  ,1.245680629736e+00  ,5.553196695347e-01  
  1.436537053662e-07  ,-1.053258882603e+00  ,6.840447744108e-01  ,8.999602856207e-01  ,9.004694595420e-01  ,3.733308443192e-01  ,1.426589726922e+00  ,1.242491846747e+00  ,5.584470723365e-01  
  1.437537061277e-07  ,-1.042237395714e+00  ,6.776173073321e-01  ,8.999603269900e-01  ,9.004386130312e-01  ,3.788416291327e-01  ,1.421079024847e+00  ,1.239247266697e+00  ,5.616299593652e-01  
  1.438537068891e-07  ,-1.031050806998e+00  ,6.710791784919e-01  ,8.999603686845e-01  ,9.004076133631e-01  ,3.844349651855e-01  ,1.415485772184e+00  ,1.235947202609e+00  ,5.648680241171e-01  
  1.439537076506e-07  ,-1.019701174451e+00  ,6.644314842299e-01  ,8.999604106974e-01  ,9.003764662048e-01  ,3.901098234719e-01  ,1.409810997923e+00  ,1.232592208320e+00  ,5.681607240899e-01  
  1.440537084120e-07  ,-1.008190292857e+00  ,6.576751872235e-01  ,8.999604530227e-01  ,9.003451763354e-01  ,3.958653065943e-01  ,1.404055599451e+00  ,1.229182769947e+00  ,5.715075827236e-01  
  1.441537091735e-07  ,-9.965199754920e-01  ,6.508112681907e-01  ,8.999604956554e-01  ,9.003137486207e-01  ,4.017005079093e-01  ,1.398220483401e+00  ,1.225719382716e+00  ,5.749081145254e-01  
  1.442537099349e-07  ,-9.846923560256e-01  ,6.438408956126e-01  ,8.999605385892e-01  ,9.002821891870e-01  ,4.076143605764e-01  ,1.392306716602e+00  ,1.222202636993e+00  ,5.783617413807e-01  
  1.443537106964e-07  ,-9.727090763453e-01  ,6.367649780852e-01  ,8.999605818192e-01  ,9.002505029657e-01  ,4.136060436466e-01  ,1.386315119992e+00  ,1.218632992008e+00  ,5.818680139231e-01  
  1.444537114578e-07  ,-9.605714955306e-01  ,6.295842621193e-01  ,8.999606253409e-01  ,9.002186939920e-01  ,4.196748775756e-01  ,1.380246373106e+00  ,1.215010825052e+00  ,5.854265629323e-01  
  1.445537122193e-07  ,-9.482819450768e-01  ,6.223000242362e-01  ,8.999606691464e-01  ,9.001867691351e-01  ,4.258196966080e-01  ,1.374101641685e+00  ,1.211336781253e+00  ,5.890367570171e-01  
  1.446537129807e-07  ,-9.358423747328e-01  ,6.149133330702e-01  ,8.999607132302e-01  ,9.001547341859e-01  ,4.320395258638e-01  ,1.367881900597e+00  ,1.207611400721e+00  ,5.926980676508e-01  
  1.447537137422e-07  ,-9.232547475976e-01  ,6.074252743947e-01  ,8.999607575876e-01  ,9.001225952272e-01  ,4.383333837888e-01  ,1.361588131386e+00  ,1.203835232425e+00  ,5.964099580299e-01  
  1.448537145036e-07  ,-9.105213668733e-01  ,5.998371379918e-01  ,8.999608022121e-01  ,9.000903595806e-01  ,4.447001187754e-01  ,1.355221485649e+00  ,1.200008928576e+00  ,6.001717905847e-01  
  1.449537152651e-07  ,-8.976435670639e-01  ,5.921496720543e-01  ,8.999608470995e-01  ,9.000580313932e-01  ,4.511390635676e-01  ,1.348782630631e+00  ,1.196132867420e+00  ,6.039831953660e-01  
  1.450537160265e-07  ,-8.846237077375e-01  ,5.843641969866e-01  ,8.999608922429e-01  ,9.000256179049e-01  ,4.576490383741e-01  ,1.342272746112e+00  ,1.192207716398e+00  ,6.078435194115e-01  
  1.451537167879e-07  ,-8.714641791795e-01  ,5.764820606693e-01  ,8.999609376351e-01  ,8.999931265467e-01  ,4.642288480454e-01  ,1.335693027225e+00  ,1.188234156881e+00  ,6.117520962121e-01  
  1.452537175494e-07  ,-8.581663628881e-01  ,5.685040441671e-01  ,8.999609832721e-01  ,8.999605617212e-01  ,4.708778018281e-01  ,1.329044164716e+00  ,1.184212583805e+00  ,6.157085396376e-01  
  1.453537183108e-07  ,-8.447326991812e-01  ,5.604315250808e-01  ,8.999610291463e-01  ,8.999279311640e-01  ,4.775946795557e-01  ,1.322327378737e+00  ,1.180143693704e+00  ,6.197121686236e-01  
  1.454537190723e-07  ,-8.311656554501e-01  ,5.522659076516e-01  ,8.999610752506e-01  ,8.998952426334e-01  ,4.843782475256e-01  ,1.315543902976e+00  ,1.176028196459e+00  ,6.237622888076e-01  
  1.455537198337e-07  ,-8.174666563705e-01  ,5.440080048000e-01  ,8.999611215814e-01  ,8.998625006597e-01  ,4.912277933962e-01  ,1.308694449767e+00  ,1.171866503060e+00  ,6.278584982597e-01  
  1.456537205952e-07  ,-8.036382172523e-01  ,5.356592495021e-01  ,8.999611681307e-01  ,8.998297134138e-01  ,4.981420595045e-01  ,1.301780276757e+00  ,1.167659338165e+00  ,6.320000886628e-01  
  1.457537213566e-07  ,-7.896825250856e-01  ,5.272208895227e-01  ,8.999612148906e-01  ,8.997968882546e-01  ,5.051199523478e-01  ,1.294802477433e+00  ,1.163407333016e+00  ,6.361864434932e-01  
  1.458537221181e-07  ,-7.756021365352e-01  ,5.186944012725e-01  ,8.999612618548e-01  ,8.997640336567e-01  ,5.121601935872e-01  ,1.287762330122e+00  ,1.159111234293e+00  ,6.404168330204e-01  
  1.459537228795e-07  ,-7.613985286077e-01  ,5.100806384260e-01  ,8.999613090181e-01  ,8.997311543447e-01  ,5.192620447143e-01  ,1.280660573322e+00  ,1.154771473558e+00  ,6.446908351318e-01  
  1.460537236410e-07  ,-7.470743086338e-01  ,5.013811047857e-01  ,8.999613563712e-01  ,8.996982586512e-01  ,5.264242020544e-01  ,1.273498510688e+00  ,1.150388811044e+00  ,6.490077062584e-01  
  1.461537244024e-07  ,-7.326317423815e-01  ,4.925971078662e-01  ,8.999614039069e-01  ,8.996653539487e-01  ,5.336455327162e-01  ,1.266277275098e+00  ,1.145963907882e+00  ,6.533668000156e-01  
  1.462537251639e-07  ,-7.180734762953e-01  ,4.837301926894e-01  ,8.999614516176e-01  ,8.996324489519e-01  ,5.409247134700e-01  ,1.258998189765e+00  ,1.141497545297e+00  ,6.577673526072e-01  
  1.463537259253e-07  ,-7.034015333171e-01  ,4.747815511224e-01  ,8.999614994965e-01  ,8.995995501131e-01  ,5.482607328380e-01  ,1.251662266155e+00  ,1.136990325674e+00  ,6.622087745519e-01  
  1.464537266868e-07  ,-6.886175813638e-01  ,4.657521581685e-01  ,8.999615475375e-01  ,8.995666626251e-01  ,5.556527568556e-01  ,1.244270338219e+00  ,1.132442741709e+00  ,6.666905835408e-01  
  1.465537274482e-07  ,-6.737244717500e-01  ,4.566436743214e-01  ,8.999615957299e-01  ,8.995337953522e-01  ,5.630993598549e-01  ,1.236823831605e+00  ,1.127855632513e+00  ,6.712119581915e-01  
  1.466537282097e-07  ,-6.587249521044e-01  ,4.474577095400e-01  ,8.999616440650e-01  ,8.995009571305e-01  ,5.705991680128e-01  ,1.229324120117e+00  ,1.123229811901e+00  ,6.757721023605e-01  
  1.467537289711e-07  ,-6.436206010382e-01  ,4.381951927133e-01  ,8.999616925373e-01  ,8.994681531033e-01  ,5.781513920182e-01  ,1.221771993056e+00  ,1.118565749460e+00  ,6.803705567466e-01  
  1.468537297326e-07  ,-6.284141994865e-01  ,4.288577581810e-01  ,8.999617411365e-01  ,8.994353920827e-01  ,5.857546413932e-01  ,1.214168840880e+00  ,1.113864271173e+00  ,6.850065129922e-01  
  1.469537304940e-07  ,-6.131081549037e-01  ,4.194468233118e-01  ,8.999617898536e-01  ,8.994026812002e-01  ,5.934077124017e-01  ,1.206515867305e+00  ,1.109126092856e+00  ,6.896792695443e-01  
  1.470537312555e-07  ,-5.977052728410e-01  ,4.099640590830e-01  ,8.999618386805e-01  ,8.993700286990e-01  ,6.011092022600e-01  ,1.198814475101e+00  ,1.104352058241e+00  ,6.943879991575e-01  
  1.471537320169e-07  ,-5.822076935558e-01  ,4.004107515561e-01  ,8.999618876094e-01  ,8.993374410744e-01  ,6.088580408315e-01  ,1.191065734387e+00  ,1.099542816852e+00  ,6.991320652963e-01  
  1.472537327784e-07  ,-5.666177521392e-01  ,3.907883036106e-01  ,8.999619366316e-01  ,8.993049252774e-01  ,6.166530605621e-01  ,1.183270812701e+00  ,1.094699077083e+00  ,7.039107734721e-01  
  1.473537335398e-07  ,-5.509372723379e-01  ,3.810978010672e-01  ,8.999619857399e-01  ,8.992724865108e-01  ,6.244933495709e-01  ,1.175430621909e+00  ,1.089821387044e+00  ,7.087235859772e-01  
  1.474537343013e-07  ,-5.351693370563e-01  ,3.713410722283e-01  ,8.999620349222e-01  ,8.992401332958e-01  ,6.323773663941e-01  ,1.167546703450e+00  ,1.084910669410e+00  ,7.135695971816e-01  
  1.475537350627e-07  ,-5.193164598018e-01  ,3.615196078425e-01  ,8.999620841702e-01  ,8.992078723357e-01  ,6.403038542693e-01  ,1.159620314071e+00  ,1.079967676257e+00  ,7.184480684145e-01  
  1.476537358242e-07  ,-5.033815543083e-01  ,3.516351626376e-01  ,8.999621334749e-01  ,8.991757115908e-01  ,6.482713563207e-01  ,1.151652910629e+00  ,1.074993292910e+00  ,7.233581302719e-01  
  1.477537365856e-07  ,-4.873662946375e-01  ,3.416887467588e-01  ,8.999621828299e-01  ,8.991436555191e-01  ,6.562790355111e-01  ,1.143645330149e+00  ,1.069988028898e+00  ,7.282992821397e-01  
  1.478537373471e-07  ,-4.712736282450e-01  ,3.316821352555e-01  ,8.999622322237e-01  ,8.991117116693e-01  ,6.643254181012e-01  ,1.135599046346e+00  ,1.064952779297e+00  ,7.332706440415e-01  
  1.479537381085e-07  ,-4.551065129104e-01  ,3.216171211383e-01  ,8.999622816469e-01  ,8.990798871921e-01  ,6.724090251917e-01  ,1.127515538102e+00  ,1.059888447761e+00  ,7.382713266230e-01  
  1.480537388700e-07  ,-4.388666475208e-01  ,3.114947359564e-01  ,8.999623310936e-01  ,8.990481861958e-01  ,6.805290073332e-01  ,1.119395654854e+00  ,1.054795554174e+00  ,7.433008182176e-01  
  1.481537396314e-07  ,-4.225570224495e-01  ,3.013167917305e-01  ,8.999623805524e-01  ,8.990166158389e-01  ,6.886838693276e-01  ,1.111240891777e+00  ,1.049675011704e+00  ,7.483582199736e-01  
  1.482537403929e-07  ,-4.061802210561e-01  ,2.910848543613e-01  ,8.999624300141e-01  ,8.989851819499e-01  ,6.968723194860e-01  ,1.103052540542e+00  ,1.044527609131e+00  ,7.534427547693e-01  
  1.483537411543e-07  ,-3.897392466375e-01  ,2.808007640100e-01  ,8.999624794711e-01  ,8.989538907958e-01  ,7.050928561524e-01  ,1.094832102790e+00  ,1.039354272801e+00  ,7.585535087908e-01  
  1.484537419158e-07  ,-3.732358255700e-01  ,2.704655785249e-01  ,8.999625289173e-01  ,8.989227459637e-01  ,7.133446161323e-01  ,1.086580441702e+00  ,1.034155535226e+00  ,7.636899567013e-01  
  1.485537426772e-07  ,-3.566729965794e-01  ,2.600811552874e-01  ,8.999625783413e-01  ,8.988917538927e-01  ,7.216260800516e-01  ,1.078299076631e+00  ,1.028932331536e+00  ,7.688511762490e-01  
  1.486537434387e-07  ,-3.400533840844e-01  ,2.496490978145e-01  ,8.999626277346e-01  ,8.988609201395e-01  ,7.299359356924e-01  ,1.069989319777e+00  ,1.023685469047e+00  ,7.740363712323e-01  
  1.487537442001e-07  ,-3.233800371291e-01  ,2.391712887972e-01  ,8.999626770885e-01  ,8.988302505384e-01  ,7.382726585240e-01  ,1.061652695653e+00  ,1.018415894937e+00  ,7.792446061398e-01  
  1.488537449616e-07  ,-3.066552740337e-01  ,2.286491714552e-01  ,8.999627263959e-01  ,8.987997492017e-01  ,7.466350893790e-01  ,1.053290363413e+00  ,1.013124334929e+00  ,7.844751634742e-01  
  1.489537457230e-07  ,-2.898809999020e-01  ,2.180839222768e-01  ,8.999627756501e-01  ,8.987694194950e-01  ,7.550222756991e-01  ,1.044903275601e+00  ,1.007811380633e+00  ,7.897274583566e-01  
  1.490537464845e-07  ,-2.730604617173e-01  ,2.074775383114e-01  ,8.999628248398e-01  ,8.987392671720e-01  ,7.634325939812e-01  ,1.036493055698e+00  ,1.002478036328e+00  ,7.950004980163e-01  
  1.491537472459e-07  ,-2.561963373732e-01  ,1.968316644855e-01  ,8.999628739572e-01  ,8.987092969186e-01  ,7.718647052706e-01  ,1.028061042644e+00  ,9.971251291614e-01  ,8.002934646759e-01  
  1.492537480074e-07  ,-2.392917268545e-01  ,1.861482300326e-01  ,8.999629229946e-01  ,8.986795137501e-01  ,7.803170595674e-01  ,1.019608786422e+00  ,9.917536287664e-01  ,8.056053987338e-01  
  1.493537487688e-07  ,-2.223484074281e-01  ,1.754283421952e-01  ,8.999629719464e-01  ,8.986499203038e-01  ,7.887887682324e-01  ,1.011137175660e+00  ,9.863640914014e-01  ,8.109357492062e-01  
  1.494537495303e-07  ,-2.053695036523e-01  ,1.646739433049e-01  ,8.999630208025e-01  ,8.986205211904e-01  ,7.972782689764e-01  ,1.002647772629e+00  ,9.809574928429e-01  ,8.162835495380e-01  
  1.495537502917e-07  ,-1.883577076420e-01  ,1.538867068351e-01  ,8.999630695555e-01  ,8.985913205634e-01  ,8.057842157345e-01  ,9.941419233765e-01  ,9.755346739810e-01  ,8.216479671459e-01  
  1.496537510532e-07  ,-1.713161415375e-01  ,1.430685938812e-01  ,8.999631181977e-01  ,8.985623235315e-01  ,8.143050474289e-01  ,9.856211889665e-01  ,9.700966204721e-01  ,8.270280265908e-01  
  1.497537518146e-07  ,-1.542471751743e-01  ,1.322211049483e-01  ,8.999631667225e-01  ,8.985335337433e-01  ,8.228395791354e-01  ,9.770867543097e-01  ,9.646440862175e-01  ,8.324229812692e-01  
  1.498537525761e-07  ,-1.371528674385e-01  ,1.213454619790e-01  ,8.999632151186e-01  ,8.985049540011e-01  ,8.313867813994e-01  ,9.685396488379e-01  ,9.591776849906e-01  ,8.378322230116e-01  
  1.499537533375e-07  ,-1.200366841072e-01  ,1.104437372114e-01  ,8.999632633737e-01  ,8.984765889656e-01  ,8.399449213201e-01  ,9.599816054273e-01  ,9.536984575713e-01  ,8.432547203600e-01  
  1.500537540990e-07  ,-1.029012786946e-01  ,9.951763387861e-02  ,8.999633114918e-01  ,8.984484425462e-01  ,8.485126721445e-01  ,9.514139508391e-01  ,9.482072594856e-01  ,8.486896256069e-01  
  1.501537548604e-07  ,-8.574964654996e-02  ,8.856914602087e-02  ,8.999633594696e-01  ,8.984205194640e-01  ,8.570885361946e-01  ,9.428381827445e-01  ,9.427050924744e-01  ,8.541359464535e-01  
  1.502537556219e-07  ,-6.858414867617e-02  ,7.759979787578e-02  ,8.999634072927e-01  ,8.983928231031e-01  ,8.656713329546e-01  ,9.342554816308e-01  ,9.371927220410e-01  ,8.595929241652e-01  
  1.503537563833e-07  ,-5.140731763584e-02  ,6.661124422812e-02  ,8.999634549567e-01  ,8.983653572985e-01  ,8.742597961388e-01  ,9.256671137746e-01  ,9.316709794125e-01  ,8.650597351844e-01  
  1.504537571448e-07  ,-3.422164154928e-02  ,5.560518609179e-02  ,8.999635024622e-01  ,8.983381264887e-01  ,8.828526816876e-01  ,9.170743232369e-01  ,9.261407195346e-01  ,8.705355334428e-01  
  1.505537579062e-07  ,-1.702911648217e-02  ,4.458291223728e-02  ,8.999635498000e-01  ,8.983111343343e-01  ,8.914489915589e-01  ,9.084781080410e-01  ,9.206025904529e-01  ,8.760196782157e-01  
  1.506537586677e-07  ,1.668572100111e-04  ,3.354657727824e-02  ,8.999635969543e-01  ,8.982843870540e-01  ,9.000470255593e-01  ,8.998801683493e-01  ,9.150576756931e-01  ,8.815110984149e-01  
  1.507537594291e-07  ,1.736303327217e-02  ,2.249820410178e-02  ,8.999636439190e-01  ,8.982578901609e-01  ,9.086451605551e-01  ,8.912821272829e-01  ,9.095069922118e-01  ,8.870087881100e-01  
  1.508537601906e-07  ,3.455753263923e-02  ,1.143895075794e-02  ,8.999636906912e-01  ,8.982316466138e-01  ,9.172424570108e-01  ,8.826849243716e-01  ,9.039511219928e-01  ,8.925121712348e-01  
  1.509537609520e-07  ,5.174704951723e-02  ,3.708457368067e-04  ,8.999637372579e-01  ,8.982056617042e-01  ,9.258372620165e-01  ,8.740902124993e-01  ,8.983910845726e-01  ,8.980202388358e-01  
  1.510537617135e-07  ,6.892877292126e-02  ,-1.070436883679e-02  ,8.999637836098e-01  ,8.981799399783e-01  ,9.344281700704e-01  ,8.654993971492e-01  ,8.928277555599e-01  ,9.035321243967e-01  
  1.511537624749e-07  ,8.609951828946e-02  ,-2.178465725531e-02  ,8.999638297448e-01  ,8.981544859130e-01  ,9.430135888895e-01  ,8.569140706000e-01  ,8.872621572854e-01  ,9.090468145407e-01  
  1.512537632364e-07  ,1.032568963783e-01  ,-3.286846630551e-02  ,8.999638756540e-01  ,8.981293026122e-01  ,9.515923238432e-01  ,8.483354274649e-01  ,8.816950694594e-01  ,9.145635357649e-01  
  1.513537639978e-07  ,1.203983214111e-01  ,-4.395411192381e-02  ,8.999639213316e-01  ,8.981043940034e-01  ,9.601630820371e-01  ,8.397647606260e-01  ,8.761273380415e-01  ,9.200814499653e-01  
  1.514537647593e-07  ,1.375211382570e-01  ,-5.503986545922e-02  ,8.999639667725e-01  ,8.980797649480e-01  ,9.687245359010e-01  ,8.312033976440e-01  ,8.705598322183e-01  ,9.255996976776e-01  
  1.515537655207e-07  ,1.546226653394e-01  ,-6.612398260241e-02  ,8.999640119715e-01  ,8.980554211350e-01  ,9.772753446412e-01  ,8.226526793018e-01  ,8.649934298338e-01  ,9.311174124362e-01  
  1.516537662822e-07  ,1.717008687784e-01  ,-7.720515084405e-02  ,8.999640569239e-01  ,8.980313672279e-01  ,9.858144913131e-01  ,8.141136225347e-01  ,8.594287918059e-01  ,9.366339426499e-01  
  1.517537670436e-07  ,1.887519090880e-01  ,-8.828088841658e-02  ,8.999641016219e-01  ,8.980076124661e-01  ,9.943400561659e-01  ,8.055881470779e-01  ,8.538671682578e-01  ,9.421480566744e-01  
  1.518537678051e-07  ,2.057739785777e-01  ,-9.935002596656e-02  ,8.999641460618e-01  ,8.979841614112e-01  ,1.002851135351e+00  ,7.970771567729e-01  ,8.483091484280e-01  ,9.476591743945e-01  
  1.519537685665e-07  ,2.227639176204e-01  ,-1.104105170474e-01  ,8.999641902356e-01  ,8.979610219544e-01  ,1.011346149046e+00  ,7.885822314254e-01  ,8.427557634307e-01  ,9.531662804781e-01  
  1.520537693280e-07  ,2.397190321646e-01  ,-1.214606076394e-01  ,8.999642341354e-01  ,8.979382004878e-01  ,1.019823750218e+00  ,7.801047180531e-01  ,8.372078966681e-01  ,9.586685043075e-01  
  1.521537700894e-07  ,2.566362149833e-01  ,-1.324982521072e-01  ,8.999642777535e-01  ,8.979157034422e-01  ,1.028282385245e+00  ,7.716461702619e-01  ,8.316665773886e-01  ,9.641648294958e-01  
  1.522537708509e-07  ,2.735136914668e-01  ,-1.435222820505e-01  ,8.999643210849e-01  ,8.978935339344e-01  ,1.036721166818e+00  ,7.632074753515e-01  ,8.261323929091e-01  ,9.696546749596e-01  
  1.523537716123e-07  ,2.903483491695e-01  ,-1.545306534669e-01  ,8.999643641205e-01  ,8.978716971631e-01  ,1.045138538705e+00  ,7.547901895358e-01  ,8.206063704297e-01  ,9.751370238966e-01  
  1.524537723738e-07  ,3.071375204332e-01  ,-1.655216158477e-01  ,8.999644068544e-01  ,8.978501975809e-01  ,1.053533167071e+00  ,7.463956466378e-01  ,8.150893896571e-01  ,9.806110055047e-01  
  1.525537731352e-07  ,3.238781262871e-01  ,-1.764931290737e-01  ,8.999644492815e-01  ,8.978290413925e-01  ,1.061903512425e+00  ,7.380253861379e-01  ,8.095824768556e-01  ,9.860756059293e-01  
  1.526537738966e-07  ,3.405684086249e-01  ,-1.874440285900e-01  ,8.999644913975e-01  ,8.978082326575e-01  ,1.070248695710e+00  ,7.296802870850e-01  ,8.040862183625e-01  ,9.915302469525e-01  
  1.527537746581e-07  ,3.572052850012e-01  ,-1.983722778251e-01  ,8.999645331947e-01  ,8.977877788450e-01  ,1.078567175695e+00  ,7.213618906941e-01  ,7.986016399324e-01  ,9.969739177576e-01  
  1.528537754195e-07  ,3.737856939635e-01  ,-2.092758440263e-01  ,8.999645746668e-01  ,8.977676880618e-01  ,1.086857421649e+00  ,7.130717276850e-01  ,7.931297660487e-01  ,1.002405610075e+00  
  1.529537761810e-07  ,3.903073282448e-01  ,-2.201531812536e-01  ,8.999646158087e-01  ,8.977479664409e-01  ,1.095118279931e+00  ,7.048109516863e-01  ,7.876713758141e-01  ,1.007824557068e+00  
  1.530537769424e-07  ,4.067683014330e-01  ,-2.310030348698e-01  ,8.999646566148e-01  ,8.977286187315e-01  ,1.103348807331e+00  ,6.965805058983e-01  ,7.822271012966e-01  ,1.013230136166e+00  
  1.531537777039e-07  ,4.231654129067e-01  ,-2.418232840965e-01  ,8.999646970758e-01  ,8.977096523777e-01  ,1.111547403529e+00  ,6.883819906224e-01  ,7.767980103294e-01  ,1.018621294426e+00  
  1.532537784653e-07  ,4.394960484909e-01  ,-2.526121985061e-01  ,8.999647371856e-01  ,8.976910722157e-01  ,1.119712761431e+00  ,6.802167129402e-01  ,7.713849729626e-01  ,1.023997171469e+00  
  1.533537792268e-07  ,4.557572042923e-01  ,-2.633677645631e-01  ,8.999647769389e-01  ,8.976728828521e-01  ,1.127843379085e+00  ,6.720861747927e-01  ,7.659890005706e-01  ,1.029356765134e+00  
  1.534537799882e-07  ,4.719471697363e-01  ,-2.740888344448e-01  ,8.999648163307e-01  ,8.976550867441e-01  ,1.135938401199e+00  ,6.639912314626e-01  ,7.606106695217e-01  ,1.034699503967e+00  
  1.535537807497e-07  ,4.880625381407e-01  ,-2.847731169426e-01  ,8.999648553526e-01  ,8.976376889094e-01  ,1.143996124423e+00  ,6.559335862822e-01  ,7.552511304381e-01  ,1.040024247381e+00  
  1.536537815111e-07  ,5.041010613056e-01  ,-2.954190903863e-01  ,8.999648939998e-01  ,8.976206930054e-01  ,1.152015424653e+00  ,6.479143633470e-01  ,7.499111478122e-01  ,1.045330238198e+00  
  1.537537822726e-07  ,5.200603119153e-01  ,-3.060251102298e-01  ,8.999649322666e-01  ,8.976041033656e-01  ,1.159995088224e+00  ,6.399347763089e-01  ,7.445915482507e-01  ,1.050616658480e+00  
  1.538537830340e-07  ,5.359378059445e-01  ,-3.165894944283e-01  ,8.999649701464e-01  ,8.975879247655e-01  ,1.167933873119e+00  ,6.319960671742e-01  ,7.392931775514e-01  ,1.055882671980e+00  
  1.539537837955e-07  ,5.517310447364e-01  ,-3.271105521008e-01  ,8.999650076332e-01  ,8.975721621234e-01  ,1.175830530001e+00  ,6.240994852649e-01  ,7.340168860730e-01  ,1.061127438174e+00  
  1.540537845569e-07  ,5.674381405085e-01  ,-3.375870150327e-01  ,8.999650447215e-01  ,8.975568190453e-01  ,1.183684114976e+00  ,6.162459744672e-01  ,7.287633115289e-01  ,1.066350326562e+00  
  1.541537853184e-07  ,5.830559450789e-01  ,-3.480167732362e-01  ,8.999650814030e-01  ,8.975419011872e-01  ,1.191493053942e+00  ,6.084371088635e-01  ,7.235335145691e-01  ,1.071550287805e+00  
  1.542537860798e-07  ,5.985819583621e-01  ,-3.583981463776e-01  ,8.999651176719e-01  ,8.975274122122e-01  ,1.199256096853e+00  ,6.006741384908e-01  ,7.183283390234e-01  ,1.076726485401e+00  
  1.543537868413e-07  ,6.140137146574e-01  ,-3.687294606990e-01  ,8.999651535232e-01  ,8.975133548910e-01  ,1.206972010852e+00  ,5.929582961945e-01  ,7.131486245415e-01  ,1.081878085241e+00  
  1.544537876027e-07  ,6.293483826892e-01  ,-3.790087728746e-01  ,8.999651889495e-01  ,8.974997313915e-01  ,1.214639380294e+00  ,5.852909976049e-01  ,7.079953449541e-01  ,1.087004117829e+00  
  1.545537883642e-07  ,6.445838334628e-01  ,-3.892346097393e-01  ,8.999652239460e-01  ,8.974865429719e-01  ,1.222257140677e+00  ,5.776733072146e-01  ,7.028692381022e-01  ,1.092103847842e+00  
  1.546537891256e-07  ,6.597177681857e-01  ,-3.994053812830e-01  ,8.999652585071e-01  ,8.974737911017e-01  ,1.229824142600e+00  ,5.701063744143e-01  ,6.977711004602e-01  ,1.097176481743e+00  
  1.547537898871e-07  ,6.747484096104e-01  ,-4.095198686439e-01  ,8.999652926275e-01  ,8.974614770738e-01  ,1.237339497433e+00  ,5.625910878223e-01  ,6.927015427518e-01  ,1.102221411396e+00  
  1.548537906485e-07  ,6.896727787559e-01  ,-4.195760364826e-01  ,8.999653262987e-01  ,8.974496033354e-01  ,1.244801715677e+00  ,5.551289369208e-01  ,6.876615850941e-01  ,1.107237621577e+00  
  1.549537914100e-07  ,7.044884912688e-01  ,-4.295722559504e-01  ,8.999653595155e-01  ,8.974381722891e-01  ,1.252209605150e+00  ,5.477211138811e-01  ,6.826520443139e-01  ,1.112224300264e+00  
  1.550537921714e-07  ,7.191928214557e-01  ,-4.395066381435e-01  ,8.999653922729e-01  ,8.974271867823e-01  ,1.259561803001e+00  ,5.403689815450e-01  ,6.776738677106e-01  ,1.117180505854e+00  
  1.551537929329e-07  ,7.337837256049e-01  ,-4.493777529514e-01  ,8.999654245660e-01  ,8.974166487877e-01  ,1.266857287368e+00  ,5.330735617635e-01  ,6.727277723120e-01  ,1.122105525263e+00  
  1.552537936943e-07  ,7.482595378985e-01  ,-4.591844426841e-01  ,8.999654563899e-01  ,8.974065597303e-01  ,1.274095225339e+00  ,5.258356874407e-01  ,6.678143383883e-01  ,1.126998781072e+00  
  1.553537944558e-07  ,7.626174398277e-01  ,-4.689247551718e-01  ,8.999654877366e-01  ,8.973969216282e-01  ,1.281274207650e+00  ,5.186567678227e-01  ,6.629345440423e-01  ,1.131859299214e+00  
  1.554537952172e-07  ,7.768551432294e-01  ,-4.785971063087e-01  ,8.999655186000e-01  ,8.973877352628e-01  ,1.288393090215e+00  ,5.115379469853e-01  ,6.580891821084e-01  ,1.136686288417e+00  
  1.555537959787e-07  ,7.909700313116e-01  ,-4.881996613942e-01  ,8.999655489749e-01  ,8.973790005630e-01  ,1.295450564631e+00  ,5.044805333191e-01  ,6.532791698659e-01  ,1.141478831260e+00  
  1.556537967401e-07  ,8.049606204955e-01  ,-4.977313787530e-01  ,8.999655788576e-01  ,8.973707172068e-01  ,1.302445889105e+00  ,4.974852686099e-01  ,6.485050278303e-01  ,1.146236406583e+00  
  1.557537975016e-07  ,8.188239657534e-01  ,-5.071901854033e-01  ,8.999656082412e-01  ,8.973628847431e-01  ,1.309377591118e+00  ,4.905536253645e-01  ,6.437677920415e-01  ,1.150957977445e+00  
  1.558537982630e-07  ,8.325581355533e-01  ,-5.165747126420e-01  ,8.999656371219e-01  ,8.973555034119e-01  ,1.316244704899e+00  ,4.836865693452e-01  ,6.390681470909e-01  ,1.155642859733e+00  
  1.559537990245e-07  ,8.461615586181e-01  ,-5.258838535303e-01  ,8.999656654956e-01  ,8.973485736792e-01  ,1.323046444805e+00  ,4.768848861866e-01  ,6.344066469140e-01  ,1.160290500444e+00  
  1.560537997859e-07  ,8.596315806634e-01  ,-5.351157431090e-01  ,8.999656933552e-01  ,8.973420965926e-01  ,1.329781483687e+00  ,4.701499030235e-01  ,6.297842250381e-01  ,1.164899968147e+00  
  1.561538005474e-07  ,8.729660538620e-01  ,-5.442688709999e-01  ,8.999657206957e-01  ,8.973360732163e-01  ,1.336448747627e+00  ,4.634826937648e-01  ,6.252016377164e-01  ,1.169470508716e+00  
  1.562538013088e-07  ,8.861625270722e-01  ,-5.533414907595e-01  ,8.999657475134e-01  ,8.973305045316e-01  ,1.343047011050e+00  ,4.568844839773e-01  ,6.206597591518e-01  ,1.174001249911e+00  
  1.563538020703e-07  ,8.992191672754e-01  ,-5.623322840710e-01  ,8.999657738043e-01  ,8.973253911156e-01  ,1.349575357442e+00  ,4.503561901666e-01  ,6.161592490801e-01  ,1.178491533151e+00  
  1.564538028317e-07  ,9.121340027567e-01  ,-5.712398324218e-01  ,8.999657995642e-01  ,8.973207333424e-01  ,1.356032800943e+00  ,4.438987981859e-01  ,6.117008171315e-01  ,1.182940649553e+00  
  1.565538035932e-07  ,9.249050251905e-01  ,-5.800626921294e-01  ,8.999658247888e-01  ,8.973165311991e-01  ,1.362418337384e+00  ,4.375133121935e-01  ,6.072851851344e-01  ,1.187347877264e+00  
  1.566538043546e-07  ,9.375307148436e-01  ,-5.887997788715e-01  ,8.999658494744e-01  ,8.973127844218e-01  ,1.368731206896e+00  ,4.312004920526e-01  ,6.029128949861e-01  ,1.191712673858e+00  
  1.567538051161e-07  ,9.500085427931e-01  ,-5.974492929061e-01  ,8.999658736153e-01  ,8.973094923508e-01  ,1.374970145012e+00  ,4.249616022188e-01  ,5.985848458978e-01  ,1.196034138804e+00  
  1.568538058775e-07  ,9.623361977442e-01  ,-6.060095751493e-01  ,8.999658972082e-01  ,8.973066543269e-01  ,1.381133996080e+00  ,4.187977983360e-01  ,5.943018667522e-01  ,1.200311441902e+00  
  1.569538066390e-07  ,9.745123801609e-01  ,-6.144796863943e-01  ,8.999659202509e-01  ,8.973042702552e-01  ,1.387222110331e+00  ,4.127097301704e-01  ,5.900644270581e-01  ,1.204544113452e+00  
  1.570538074004e-07  ,9.865348280499e-01  ,-6.228579920196e-01  ,8.999659427393e-01  ,8.973023402692e-01  ,1.393233356764e+00  ,4.066985287143e-01  ,5.858733442594e-01  ,1.208731336279e+00  
  1.571538081619e-07  ,9.984013307813e-01  ,-6.311428801339e-01  ,8.999659646698e-01  ,8.973008650932e-01  ,1.399166630060e+00  ,4.007652992791e-01  ,5.817294250263e-01  ,1.212872305160e+00  
  1.572538089233e-07  ,1.010110641621e+00  ,-6.393334389385e-01  ,8.999659860409e-01  ,8.972998452615e-01  ,1.405021306851e+00  ,3.949106652303e-01  ,5.776331257923e-01  ,1.216966564731e+00  
  1.573538096848e-07  ,1.021660589291e+00  ,-6.474280822208e-01  ,8.999660068487e-01  ,8.972992817241e-01  ,1.410796301494e+00  ,3.891357122032e-01  ,5.735852406137e-01  ,1.221013322834e+00  
  1.574538104462e-07  ,1.033049340757e+00  ,-6.554254683955e-01  ,8.999660270899e-01  ,8.972991751824e-01  ,1.416490697468e+00  ,3.834413567116e-01  ,5.695864409846e-01  ,1.225011909380e+00  
  1.575538112077e-07  ,1.044274807863e+00  ,-6.633240522365e-01  ,8.999660467637e-01  ,8.972995260055e-01  ,1.422103450695e+00  ,3.778286428319e-01  ,5.656374998872e-01  ,1.228961552124e+00  
  1.576538119691e-07  ,1.055335812494e+00  ,-6.711229607066e-01  ,8.999660658682e-01  ,8.973003341955e-01  ,1.427633972115e+00  ,3.722981596209e-01  ,5.617388538422e-01  ,1.232861814549e+00  
  1.577538127306e-07  ,1.066230303620e+00  ,-6.788206760991e-01  ,8.999660844003e-01  ,8.973015996546e-01  ,1.433081236210e+00  ,3.668509325904e-01  ,5.578912616051e-01  ,1.236711937704e+00  
  1.578538134920e-07  ,1.076956278429e+00  ,-6.864157062063e-01  ,8.999661023583e-01  ,8.973033221496e-01  ,1.438444241573e+00  ,3.614879631438e-01  ,5.540954690464e-01  ,1.240511175253e+00  
  1.579538142535e-07  ,1.087512248240e+00  ,-6.939069302532e-01  ,8.999661197409e-01  ,8.973055015549e-01  ,1.443722243861e+00  ,3.562099956211e-01  ,5.503520364283e-01  ,1.244258966682e+00  
  1.580538150149e-07  ,1.097896618943e+00  ,-7.012931465373e-01  ,8.999661365462e-01  ,8.973081378913e-01  ,1.448914446018e+00  ,3.510178270748e-01  ,5.466615646226e-01  ,1.247954711160e+00  
  1.581538157764e-07  ,1.108107775168e+00  ,-7.085731369176e-01  ,8.999661527724e-01  ,8.973112314255e-01  ,1.454020040356e+00  ,3.459122651883e-01  ,5.430246629667e-01  ,1.251597799884e+00  
  1.582538165378e-07  ,1.118144500486e+00  ,-7.157459897188e-01  ,8.999661684178e-01  ,8.973147825213e-01  ,1.459038418661e+00  ,3.408939181749e-01  ,5.394417876620e-01  ,1.255187777381e+00  
  1.583538172993e-07  ,1.128004778723e+00  ,-7.228101962955e-01  ,8.999661834802e-01  ,8.973187919409e-01  ,1.463968572842e+00  ,3.359637941187e-01  ,5.359136937932e-01  ,1.258723890089e+00  
  1.584538180607e-07  ,1.137687032351e+00  ,-7.297645710205e-01  ,8.999661979584e-01  ,8.973232603952e-01  ,1.468809714134e+00  ,3.311226817828e-01  ,5.324409748850e-01  ,1.262205545905e+00  
  1.585538188222e-07  ,1.147189481676e+00  ,-7.366077534782e-01  ,8.999662118521e-01  ,8.973281882963e-01  ,1.473560952690e+00  ,3.263714710139e-01  ,5.290243115572e-01  ,1.265632065035e+00  
  1.586538195836e-07  ,1.156510809777e+00  ,-7.433387248037e-01  ,8.999662251603e-01  ,8.973335755984e-01  ,1.478221630049e+00  ,3.217108202718e-01  ,5.256642131965e-01  ,1.269002938000e+00  
  1.587538203451e-07  ,1.165649610581e+00  ,-7.499563948717e-01  ,8.999662378821e-01  ,8.973394221234e-01  ,1.482791043172e+00  ,3.171414325918e-01  ,5.223612246876e-01  ,1.272317619559e+00  
  1.588538211065e-07  ,1.174604463850e+00  ,-7.564596613172e-01  ,8.999662500164e-01  ,8.973457276192e-01  ,1.487268481941e+00  ,3.126640180913e-01  ,5.191158969606e-01  ,1.275575558278e+00  
  1.589538218680e-07  ,1.183373961279e+00  ,-7.628474294149e-01  ,8.999662615619e-01  ,8.973524917786e-01  ,1.491653242201e+00  ,3.082792809224e-01  ,5.159287770712e-01  ,1.278776206486e+00  
  1.590538226294e-07  ,1.191956716514e+00  ,-7.691186188411e-01  ,8.999662725178e-01  ,8.973597142499e-01  ,1.495944630775e+00  ,3.039879142608e-01  ,5.128004048294e-01  ,1.281919023670e+00  
  1.591538233909e-07  ,1.200351699471e+00  ,-7.752724296763e-01  ,8.999662828830e-01  ,8.973673947618e-01  ,1.500142132619e+00  ,2.997904331475e-01  ,5.097311799236e-01  ,1.285003609600e+00  
  1.592538241523e-07  ,1.208557213103e+00  ,-7.813075434406e-01  ,8.999662926562e-01  ,8.973755329088e-01  ,1.504244899208e+00  ,2.956876861046e-01  ,5.067217611885e-01  ,1.288029304629e+00  
  1.593538249138e-07  ,1.216571945541e+00  ,-7.872229321732e-01  ,8.999663018368e-01  ,8.973841285183e-01  ,1.508252274607e+00  ,2.916803290662e-01  ,5.037726624317e-01  ,1.290995594605e+00  
  1.594538256752e-07  ,1.224394426288e+00  ,-7.930174217020e-01  ,8.999663104244e-01  ,8.973931815056e-01  ,1.512163523569e+00  ,2.877690972802e-01  ,5.008844706546e-01  ,1.293901892357e+00  
  1.595538264367e-07  ,1.232023835876e+00  ,-7.986903534978e-01  ,8.999663184181e-01  ,8.974026917297e-01  ,1.515978236356e+00  ,2.839544004800e-01  ,4.980575149808e-01  ,1.296747868479e+00  
  1.596538271981e-07  ,1.239458567426e+00  ,-8.042404293443e-01  ,8.999663258165e-01  ,8.974126585710e-01  ,1.519695609529e+00  ,2.802370421036e-01  ,4.952924438988e-01  ,1.299532873243e+00  
  1.597538279596e-07  ,1.246697591598e+00  ,-8.096668076491e-01  ,8.999663326190e-01  ,8.974230812384e-01  ,1.523315128418e+00  ,2.766175368199e-01  ,4.925896774139e-01  ,1.302256485063e+00  
  1.598538287210e-07  ,1.253740081218e+00  ,-8.149688136850e-01  ,8.999663388250e-01  ,8.974339590014e-01  ,1.526836379434e+00  ,2.730962982159e-01  ,4.899495521589e-01  ,1.304918365844e+00  
  1.599538294825e-07  ,1.260584654879e+00  ,-8.201453202108e-01  ,8.999663444330e-01  ,8.974452905091e-01  ,1.530258671872e+00  ,2.696740169937e-01  ,4.873726304037e-01  ,1.307517950615e+00  
  1.600538302439e-07  ,1.267230223362e+00  ,-8.251954319723e-01  ,8.999663494422e-01  ,8.974570744475e-01  ,1.533581461123e+00  ,2.663512377612e-01  ,4.848593584614e-01  ,1.310054790434e+00  
  1.601538310053e-07  ,1.273675570006e+00  ,-8.301181312284e-01  ,8.999663538526e-01  ,8.974693091318e-01  ,1.536804138856e+00  ,2.631285688496e-01  ,4.824102435175e-01  ,1.312528374746e+00  
  1.602538317668e-07  ,1.279919805447e+00  ,-8.349126630772e-01  ,8.999663576632e-01  ,8.974819932836e-01  ,1.539926260387e+00  ,2.600064549395e-01  ,4.800256617450e-01  ,1.314938324822e+00  
  1.603538325282e-07  ,1.285961989526e+00  ,-8.395782254759e-01  ,8.999663608729e-01  ,8.974951255684e-01  ,1.542947355636e+00  ,2.569853661101e-01  ,4.777060128304e-01  ,1.317284238306e+00  
  1.604538332897e-07  ,1.291801410745e+00  ,-8.441142125495e-01  ,8.999663634808e-01  ,8.975087049650e-01  ,1.545867068853e+00  ,2.540656581084e-01  ,4.754515986903e-01  ,1.319565811240e+00  
  1.605538340511e-07  ,1.297436898136e+00  ,-8.485196255844e-01  ,8.999663654853e-01  ,8.975227296949e-01  ,1.548684814553e+00  ,2.512479164173e-01  ,4.732629169028e-01  ,1.321782542487e+00  
  1.606538348126e-07  ,1.302867413932e+00  ,-8.527935638455e-01  ,8.999663668855e-01  ,8.975371977540e-01  ,1.551400073851e+00  ,2.485326599194e-01  ,4.711404158313e-01  ,1.323933979677e+00  
  1.607538355740e-07  ,1.308092208047e+00  ,-8.569353623379e-01  ,8.999663676811e-01  ,8.975521073005e-01  ,1.554012471705e+00  ,2.459202636574e-01  ,4.690844261316e-01  ,1.326019788469e+00  
  1.608538363355e-07  ,1.313110493133e+00  ,-8.609443169902e-01  ,8.999663678715e-01  ,8.975674561395e-01  ,1.556521614438e+00  ,2.434111213049e-01  ,4.670952976445e-01  ,1.328039614635e+00  
  1.609538370969e-07  ,1.317921489385e+00  ,-8.648197244178e-01  ,8.999663674559e-01  ,8.975832418407e-01  ,1.558927112149e+00  ,2.410056227632e-01  ,4.651733796318e-01  ,1.329993104050e+00  
  1.610538378584e-07  ,1.322524440048e+00  ,-8.685608953717e-01  ,8.999663664337e-01  ,8.975994618015e-01  ,1.561228586457e+00  ,2.387041464099e-01  ,4.633190141157e-01  ,1.331879909487e+00  
  1.611538386198e-07  ,1.326918617242e+00  ,-8.721671593327e-01  ,8.999663648041e-01  ,8.976161132790e-01  ,1.563425673425e+00  ,2.365070561830e-01  ,4.615325336126e-01  ,1.333699692945e+00  
  1.612538393813e-07  ,1.331103491884e+00  ,-8.756380260184e-01  ,8.999663625666e-01  ,8.976331941379e-01  ,1.565518108509e+00  ,2.344146166247e-01  ,4.598141811287e-01  ,1.335452207147e+00  
  1.613538401427e-07  ,1.335078105655e+00  ,-8.789725949872e-01  ,8.999663597205e-01  ,8.976507002278e-01  ,1.567505412548e+00  ,2.324273068929e-01  ,4.581644027342e-01  ,1.337136997721e+00  
  1.614538409042e-07  ,1.338842040397e+00  ,-8.821704632087e-01  ,8.999663562656e-01  ,8.976686295204e-01  ,1.569387376464e+00  ,2.305453360671e-01  ,4.565833979161e-01  ,1.338753861125e+00  
  1.615538416656e-07  ,1.342394587517e+00  ,-8.852309396782e-01  ,8.999663522017e-01  ,8.976869784386e-01  ,1.571163645960e+00  ,2.287690584430e-01  ,4.550715085994e-01  ,1.340302448278e+00  
  1.616538424271e-07  ,1.345735099120e+00  ,-8.881533692761e-01  ,8.999663475288e-01  ,8.977057432618e-01  ,1.572833897089e+00  ,2.270987979686e-01  ,4.536290586238e-01  ,1.341782427900e+00  
  1.617538431885e-07  ,1.348863227751e+00  ,-8.909373921019e-01  ,8.999663422470e-01  ,8.977249217354e-01  ,1.574397956122e+00  ,2.255347283716e-01  ,4.522562256845e-01  ,1.343193617786e+00  
  1.618538439500e-07  ,1.351778312316e+00  ,-8.935823101546e-01  ,8.999663363566e-01  ,8.977445090914e-01  ,1.575855492515e+00  ,2.240771801984e-01  ,4.509533540141e-01  ,1.344535664169e+00  
  1.619538447114e-07  ,1.354480049616e+00  ,-8.960877926439e-01  ,8.999663298576e-01  ,8.977645027443e-01  ,1.577206354666e+00  ,2.227263050495e-01  ,4.497206064223e-01  ,1.345808399066e+00  
  1.620538454729e-07  ,1.356967867350e+00  ,-8.984531999849e-01  ,8.999663227509e-01  ,8.977848973481e-01  ,1.578450256426e+00  ,2.214823890760e-01  ,4.485582973557e-01  ,1.347011497341e+00  
  1.621538462343e-07  ,1.359241507170e+00  ,-9.006782307560e-01  ,8.999663150369e-01  ,8.978056901015e-01  ,1.579587068622e+00  ,2.203455614520e-01  ,4.474665747235e-01  ,1.348144805479e+00  
  1.622538469958e-07  ,1.361300539233e+00  ,-9.027623722425e-01  ,8.999663067165e-01  ,8.978268760185e-01  ,1.580616576333e+00  ,2.193160370999e-01  ,4.464456898973e-01  ,1.349208062140e+00  
  1.623538477572e-07  ,1.363144590817e+00  ,-9.047051487462e-01  ,8.999662977910e-01  ,8.978484499262e-01  ,1.581538593200e+00  ,2.183940023823e-01  ,4.454958755531e-01  ,1.350201024299e+00  
  1.624538485187e-07  ,1.364773471721e+00  ,-9.065063033082e-01  ,8.999662882610e-01  ,8.978704088212e-01  ,1.582353024122e+00  ,2.175795524005e-01  ,4.446172571671e-01  ,1.351123560475e+00  
  1.625538492801e-07  ,1.366186871552e+00  ,-9.081654011663e-01  ,8.999662781282e-01  ,8.978927474284e-01  ,1.583059713904e+00  ,2.168728423523e-01  ,4.438100468453e-01  ,1.351975448012e+00  
  1.626538500416e-07  ,1.367384567177e+00  ,-9.096820979542e-01  ,8.999662673938e-01  ,8.979154611832e-01  ,1.583658550983e+00  ,2.162739838051e-01  ,4.430744122061e-01  ,1.352756510160e+00  
  1.627538508030e-07  ,1.368366344578e+00  ,-9.110560225788e-01  ,8.999662560600e-01  ,8.979385446254e-01  ,1.584149428349e+00  ,2.157830837709e-01  ,4.424105333360e-01  ,1.353466555915e+00  
  1.628538515645e-07  ,1.369132104271e+00  ,-9.122869780569e-01  ,8.999662441279e-01  ,8.979619945249e-01  ,1.584532296263e+00  ,2.154001919925e-01  ,4.418185054964e-01  ,1.354105483553e+00  
  1.629538523259e-07  ,1.369681695169e+00  ,-9.133746347808e-01  ,8.999662316001e-01  ,8.979858051154e-01  ,1.584807079185e+00  ,2.151253840155e-01  ,4.412984877250e-01  ,1.354673122506e+00  
  1.630538530874e-07  ,1.370015031109e+00  ,-9.143187388761e-01  ,8.999662184787e-01  ,8.980099712698e-01  ,1.584973734033e+00  ,2.149587029242e-01  ,4.408506018317e-01  ,1.355169340708e+00  
  1.631538538488e-07  ,1.370132060016e+00  ,-9.151190592437e-01  ,8.999662047661e-01  ,8.980344877638e-01  ,1.585032234774e+00  ,2.149001747580e-01  ,4.404749581420e-01  ,1.355594017386e+00  
  1.632538546103e-07  ,1.370032763929e+00  ,-9.157753876092e-01  ,8.999661904650e-01  ,8.980593492922e-01  ,1.584982572429e+00  ,2.149498085005e-01  ,4.401716554876e-01  ,1.355947043097e+00  
  1.633538553717e-07  ,1.369717166669e+00  ,-9.162875121192e-01  ,8.999661755784e-01  ,8.980845496003e-01  ,1.584824758913e+00  ,2.151075922439e-01  ,4.399407935408e-01  ,1.356228305660e+00  
  1.634538561332e-07  ,1.369185305050e+00  ,-9.166553269870e-01  ,8.999661601083e-01  ,8.981100851133e-01  ,1.584558812633e+00  ,2.153735075832e-01  ,4.397824216198e-01  ,1.356437748607e+00  
  1.635538568946e-07  ,1.368437267430e+00  ,-9.168786623820e-01  ,8.999661440582e-01  ,8.981359495984e-01  ,1.584184777773e+00  ,2.157475103434e-01  ,4.396966184073e-01  ,1.356575280789e+00  
  1.636538576561e-07  ,1.367473197765e+00  ,-9.169573867552e-01  ,8.999661274318e-01  ,8.981621368733e-01  ,1.583702726314e+00  ,2.162295285492e-01  ,4.396834434957e-01  ,1.356640830251e+00  
  1.637538584175e-07  ,1.366293201349e+00  ,-9.168914402816e-01  ,8.999661102313e-01  ,8.981886434085e-01  ,1.583112710906e+00  ,2.168195095566e-01  ,4.397429232677e-01  ,1.356634363549e+00  
  1.638538591790e-07  ,1.364897486626e+00  ,-9.166807336374e-01  ,8.999660924606e-01  ,8.982154630086e-01  ,1.582414835774e+00  ,2.175173491477e-01  ,4.398750961899e-01  ,1.356555829827e+00  
  1.639538599404e-07  ,1.363286316978e+00  ,-9.163252159554e-01  ,8.999660741240e-01  ,8.982425894269e-01  ,1.581609232613e+00  ,2.183229156349e-01  ,4.400799814492e-01  ,1.356405197405e+00  
  1.640538607019e-07  ,1.361459925230e+00  ,-9.158248724419e-01  ,8.999660552245e-01  ,8.982700178748e-01  ,1.580696017839e+00  ,2.192360926096e-01  ,4.403575816538e-01  ,1.356182454096e+00  
  1.641538614633e-07  ,1.359418590745e+00  ,-9.151797053411e-01  ,8.999660357657e-01  ,8.982977431527e-01  ,1.579675331138e+00  ,2.202567403929e-01  ,4.407078904821e-01  ,1.355887595823e+00  
  1.642538622248e-07  ,1.357162550972e+00  ,-9.143897291631e-01  ,8.999660157506e-01  ,8.983257612570e-01  ,1.578547291237e+00  ,2.213847402644e-01  ,4.411308966754e-01  ,1.355520625838e+00  
  1.643538629862e-07  ,1.354692297488e+00  ,-9.134549987240e-01  ,8.999659951849e-01  ,8.983540646005e-01  ,1.577312143929e+00  ,2.226198464411e-01  ,4.416265652385e-01  ,1.355081563963e+00  
  1.644538637477e-07  ,1.352008097081e+00  ,-9.123755620426e-01  ,8.999659740711e-01  ,8.983826496261e-01  ,1.575970022612e+00  ,2.239619255305e-01  ,4.421948686048e-01  ,1.354570430647e+00  
  1.645538645091e-07  ,1.349110439863e+00  ,-9.111515185766e-01  ,8.999659524142e-01  ,8.984115101763e-01  ,1.574521172346e+00  ,2.254107324825e-01  ,4.428357508880e-01  ,1.353987269465e+00  
  1.646538652706e-07  ,1.345999787853e+00  ,-9.097829827703e-01  ,8.999659302183e-01  ,8.984406411168e-01  ,1.572965824145e+00  ,2.269660362920e-01  ,4.435491497317e-01  ,1.353332132502e+00  
  1.647538660320e-07  ,1.342676634559e+00  ,-9.082700922012e-01  ,8.999659074874e-01  ,8.984700374247e-01  ,1.571304224767e+00  ,2.286275902080e-01  ,4.443349913241e-01  ,1.352605083525e+00  
  1.648538667935e-07  ,1.339141506083e+00  ,-9.066130075758e-01  ,8.999658842258e-01  ,8.984996941448e-01  ,1.569536637267e+00  ,2.303951311845e-01  ,4.451931903569e-01  ,1.351806197933e+00  
  1.649538675549e-07  ,1.335394961614e+00  ,-9.048119127229e-01  ,8.999658604380e-01  ,8.985296063559e-01  ,1.567663341245e+00  ,2.322683796311e-01  ,4.461236499945e-01  ,1.350935562717e+00  
  1.650538683164e-07  ,1.331437693763e+00  ,-9.028670535622e-01  ,8.999658361287e-01  ,8.985597683432e-01  ,1.565684683010e+00  ,2.342469892471e-01  ,4.471262415622e-01  ,1.349993295124e+00  
  1.651538690778e-07  ,1.327270260982e+00  ,-9.007786414018e-01  ,8.999658113017e-01  ,8.985901757768e-01  ,1.563600941793e+00  ,2.363306808107e-01  ,4.482008550758e-01  ,1.348979496478e+00  
  1.652538698393e-07  ,1.322893138378e+00  ,-8.985468588196e-01  ,8.999657859603e-01  ,8.986208251449e-01  ,1.561412355149e+00  ,2.385192167712e-01  ,4.493473957351e-01  ,1.347894254555e+00  
  1.653538706007e-07  ,1.318307277978e+00  ,-8.961720827127e-01  ,8.999657601109e-01  ,8.986517096944e-01  ,1.559119399100e+00  ,2.408121211221e-01  ,4.505656683381e-01  ,1.346737751051e+00  
  1.654538713622e-07  ,1.313513331385e+00  ,-8.936545857829e-01  ,8.999657337571e-01  ,8.986828251289e-01  ,1.556722399450e+00  ,2.432090680645e-01  ,4.518555322374e-01  ,1.345510118020e+00  
  1.655538721236e-07  ,1.308511848185e+00  ,-8.909946004359e-01  ,8.999657069024e-01  ,8.987141679966e-01  ,1.554221630995e+00  ,2.457097828097e-01  ,4.532168677786e-01  ,1.344211468215e+00  
  1.656538728851e-07  ,1.303303920916e+00  ,-8.881925992642e-01  ,8.999656795533e-01  ,8.987457317844e-01  ,1.551617640011e+00  ,2.483137190952e-01  ,4.546494321523e-01  ,1.342842031416e+00  
  1.657538736465e-07  ,1.297890105952e+00  ,-8.852488300734e-01  ,8.999656517128e-01  ,8.987775134647e-01  ,1.548910704689e+00  ,2.510205987370e-01  ,4.561530984280e-01  ,1.341401928501e+00  
  1.658538744080e-07  ,1.292271400064e+00  ,-8.821637417452e-01  ,8.999656233865e-01  ,8.988095077821e-01  ,1.546101323419e+00  ,2.538299233543e-01  ,4.577276369095e-01  ,1.339891378655e+00  
  1.659538751694e-07  ,1.286448697718e+00  ,-8.789377478166e-01  ,8.999655945792e-01  ,8.988417102766e-01  ,1.543189943438e+00  ,2.567412457201e-01  ,4.593728363683e-01  ,1.338310584185e+00  
  1.660538759309e-07  ,1.280422921970e+00  ,-8.755712845698e-01  ,8.999655652953e-01  ,8.988741164843e-01  ,1.540177026280e+00  ,2.597541043103e-01  ,4.610884741994e-01  ,1.336659758769e+00  
  1.661538766923e-07  ,1.274195026335e+00  ,-8.720648109840e-01  ,8.999655355394e-01  ,8.989067219459e-01  ,1.537063048707e+00  ,2.628680223720e-01  ,4.628743164539e-01  ,1.334939127438e+00  
  1.662538774538e-07  ,1.267765995625e+00  ,-8.684188086821e-01  ,8.999655053165e-01  ,8.989395221606e-01  ,1.533848503129e+00  ,2.660825075040e-01  ,4.647301178196e-01  ,1.333148926502e+00  
  1.663538782152e-07  ,1.261137014284e+00  ,-8.646338702675e-01  ,8.999654746314e-01  ,8.989725116825e-01  ,1.530533981773e+00  ,2.693969674895e-01  ,4.666555765488e-01  ,1.331289446816e+00  
  1.664538789767e-07  ,1.254308782665e+00  ,-8.607103493603e-01  ,8.999654434874e-01  ,8.990056873058e-01  ,1.527119834820e+00  ,2.728110521552e-01  ,4.686505126256e-01  ,1.329360861986e+00  
  1.665538797381e-07  ,1.247282552935e+00  ,-8.566488797345e-01  ,8.999654118907e-01  ,8.990390433907e-01  ,1.523606688358e+00  ,2.763241354234e-01  ,4.707146035234e-01  ,1.327363483258e+00  
  1.666538804996e-07  ,1.240059442158e+00  ,-8.524500328525e-01  ,8.999653798460e-01  ,8.990725750834e-01  ,1.519995100925e+00  ,2.799356587670e-01  ,4.728475586572e-01  ,1.325297591510e+00  
  1.667538812610e-07  ,1.232640783639e+00  ,-8.481145057087e-01  ,8.999653473583e-01  ,8.991062767153e-01  ,1.516285739178e+00  ,2.836449555390e-01  ,4.750490238609e-01  ,1.323163529570e+00  
  1.668538820225e-07  ,1.225027361649e+00  ,-8.436427113638e-01  ,8.999653144313e-01  ,8.991401450183e-01  ,1.512478995256e+00  ,2.874516336068e-01  ,4.773187893364e-01  ,1.320961500700e+00  
  1.669538827839e-07  ,1.217220574812e+00  ,-8.390353873938e-01  ,8.999652810712e-01  ,8.991741742439e-01  ,1.508575568477e+00  ,2.913549936653e-01  ,4.796564805470e-01  ,1.318691867941e+00  
  1.670538835454e-07  ,1.209221664557e+00  ,-8.342931938107e-01  ,8.999652472832e-01  ,8.992083594139e-01  ,1.504576079562e+00  ,2.953544150048e-01  ,4.820617625085e-01  ,1.316354956319e+00  
  1.671538843068e-07  ,1.201031898977e+00  ,-8.294168125452e-01  ,8.999652130720e-01  ,8.992426954858e-01  ,1.500481162560e+00  ,2.994492635837e-01  ,4.845342892132e-01  ,1.313951101758e+00  
  1.672538850683e-07  ,1.192652574624e+00  ,-8.244069473570e-01  ,8.999651784431e-01  ,8.992771772808e-01  ,1.496291465755e+00  ,3.036388911312e-01  ,4.870737036023e-01  ,1.311480650959e+00  
  1.673538858297e-07  ,1.184085017292e+00  ,-8.192643237404e-01  ,8.999651434016e-01  ,8.993117994420e-01  ,1.492007652048e+00  ,3.079226347554e-01  ,4.896796375718e-01  ,1.308943961312e+00  
  1.674538865912e-07  ,1.175330804437e+00  ,-8.139898175216e-01  ,8.999651079529e-01  ,8.993465554706e-01  ,1.487630510171e+00  ,3.122997057344e-01  ,4.923516467098e-01  ,1.306341464231e+00  
  1.675538873526e-07  ,1.166390860210e+00  ,-8.085839435010e-01  ,8.999650721008e-01  ,8.993814415093e-01  ,1.483160502206e+00  ,3.167696419959e-01  ,4.950894697588e-01  ,1.303673413260e+00  
  1.676538881140e-07  ,1.157266828383e+00  ,-8.030476168264e-01  ,8.999650358520e-01  ,8.994164506606e-01  ,1.478598450044e+00  ,3.213316216603e-01  ,4.978926422475e-01  ,1.300940259074e+00  
  1.677538888755e-07  ,1.147960159888e+00  ,-7.973816488031e-01  ,8.999649992119e-01  ,8.994515768166e-01  ,1.473945079156e+00  ,3.259849192677e-01  ,5.007607524150e-01  ,1.298142401218e+00  
  1.678538896369e-07  ,1.138472330372e+00  ,-7.915868719057e-01  ,8.999649621857e-01  ,8.994868138554e-01  ,1.469201127372e+00  ,3.307287969996e-01  ,5.036933779025e-01  ,1.295280249808e+00  
  1.679538903984e-07  ,1.128805087659e+00  ,-7.856642859757e-01  ,8.999649247794e-01  ,8.995221545852e-01  ,1.464367468609e+00  ,3.355623809498e-01  ,5.066900115973e-01  ,1.292354297573e+00  
  1.680538911598e-07  ,1.118959452271e+00  ,-7.796144762806e-01  ,8.999648869968e-01  ,8.995575948180e-01  ,1.459444613132e+00  ,3.404851608613e-01  ,5.097503566777e-01  ,1.289364832958e+00  
  1.681538919213e-07  ,1.108937236214e+00  ,-7.734384808766e-01  ,8.999648488450e-01  ,8.995931271275e-01  ,1.454433466952e+00  ,3.454962307380e-01  ,5.128738866892e-01  ,1.286312367566e+00  
  1.682538926827e-07  ,1.098740033244e+00  ,-7.671372156336e-01  ,8.999648103300e-01  ,8.996287449857e-01  ,1.449334826952e+00  ,3.505947937079e-01  ,5.160601371689e-01  ,1.283197352802e+00  
  1.683538934442e-07  ,1.088369460175e+00  ,-7.607116169453e-01  ,8.999647714571e-01  ,8.996644417835e-01  ,1.444149501545e+00  ,3.557800413696e-01  ,5.193086333108e-01  ,1.280020250256e+00  
  1.684538942056e-07  ,1.077827426810e+00  ,-7.541628050087e-01  ,8.999647322326e-01  ,8.997002096850e-01  ,1.438878445638e+00  ,3.610510188275e-01  ,5.226188071807e-01  ,1.276781612189e+00  
  1.685538949671e-07  ,1.067115045612e+00  ,-7.474914334265e-01  ,8.999646926609e-01  ,8.997360440952e-01  ,1.433522215467e+00  ,3.664071698550e-01  ,5.259903273820e-01  ,1.273481760808e+00  
  1.686538957285e-07  ,1.056234289190e+00  ,-7.406986593842e-01  ,8.999646527489e-01  ,8.997719368093e-01  ,1.428081797344e+00  ,3.718475081539e-01  ,5.294226071172e-01  ,1.270121266501e+00  
  1.687538964900e-07  ,1.045187168831e+00  ,-7.337856733282e-01  ,8.999646125033e-01  ,8.998078793087e-01  ,1.422558196919e+00  ,3.773710280880e-01  ,5.329150426446e-01  ,1.266700715973e+00  
  1.688538972514e-07  ,1.033974852120e+00  ,-7.267531686853e-01  ,8.999645719282e-01  ,8.998438667070e-01  ,1.416951997988e+00  ,3.829771458680e-01  ,5.364672823644e-01  ,1.263220451050e+00  
  1.689538980129e-07  ,1.022599406715e+00  ,-7.196023720325e-01  ,8.999645310310e-01  ,8.998798905225e-01  ,1.411264234388e+00  ,3.886648276737e-01  ,5.400787045063e-01  ,1.259681076539e+00  
  1.690538987743e-07  ,1.011062935383e+00  ,-7.123345424707e-01  ,8.999644898189e-01  ,8.999159423965e-01  ,1.405495957510e+00  ,3.944330221274e-01  ,5.437486711612e-01  ,1.256083213632e+00  
  1.691538995358e-07  ,9.993666572120e-01  ,-7.049504123513e-01  ,8.999644482956e-01  ,8.999520175199e-01  ,1.399647776902e+00  ,4.002811196896e-01  ,5.474768113442e-01  ,1.252427223696e+00  
  1.692539002972e-07  ,9.875127295759e-01  ,-6.974512760278e-01  ,8.999644064688e-01  ,8.999881073906e-01  ,1.393720771257e+00  ,4.062080416808e-01  ,5.512624693767e-01  ,1.248713745405e+00  
  1.693539010587e-07  ,9.755033431083e-01  ,-6.898384595050e-01  ,8.999643643461e-01  ,9.000242034481e-01  ,1.387716035900e+00  ,4.122126927919e-01  ,5.551049736956e-01  ,1.244943433201e+00  
  1.694539018201e-07  ,9.633401787002e-01  ,-6.821129925302e-01  ,8.999643219323e-01  ,9.000602992945e-01  ,1.381634411282e+00  ,4.182942325822e-01  ,5.590038030294e-01  ,1.241116795560e+00  
  1.695539025816e-07  ,9.510250790832e-01  ,-6.742760053393e-01  ,8.999642792336e-01  ,9.000963880120e-01  ,1.375476818775e+00  ,4.244517396920e-01  ,5.629583853423e-01  ,1.237234390682e+00  
  1.696539033430e-07  ,9.385594904078e-01  ,-6.663283775454e-01  ,8.999642362557e-01  ,9.001324642281e-01  ,1.369243981460e+00  ,4.306844910518e-01  ,5.669682754554e-01  ,1.233296653001e+00  
  1.697539041045e-07  ,9.259458672257e-01  ,-6.582715971491e-01  ,8.999641930077e-01  ,9.001685188334e-01  ,1.362937126621e+00  ,4.369912593949e-01  ,5.710327202588e-01  ,1.229304317408e+00  
  1.698539048659e-07  ,9.131862283987e-01  ,-6.501068899153e-01  ,8.999641494962e-01  ,9.002045443705e-01  ,1.356557263696e+00  ,4.433710352968e-01  ,5.751510994129e-01  ,1.225257989328e+00  
  1.699539056274e-07  ,9.002826017500e-01  ,-6.418354995083e-01  ,8.999641057271e-01  ,9.002405335668e-01  ,1.350105406602e+00  ,4.498228048521e-01  ,5.793227838126e-01  ,1.221158283321e+00  
  1.700539063888e-07  ,8.872373625846e-01  ,-6.334589009718e-01  ,8.999640617083e-01  ,9.002764783585e-01  ,1.343582743001e+00  ,4.563453804160e-01  ,5.835470278726e-01  ,1.217005928844e+00  
  1.701539071503e-07  ,8.740518858077e-01  ,-6.249779488685e-01  ,8.999640174445e-01  ,9.003123742306e-01  ,1.336989960348e+00  ,4.629380745406e-01  ,5.878233997963e-01  ,1.212801348665e+00  
  1.702539079117e-07  ,8.607286013081e-01  ,-6.163941502151e-01  ,8.999639729440e-01  ,9.003482132172e-01  ,1.330328273598e+00  ,4.695996722900e-01  ,5.921511381096e-01  ,1.208545288325e+00  
  1.703539086732e-07  ,8.472696258366e-01  ,-6.077088184156e-01  ,8.999639282148e-01  ,9.003839883975e-01  ,1.323598741133e+00  ,4.763291152965e-01  ,5.965295791897e-01  ,1.204238397605e+00  
  1.704539094346e-07  ,8.336774370196e-01  ,-5.989235087523e-01  ,8.999638832640e-01  ,9.004196919626e-01  ,1.316802601774e+00  ,4.831251647542e-01  ,6.009579375865e-01  ,1.199881446339e+00  
  1.705539101961e-07  ,8.199539326933e-01  ,-5.900394235073e-01  ,8.999638380974e-01  ,9.004553182816e-01  ,1.309940804444e+00  ,4.899868717507e-01  ,6.054356065279e-01  ,1.195475030035e+00  
  1.706539109575e-07  ,8.061006796321e-01  ,-5.810575473214e-01  ,8.999637927208e-01  ,9.004908627892e-01  ,1.303014132537e+00  ,4.969134529047e-01  ,6.099620891285e-01  ,1.191019636450e+00  
  1.707539117190e-07  ,7.921207174669e-01  ,-5.719797919710e-01  ,8.999637471447e-01  ,9.005263165182e-01  ,1.296024105878e+00  ,5.039033884112e-01  ,6.145364205327e-01  ,1.186516212504e+00  
  1.708539124804e-07  ,7.780160120850e-01  ,-5.628074030429e-01  ,8.999637013751e-01  ,9.005616735943e-01  ,1.288971707418e+00  ,5.109556953326e-01  ,6.191579720729e-01  ,1.181965375116e+00  
  1.709539132419e-07  ,7.637881810933e-01  ,-5.535414000266e-01  ,8.999636554181e-01  ,9.005969293589e-01  ,1.281857745965e+00  ,5.180695648714e-01  ,6.238262293456e-01  ,1.177367629372e+00  
  1.710539140033e-07  ,7.494403544423e-01  ,-5.441837609812e-01  ,8.999636092847e-01  ,9.006320753021e-01  ,1.274683786506e+00  ,5.252434320635e-01  ,6.285401948115e-01  ,1.172723955793e+00  
  1.711539147648e-07  ,7.349740562654e-01  ,-5.347354495859e-01  ,8.999635629802e-01  ,9.006671076686e-01  ,1.267450591113e+00  ,5.324765348475e-01  ,6.332993828757e-01  ,1.168034832462e+00  
  1.712539155262e-07  ,7.203919688418e-01  ,-5.251981624132e-01  ,8.999635165135e-01  ,9.007020199306e-01  ,1.260159500934e+00  ,5.397675320926e-01  ,6.381029387240e-01  ,1.163301101137e+00  
  1.713539162877e-07  ,7.056967853272e-01  ,-5.155736210666e-01  ,8.999634698933e-01  ,9.007368055193e-01  ,1.252811862557e+00  ,5.471150772297e-01  ,6.429499949861e-01  ,1.158523616053e+00  
  1.714539170491e-07  ,6.908900560663e-01  ,-5.058628191166e-01  ,8.999634231249e-01  ,9.007714607206e-01  ,1.245408451158e+00  ,5.545183950918e-01  ,6.478400511623e-01  ,1.153702870279e+00  
  1.715539178106e-07  ,6.759745142266e-01  ,-4.960675049727e-01  ,8.999633762180e-01  ,9.008059792530e-01  ,1.237950633331e+00  ,5.619761191047e-01  ,6.527722267666e-01  ,1.148839731739e+00  
  1.716539185720e-07  ,6.609525291428e-01  ,-4.861891954292e-01  ,8.999633291805e-01  ,9.008403560465e-01  ,1.230439593752e+00  ,5.694870646091e-01  ,6.577457583319e-01  ,1.143934953761e+00  
  1.717539193335e-07  ,6.458268641644e-01  ,-4.762296792203e-01  ,8.999632820202e-01  ,9.008745849585e-01  ,1.222876714102e+00  ,5.770498499379e-01  ,6.627597453484e-01  ,1.138989424569e+00  
  1.718539200949e-07  ,6.305991124028e-01  ,-4.661899876763e-01  ,8.999632347426e-01  ,9.009086622716e-01  ,1.215262790944e+00  ,5.846636785412e-01  ,6.678136684335e-01  ,1.134003656110e+00  
  1.719539208564e-07  ,6.152720828007e-01  ,-4.560719346442e-01  ,8.999631873583e-01  ,9.009425815149e-01  ,1.207599228759e+00  ,5.923271459579e-01  ,6.729066141928e-01  ,1.128978548837e+00  
  1.720539216178e-07  ,5.998482101636e-01  ,-4.458770917657e-01  ,8.999631398748e-01  ,9.009763374292e-01  ,1.199887244957e+00  ,6.000390347931e-01  ,6.780377915464e-01  ,1.123914883312e+00  
  1.721539223793e-07  ,5.843303321570e-01  ,-4.356073103967e-01  ,8.999630923002e-01  ,9.010099242412e-01  ,1.192128258379e+00  ,6.077979262217e-01  ,6.832062690429e-01  ,1.118813579440e+00  
  1.722539231407e-07  ,5.687200834643e-01  ,-4.252636569951e-01  ,8.999630446404e-01  ,9.010433386324e-01  ,1.184323086373e+00  ,6.156030029082e-01  ,6.884115101349e-01  ,1.113675167130e+00  
  1.723539239022e-07  ,5.530203449353e-01  ,-4.148480062277e-01  ,8.999629969059e-01  ,9.010765747890e-01  ,1.176473169374e+00  ,6.234528244382e-01  ,6.936525716752e-01  ,1.108500577903e+00  
  1.724539246636e-07  ,5.372336111073e-01  ,-4.043619806097e-01  ,8.999629491046e-01  ,9.011096278895e-01  ,1.168579754658e+00  ,6.313461435509e-01  ,6.989286375847e-01  ,1.103290618194e+00  
  1.725539254251e-07  ,5.213627866032e-01  ,-3.938074894494e-01  ,8.999629012445e-01  ,9.011424926197e-01  ,1.160644294546e+00  ,6.392815079429e-01  ,7.042387478950e-01  ,1.098046237344e+00  
  1.726539261865e-07  ,5.054100848449e-01  ,-3.831859996375e-01  ,8.999628533326e-01  ,9.011751648778e-01  ,1.152667895755e+00  ,6.472578109101e-01  ,7.095821650591e-01  ,1.092768164697e+00  
  1.727539269480e-07  ,4.893773272641e-01  ,-3.724987084553e-01  ,8.999628053753e-01  ,9.012076412428e-01  ,1.144651469007e+00  ,6.552741417432e-01  ,7.149582870152e-01  ,1.087456995470e+00  
  1.728539277094e-07  ,4.732676221553e-01  ,-3.617476506533e-01  ,8.999627573834e-01  ,9.012399158192e-01  ,1.136596568461e+00  ,6.633289463057e-01  ,7.203660904926e-01  ,1.082113741146e+00  
  1.729539284709e-07  ,4.570839525280e-01  ,-3.509347887874e-01  ,8.999627093650e-01  ,9.012719828062e-01  ,1.128504685629e+00  ,6.714207331010e-01  ,7.258045884125e-01  ,1.076739377200e+00  
  1.730539292323e-07  ,4.408280276888e-01  ,-3.400612514775e-01  ,8.999626613251e-01  ,9.013038388832e-01  ,1.120376675170e+00  ,6.795486474807e-01  ,7.312732131445e-01  ,1.071334464622e+00  
  1.731539299938e-07  ,4.245028541629e-01  ,-3.291290207928e-01  ,8.999626132733e-01  ,9.013354782852e-01  ,1.112214040355e+00  ,6.877111861919e-01  ,7.367709678888e-01  ,1.065899988682e+00  
  1.732539307552e-07  ,4.081110261205e-01  ,-3.181398087043e-01  ,8.999625652181e-01  ,9.013668961926e-01  ,1.104018078278e+00  ,6.959070521578e-01  ,7.422969918405e-01  ,1.060436800545e+00  
  1.733539315167e-07  ,3.916555580612e-01  ,-3.070956260593e-01  ,8.999625171661e-01  ,9.013980870676e-01  ,1.095790296197e+00  ,7.041347381355e-01  ,7.478502740379e-01  ,1.054945900097e+00  
  1.734539322781e-07  ,3.751381823310e-01  ,-2.959976283516e-01  ,8.999624691230e-01  ,9.014290477310e-01  ,1.087531560289e+00  ,7.123933779575e-01  ,7.534302335552e-01  ,1.049427861907e+00  
  1.735539330396e-07  ,3.585619478023e-01  ,-2.848478439415e-01  ,8.999624210990e-01  ,9.014597726375e-01  ,1.079243395000e+00  ,7.206814471979e-01  ,7.590358506667e-01  ,1.043883694608e+00  
  1.736539338010e-07  ,3.419294870454e-01  ,-2.736480230768e-01  ,8.999623731013e-01  ,9.014902571312e-01  ,1.070927116624e+00  ,7.289976295785e-01  ,7.646662455928e-01  ,1.038314268670e+00  
  1.737539345625e-07  ,3.252438580620e-01  ,-2.624002197741e-01  ,8.999623251366e-01  ,9.015204958019e-01  ,1.062584254168e+00  ,7.373403961056e-01  ,7.703203859148e-01  ,1.032720605689e+00  
  1.738539353239e-07  ,3.085068172369e-01  ,-2.511056134834e-01  ,8.999622772103e-01  ,9.015504854153e-01  ,1.054215685829e+00  ,7.457088685918e-01  ,7.759976786736e-01  ,1.027103292157e+00  
  1.739539360854e-07  ,2.917214545860e-01  ,-2.397662737702e-01  ,8.999622293315e-01  ,9.015802201288e-01  ,1.045822956625e+00  ,7.541015020385e-01  ,7.816970832437e-01  ,1.021463357014e+00  
  1.740539368468e-07  ,2.748904359836e-01  ,-2.283839848162e-01  ,8.999621815076e-01  ,9.016096947407e-01  ,1.037407399499e+00  ,7.625169635158e-01  ,7.874177023326e-01  ,1.015801687149e+00  
  1.741539376083e-07  ,2.580168557325e-01  ,-2.169608386715e-01  ,8.999621337454e-01  ,9.016389033276e-01  ,1.028970561612e+00  ,7.709537058792e-01  ,7.931584839919e-01  ,1.010119322663e+00  
  1.742539383697e-07  ,2.411024898149e-01  ,-2.054980357544e-01  ,8.999620860502e-01  ,9.016678425729e-01  ,1.020513330958e+00  ,7.794108411428e-01  ,7.989188246957e-01  ,1.004416860450e+00  
  1.743539391312e-07  ,2.241504614461e-01  ,-1.939976815715e-01  ,8.999620384309e-01  ,9.016965066870e-01  ,1.012037269154e+00  ,7.878868077079e-01  ,8.046976659013e-01  ,9.986953474727e-01  
  1.744539398926e-07  ,2.071638949341e-01  ,-1.824618932136e-01  ,8.999619908950e-01  ,9.017248899185e-01  ,1.003543938362e+00  ,7.963800434280e-01  ,8.104939433117e-01  ,9.929558365253e-01  
  1.745539406541e-07  ,1.901445800220e-01  ,-1.708918848154e-01  ,8.999619434467e-01  ,9.017529890069e-01  ,9.950342334577e-01  ,8.048896534357e-01  ,8.163070465992e-01  ,9.871989314146e-01  
  1.746539414155e-07  ,1.730956619372e-01  ,-1.592897852814e-01  ,8.999618960947e-01  ,9.017807982998e-01  ,9.865097270632e-01  ,8.134140651261e-01  ,8.221359056591e-01  ,9.814256909405e-01  
  1.747539421770e-07  ,1.560198483962e-01  ,-1.476574271026e-01  ,8.999618488462e-01  ,9.018083130615e-01  ,9.779717730443e-01  ,8.219519246481e-01  ,8.279795995102e-01  ,9.756370266128e-01  
  1.748539429384e-07  ,1.389202776623e-01  ,-1.359969559765e-01  ,8.999618017073e-01  ,9.018355277349e-01  ,9.694219405385e-01  ,8.305016628762e-01  ,8.338370497466e-01  ,9.698340057232e-01  
  1.749539436998e-07  ,1.217988235696e-01  ,-1.243096016394e-01  ,8.999617546865e-01  ,9.018624390207e-01  ,9.608611664713e-01  ,8.390623429017e-01  ,8.397076382010e-01  ,9.640172398404e-01  
  1.750539444613e-07  ,1.046591764785e-01  ,-1.125978286359e-01  ,8.999617077936e-01  ,9.018890401967e-01  ,9.522912960329e-01  ,8.476321195543e-01  ,8.455901258787e-01  ,9.581879545146e-01  
  1.751539452227e-07  ,8.750309282071e-02  ,-1.008628733347e-01  ,8.999616610280e-01  ,9.019153279022e-01  ,9.437132074384e-01  ,8.562101146177e-01  ,8.514838912349e-01  ,9.523467645696e-01  
  1.752539459842e-07  ,7.033399807296e-02  ,-8.910721297153e-02  ,8.999616143914e-01  ,9.019412956195e-01  ,9.351286134279e-01  ,8.647946153549e-01  ,8.573876891337e-01  ,9.464949021053e-01  
  1.753539467456e-07  ,5.315409208574e-02  ,-7.733250443493e-02  ,8.999615678888e-01  ,9.019669390830e-01  ,9.265386139316e-01  ,8.733845218459e-01  ,8.633006868656e-01  ,9.406331913005e-01  
  1.754539475071e-07  ,3.596596055629e-02  ,-6.554054569115e-02  ,8.999615215329e-01  ,9.019922534094e-01  ,9.179445018111e-01  ,8.819785412548e-01  ,8.692219805639e-01  ,9.347625262550e-01  
  1.755539482685e-07  ,1.877232319244e-02  ,-5.373318398580e-02  ,8.999614753334e-01  ,9.020172332887e-01  ,9.093476369297e-01  ,8.905753137372e-01  ,8.751506412958e-01  ,9.288838252816e-01  
  1.756539490300e-07  ,1.575295429805e-03  ,-4.191181826076e-02  ,8.999614292976e-01  ,9.020418746473e-01  ,9.007490770125e-01  ,8.991737815827e-01  ,8.810859655169e-01  ,9.229977837776e-01  
  1.757539497914e-07  ,-1.562156339200e-02  ,-3.007878647568e-02  ,8.999613834355e-01  ,9.020661709872e-01  ,8.921506017395e-01  ,9.077721651315e-01  ,8.870267777493e-01  ,9.171055642250e-01  
  1.758539505529e-07  ,-3.281541741578e-02  ,-1.823596802229e-02  ,8.999613377534e-01  ,9.020901180772e-01  ,8.835536290455e-01  ,9.163690464612e-01  ,8.929721340660e-01  ,9.112081020883e-01  
  1.759539513143e-07  ,-5.000307061667e-02  ,-6.385558957084e-03  ,8.999612922555e-01  ,9.021137119377e-01  ,8.749597569472e-01  ,9.249628275638e-01  ,8.989209324592e-01  ,9.053064914163e-01  
  1.760539520758e-07  ,-6.718213055215e-02  ,5.470765348162e-03  ,8.999612469485e-01  ,9.021369492180e-01  ,8.663701816724e-01  ,9.335523122245e-01  ,9.048723318921e-01  ,8.994015665440e-01  
  1.761539528372e-07  ,-8.435000947465e-02  ,1.733118857170e-02  ,8.999612018403e-01  ,9.021598258904e-01  ,8.577861971030e-01  ,9.421362065776e-01  ,9.108254201763e-01  ,8.934942316046e-01  
  1.762539535987e-07  ,-1.015040509958e-01  ,2.919384646248e-02  ,8.999611569385e-01  ,9.021823377801e-01  ,8.492091314406e-01  ,9.507131824364e-01  ,9.167792610113e-01  ,8.875854145489e-01  
  1.763539543601e-07  ,-1.186422284159e-01  ,4.105732837277e-02  ,8.999611122488e-01  ,9.022044818396e-01  ,8.406399980409e-01  ,9.592822264568e-01  ,9.227331460259e-01  ,8.816758176532e-01  
  1.764539551216e-07  ,-1.357611452013e-01  ,5.291927837575e-02  ,8.999610677798e-01  ,9.022262530535e-01  ,8.320804951791e-01  ,9.678416403804e-01  ,9.286858922414e-01  ,8.757666138657e-01  
  1.765539558830e-07  ,-1.528576425111e-01  ,6.477749038534e-02  ,8.999610235354e-01  ,9.022476461522e-01  ,8.235322022798e-01  ,9.763898447909e-01  ,9.346363913449e-01  ,8.698589009595e-01  
  1.766539566445e-07  ,-1.699299238961e-01  ,7.663070356094e-02  ,8.999609795188e-01  ,9.022686575349e-01  ,8.149960175707e-01  ,9.849259414669e-01  ,9.405840093154e-01  ,8.639533057545e-01  
  1.767539574059e-07  ,-1.869748413075e-01  ,8.847671148625e-02  ,8.999609357382e-01  ,9.022892807061e-01  ,8.064735150844e-01  ,9.934483563919e-01  ,9.465276364492e-01  ,8.580509249630e-01  
  1.768539581674e-07  ,-2.039892681941e-01  ,1.003133082153e-01  ,8.999608922027e-01  ,9.023095098574e-01  ,7.979662581057e-01  ,1.001955526300e+00  ,9.524661639650e-01  ,8.521528557497e-01  
  1.769539589288e-07  ,-2.209708446413e-01  ,1.121388137167e-01  ,8.999608489189e-01  ,9.023293417261e-01  ,7.894754265982e-01  ,1.010446271240e+00  ,9.583987485844e-01  ,8.462599348677e-01  
  1.770539596903e-07  ,-2.379176389194e-01  ,1.239518634093e-01  ,8.999608058934e-01  ,9.023487739632e-01  ,7.810019864337e-01  ,1.018919625353e+00  ,9.643247056679e-01  ,8.403728422586e-01  
  1.771539604517e-07  ,-2.548259383087e-01  ,1.357498344694e-01  ,8.999607631382e-01  ,9.023678023461e-01  ,7.725477939839e-01  ,1.027373732293e+00  ,9.702427195808e-01  ,8.344928851114e-01  
  1.772539612132e-07  ,-2.716939574752e-01  ,1.475314692424e-01  ,8.999607206581e-01  ,9.023864250050e-01  ,7.641137419205e-01  ,1.035807699396e+00  ,9.761521596262e-01  ,8.286206903838e-01  
  1.773539619746e-07  ,-2.885185729887e-01  ,1.592945681006e-01  ,8.999606784607e-01  ,9.024046387489e-01  ,7.557013919664e-01  ,1.044219964955e+00  ,9.820519227992e-01  ,8.227573546986e-01  
  1.774539627361e-07  ,-3.052971186990e-01  ,1.710372482069e-01  ,8.999606365526e-01  ,9.024224409626e-01  ,7.473120772031e-01  ,1.052609195902e+00  ,9.879410650661e-01  ,8.169038168592e-01  
  1.775539634975e-07  ,-3.220265212789e-01  ,1.827573161440e-01  ,8.999605949403e-01  ,9.024398281655e-01  ,7.389473343009e-01  ,1.060973855580e+00  ,9.938184862374e-01  ,8.110611700935e-01  
  1.776539642590e-07  ,-3.387050269282e-01  ,1.944535202940e-01  ,8.999605536286e-01  ,9.024567978935e-01  ,7.306080401645e-01  ,1.069313067093e+00  ,9.996835580405e-01  ,8.052300377465e-01  
  1.777539650204e-07  ,-3.553295614042e-01  ,2.061236723253e-01  ,8.999605126269e-01  ,9.024733454582e-01  ,7.222957319248e-01  ,1.077625293329e+00  ,1.005535181621e+00  ,7.994115092955e-01  
  1.778539657819e-07  ,-3.718974930094e-01  ,2.177659005542e-01  ,8.999604719429e-01  ,9.024894665901e-01  ,7.140117254382e-01  ,1.085909218448e+00  ,1.011372416867e+00  ,7.936065163130e-01  
  1.779539665433e-07  ,-3.884057876260e-01  ,2.293780263517e-01  ,8.999604315829e-01  ,9.025051572616e-01  ,7.057575377699e-01  ,1.094163325396e+00  ,1.017194170437e+00  ,7.878161440858e-01  
  1.780539673048e-07  ,-4.048527144724e-01  ,2.409588074160e-01  ,8.999603915522e-01  ,9.025204157556e-01  ,6.975340343160e-01  ,1.102386748788e+00  ,1.022999819464e+00  ,7.820410120476e-01  
  1.781539680662e-07  ,-4.212352407273e-01  ,2.525060725396e-01  ,8.999603518593e-01  ,9.025352394528e-01  ,6.893427314957e-01  ,1.110577972223e+00  ,1.028788275723e+00  ,7.762822031830e-01  
  1.782539688277e-07  ,-4.375503582186e-01  ,2.640176579642e-01  ,8.999603125109e-01  ,9.025496263501e-01  ,6.811851334015e-01  ,1.118735491620e+00  ,1.034558455332e+00  ,7.705407973680e-01  
  1.783539695891e-07  ,-4.537963543334e-01  ,2.754923305297e-01  ,8.999602735112e-01  ,9.025635753777e-01  ,6.730620963445e-01  ,1.126858450678e+00  ,1.040309740643e+00  ,7.648174101129e-01  
  1.784539703506e-07  ,-4.699702302905e-01  ,2.869279356714e-01  ,8.999602348691e-01  ,9.025770847208e-01  ,6.649751197238e-01  ,1.134945350014e+00  ,1.046041052557e+00  ,7.591131168851e-01  
  1.785539711120e-07  ,-4.860690160089e-01  ,2.983223277467e-01  ,8.999601965919e-01  ,9.025901525459e-01  ,6.569256885875e-01  ,1.142994704596e+00  ,1.051751316419e+00  ,7.534289886726e-01  
  1.786539718735e-07  ,-5.020910217766e-01  ,3.096742844427e-01  ,8.999601586835e-01  ,9.026027776193e-01  ,6.489146477952e-01  ,1.151005669572e+00  ,1.057439919841e+00  ,7.477656353979e-01  
  1.787539726349e-07  ,-5.180332900089e-01  ,3.209816706767e-01  ,8.999601211519e-01  ,9.026149574642e-01  ,6.409434761474e-01  ,1.158976766156e+00  ,1.063105792803e+00  ,7.421241221258e-01  
  1.788539733964e-07  ,-5.338932963749e-01  ,3.322426641197e-01  ,8.999600840039e-01  ,9.026266894944e-01  ,6.330134358164e-01  ,1.166906732191e+00  ,1.068748021554e+00  ,7.365053574345e-01  
  1.789539741578e-07  ,-5.496681371656e-01  ,3.434551477373e-01  ,8.999600472448e-01  ,9.026379709763e-01  ,6.251259786620e-01  ,1.174794115828e+00  ,1.074365544845e+00  ,7.309103971076e-01  
  1.790539749193e-07  ,-5.653556264565e-01  ,3.546175157626e-01  ,8.999600108796e-01  ,9.026488004354e-01  ,6.172821976514e-01  ,1.182637824108e+00  ,1.079957558317e+00  ,7.253400425541e-01  
  1.791539756807e-07  ,-5.809539791551e-01  ,3.657284669263e-01  ,8.999599749132e-01  ,9.026591769023e-01  ,6.094829853357e-01  ,1.190436964491e+00  ,1.085523410365e+00  ,7.197949434392e-01  
  1.792539764422e-07  ,-5.964601701550e-01  ,3.767858047055e-01  ,8.999599393535e-01  ,9.026690989908e-01  ,6.017298542760e-01  ,1.198190024431e+00  ,1.091062001344e+00  ,7.142761966381e-01  
  1.793539772036e-07  ,-6.118713438589e-01  ,3.877874463994e-01  ,8.999599042062e-01  ,9.026785658914e-01  ,5.940242322768e-01  ,1.205895576136e+00  ,1.096572289091e+00  ,7.087848426918e-01  
  1.794539779651e-07  ,-6.271858815823e-01  ,3.987322073262e-01  ,8.999598694749e-01  ,9.026875773218e-01  ,5.863669286838e-01  ,1.213552810266e+00  ,1.102053680985e+00  ,7.033214736587e-01  
  1.795539787265e-07  ,-6.424009542636e-01  ,4.096180198980e-01  ,8.999598351666e-01  ,9.026961329539e-01  ,5.787593580348e-01  ,1.221160312298e+00  ,1.107505142903e+00  ,6.978871230049e-01  
  1.796539794880e-07  ,-6.575141542192e-01  ,4.204431226545e-01  ,8.999598012868e-01  ,9.027042325884e-01  ,5.712027241772e-01  ,1.228716878396e+00  ,1.112925793916e+00  ,6.924826712612e-01  
  1.797539802494e-07  ,-6.725227173088e-01  ,4.312054726572e-01  ,8.999597678397e-01  ,9.027118753401e-01  ,5.636984091853e-01  ,1.236221126494e+00  ,1.118314611669e+00  ,6.871091390115e-01  
  1.798539810109e-07  ,-6.874250725149e-01  ,4.419039086406e-01  ,8.999597348293e-01  ,9.027190603407e-01  ,5.562471985719e-01  ,1.243672271087e+00  ,1.123671014661e+00  ,6.817671060204e-01  
  1.799539817723e-07  ,-7.022184727080e-01  ,4.525364047271e-01  ,8.999597022627e-01  ,9.027257860573e-01  ,5.488504659087e-01  ,1.251068938617e+00  ,1.128993988421e+00  ,6.764575836937e-01  
  1.800539825338e-07  ,-7.169005787153e-01  ,4.631012366306e-01  ,8.999596701442e-01  ,9.027320514907e-01  ,5.415093807865e-01  ,1.258409959502e+00  ,1.134282669806e+00  ,6.711814331753e-01  
  1.801539832952e-07  ,-7.314687064765e-01  ,4.735964063864e-01  ,8.999596384777e-01  ,9.027378560344e-01  ,5.342252852395e-01  ,1.265693991716e+00  ,1.139536059228e+00  ,6.659396528412e-01  
  1.802539840567e-07  ,-7.459213315723e-01  ,4.840207792152e-01  ,8.999596072668e-01  ,9.027431993774e-01  ,5.269989414806e-01  ,1.272920273053e+00  ,1.144753588985e+00  ,6.607328097697e-01  
  1.803539848181e-07  ,-7.602554253318e-01  ,4.943720963057e-01  ,8.999595765175e-01  ,9.027480810156e-01  ,5.198318638516e-01  ,1.280087289183e+00  ,1.149934129168e+00  ,6.555620328627e-01  
  1.804539855796e-07  ,-7.744689985915e-01  ,5.046488655716e-01  ,8.999595462333e-01  ,9.027525009786e-01  ,5.127250469375e-01  ,1.287194045529e+00  ,1.155076933764e+00  ,6.504280681928e-01  
  1.805539863410e-07  ,-7.885604322754e-01  ,5.148498800296e-01  ,8.999595164177e-01  ,9.027564594517e-01  ,5.056793002800e-01  ,1.294239732555e+00  ,1.160181399466e+00  ,6.453315194369e-01  
  1.806539871025e-07  ,-8.025269899606e-01  ,5.249731057548e-01  ,8.999594870769e-01  ,9.027599568018e-01  ,4.986959920966e-01  ,1.301222982057e+00  ,1.165246509679e+00  ,6.402734039244e-01  
  1.807539878639e-07  ,-8.163661036116e-01  ,5.350166224459e-01  ,8.999594582152e-01  ,9.027629930771e-01  ,4.917764064094e-01  ,1.308142510021e+00  ,1.170271304300e+00  ,6.352546818541e-01  
  1.808539886254e-07  ,-8.300758557917e-01  ,5.449789794996e-01  ,8.999594298354e-01  ,9.027655679352e-01  ,4.849215019395e-01  ,1.314997357731e+00  ,1.175255057685e+00  ,6.302760781854e-01  
  1.809539893868e-07  ,-8.436546866345e-01  ,5.548590041112e-01  ,8.999594019409e-01  ,9.027676810395e-01  ,4.781320586237e-01  ,1.321786745258e+00  ,1.180197183095e+00  ,6.253381789839e-01  
  1.810539901483e-07  ,-8.570996184389e-01  ,5.646544549092e-01  ,8.999593745377e-01  ,9.027693317251e-01  ,4.714095653183e-01  ,1.328509183757e+00  ,1.185096559180e+00  ,6.204421042705e-01  
  1.811539909097e-07  ,-8.704092359800e-01  ,5.743642676434e-01  ,8.999593476283e-01  ,9.027705196732e-01  ,4.647547296383e-01  ,1.335163965618e+00  ,1.189952653495e+00  ,6.155883858515e-01  
  1.812539916712e-07  ,-8.835810749657e-01  ,5.839865886001e-01  ,8.999593212169e-01  ,9.027712443439e-01  ,4.581687837340e-01  ,1.341749858700e+00  ,1.194764538644e+00  ,6.107779500438e-01  
  1.813539924326e-07  ,-8.966127233729e-01  ,5.935195861888e-01  ,8.999592953077e-01  ,9.027715053946e-01  ,4.516529336212e-01  ,1.348265656994e+00  ,1.199531298489e+00  ,6.060117123002e-01  
  1.814539931941e-07  ,-9.095028183351e-01  ,6.029622228656e-01  ,8.999592699029e-01  ,9.027713028346e-01  ,4.452078607354e-01  ,1.354710679070e+00  ,1.204252414267e+00  ,6.012901914018e-01  
  1.815539939555e-07  ,-9.222489833896e-01  ,6.123126921862e-01  ,8.999592450069e-01  ,9.027706368666e-01  ,4.388347533121e-01  ,1.361083736702e+00  ,1.208926982960e+00  ,5.966142907735e-01  
  1.816539947170e-07  ,-9.348492066836e-01  ,6.215694634700e-01  ,8.999592206234e-01  ,9.027695077995e-01  ,4.325346172816e-01  ,1.367383823965e+00  ,1.213554239534e+00  ,5.919847760645e-01  
  1.817539954784e-07  ,-9.473011902966e-01  ,6.307307705192e-01  ,8.999591967556e-01  ,9.027679156726e-01  ,4.263086016073e-01  ,1.373609791904e+00  ,1.218133300932e+00  ,5.874025304131e-01  
  1.818539962399e-07  ,-9.596032167952e-01  ,6.397952828467e-01  ,8.999591734063e-01  ,9.027658603697e-01  ,4.201575650088e-01  ,1.379760781804e+00  ,1.222663501793e+00  ,5.828682189464e-01  
  1.819539970013e-07  ,-9.717538901428e-01  ,6.487619264458e-01  ,8.999591505786e-01  ,9.027633417919e-01  ,4.140822055072e-01  ,1.385836095650e+00  ,1.227144305015e+00  ,5.783823785690e-01  
  1.820539977628e-07  ,-9.837505490447e-01  ,6.576286527718e-01  ,8.999591282772e-01  ,9.027603596246e-01  ,4.080838537549e-01  ,1.391834402800e+00  ,1.231574686011e+00  ,5.739460332387e-01  
  1.821539985242e-07  ,-9.955919323757e-01  ,6.663944924408e-01  ,8.999591065043e-01  ,9.027569135595e-01  ,4.021631403164e-01  ,1.397755072692e+00  ,1.235954159780e+00  ,5.695596673391e-01  
  1.822539992857e-07  ,-1.007275847736e+00  ,6.750577594287e-01  ,8.999590852637e-01  ,9.027530029607e-01  ,3.963211613956e-01  ,1.403597009132e+00  ,1.240281882675e+00  ,5.652241232464e-01  
  1.823540000471e-07  ,-1.018800157878e+00  ,6.836167939848e-01  ,8.999590645588e-01  ,9.027486273756e-01  ,3.905589856198e-01  ,1.409359143498e+00  ,1.244557024368e+00  ,5.609402303832e-01  
  1.824540008085e-07  ,-1.030163272599e+00  ,6.920703482353e-01  ,8.999590443918e-01  ,9.027437869154e-01  ,3.848774080923e-01  ,1.415040680691e+00  ,1.248778961033e+00  ,5.567086127978e-01  
  1.825540015700e-07  ,-1.041363487011e+00  ,7.004170832590e-01  ,8.999590247655e-01  ,9.027384818707e-01  ,3.792772812600e-01  ,1.420640768271e+00  ,1.252947023500e+00  ,5.525299402412e-01  
  1.826540023314e-07  ,-1.052399070812e+00  ,7.086556407462e-01  ,8.999590056831e-01  ,9.027327125516e-01  ,3.737594702773e-01  ,1.426158541089e+00  ,1.257060532925e+00  ,5.484048921785e-01  
  1.827540030929e-07  ,-1.063268299304e+00  ,7.167846671211e-01  ,8.999589871478e-01  ,9.027264792371e-01  ,3.683248374957e-01  ,1.431593136800e+00  ,1.261118812798e+00  ,5.443341456766e-01  
  1.828540038543e-07  ,-1.073969880503e+00  ,7.248031547627e-01  ,8.999589691620e-01  ,9.027197821424e-01  ,3.629740289108e-01  ,1.436943909413e+00  ,1.265121359524e+00  ,5.403182047611e-01  
  1.829540046158e-07  ,-1.084501674576e+00  ,7.327094375371e-01  ,8.999589517300e-01  ,9.027126216812e-01  ,3.577081144420e-01  ,1.442209789018e+00  ,1.269067340450e+00  ,5.363579029126e-01  
  1.830540053772e-07  ,-1.094862008199e+00  ,7.405022071387e-01  ,8.999589348541e-01  ,9.027049982684e-01  ,3.525279307547e-01  ,1.447389938953e+00  ,1.272956101838e+00  ,5.324538946990e-01  
  1.831540061387e-07  ,-1.105048990723e+00  ,7.481799611596e-01  ,8.999589185361e-01  ,9.026969122873e-01  ,3.474344231744e-01  ,1.452483413898e+00  ,1.276786892867e+00  ,5.286069317076e-01  
  1.832540069001e-07  ,-1.115061220437e+00  ,7.557415734398e-01  ,8.999589027783e-01  ,9.026883639449e-01  ,3.424282925598e-01  ,1.457489512997e+00  ,1.280559150665e+00  ,5.248175772250e-01  
  1.833540076616e-07  ,-1.124897562793e+00  ,7.631861375238e-01  ,8.999588875830e-01  ,9.026793534589e-01  ,3.375101061867e-01  ,1.462407668979e+00  ,1.284272422221e+00  ,5.210862846970e-01  
  1.834540084230e-07  ,-1.134556110509e+00  ,7.705121332068e-01  ,8.999588729538e-01  ,9.026698813658e-01  ,3.326808176993e-01  ,1.467236928208e+00  ,1.287925947969e+00  ,5.174138147624e-01  
  1.835540091845e-07  ,-1.144035097369e+00  ,7.777181428687e-01  ,8.999588588931e-01  ,9.026599486573e-01  ,3.279413102084e-01  ,1.471976407578e+00  ,1.291519020092e+00  ,5.138008772230e-01  
  1.836540099459e-07  ,-1.153333534698e+00  ,7.848033689044e-01  ,8.999588454019e-01  ,9.026495560766e-01  ,3.232920780529e-01  ,1.476625612751e+00  ,1.295051240529e+00  ,5.102478716245e-01  
  1.837540107074e-07  ,-1.162449707473e+00  ,7.917664281043e-01  ,8.999588324831e-01  ,9.026387050475e-01  ,3.187339787467e-01  ,1.481183686220e+00  ,1.298521919100e+00  ,5.067554909954e-01  
  1.838540114688e-07  ,-1.171381954451e+00  ,7.986059689981e-01  ,8.999588201388e-01  ,9.026273972367e-01  ,3.142678429134e-01  ,1.485649797364e+00  ,1.301930381736e+00  ,5.033244127377e-01  
  1.839540122303e-07  ,-1.180129345524e+00  ,8.053212321866e-01  ,8.999588083700e-01  ,9.026156336378e-01  ,3.098941356078e-01  ,1.490023481132e+00  ,1.305276249731e+00  ,4.999550175446e-01  
  1.840540129917e-07  ,-1.188690268053e+00  ,8.119109017127e-01  ,8.999587971793e-01  ,9.026034159996e-01  ,3.056136631528e-01  ,1.494303931206e+00  ,1.308558866856e+00  ,4.966479651433e-01  
  1.841540137532e-07  ,-1.197063162492e+00  ,8.183736942915e-01  ,8.999587865694e-01  ,9.025907461598e-01  ,3.014272053234e-01  ,1.498490367815e+00  ,1.311777593306e+00  ,4.934038990141e-01  
  1.842540145146e-07  ,-1.205246878476e+00  ,8.247086527716e-01  ,8.999587765412e-01  ,9.025776256690e-01  ,2.973353373030e-01  ,1.502582215779e+00  ,1.314931952055e+00  ,4.902232992832e-01  
  1.843540152761e-07  ,-1.213240191239e+00  ,8.309147561044e-01  ,8.999587670963e-01  ,9.025640563202e-01  ,2.933386714771e-01  ,1.506578862716e+00  ,1.318021434372e+00  ,4.871066782680e-01  
  1.844540160375e-07  ,-1.221042167044e+00  ,8.369912300355e-01  ,8.999587582366e-01  ,9.025500395589e-01  ,2.894376747143e-01  ,1.510479841759e+00  ,1.321045654577e+00  ,4.840544245412e-01  
  1.845540167990e-07  ,-1.228651065292e+00  ,8.429366274869e-01  ,8.999587499642e-01  ,9.025355783087e-01  ,2.856332173181e-01  ,1.514284282610e+00  ,1.324003892052e+00  ,4.810672645652e-01  
  1.846540175604e-07  ,-1.236065833681e+00  ,8.487500636275e-01  ,8.999587422801e-01  ,9.025206747146e-01  ,2.819258254397e-01  ,1.517991659121e+00  ,1.326895706528e+00  ,4.781456429008e-01  
  1.847540183219e-07  ,-1.243285627959e+00  ,8.544308293422e-01  ,8.999587351854e-01  ,9.025053306667e-01  ,2.783159212060e-01  ,1.521601549165e+00  ,1.329720745338e+00  ,4.752899159957e-01  
  1.848540190833e-07  ,-1.250308860925e+00  ,8.599775843447e-01  ,8.999587286821e-01  ,9.024895500824e-01  ,2.748042982194e-01  ,1.525113159145e+00  ,1.332478342255e+00  ,4.725007579100e-01  
  1.849540198448e-07  ,-1.257134798153e+00  ,8.653897045113e-01  ,8.999587227709e-01  ,9.024733350058e-01  ,2.713913236945e-01  ,1.528526121847e+00  ,1.335168187261e+00  ,4.697784827502e-01  
  1.850540206062e-07  ,-1.263762174579e+00  ,8.706661117763e-01  ,8.999587174534e-01  ,9.024566890172e-01  ,2.680776301637e-01  ,1.531839804743e+00  ,1.337789744905e+00  ,4.671236331291e-01  
  1.851540213677e-07  ,-1.270189784604e+00  ,8.758057636316e-01  ,8.999587127305e-01  ,9.024396157285e-01  ,2.648638204287e-01  ,1.535053605032e+00  ,1.340342497544e+00  ,4.645367339128e-01  
  1.852540221291e-07  ,-1.276416960617e+00  ,8.808080787065e-01  ,8.999587086029e-01  ,9.024221172711e-01  ,2.617502282945e-01  ,1.538167188911e+00  ,1.342826156624e+00  ,4.620180779179e-01  
  1.853540228906e-07  ,-1.282442400019e+00  ,8.856719159380e-01  ,8.999587050716e-01  ,9.024041980416e-01  ,2.587375050619e-01  ,1.541179905081e+00  ,1.345240156011e+00  ,4.595682400726e-01  
  1.854540236520e-07  ,-1.288265276685e+00  ,8.903965420499e-01  ,8.999587021370e-01  ,9.023858610649e-01  ,2.558260637946e-01  ,1.544091340479e+00  ,1.347584132090e+00  ,4.571875900400e-01  
  1.855540244135e-07  ,-1.293884930344e+00  ,8.949813716384e-01  ,8.999586997997e-01  ,9.023671087986e-01  ,2.530162346277e-01  ,1.546901164972e+00  ,1.349857794618e+00  ,4.548764229794e-01  
  1.856540251749e-07  ,-1.299300126387e+00  ,8.994253036839e-01  ,8.999586980605e-01  ,9.023479460441e-01  ,2.503086348669e-01  ,1.549608761254e+00  ,1.352060597886e+00  ,4.526352942021e-01  
  1.857540259364e-07  ,-1.304510120852e+00  ,9.037276639399e-01  ,8.999586969197e-01  ,9.023283760716e-01  ,2.477036364935e-01  ,1.552213757346e+00  ,1.354192208042e+00  ,4.504645441017e-01  
  1.858540266978e-07  ,-1.309514321747e+00  ,9.078879151597e-01  ,8.999586963776e-01  ,9.023084016517e-01  ,2.452015355040e-01  ,1.554715857251e+00  ,1.356252359232e+00  ,4.483644440719e-01  
  1.859540274593e-07  ,-1.314311627371e+00  ,9.119050493649e-01  ,8.999586964347e-01  ,9.022880282950e-01  ,2.428028827493e-01  ,1.557114510120e+00  ,1.358240552977e+00  ,4.463355036125e-01  
  1.860540282207e-07  ,-1.318901379829e+00  ,9.157784523696e-01  ,8.999586970911e-01  ,9.022672596461e-01  ,2.405080071765e-01  ,1.559409387006e+00  ,1.360156485831e+00  ,4.443780334613e-01  
  1.861540289822e-07  ,-1.323282892643e+00  ,9.195074768110e-01  ,8.999586983467e-01  ,9.022460996419e-01  ,2.383172520251e-01  ,1.561600144668e+00  ,1.361999838047e+00  ,4.424923612364e-01  
  1.862540297436e-07  ,-1.327455652812e+00  ,9.230916373506e-01  ,8.999587002016e-01  ,9.022245513117e-01  ,2.362308737958e-01  ,1.563686526607e+00  ,1.363770369987e+00  ,4.406787326364e-01  
  1.863540305051e-07  ,-1.331418824936e+00  ,9.265301393940e-01  ,8.999587026560e-01  ,9.022026197438e-01  ,2.342492901882e-01  ,1.565668115124e+00  ,1.365467689441e+00  ,4.389375500468e-01  
  1.864540312665e-07  ,-1.335171783215e+00  ,9.298223759840e-01  ,8.999587057094e-01  ,9.021803090545e-01  ,2.323728141018e-01  ,1.567544597317e+00  ,1.367091497047e+00  ,4.372691210625e-01  
  1.865540320280e-07  ,-1.338713938488e+00  ,9.329677633259e-01  ,8.999587093611e-01  ,9.021576233271e-01  ,2.306017401173e-01  ,1.569315678605e+00  ,1.368641504990e+00  ,4.356737416642e-01  
  1.866540327894e-07  ,-1.342044652129e+00  ,9.359656520287e-01  ,8.999587136104e-01  ,9.021345672731e-01  ,2.289363875461e-01  ,1.570981039675e+00  ,1.370117393287e+00  ,4.341517412587e-01  
  1.867540335509e-07  ,-1.345163580922e+00  ,9.388156866138e-01  ,8.999587184569e-01  ,9.021111436033e-01  ,2.273769279959e-01  ,1.572540508918e+00  ,1.371518986910e+00  ,4.327033002964e-01  
  1.868540343123e-07  ,-1.348070145063e+00  ,9.415172606635e-01  ,8.999587238996e-01  ,9.020873571151e-01  ,2.259236513680e-01  ,1.573993796431e+00  ,1.372845987447e+00  ,4.313287267833e-01  
  1.869540350738e-07  ,-1.350763888640e+00  ,9.440698841129e-01  ,8.999587299377e-01  ,9.020632120057e-01  ,2.245767856177e-01  ,1.575340674258e+00  ,1.374098154062e+00  ,4.300282699493e-01  
  1.870540358352e-07  ,-1.353244327176e+00  ,9.464730174485e-01  ,8.999587365698e-01  ,9.020387132151e-01  ,2.233365729821e-01  ,1.576580900158e+00  ,1.375275221939e+00  ,4.288022044908e-01  
  1.871540365967e-07  ,-1.355511205833e+00  ,9.487263682160e-01  ,8.999587437953e-01  ,9.020138635849e-01  ,2.222031408786e-01  ,1.577714346712e+00  ,1.376377047693e+00  ,4.276506794769e-01  
  1.872540373581e-07  ,-1.357564100207e+00  ,9.508294405125e-01  ,8.999587516126e-01  ,9.019886681007e-01  ,2.211767015088e-01  ,1.578740801716e+00  ,1.377403388357e+00  ,4.265739478444e-01  
  1.873540381196e-07  ,-1.359402641648e+00  ,9.527817782620e-01  ,8.999587600200e-01  ,9.019631317165e-01  ,2.202574391958e-01  ,1.579660080844e+00  ,1.378354020848e+00  ,4.255722425855e-01  
  1.874540388810e-07  ,-1.361026584436e+00  ,9.545830588726e-01  ,8.999587690161e-01  ,9.019372581302e-01  ,2.194454767980e-01  ,1.580472061234e+00  ,1.379228787567e+00  ,4.246457286939e-01  
  1.875540396425e-07  ,-1.362435688396e+00  ,9.562329518965e-01  ,8.999587785994e-01  ,9.019110513109e-01  ,2.187409344014e-01  ,1.581176622797e+00  ,1.380027527259e+00  ,4.237945753627e-01  
  1.876540404039e-07  ,-1.363629736932e+00  ,9.577311401659e-01  ,8.999587887681e-01  ,9.018845153167e-01  ,2.181439203021e-01  ,1.581773657234e+00  ,1.380750085400e+00  ,4.230189452338e-01  
  1.877540411654e-07  ,-1.364608586214e+00  ,9.590773981611e-01  ,8.999587995209e-01  ,9.018576532170e-01  ,2.176545064138e-01  ,1.582263092628e+00  ,1.381396352298e+00  ,4.223189541364e-01  
  1.878540419268e-07  ,-1.365372004480e+00  ,9.602713282445e-01  ,8.999588108548e-01  ,9.018304708282e-01  ,2.172728086149e-01  ,1.582644813095e+00  ,1.381966134950e+00  ,4.216948067059e-01  
  1.879540426883e-07  ,-1.365919915592e+00  ,9.613127664092e-01  ,8.999588227685e-01  ,9.018029709008e-01  ,2.169988649725e-01  ,1.582918780565e+00  ,1.382459354105e+00  ,4.211465876962e-01  
  1.880540434497e-07  ,-1.366252209462e+00  ,9.622014418819e-01  ,8.999588352593e-01  ,9.017751582675e-01  ,2.168327305283e-01  ,1.583084939990e+00  ,1.382875879208e+00  ,4.206744373266e-01  
  1.881540442112e-07  ,-1.366368835013e+00  ,9.629371533345e-01  ,8.999588483248e-01  ,9.017470371243e-01  ,2.167744308181e-01  ,1.583143265831e+00  ,1.383215613792e+00  ,4.202784604571e-01  
  1.882540449726e-07  ,-1.366269777013e+00  ,9.635196991420e-01  ,8.999588619620e-01  ,9.017186124274e-01  ,2.168239734554e-01  ,1.583093750469e+00  ,1.383478461998e+00  ,4.199587628564e-01  
  1.883540457341e-07  ,-1.365955057420e+00  ,9.639489510676e-01  ,8.999588761689e-01  ,9.016898879499e-01  ,2.169813474591e-01  ,1.582936404879e+00  ,1.383664363484e+00  ,4.197154124161e-01  
  1.884540464955e-07  ,-1.365424711555e+00  ,9.642248164943e-01  ,8.999588909433e-01  ,9.016608667436e-01  ,2.172465351657e-01  ,1.582671246721e+00  ,1.383773274991e+00  ,4.195484584964e-01  
  1.885540472570e-07  ,-1.364678826359e+00  ,9.643471572416e-01  ,8.999589062819e-01  ,9.016315539595e-01  ,2.176194931022e-01  ,1.582298319462e+00  ,1.383805132580e+00  ,4.194579753387e-01  
  1.886540480184e-07  ,-1.363717545208e+00  ,9.643158861082e-01  ,8.999589221813e-01  ,9.016019545164e-01  ,2.181001495771e-01  ,1.581817694785e+00  ,1.383759897571e+00  ,4.194440114623e-01  
  1.887540487799e-07  ,-1.362540972487e+00  ,9.641309696536e-01  ,8.999589386396e-01  ,9.015720712417e-01  ,2.186884523964e-01  ,1.581229424883e+00  ,1.383637556068e+00  ,4.195065864149e-01  
  1.888540495413e-07  ,-1.361149349553e+00  ,9.637923656008e-01  ,8.999589556529e-01  ,9.015419098081e-01  ,2.193842808763e-01  ,1.580533630430e+00  ,1.383438092609e+00  ,4.196457270077e-01  
  1.889540503028e-07  ,-1.359542877672e+00  ,9.633000767629e-01  ,8.999589732183e-01  ,9.015114740374e-01  ,2.201875343822e-01  ,1.579730412054e+00  ,1.383161512419e+00  ,4.198614356559e-01  
  1.890540510642e-07  ,-1.357721801313e+00  ,9.626541256487e-01  ,8.999589913330e-01  ,9.014807681305e-01  ,2.210980906764e-01  ,1.578819891990e+00  ,1.382807830955e+00  ,4.201537053062e-01  
  1.891540518257e-07  ,-1.355686402162e+00  ,9.618545575508e-01  ,8.999590099938e-01  ,9.014497964773e-01  ,2.221158089128e-01  ,1.577802211075e+00  ,1.382377075253e+00  ,4.205225177019e-01  
  1.892540525871e-07  ,-1.353436916852e+00  ,9.609014213331e-01  ,8.999590291979e-01  ,9.014185624471e-01  ,2.232405707717e-01  ,1.576677487624e+00  ,1.381869273114e+00  ,4.209678517805e-01  
  1.893540533486e-07  ,-1.350973771041e+00  ,9.597948187547e-01  ,8.999590489410e-01  ,9.013870717173e-01  ,2.244721634205e-01  ,1.575445934462e+00  ,1.381284481095e+00  ,4.214896623400e-01  
  1.894540541100e-07  ,-1.348297357121e+00  ,9.585348679174e-01  ,8.999590692198e-01  ,9.013553289117e-01  ,2.258103906593e-01  ,1.574107747780e+00  ,1.380622762870e+00  ,4.220878949530e-01  
  1.895540548715e-07  ,-1.345408097378e+00  ,9.571217115414e-01  ,8.999590900311e-01  ,9.013233386714e-01  ,2.272550413422e-01  ,1.572663138720e+00  ,1.379884194442e+00  ,4.227624829007e-01  
  1.896540556329e-07  ,-1.342306445782e+00  ,9.555555169540e-01  ,8.999591113713e-01  ,9.012911056654e-01  ,2.288058884805e-01  ,1.571112334262e+00  ,1.379068864142e+00  ,4.235133471884e-01  
  1.897540563944e-07  ,-1.338992971883e+00  ,9.538365128338e-01  ,8.999591332364e-01  ,9.012586354031e-01  ,2.304626472951e-01  ,1.569455619178e+00  ,1.378176891820e+00  ,4.243403789862e-01  
  1.898540571558e-07  ,-1.335468024471e+00  ,9.519648462282e-01  ,8.999591556241e-01  ,9.012259310738e-01  ,2.322251433887e-01  ,1.567693167859e+00  ,1.377208354188e+00  ,4.252435079597e-01  
  1.899540579172e-07  ,-1.331732239175e+00  ,9.499407908275e-01  ,8.999591785299e-01  ,9.011929983100e-01  ,2.340930589422e-01  ,1.565825298118e+00  ,1.376163393724e+00  ,4.262226028963e-01  
  1.900540586787e-07  ,-1.327786204935e+00  ,9.477646121676e-01  ,8.999592019501e-01  ,9.011598420421e-01  ,2.360660994824e-01  ,1.563852304418e+00  ,1.375042148126e+00  ,4.272775359583e-01  
  1.901540594401e-07  ,-1.323630541813e+00  ,9.454366002704e-01  ,8.999592258814e-01  ,9.011264672855e-01  ,2.381439549748e-01  ,1.561774496788e+00  ,1.373844767421e+00  ,4.284081671503e-01  
  1.902540602016e-07  ,-1.319265901896e+00  ,9.429570696065e-01  ,8.999592503201e-01  ,9.010928791495e-01  ,2.403262993723e-01  ,1.559592201268e+00  ,1.372571413953e+00  ,4.296143443462e-01  
  1.903540609630e-07  ,-1.314692969689e+00  ,9.403263590468e-01  ,8.999592752623e-01  ,9.010590828536e-01  ,2.426127904178e-01  ,1.557305760107e+00  ,1.371222262377e+00  ,4.308959033302e-01  
  1.904540617245e-07  ,-1.309912462248e+00  ,9.375448318127e-01  ,8.999593007047e-01  ,9.010250837157e-01  ,2.450030695805e-01  ,1.554915531829e+00  ,1.369797499622e+00  ,4.322526678093e-01  
  1.905540624859e-07  ,-1.304925129180e+00  ,9.346128754298e-01  ,8.999593266429e-01  ,9.009908870974e-01  ,2.474967620530e-01  ,1.552421891233e+00  ,1.368297324812e+00  ,4.336844493824e-01  
  1.906540632474e-07  ,-1.299731752579e+00  ,9.315309016789e-01  ,8.999593530733e-01  ,9.009564983647e-01  ,2.500934767839e-01  ,1.549825229363e+00  ,1.366721949204e+00  ,4.351910475252e-01  
  1.907540640088e-07  ,-1.294333282590e+00  ,9.282994238974e-01  ,8.999593799918e-01  ,9.009219238129e-01  ,2.527927386967e-01  ,1.547126021287e+00  ,1.365071635762e+00  ,4.367722118643e-01  
  1.908540647703e-07  ,-1.288730285682e+00  ,9.249187515077e-01  ,8.999594073954e-01  ,9.008871670745e-01  ,2.555942645541e-01  ,1.544324550237e+00  ,1.363346542828e+00  ,4.384277913207e-01  
  1.909540655317e-07  ,-1.282923779216e+00  ,9.213894420383e-01  ,8.999594352793e-01  ,9.008522345719e-01  ,2.584975456711e-01  ,1.541421324887e+00  ,1.361546955591e+00  ,4.401575135527e-01  
  1.910540662932e-07  ,-1.276914679067e+00  ,9.177120036827e-01  ,8.999594636395e-01  ,9.008171319344e-01  ,2.615021241060e-01  ,1.538416803173e+00  ,1.359673133776e+00  ,4.419611300931e-01  
  1.911540670546e-07  ,-1.270703930164e+00  ,9.138869685674e-01  ,8.999594924723e-01  ,9.007818648528e-01  ,2.646075273901e-01  ,1.535311457554e+00  ,1.357725349137e+00  ,4.438383805691e-01  
  1.912540678161e-07  ,-1.264292507794e+00  ,9.099148926857e-01  ,8.999595217734e-01  ,9.007464390585e-01  ,2.678132678762e-01  ,1.532105775671e+00  ,1.355703885401e+00  ,4.457889927157e-01  
  1.913540685775e-07  ,-1.257681418174e+00  ,9.057963558178e-01  ,8.999595515385e-01  ,9.007108603683e-01  ,2.711188424514e-01  ,1.528800260626e+00  ,1.353609038277e+00  ,4.478126824594e-01  
  1.914540693390e-07  ,-1.250871698647e+00  ,9.015319614382e-01  ,8.999595817636e-01  ,9.006751347064e-01  ,2.745237324401e-01  ,1.525395431087e+00  ,1.351441115426e+00  ,4.499091539873e-01  
  1.915540701004e-07  ,-1.243864417693e+00  ,8.971223366199e-01  ,8.999596124442e-01  ,9.006392680769e-01  ,2.780274035975e-01  ,1.521891821291e+00  ,1.349200436387e+00  ,4.520780997669e-01  
  1.916540708619e-07  ,-1.236660674849e+00  ,8.925681319415e-01  ,8.999596435759e-01  ,9.006032665043e-01  ,2.816293061515e-01  ,1.518289981000e+00  ,1.346887332475e+00  ,4.543192005336e-01  
  1.917540716233e-07  ,-1.229261600567e+00  ,8.878700214071e-01  ,8.999596751544e-01  ,9.005671359622e-01  ,2.853288748711e-01  ,1.514590475438e+00  ,1.344502146666e+00  ,4.566321252587e-01  
  1.918540723848e-07  ,-1.221668356062e+00  ,8.830287023559e-01  ,8.999597071751e-01  ,9.005308824188e-01  ,2.891255291439e-01  ,1.510793885206e+00  ,1.342045233597e+00  ,4.590165312408e-01  
  1.919540731462e-07  ,-1.213882133141e+00  ,8.780448953453e-01  ,8.999597396335e-01  ,9.004945119766e-01  ,2.930186730631e-01  ,1.506900806204e+00  ,1.339516959649e+00  ,4.614720643039e-01  
  1.920540739077e-07  ,-1.205904154008e+00  ,8.729193440297e-01  ,8.999597725249e-01  ,9.004580308659e-01  ,2.970076955211e-01  ,1.502911849529e+00  ,1.336917702881e+00  ,4.639983588510e-01  
  1.921540746691e-07  ,-1.197735671080e+00  ,8.676528150580e-01  ,8.999598058442e-01  ,9.004214453069e-01  ,3.010919703040e-01  ,1.498827641384e+00  ,1.334247852836e+00  ,4.665950377779e-01  
  1.922540754306e-07  ,-1.189377966792e+00  ,8.622460979737e-01  ,8.999598395868e-01  ,9.003847614785e-01  ,3.052708561908e-01  ,1.494648822983e+00  ,1.331507810465e+00  ,4.692617124916e-01  
  1.923540761920e-07  ,-1.180832353392e+00  ,8.567000051008e-01  ,8.999598737475e-01  ,9.003479856212e-01  ,3.095436970517e-01  ,1.490376050443e+00  ,1.328697988172e+00  ,4.719979830708e-01  
  1.924540769535e-07  ,-1.172100172743e+00  ,8.510153714100e-01  ,8.999599083212e-01  ,9.003111241040e-01  ,3.139098219498e-01  ,1.486009994693e+00  ,1.325818809809e+00  ,4.748034383991e-01  
  1.925540777149e-07  ,-1.163182796112e+00  ,8.451930543775e-01  ,8.999599433025e-01  ,9.002741833834e-01  ,3.183685452468e-01  ,1.481551341358e+00  ,1.322870710572e+00  ,4.776776561946e-01  
  1.926540784764e-07  ,-1.154081623956e+00  ,8.392339338577e-01  ,8.999599786863e-01  ,9.002371698322e-01  ,3.229191667083e-01  ,1.477000790664e+00  ,1.319854136761e+00  ,4.806202029033e-01  
  1.927540792378e-07  ,-1.144798319669e+00  ,8.331390666175e-01  ,8.999600144665e-01  ,9.002000907900e-01  ,3.275608546318e-01  ,1.472359174301e+00  ,1.316769624099e+00  ,4.836305574812e-01  
  1.928540799993e-07  ,-1.135333856135e+00  ,8.269090712601e-01  ,8.999600506394e-01  ,9.001629504984e-01  ,3.322931225721e-01  ,1.467626978707e+00  ,1.313617486128e+00  ,4.867084148684e-01  
  1.929540807607e-07  ,-1.125690206408e+00  ,8.205452069178e-01  ,8.999600871972e-01  ,9.001257575422e-01  ,3.371149839930e-01  ,1.462805190401e+00  ,1.310398361001e+00  ,4.898531540833e-01  
  1.930540815222e-07  ,-1.115868385912e+00  ,8.140481213619e-01  ,8.999601241360e-01  ,9.000885162449e-01  ,3.420259311801e-01  ,1.457894317092e+00  ,1.307112576926e+00  ,4.930644555639e-01  
  1.931540822836e-07  ,-1.105870195038e+00  ,8.074189626298e-01  ,8.999601614486e-01  ,9.000512341287e-01  ,3.470250639298e-01  ,1.452895258967e+00  ,1.303760715444e+00  ,4.963417528138e-01  
  1.932540830451e-07  ,-1.095697213862e+00  ,8.006587419877e-01  ,8.999601991290e-01  ,9.000139175858e-01  ,3.521115921981e-01  ,1.447808806060e+00  ,1.300343288580e+00  ,4.996845465920e-01  
  1.933540838065e-07  ,-1.085351044515e+00  ,7.937684920940e-01  ,8.999602371714e-01  ,8.999765730371e-01  ,3.572847149139e-01  ,1.442635759429e+00  ,1.296860819084e+00  ,5.030923269901e-01  
  1.934540845680e-07  ,-1.074833579089e+00  ,7.867494465788e-01  ,8.999602755690e-01  ,8.999392080254e-01  ,3.625434860243e-01  ,1.437377065114e+00  ,1.293313931315e+00  ,5.065644847360e-01  
  1.935540853294e-07  ,-1.064145919706e+00  ,7.796023243954e-01  ,8.999603143174e-01  ,8.999018268497e-01  ,3.678873544642e-01  ,1.432033274171e+00  ,1.289702989047e+00  ,5.101006646520e-01  
  1.936540860909e-07  ,-1.053290020697e+00  ,7.723283976187e-01  ,8.999603534087e-01  ,8.998644370076e-01  ,3.733153430599e-01  ,1.426605363757e+00  ,1.286028635817e+00  ,5.137002381983e-01  
  1.937540868523e-07  ,-1.042267874895e+00  ,7.649289728966e-01  ,8.999603928357e-01  ,8.998270459702e-01  ,3.788264553884e-01  ,1.421094330283e+00  ,1.282291532419e+00  ,5.173625595219e-01  
  1.938540876138e-07  ,-1.031080639290e+00  ,7.574048105722e-01  ,8.999604325941e-01  ,8.997896580115e-01  ,3.844201129492e-01  ,1.415500752239e+00  ,1.278492063298e+00  ,5.210872527254e-01  
  1.939540883752e-07  ,-1.019730650641e+00  ,7.497574516630e-01  ,8.999604726753e-01  ,8.997522816509e-01  ,3.900951473546e-01  ,1.409825797996e+00  ,1.274631007482e+00  ,5.248735558194e-01  
  1.940540891367e-07  ,-1.008219103819e+00  ,7.419876835382e-01  ,8.999605130745e-01  ,8.997149211187e-01  ,3.958509611653e-01  ,1.404070064984e+00  ,1.270708762888e+00  ,5.287210793496e-01  
  1.941540898981e-07  ,-9.965484080451e-01  ,7.340971008894e-01  ,8.999605537832e-01  ,8.996775848716e-01  ,4.016863497607e-01  ,1.398234757806e+00  ,1.266726135316e+00  ,5.326290344268e-01  
  1.942540906596e-07  ,-9.847197924702e-01  ,7.260865176049e-01  ,8.999605947965e-01  ,8.996402771439e-01  ,4.076006985614e-01  ,1.392320491032e+00  ,1.262683535946e+00  ,5.365970183415e-01  
  1.943540914210e-07  ,-9.727354296121e-01  ,7.179573710619e-01  ,8.999606361059e-01  ,8.996030053283e-01  ,4.135929212999e-01  ,1.386328350912e+00  ,1.258581690859e+00  ,5.406243197973e-01  
  1.944540921825e-07  ,-9.605972139888e-01  ,7.097109179265e-01  ,8.999606777044e-01  ,8.995657756578e-01  ,4.196620707100e-01  ,1.380259284699e+00  ,1.254421234621e+00  ,5.447103166946e-01  
  1.945540929439e-07  ,-9.483070578889e-01  ,7.013484341427e-01  ,8.999607195855e-01  ,8.995285942158e-01  ,4.258071906410e-01  ,1.374114248530e+00  ,1.250202811287e+00  ,5.488543771444e-01  
  1.946540937054e-07  ,-9.358672086341e-01  ,6.928714342201e-01  ,8.999607617414e-01  ,8.994914680552e-01  ,4.320271574243e-01  ,1.367894366058e+00  ,1.245927185165e+00  ,5.530557509452e-01  
  1.947540944668e-07  ,-9.232789696514e-01  ,6.842807961356e-01  ,8.999608041672e-01  ,8.994544012401e-01  ,4.383213193415e-01  ,1.361600288993e+00  ,1.241594799308e+00  ,5.573140031723e-01  
  1.948540952283e-07  ,-9.105446465886e-01  ,6.755780687555e-01  ,8.999608468544e-01  ,8.994174008760e-01  ,4.446885235601e-01  ,1.355233170149e+00  ,1.237206435254e+00  ,5.616283664983e-01  
  1.949540959897e-07  ,-8.976662515615e-01  ,6.667646030343e-01  ,8.999608897955e-01  ,8.993804729874e-01  ,4.511277640147e-01  ,1.348794015576e+00  ,1.232762774505e+00  ,5.659981714703e-01  
  1.950540967512e-07  ,-8.846461428736e-01  ,6.578419998781e-01  ,8.999609329836e-01  ,8.993436245048e-01  ,4.576378615468e-01  ,1.342284004420e+00  ,1.228264624444e+00  ,5.704226245658e-01  
  1.951540975126e-07  ,-8.714856858899e-01  ,6.488111860905e-01  ,8.999609764136e-01  ,8.993068593803e-01  ,4.642181334687e-01  ,1.335703819359e+00  ,1.223712452425e+00  ,5.749012663350e-01  
  1.952540982741e-07  ,-8.581872937742e-01  ,6.396737954269e-01  ,8.999610200765e-01  ,8.992701845240e-01  ,4.708673731895e-01  ,1.329054666964e+00  ,1.219107082237e+00  ,5.794332868105e-01  
  1.953540990355e-07  ,-8.447530688901e-01  ,6.304312505236e-01  ,8.999610639652e-01  ,8.992336058303e-01  ,4.775845295202e-01  ,1.322337598410e+00  ,1.214449231092e+00  ,5.840179805685e-01  
  1.954540997970e-07  ,-8.311854721033e-01  ,6.210852346914e-01  ,8.999611080725e-01  ,8.991971300792e-01  ,4.843683720208e-01  ,1.315553844124e+00  ,1.209739747425e+00  ,5.886545127335e-01  
  1.955541005584e-07  ,-8.174859265593e-01  ,6.116367212225e-01  ,8.999611523929e-01  ,8.991607610562e-01  ,4.912181891133e-01  ,1.308704115673e+00  ,1.204979121667e+00  ,5.933424004449e-01  
  1.956541013199e-07  ,-8.036572970290e-01  ,6.020876735488e-01  ,8.999611969168e-01  ,8.991245061820e-01  ,4.981325484023e-01  ,1.301789845431e+00  ,1.200168342956e+00  ,5.980806694076e-01  
  1.957541020813e-07  ,-7.897010398263e-01  ,5.924390873200e-01  ,8.999612416392e-01  ,8.990883690936e-01  ,5.051107217261e-01  ,1.294811761552e+00  ,1.195307912754e+00  ,6.028688254336e-01  
  1.958541028428e-07  ,-7.756197232644e-01  ,5.826927158543e-01  ,8.999612865519e-01  ,8.990523562108e-01  ,5.121514249196e-01  ,1.287771148184e+00  ,1.190398714138e+00  ,6.077059982837e-01  
  1.959541036042e-07  ,-7.614159359083e-01  ,5.728503395104e-01  ,8.999613316466e-01  ,8.990164740641e-01  ,5.192533636925e-01  ,1.280669299601e+00  ,1.185441643819e+00  ,6.125913043089e-01  
  1.960541043657e-07  ,-7.470911700553e-01  ,5.629129862516e-01  ,8.999613769189e-01  ,8.989807263359e-01  ,5.264157918913e-01  ,1.273506961947e+00  ,1.180437219462e+00  ,6.175242332101e-01  
  1.961541051271e-07  ,-7.326484251516e-01  ,5.528827276751e-01  ,8.999614223593e-01  ,8.989451202269e-01  ,5.336372097835e-01  ,1.266285634935e+00  ,1.175386484064e+00  ,6.225037563894e-01  
  1.962541058886e-07  ,-7.180897153634e-01  ,5.427609643566e-01  ,8.999614679618e-01  ,8.989096604810e-01  ,5.409166102801e-01  ,1.259006325643e+00  ,1.170290142659e+00  ,6.275291783027e-01  
  1.963541066500e-07  ,-7.034166992562e-01  ,5.325488414199e-01  ,8.999615137209e-01  ,8.988743510243e-01  ,5.482531640928e-01  ,1.251669863349e+00  ,1.165148771734e+00  ,6.325999303143e-01  
  1.964541074115e-07  ,-6.886322100258e-01  ,5.222483081011e-01  ,8.999615596268e-01  ,8.988391985808e-01  ,5.556454546139e-01  ,1.244277664640e+00  ,1.159963352631e+00  ,6.377150445302e-01  
  1.965541081729e-07  ,-6.737385969854e-01  ,5.118609799238e-01  ,8.999616056722e-01  ,8.988042086419e-01  ,5.630923071795e-01  ,1.236830904165e+00  ,1.154734698604e+00  ,6.428737186800e-01  
  1.966541089344e-07  ,-6.587382139510e-01  ,5.013884869005e-01  ,8.999616518511e-01  ,8.987693864158e-01  ,5.705925448756e-01  ,1.229330758827e+00  ,1.149463629866e+00  ,6.480751429655e-01  
  1.967541096958e-07  ,-6.436338078465e-01  ,4.908327500528e-01  ,8.999616981555e-01  ,8.987347377663e-01  ,5.781447942322e-01  ,1.221778602079e+00  ,1.144151112793e+00  ,6.533183627399e-01  
  1.968541104573e-07  ,-6.284269628358e-01  ,4.801948763962e-01  ,8.999617445805e-01  ,8.987002661376e-01  ,5.857482631626e-01  ,1.214175225998e+00  ,1.138797704336e+00  ,6.586028279395e-01  
  1.969541112187e-07  ,-6.131204724323e-01  ,4.694768123001e-01  ,8.999617911173e-01  ,8.986659777122e-01  ,5.934015549012e-01  ,1.206522027333e+00  ,1.133404383862e+00  ,6.639275715621e-01  
  1.970541119802e-07  ,-5.977167586433e-01  ,4.586802431110e-01  ,8.999618377583e-01  ,8.986318779396e-01  ,6.011034584367e-01  ,1.198820217080e+00  ,1.127971999495e+00  ,6.692917563841e-01  
  1.971541127416e-07  ,-5.822186446729e-01  ,4.478071529350e-01  ,8.999618844963e-01  ,8.985979729635e-01  ,6.088525621599e-01  ,1.191071206833e+00  ,1.122501549431e+00  ,6.746943964960e-01  
  1.972541135030e-07  ,-5.666282841794e-01  ,4.368590667965e-01  ,8.999619313257e-01  ,8.985642673752e-01  ,6.166477892360e-01  ,1.183276073415e+00  ,1.116993800773e+00  ,6.801347339770e-01  
  1.973541142645e-07  ,-5.509474505848e-01  ,4.258372297134e-01  ,8.999619782405e-01  ,8.985307649808e-01  ,6.244882529481e-01  ,1.175435703533e+00  ,1.111449379837e+00  ,6.856121501241e-01  
  1.974541150259e-07  ,-5.351795745958e-01  ,4.147440497447e-01  ,8.999620252305e-01  ,8.984974733323e-01  ,6.323722379326e-01  ,1.167551812528e+00  ,1.105869498205e+00  ,6.911254484599e-01  
  1.975541157874e-07  ,-5.193268633639e-01  ,4.035810846121e-01  ,8.999620722898e-01  ,8.984643974048e-01  ,6.402986406078e-01  ,1.159625503972e+00  ,1.100254939711e+00  ,6.966738550988e-01  
  1.976541165488e-07  ,-5.033911286480e-01  ,3.923496054848e-01  ,8.999621194129e-01  ,8.984315411568e-01  ,6.482665550889e-01  ,1.151657683737e+00  ,1.094606343899e+00  ,7.022567384144e-01  
  1.977541173103e-07  ,-4.873754576164e-01  ,3.810517723022e-01  ,8.999621665896e-01  ,8.983989111021e-01  ,6.562744377814e-01  ,1.143649895398e+00  ,1.088924797253e+00  ,7.078730249510e-01  
  1.978541180717e-07  ,-4.712823976953e-01  ,3.696893681776e-01  ,8.999622138127e-01  ,8.983665123104e-01  ,6.643210149651e-01  ,1.135603412660e+00  ,1.083211196399e+00  ,7.135218282216e-01  
  1.979541188332e-07  ,-4.551149041660e-01  ,3.582644882915e-01  ,8.999622610756e-01  ,8.983343508561e-01  ,6.724048089925e-01  ,1.127519713159e+00  ,1.077466595002e+00  ,7.192021067103e-01  
  1.980541195946e-07  ,-4.388746750130e-01  ,3.467783369646e-01  ,8.999623083727e-01  ,8.983024303543e-01  ,6.805249708662e-01  ,1.119399645879e+00  ,1.071691598837e+00  ,7.249132618720e-01  
  1.981541203561e-07  ,-4.225646993339e-01  ,3.352330286378e-01  ,8.999623556945e-01  ,8.982707571299e-01  ,6.886800060275e-01  ,1.111244705361e+00  ,1.065887271449e+00  ,7.306542428110e-01  
  1.982541211175e-07  ,-4.061879752173e-01  ,3.236306946538e-01  ,8.999624030335e-01  ,8.982393373937e-01  ,6.968684154248e-01  ,1.103056390642e+00  ,1.060054684721e+00  ,7.364239900668e-01  
  1.983541218790e-07  ,-3.897462238668e-01  ,3.119725594568e-01  ,8.999624503852e-01  ,8.982081747119e-01  ,7.050893384518e-01  ,1.094835562319e+00  ,1.054194454440e+00  ,7.422218949835e-01  
  1.984541226404e-07  ,-3.732424740282e-01  ,3.002607721615e-01  ,8.999624977404e-01  ,8.981772755107e-01  ,7.133412607263e-01  ,1.086583734754e+00  ,1.048307661591e+00  ,7.480468894299e-01  
  1.985541234019e-07  ,-3.566793405055e-01  ,2.884971866465e-01  ,8.999625450914e-01  ,8.981466455878e-01  ,7.216228748386e-01  ,1.078302215344e+00  ,1.042395238911e+00  ,7.538980522645e-01  
  1.986541241633e-07  ,-3.400598613713e-01  ,2.766839778484e-01  ,8.999625924315e-01  ,8.981162916155e-01  ,7.299326617459e-01  ,1.069992523117e+00  ,1.036458280540e+00  ,7.597743026913e-01  
  1.987541249248e-07  ,-3.233857820621e-01  ,2.648223943054e-01  ,8.999626397555e-01  ,8.980862172645e-01  ,7.382697487244e-01  ,1.061655530787e+00  ,1.030497414417e+00  ,7.656750201118e-01  
  1.988541256862e-07  ,-3.066601739073e-01  ,2.529146264848e-01  ,8.999626870533e-01  ,8.980564289055e-01  ,7.466326000997e-01  ,1.053292774007e+00  ,1.024513742148e+00  ,7.715991156631e-01  
  1.989541264477e-07  ,-2.898856877424e-01  ,2.409625621939e-01  ,8.999627343179e-01  ,8.980269319650e-01  ,7.550198904467e-01  ,1.044905578189e+00  ,1.018508213062e+00  ,7.775456508681e-01  
  1.990541272091e-07  ,-2.730654015477e-01  ,2.289684143360e-01  ,8.999627815416e-01  ,8.979977327390e-01  ,7.634300807678e-01  ,1.036495482315e+00  ,1.012481939907e+00  ,7.835135255710e-01  
  1.991541279706e-07  ,-2.562010825294e-01  ,2.169334523406e-01  ,8.999628287189e-01  ,8.979688347482e-01  ,7.718622874542e-01  ,1.028063369984e+00  ,1.006435560919e+00  ,7.895021085779e-01  
  1.992541287320e-07  ,-2.392958390743e-01  ,2.048599024230e-01  ,8.999628758406e-01  ,8.979402440836e-01  ,7.803149563034e-01  ,1.019610795378e+00  ,1.000370195295e+00  ,7.955102928721e-01  
  1.993541294935e-07  ,-2.223523516767e-01  ,1.927496815007e-01  ,8.999629228993e-01  ,8.979119659423e-01  ,7.887867470610e-01  ,1.011139098738e+00  ,9.942868066927e-01  ,8.015371251920e-01  
  1.994541302549e-07  ,-2.053737303760e-01  ,1.806050348045e-01  ,8.999629698878e-01  ,8.978840066470e-01  ,7.972761046997e-01  ,1.002649835076e+00  ,9.881865240492e-01  ,8.075814892448e-01  
  1.995541310164e-07  ,-1.883617595469e-01  ,1.684272494385e-01  ,8.999630168006e-01  ,8.978563698856e-01  ,8.057821370271e-01  ,9.941438965740e-01  ,9.820699946049e-01  ,8.136427451663e-01  
  1.996541317778e-07  ,-1.713200107028e-01  ,1.562189054271e-01  ,8.999630636276e-01  ,8.978290628484e-01  ,8.143030582762e-01  ,9.856230689790e-01  ,9.759385155620e-01  ,8.197196101349e-01  
  1.997541325393e-07  ,-1.542502818371e-01  ,1.439812974912e-01  ,8.999631103639e-01  ,8.978020889807e-01  ,8.228379694453e-01  ,9.770882512824e-01  ,9.697927377263e-01  ,8.258114402350e-01  
  1.998541333007e-07  ,-1.371561656384e-01  ,1.317170202541e-01  ,8.999631569998e-01  ,8.977754551778e-01  ,8.313850741806e-01  ,9.685412398190e-01  ,9.636339653049e-01  ,8.319169450508e-01  
  1.999541340622e-07  ,-1.200395489262e-01  ,1.194273752007e-01  ,8.999632035263e-01  ,8.977491649029e-01  ,8.399434290632e-01  ,9.599829779894e-01  ,9.574628525033e-01  ,8.380354773026e-01  
  2.000541348236e-07  ,-1.029037098298e-01  ,1.071146429983e-01  ,8.999632499324e-01  ,8.977232240895e-01  ,8.485113950175e-01  ,9.514151048473e-01  ,9.512805455886e-01  ,8.441659025903e-01  
  2.001541355851e-07  ,-8.575129673831e-02  ,9.478078412287e-02  ,8.999632962195e-01  ,8.976976373762e-01  ,8.570876478504e-01  ,9.428389445887e-01  ,9.450880294376e-01  ,8.503072453147e-01  
  2.002541363465e-07  ,-6.858526274470e-02  ,8.242809126765e-02  ,8.999633423856e-01  ,8.976724096452e-01  ,8.656707110132e-01  ,9.342559737579e-01  ,9.388864552790e-01  ,8.564583640114e-01  
  2.003541371080e-07  ,-5.140784774365e-02  ,7.005831501631e-02  ,8.999633884214e-01  ,8.976475447870e-01  ,8.742594645496e-01  ,9.256673122933e-01  ,9.326767022952e-01  ,8.626183872789e-01  
  2.004541378694e-07  ,-3.422098960066e-02  ,5.767287926103e-02  ,8.999634343176e-01  ,8.976230462569e-01  ,8.828529395173e-01  ,9.170739291180e-01  ,9.264594858874e-01  ,8.687866066264e-01  
  2.005541386309e-07  ,-1.702848798433e-02  ,4.527452559575e-02  ,8.999634800609e-01  ,8.975989212557e-01  ,8.914492360687e-01  ,9.084777240531e-01  ,9.202361840535e-01  ,8.749616584578e-01  
  2.006541393923e-07  ,1.671640696251e-04  ,3.286501242216e-02  ,8.999635256440e-01  ,8.975751744751e-01  ,9.000471076789e-01  ,8.998799436092e-01  ,9.140076806862e-01  ,8.811426682640e-01  
  2.007541401538e-07  ,1.736327690200e-02  ,2.044624651585e-02  ,8.999635710607e-01  ,8.975518103073e-01  ,9.086452095117e-01  ,8.912819326097e-01  ,9.077749335652e-01  ,8.873286870494e-01  
  2.008541409152e-07  ,3.455711348891e-02  ,8.020185445417e-03  ,8.999636163040e-01  ,8.975288325773e-01  ,9.172421730484e-01  ,8.826850595595e-01  ,9.015389253000e-01  ,8.935187398545e-01  
  2.009541416767e-07  ,5.174593524657e-02  ,-4.411195183650e-03  ,8.999636613670e-01  ,8.975062448522e-01  ,9.258366289903e-01  ,8.740906937437e-01  ,8.953006472604e-01  ,8.997118424440e-01  
  2.010541424381e-07  ,6.892701236696e-02  ,-1.684591289623e-02  ,8.999637062420e-01  ,8.974840507249e-01  ,9.344272124255e-01  ,8.655002000585e-01  ,8.890610942767e-01  ,9.059070071730e-01  
  2.011541431996e-07  ,8.609828784595e-02  ,-2.928247873854e-02  ,8.999637509221e-01  ,8.974622528878e-01  ,9.430128948450e-01  ,8.569146069991e-01  ,8.828210135186e-01  ,9.121034922571e-01  
  2.012541439610e-07  ,1.032563293160e-01  ,-4.171840989124e-02  ,8.999637953957e-01  ,8.974408555935e-01  ,9.515919600537e-01  ,8.483356307377e-01  ,8.765816506478e-01  ,9.183000605391e-01  
  2.013541447225e-07  ,1.203984022302e-01  ,-5.415171836322e-02  ,8.999638396561e-01  ,8.974198615735e-01  ,9.601630407712e-01  ,8.397646385410e-01  ,8.703440023919e-01  ,9.244957207551e-01  
  2.014541454839e-07  ,1.375213625342e-01  ,-6.658008438394e-02  ,8.999638836985e-01  ,8.973992738098e-01  ,9.687245649656e-01  ,8.312032024314e-01  ,8.641092316178e-01  ,9.306893160017e-01  
  2.015541462454e-07  ,1.546228360322e-01  ,-7.900174061833e-02  ,8.999639275186e-01  ,8.973790954497e-01  ,9.772753455347e-01  ,8.226525095025e-01  ,8.578782251405e-01  ,9.368799657588e-01  
  2.016541470068e-07  ,1.717002487455e-01  ,-9.141477292322e-02  ,8.999639711104e-01  ,8.973593305761e-01  ,9.858140954832e-01  ,8.141138467377e-01  ,8.516519441145e-01  ,9.430667170377e-01  
  2.017541477683e-07  ,1.887516022412e-01  ,-1.038177093253e-01  ,8.999640144684e-01  ,8.973399825133e-01  ,9.943398155890e-01  ,8.055882133478e-01  ,8.454311278507e-01  ,9.492488371760e-01  
  2.018541485297e-07  ,2.057735345031e-01  ,-1.162080850867e-01  ,8.999640575825e-01  ,8.973210566205e-01  ,1.002850824834e+00  ,7.970772903310e-01  ,8.392170140772e-01  ,9.554250991639e-01  
  2.019541492912e-07  ,2.227633325716e-01  ,-1.285839154188e-01  ,8.999641004453e-01  ,8.973025564594e-01  ,1.011345766731e+00  ,7.885824341595e-01  ,8.330105987500e-01  ,9.615945141688e-01  
  2.020541500526e-07  ,2.397183056376e-01  ,-1.409432171810e-01  ,8.999641430501e-01  ,8.972844848389e-01  ,1.019823295869e+00  ,7.801049902314e-01  ,8.268128762484e-01  ,9.677560934295e-01  
  2.021541508141e-07  ,2.566353467742e-01  ,-1.532836795664e-01  ,8.999641853885e-01  ,8.972668446088e-01  ,1.028281858776e+00  ,7.716465120014e-01  ,8.206250048256e-01  ,9.739086843920e-01  
  2.022541515755e-07  ,2.735121076838e-01  ,-1.656035446081e-01  ,8.999642274546e-01  ,8.972496376094e-01  ,1.036720281296e+00  ,7.632081736127e-01  ,8.144478653053e-01  ,9.800514099135e-01  
  2.023541523370e-07  ,2.903466657792e-01  ,-1.779013853103e-01  ,8.999642692429e-01  ,8.972328651407e-01  ,1.045137602133e+00  ,7.547909363533e-01  ,8.082821724856e-01  ,9.861835577959e-01  
  2.024541530984e-07  ,3.071357553445e-01  ,-1.901747890324e-01  ,8.999643107440e-01  ,8.972165292235e-01  ,1.053532188416e+00  ,7.463964330717e-01  ,8.021291347073e-01  ,9.923039237397e-01  
  2.025541538599e-07  ,3.238767028081e-01  ,-2.024217861727e-01  ,8.999643519509e-01  ,8.972006315291e-01  ,1.061902703355e+00  ,7.380260005469e-01  ,7.959897384427e-01  ,9.984115246155e-01  
  2.026541546213e-07  ,3.405664312194e-01  ,-2.146400837434e-01  ,8.999643928582e-01  ,8.971851748645e-01  ,1.070247608468e+00  ,7.296811772486e-01  ,7.898651329928e-01  ,1.004505216736e+00  
  2.027541553828e-07  ,3.572026199016e-01  ,-2.268279388471e-01  ,8.999644334604e-01  ,8.971701619575e-01  ,1.078565743411e+00  ,7.213631235096e-01  ,7.837561925340e-01  ,1.010584131381e+00  
  2.028541561442e-07  ,3.737833707527e-01  ,-2.389839374375e-01  ,8.999644737521e-01  ,8.971555951261e-01  ,1.086856159128e+00  ,7.130727883758e-01  ,7.776636264073e-01  ,1.016647563845e+00  
  2.029541569057e-07  ,3.903054622756e-01  ,-2.511056899633e-01  ,8.999645137245e-01  ,8.971414782838e-01  ,1.095117244862e+00  ,7.048117825868e-01  ,7.715886333022e-01  ,1.022694323266e+00  
  2.030541576671e-07  ,4.067662614798e-01  ,-2.631912479336e-01  ,8.999645533711e-01  ,8.971278143788e-01  ,1.103347684111e+00  ,6.965814226312e-01  ,7.655321904120e-01  ,1.028723438346e+00  
  2.031541584286e-07  ,4.231627414470e-01  ,-2.752383452344e-01  ,8.999645926856e-01  ,8.971146060165e-01  ,1.111545963409e+00  ,6.883832219621e-01  ,7.594954333993e-01  ,1.034733778634e+00  
  2.032541591900e-07  ,4.394926216850e-01  ,-2.872452611198e-01  ,8.999646316625e-01  ,8.971018545162e-01  ,1.119710942505e+00  ,6.802183208200e-01  ,7.534792239563e-01  ,1.040724485076e+00  
  2.033541599515e-07  ,4.557540381921e-01  ,-2.992106002973e-01  ,8.999646702969e-01  ,8.970895607814e-01  ,1.127841689393e+00  ,6.720876512009e-01  ,7.474842606328e-01  ,1.046694860930e+00  
  2.034541607129e-07  ,4.719434145986e-01  ,-3.111316864829e-01  ,8.999647085801e-01  ,8.970777265477e-01  ,1.135936415879e+00  ,6.639930012808e-01  ,7.415118833062e-01  ,1.052643569789e+00  
  2.035541614744e-07  ,4.880584849016e-01  ,-3.230068156751e-01  ,8.999647465072e-01  ,8.970663531447e-01  ,1.143993988958e+00  ,6.559355040564e-01  ,7.355629453072e-01  ,1.058569760982e+00  
  2.036541622358e-07  ,5.040974019969e-01  ,-3.348346066029e-01  ,8.999647840735e-01  ,8.970554417719e-01  ,1.152013485072e+00  ,6.479160830751e-01  ,7.296381384704e-01  ,1.064472745073e+00  
  2.037541629973e-07  ,5.200570385907e-01  ,-3.466127270152e-01  ,8.999648212707e-01  ,8.970449945740e-01  ,1.159993340566e+00  ,6.399363019754e-01  ,7.237386310664e-01  ,1.070351358082e+00  
  2.038541637587e-07  ,5.359344453470e-01  ,-3.583389637655e-01  ,8.999648580929e-01  ,8.970350139459e-01  ,1.167932080766e+00  ,6.319976354194e-01  ,7.178655320632e-01  ,1.076204495829e+00  
  2.039541645202e-07  ,5.517274101591e-01  ,-3.700116386456e-01  ,8.999648945363e-01  ,8.970255020637e-01  ,1.175828599616e+00  ,6.241011894567e-01  ,7.120196827409e-01  ,1.082031321387e+00  
  2.040541652816e-07  ,5.674341280809e-01  ,-3.816293919249e-01  ,8.999649305961e-01  ,8.970164607984e-01  ,1.183681994637e+00  ,6.162478665557e-01  ,7.062017648359e-01  ,1.087831156761e+00  
  2.041541660431e-07  ,5.830511417513e-01  ,-3.931896180572e-01  ,8.999649662639e-01  ,8.970078935312e-01  ,1.191490537140e+00  ,6.084393953882e-01  ,7.004130845026e-01  ,1.093602702560e+00  
  2.042541668045e-07  ,5.985767979588e-01  ,-4.046910741544e-01  ,8.999650015359e-01  ,8.969998014978e-01  ,1.199253400515e+00  ,6.006766025566e-01  ,6.946542644206e-01  ,1.099345338575e+00  
  2.043541675660e-07  ,6.140082105724e-01  ,-4.161315911147e-01  ,8.999650364062e-01  ,8.969921863901e-01  ,1.206969141692e+00  ,5.929609311199e-01  ,6.889263908327e-01  ,1.105057981947e+00  
  2.044541683274e-07  ,6.293429273074e-01  ,-4.275093211873e-01  ,8.999650708691e-01  ,8.969850490355e-01  ,1.214636534523e+00  ,5.852936072153e-01  ,6.832303884419e-01  ,1.110739709629e+00  
  2.045541690889e-07  ,6.445781326271e-01  ,-4.388221216917e-01  ,8.999651049198e-01  ,8.969783904744e-01  ,1.222254171233e+00  ,5.776760386063e-01  ,6.775673296285e-01  ,1.116389451320e+00  
  2.046541698503e-07  ,6.597117099354e-01  ,-4.500683703994e-01  ,8.999651385544e-01  ,8.969722117072e-01  ,1.229820993522e+00  ,5.701092835867e-01  ,6.719380265075e-01  ,1.122006396907e+00  
  2.047541706117e-07  ,6.747419320548e-01  ,-4.612467540585e-01  ,8.999651717685e-01  ,8.969665136309e-01  ,1.237336137796e+00  ,5.625942057411e-01  ,6.663431366016e-01  ,1.127589890660e+00  
  2.048541713732e-07  ,6.896658739610e-01  ,-4.723550580643e-01  ,8.999652045549e-01  ,8.969612979207e-01  ,1.244798141535e+00  ,5.551322675744e-01  ,6.607837688886e-01  ,1.133138826953e+00  
  2.049541721346e-07  ,7.044811565634e-01  ,-4.833914850857e-01  ,8.999652369088e-01  ,8.969565662741e-01  ,1.252205815190e+00  ,5.477246586271e-01  ,6.552608237312e-01  ,1.138652308817e+00  
  2.050541728961e-07  ,7.191850557367e-01  ,-4.943539531565e-01  ,8.999652688259e-01  ,8.969523208957e-01  ,1.259557796694e+00  ,5.403727409576e-01  ,6.497753443175e-01  ,1.144129297474e+00  
  2.051541736575e-07  ,7.337760253292e-01  ,-5.052412801034e-01  ,8.999653003027e-01  ,8.969485629899e-01  ,1.266853312967e+00  ,5.330772876381e-01  ,6.443279229382e-01  ,1.149569203042e+00  
  2.052541744190e-07  ,7.482513631056e-01  ,-5.160514048595e-01  ,8.999653313333e-01  ,8.969452944458e-01  ,1.274091012886e+00  ,5.258396497805e-01  ,6.389195920161e-01  ,1.154970996876e+00  
  2.053541751804e-07  ,7.626084048477e-01  ,-5.267822860619e-01  ,8.999653619132e-01  ,8.969425165980e-01  ,1.281269564337e+00  ,5.186611594893e-01  ,6.335513735670e-01  ,1.160333659629e+00  
  2.054541759419e-07  ,7.768451539019e-01  ,-5.374323811078e-01  ,8.999653920389e-01  ,8.969402301552e-01  ,1.288387968990e+00  ,5.115428150879e-01  ,6.282240396013e-01  ,1.165656420709e+00  
  2.055541767033e-07  ,7.909594588490e-01  ,-5.480000287922e-01  ,8.999654217057e-01  ,8.969384356518e-01  ,1.295445151130e+00  ,5.044856922812e-01  ,6.229384212557e-01  ,1.170938450048e+00  
  2.056541774648e-07  ,8.049496595969e-01  ,-5.584839583122e-01  ,8.999654509097e-01  ,8.969371333599e-01  ,1.302440280708e+00  ,4.974906211112e-01  ,6.176951542038e-01  ,1.176179112516e+00  
  2.057541782262e-07  ,8.188129778624e-01  ,-5.688820514285e-01  ,8.999654796445e-01  ,8.969363236643e-01  ,1.309371968576e+00  ,4.905589907133e-01  ,6.124952979500e-01  ,1.181377349379e+00  
  2.058541789877e-07  ,8.325471973746e-01  ,-5.791926199665e-01  ,8.999655079064e-01  ,8.969360069969e-01  ,1.316239106594e+00  ,4.836919092191e-01  ,6.073396970136e-01  ,1.186532316980e+00  
  2.059541797491e-07  ,8.461497907059e-01  ,-5.894137128547e-01  ,8.999655356917e-01  ,8.969361843485e-01  ,1.323040431045e+00  ,4.768906403387e-01  ,6.022293279212e-01  ,1.191643040776e+00  
  2.060541805106e-07  ,8.596188674789e-01  ,-5.995438579290e-01  ,8.999655629966e-01  ,8.969368565196e-01  ,1.329774996736e+00  ,4.701561292571e-01  ,5.971649275551e-01  ,1.196708785484e+00  
  2.061541812720e-07  ,8.729528892716e-01  ,-6.095818657175e-01  ,8.999655898176e-01  ,8.969380240657e-01  ,1.336442034453e+00  ,4.634891451818e-01  ,5.921470912070e-01  ,1.201728956924e+00  
  2.062541820335e-07  ,8.861492568679e-01  ,-6.195257340765e-01  ,8.999656161489e-01  ,8.969396878278e-01  ,1.343040244583e+00  ,4.568909877150e-01  ,5.871768207896e-01  ,1.206702554866e+00  
  2.063541827949e-07  ,8.992055338807e-01  ,-6.293735782937e-01  ,8.999656419865e-01  ,8.969418484707e-01  ,1.349568408927e+00  ,4.503628750462e-01  ,5.822550593239e-01  ,1.211628637618e+00  
  2.064541835564e-07  ,9.121199036250e-01  ,-6.391239779491e-01  ,8.999656673276e-01  ,8.969445062811e-01  ,1.356025619140e+00  ,4.439057155150e-01  ,5.773825173065e-01  ,1.216506495256e+00  
  2.065541843178e-07  ,9.248904140348e-01  ,-6.487754063327e-01  ,8.999656921683e-01  ,8.969476611841e-01  ,1.362410899186e+00  ,4.375204851508e-01  ,5.725599580177e-01  ,1.221335364350e+00  
  2.066541850793e-07  ,9.375155626000e-01  ,-6.583266975813e-01  ,8.999657165052e-01  ,8.969513128918e-01  ,1.368723497805e+00  ,4.312079352052e-01  ,5.677879641011e-01  ,1.226114661682e+00  
  2.067541858407e-07  ,9.499925192492e-01  ,-6.677756550047e-01  ,8.999657403329e-01  ,8.969554607048e-01  ,1.374961999958e+00  ,4.249694807083e-01  ,5.630676332025e-01  ,1.230843288207e+00  
  2.068541866022e-07  ,9.623195376182e-01  ,-6.771209137291e-01  ,8.999657636486e-01  ,8.969601042460e-01  ,1.381125532458e+00  ,4.188059948395e-01  ,5.583996473815e-01  ,1.235520561111e+00  
  2.069541873636e-07  ,9.744952029185e-01  ,-6.863613724674e-01  ,8.999657864492e-01  ,8.969652432828e-01  ,1.387213387908e+00  ,4.127181849899e-01  ,5.537845570491e-01  ,1.240145929517e+00  
  2.070541881251e-07  ,9.865168248094e-01  ,-6.954949317388e-01  ,8.999658087289e-01  ,8.969708773275e-01  ,1.393224221134e+00  ,4.067073963242e-01  ,5.492234114581e-01  ,1.244718343197e+00  
  2.071541888865e-07  ,9.983827248549e-01  ,-7.045202705687e-01  ,8.999658304851e-01  ,8.969770059621e-01  ,1.399157192913e+00  ,4.007744680576e-01  ,5.447168706777e-01  ,1.249237141246e+00  
  2.072541896480e-07  ,1.010091543275e+00  ,-7.134363236584e-01  ,8.999658517151e-01  ,8.969836288431e-01  ,1.405011623352e+00  ,3.949200800776e-01  ,5.402654670139e-01  ,1.253701790672e+00  
  2.073541904094e-07  ,1.021640694947e+00  ,-7.222410615516e-01  ,8.999658724137e-01  ,8.969907453432e-01  ,1.410786219887e+00  ,3.891455249402e-01  ,5.358702145674e-01  ,1.258111276119e+00  
  2.074541911709e-07  ,1.033028568384e+00  ,-7.309332091307e-01  ,8.999658925782e-01  ,8.969983549509e-01  ,1.416480176770e+00  ,3.834516083864e-01  ,5.315317503856e-01  ,1.262464959516e+00  
  2.075541919323e-07  ,1.044253858882e+00  ,-7.395117387237e-01  ,8.999659122062e-01  ,8.970064570819e-01  ,1.422092841647e+00  ,3.778389827651e-01  ,5.272505877201e-01  ,1.266762326444e+00  
  2.076541926938e-07  ,1.055314371215e+00  ,-7.479749246917e-01  ,8.999659312929e-01  ,8.970150504496e-01  ,1.427623116900e+00  ,3.723087456853e-01  ,5.230275881037e-01  ,1.271002512795e+00  
  2.077541934552e-07  ,1.066208066019e+00  ,-7.563211526252e-01  ,8.999659498352e-01  ,8.970241333157e-01  ,1.433069982845e+00  ,3.668619168257e-01  ,5.188635570031e-01  ,1.275184709628e+00  
  2.078541942167e-07  ,1.076933430639e+00  ,-7.645492115666e-01  ,8.999659678311e-01  ,8.970337043654e-01  ,1.438432683151e+00  ,3.614992525115e-01  ,5.147590985820e-01  ,1.279308310149e+00  
  2.079541949781e-07  ,1.087489239711e+00  ,-7.726581264038e-01  ,8.999659852777e-01  ,8.970437625566e-01  ,1.443710605133e+00  ,3.562213654220e-01  ,5.107146993546e-01  ,1.283372825758e+00  
  2.080541957396e-07  ,1.097873165472e+00  ,-7.806460429475e-01  ,8.999660021705e-01  ,8.970543058422e-01  ,1.448902584907e+00  ,3.510294194343e-01  ,5.067312843684e-01  ,1.287377327316e+00  
  2.081541965010e-07  ,1.108083760369e+00  ,-7.885118004287e-01  ,8.999660185071e-01  ,8.970653328325e-01  ,1.454007898692e+00  ,3.459241383224e-01  ,5.028094326182e-01  ,1.291321233047e+00  
  2.082541972625e-07  ,1.118119854556e+00  ,-7.962544648038e-01  ,8.999660342856e-01  ,8.970768423892e-01  ,1.459025961564e+00  ,3.409061070074e-01  ,4.989496099873e-01  ,1.295204074791e+00  
  2.083541980239e-07  ,1.127979483153e+00  ,-8.038724700330e-01  ,8.999660495018e-01  ,8.970888325981e-01  ,1.463955791078e+00  ,3.359763079254e-01  ,4.951525975816e-01  ,1.299025067615e+00  
  2.084541987854e-07  ,1.137661075637e+00  ,-8.113645619794e-01  ,8.999660641532e-01  ,8.971013018776e-01  ,1.468796601972e+00  ,3.311355263346e-01  ,4.914190208879e-01  ,1.302783582867e+00  
  2.085541995468e-07  ,1.147162855957e+00  ,-8.187293045142e-01  ,8.999660782378e-01  ,8.971142481283e-01  ,1.473547506216e+00  ,3.263846502595e-01  ,4.877495958712e-01  ,1.306478900385e+00  
  2.086542003083e-07  ,1.156483827566e+00  ,-8.259658903762e-01  ,8.999660917538e-01  ,8.971276699541e-01  ,1.478208005537e+00  ,3.217241779708e-01  ,4.841447247660e-01  ,1.310110615142e+00  
  2.087542010697e-07  ,1.165622260577e+00  ,-8.330729203791e-01  ,8.999661046979e-01  ,8.971415647543e-01  ,1.482777234986e+00  ,3.171549744094e-01  ,4.806051045648e-01  ,1.313678024944e+00  
  2.088542018312e-07  ,1.174576705336e+00  ,-8.400492209439e-01  ,8.999661170680e-01  ,8.971559300915e-01  ,1.487254469736e+00  ,3.126777644002e-01  ,4.771313196196e-01  ,1.317180540563e+00  
  2.089542025926e-07  ,1.183345521860e+00  ,-8.468934510261e-01  ,8.999661288623e-01  ,8.971707630605e-01  ,1.491638889792e+00  ,3.082933679324e-01  ,4.737240375475e-01  ,1.320617488574e+00  
  2.090542033541e-07  ,1.191927496801e+00  ,-8.536046105303e-01  ,8.999661400790e-01  ,8.971860613809e-01  ,1.495929888479e+00  ,3.040023916787e-01  ,4.703837561158e-01  ,1.323988366646e+00  
  2.091542041155e-07  ,1.200321336222e+00  ,-8.601816326785e-01  ,8.999661507165e-01  ,8.972018225467e-01  ,1.500126818827e+00  ,2.998054826055e-01  ,4.671110062075e-01  ,1.327292638886e+00  
  2.092542048770e-07  ,1.208526052207e+00  ,-8.666237085852e-01  ,8.999661607732e-01  ,8.972180446375e-01  ,1.504229186877e+00  ,2.957031346695e-01  ,4.639061903449e-01  ,1.330529898930e+00  
  2.093542056384e-07  ,1.216540006459e+00  ,-8.729295004299e-01  ,8.999661702466e-01  ,8.972347244850e-01  ,1.508236173476e+00  ,2.916961670172e-01  ,4.607699742700e-01  ,1.333699474700e+00  
  2.094542063999e-07  ,1.224361719094e+00  ,-8.790977908817e-01  ,8.999661791352e-01  ,8.972518591444e-01  ,1.512147038682e+00  ,2.877853195882e-01  ,4.577029637035e-01  ,1.336800754585e+00  
  2.095542071613e-07  ,1.231990105050e+00  ,-8.851276750363e-01  ,8.999661874384e-01  ,8.972694461806e-01  ,1.515961239964e+00  ,2.839711349133e-01  ,4.547056086625e-01  ,1.339833283699e+00  
  2.096542079228e-07  ,1.239424291618e+00  ,-8.910184280230e-01  ,8.999661951549e-01  ,8.972874834770e-01  ,1.519678340964e+00  ,2.802540493460e-01  ,4.517782694655e-01  ,1.342796697489e+00  
  2.097542086842e-07  ,1.246662634524e+00  ,-8.967686805882e-01  ,8.999662022827e-01  ,8.973059667436e-01  ,1.523297519545e+00  ,2.766348850209e-01  ,4.489216264495e-01  ,1.345690307038e+00  
  2.098542094457e-07  ,1.253704370527e+00  ,-9.023777958013e-01  ,8.999662088214e-01  ,8.973248938101e-01  ,1.526818394085e+00  ,2.731140235580e-01  ,4.461359959094e-01  ,1.348513791711e+00  
  2.099542102071e-07  ,1.260548009035e+00  ,-9.078445222603e-01  ,8.999662147698e-01  ,8.973442603005e-01  ,1.530240219287e+00  ,2.696922102526e-01  ,4.434219991704e-01  ,1.351266521431e+00  
  2.100542109686e-07  ,1.267192830598e+00  ,-9.131682530413e-01  ,8.999662201274e-01  ,8.973640639525e-01  ,1.533562635427e+00  ,2.663698048283e-01  ,4.407799374319e-01  ,1.353948190473e+00  
  2.101542117300e-07  ,1.273637430807e+00  ,-9.183477970240e-01  ,8.999662248935e-01  ,8.973843001097e-01  ,1.536784940297e+00  ,2.631475094900e-01  ,4.382104015977e-01  ,1.356558198622e+00  
  2.102542124915e-07  ,1.279880917403e+00  ,-9.233823888723e-01  ,8.999662290678e-01  ,8.974049656403e-01  ,1.539906687769e+00  ,2.600257703663e-01  ,4.357137712042e-01  ,1.359096160076e+00  
  2.103542132529e-07  ,1.285922576154e+00  ,-9.282714176207e-01  ,8.999662326502e-01  ,8.974260580795e-01  ,1.542927520727e+00  ,2.570049445730e-01  ,4.332903492691e-01  ,1.361561766890e+00  
  2.104542140144e-07  ,1.291761068924e+00  ,-9.330137342474e-01  ,8.999662356399e-01  ,8.974475728185e-01  ,1.545846770102e+00  ,2.540857011778e-01  ,4.309407056948e-01  ,1.363954439942e+00  
  2.105542147758e-07  ,1.297395781053e+00  ,-9.376088084837e-01  ,8.999662380368e-01  ,8.974695076628e-01  ,1.548664128564e+00  ,2.512683475101e-01  ,4.286651034210e-01  ,1.366273911905e+00  
  2.106542155373e-07  ,1.302825519091e+00  ,-9.420556032354e-01  ,8.999662398409e-01  ,8.974918579868e-01  ,1.551378999386e+00  ,2.485534802955e-01  ,4.264640563691e-01  ,1.368519659604e+00  
  2.107542162987e-07  ,1.308049713204e+00  ,-9.463536195472e-01  ,8.999662410521e-01  ,8.975146212888e-01  ,1.553991097654e+00  ,2.459413844501e-01  ,4.243378115152e-01  ,1.370691431062e+00  
  2.108542170602e-07  ,1.313067386683e+00  ,-9.505020000361e-01  ,8.999662416705e-01  ,8.975377931246e-01  ,1.556499935012e+00  ,2.434325483288e-01  ,4.222867931065e-01  ,1.372788793143e+00  
  2.109542178216e-07  ,1.317877621078e+00  ,-9.544999269522e-01  ,8.999662416965e-01  ,8.975613689850e-01  ,1.558905052235e+00  ,2.410274311576e-01  ,4.203114055089e-01  ,1.374811332461e+00  
  2.110542185831e-07  ,1.322479754378e+00  ,-9.583468020993e-01  ,8.999662411306e-01  ,8.975853453756e-01  ,1.561206118320e+00  ,2.387263639414e-01  ,4.184119443260e-01  ,1.376758746425e+00  
  2.111542193445e-07  ,1.326873260898e+00  ,-9.620421508059e-01  ,8.999662399728e-01  ,8.976097193929e-01  ,1.563402870422e+00  ,2.365296095236e-01  ,4.165886439899e-01  ,1.378630794796e+00  
  2.112542201060e-07  ,1.331057272889e+00  ,-9.655851880243e-01  ,8.999662382235e-01  ,8.976344860609e-01  ,1.565494874668e+00  ,2.344376017789e-01  ,4.148418920487e-01  ,1.380427080073e+00  
  2.113542208674e-07  ,1.335031124843e+00  ,-9.689753051376e-01  ,8.999662358835e-01  ,8.976596413122e-01  ,1.567481798305e+00  ,2.324506734620e-01  ,4.131719887435e-01  ,1.382147293881e+00  
  2.114542216289e-07  ,1.338794187428e+00  ,-9.722119178581e-01  ,8.999662329535e-01  ,8.976851812662e-01  ,1.569363326667e+00  ,2.305691392397e-01  ,4.115792223372e-01  ,1.383791140195e+00  
  2.115542223903e-07  ,1.342345775391e+00  ,-9.752943778127e-01  ,8.999662294344e-01  ,8.977111014894e-01  ,1.571139117130e+00  ,2.287933417389e-01  ,4.100639125830e-01  ,1.385358290396e+00  
  2.116542231518e-07  ,1.345685518932e+00  ,-9.782223308756e-01  ,8.999662253267e-01  ,8.977373993635e-01  ,1.572808984793e+00  ,2.271234658610e-01  ,4.086262339257e-01  ,1.386848564801e+00  
  2.117542239132e-07  ,1.348812711730e+00  ,-9.809950934598e-01  ,8.999662206319e-01  ,8.977640695125e-01  ,1.574372576497e+00  ,2.255598647669e-01  ,4.072665227826e-01  ,1.388261616242e+00  
  2.118542246747e-07  ,1.351726925505e+00  ,-9.836122409839e-01  ,8.999662153506e-01  ,8.977911082570e-01  ,1.575829678103e+00  ,2.241027525980e-01  ,4.059849877650e-01  ,1.389597228749e+00  
  2.119542254361e-07  ,1.354427722377e+00  ,-9.860733331307e-01  ,8.999662094839e-01  ,8.978185115753e-01  ,1.577180070672e+00  ,2.227523482955e-01  ,4.047818450099e-01  ,1.390855178141e+00  
  2.120542261976e-07  ,1.356914782496e+00  ,-9.883780449647e-01  ,8.999662030326e-01  ,8.978462763224e-01  ,1.578423594280e+00  ,2.215088117847e-01  ,4.036572538401e-01  ,1.392035298805e+00  
  2.121542269590e-07  ,1.359187595984e+00  ,-9.905258521911e-01  ,8.999661959979e-01  ,8.978743971322e-01  ,1.579559993990e+00  ,2.203723980057e-01  ,4.026114710366e-01  ,1.393137323228e+00  
  2.122542277204e-07  ,1.361245748290e+00  ,-9.925163091520e-01  ,8.999661883816e-01  ,8.979028688004e-01  ,1.580589062526e+00  ,2.193433142368e-01  ,4.016447142244e-01  ,1.394161023376e+00  
  2.123542284819e-07  ,1.363089026003e+00  ,-9.943491779305e-01  ,8.999661801845e-01  ,8.979316883796e-01  ,1.581510693186e+00  ,2.184216671829e-01  ,4.007570994144e-01  ,1.395106277345e+00  
  2.124542292433e-07  ,1.364717036553e+00  ,-9.960240078829e-01  ,8.999661714085e-01  ,8.979608500610e-01  ,1.582324689685e+00  ,2.176076531322e-01  ,3.999488461196e-01  ,1.395972854002e+00  
  2.125542300048e-07  ,1.366129612090e+00  ,-9.975405947053e-01  ,8.999661620545e-01  ,8.979903509799e-01  ,1.583030968100e+00  ,2.169013560093e-01  ,3.992200536272e-01  ,1.396760648332e+00  
  2.126542307662e-07  ,1.367326481704e+00  ,-9.988985977314e-01  ,8.999661521244e-01  ,8.980201860912e-01  ,1.583629392976e+00  ,2.163029112724e-01  ,3.985708872255e-01  ,1.397469484957e+00  
  2.127542315277e-07  ,1.368307431264e+00  ,-1.000097718524e+00  ,8.999661416200e-01  ,8.980503502557e-01  ,1.584119857252e+00  ,2.158124259881e-01  ,3.980014909940e-01  ,1.398099209517e+00  
  2.128542322891e-07  ,1.369072361341e+00  ,-1.001137803484e+00  ,8.999661305425e-01  ,8.980808405031e-01  ,1.584502311213e+00  ,2.154299498722e-01  ,3.975119387612e-01  ,1.398649742245e+00  
  2.129542330506e-07  ,1.369621120996e+00  ,-1.002018600787e+00  ,8.999661188941e-01  ,8.981116515942e-01  ,1.584776679392e+00  ,2.151555583962e-01  ,3.971023512009e-01  ,1.399120951988e+00  
  2.130542338120e-07  ,1.369953615492e+00  ,-1.002739901081e+00  ,8.999661066769e-01  ,8.981427781139e-01  ,1.584942914423e+00  ,2.149892989310e-01  ,3.967728275735e-01  ,1.399512728654e+00  
  2.131542345735e-07  ,1.370069813657e+00  ,-1.003301601758e+00  ,8.999660938921e-01  ,8.981742168673e-01  ,1.585001000720e+00  ,2.149311870639e-01  ,3.965234159883e-01  ,1.399825017746e+00  
  2.132542353349e-07  ,1.369969684396e+00  ,-1.003703540296e+00  ,8.999660805423e-01  ,8.982059622002e-01  ,1.584950922740e+00  ,2.149812383444e-01  ,3.963541920521e-01  ,1.400057732348e+00  
  2.133542360964e-07  ,1.369653252456e+00  ,-1.003945596801e+00  ,8.999660666296e-01  ,8.982380083786e-01  ,1.584792692858e+00  ,2.151394404015e-01  ,3.962652099782e-01  ,1.400210806779e+00  
  2.134542368578e-07  ,1.369120554980e+00  ,-1.004027719829e+00  ,8.999660521556e-01  ,8.982703521272e-01  ,1.584526329645e+00  ,2.154057746658e-01  ,3.962564922128e-01  ,1.400284212042e+00  
  2.135542376193e-07  ,1.368371680794e+00  ,-1.003949836434e+00  ,8.999660371229e-01  ,8.983029877003e-01  ,1.584151877520e+00  ,2.157801967260e-01  ,3.963280694834e-01  ,1.400277905917e+00  
  2.136542383807e-07  ,1.367406774145e+00  ,-1.003711916381e+00  ,8.999660215340e-01  ,8.983359092921e-01  ,1.583669408607e+00  ,2.162626344616e-01  ,3.964799511017e-01  ,1.400191867482e+00  
  2.137542391422e-07  ,1.366225977833e+00  ,-1.003313963233e+00  ,8.999660053912e-01  ,8.983691124302e-01  ,1.583078994308e+00  ,2.168530164745e-01  ,3.967121308138e-01  ,1.400026094047e+00  
  2.138542399036e-07  ,1.364829426372e+00  ,-1.002755992002e+00  ,8.999659886962e-01  ,8.984025934539e-01  ,1.582380701882e+00  ,2.175512755099e-01  ,3.970245974527e-01  ,1.399780589455e+00  
  2.139542406651e-07  ,1.363217375625e+00  ,-1.002038047506e+00  ,8.999659714523e-01  ,8.984363461025e-01  ,1.581574659265e+00  ,2.183572836398e-01  ,3.974173223497e-01  ,1.399455369855e+00  
  2.140542414265e-07  ,1.361390084093e+00  ,-1.001160202182e+00  ,8.999659536623e-01  ,8.984703651014e-01  ,1.580660995709e+00  ,2.192709116158e-01  ,3.978902640102e-01  ,1.399050466193e+00  
  2.141542421880e-07  ,1.359347842484e+00  ,-1.000122554132e+00  ,8.999659353287e-01  ,8.985046450338e-01  ,1.579639856570e+00  ,2.202920140869e-01  ,3.984433679680e-01  ,1.398565922100e+00  
  2.142542429494e-07  ,1.357090974606e+00  ,-9.989252271041e-01  ,8.999659164544e-01  ,8.985391803663e-01  ,1.578511403757e+00  ,2.214204291517e-01  ,3.990765668142e-01  ,1.398001793918e+00  
  2.143542437109e-07  ,1.354619837793e+00  ,-9.975683704871e-01  ,8.999658970424e-01  ,8.985739654779e-01  ,1.577275815939e+00  ,2.226559781460e-01  ,3.997897802343e-01  ,1.397358150721e+00  
  2.144542444723e-07  ,1.351934823079e+00  ,-9.960521592828e-01  ,8.999658770954e-01  ,8.986089946785e-01  ,1.575933288635e+00  ,2.239984655558e-01  ,4.005829150370e-01  ,1.396635074320e+00  
  2.145542452338e-07  ,1.349036355254e+00  ,-9.943767940815e-01  ,8.999658566168e-01  ,8.986442622109e-01  ,1.574484034244e+00  ,2.254476789899e-01  ,4.014558651702e-01  ,1.395832659252e+00  
  2.146542459952e-07  ,1.345924892850e+00  ,-9.925425010310e-01  ,8.999658356096e-01  ,8.986797622523e-01  ,1.572928282034e+00  ,2.270033891848e-01  ,4.024085117368e-01  ,1.394951012768e+00  
  2.147542467567e-07  ,1.342600928096e+00  ,-9.905495318120e-01  ,8.999658140770e-01  ,8.987154889674e-01  ,1.571266278125e+00  ,2.286653500290e-01  ,4.034407230614e-01  ,1.393990254873e+00  
  2.148542475181e-07  ,1.339064986855e+00  ,-9.883981636130e-01  ,8.999657920224e-01  ,8.987514365161e-01  ,1.569498285450e+00  ,2.304332985948e-01  ,4.045523547096e-01  ,1.392950518323e+00  
  2.149542482796e-07  ,1.335317628545e+00  ,-9.860886990918e-01  ,8.999657694492e-01  ,8.987875989453e-01  ,1.567624583722e+00  ,2.323069551768e-01  ,4.057432493994e-01  ,1.391831948491e+00  
  2.150542490410e-07  ,1.331359446047e+00  ,-9.836214663279e-01  ,8.999657463608e-01  ,8.988239701316e-01  ,1.565645469384e+00  ,2.342860233372e-01  ,4.070132369677e-01  ,1.390634703296e+00  
  2.151542498025e-07  ,1.327191171182e+00  ,-9.809968826135e-01  ,8.999657227615e-01  ,8.988605428192e-01  ,1.563561308352e+00  ,2.363701371706e-01  ,4.083621015125e-01  ,1.389358984126e+00  
  2.152542505639e-07  ,1.322813245958e+00  ,-9.782152032853e-01  ,8.999656986536e-01  ,8.988973128323e-01  ,1.561372321633e+00  ,2.385590756743e-01  ,4.097897111897e-01  ,1.388004914475e+00  
  2.153542513254e-07  ,1.318226586656e+00  ,-9.752769642762e-01  ,8.999656740422e-01  ,8.989342717308e-01  ,1.559078967370e+00  ,2.408523807140e-01  ,4.112957895927e-01  ,1.386572753869e+00  
  2.154542520868e-07  ,1.313431842681e+00  ,-9.721825546221e-01  ,8.999656489306e-01  ,8.989714137622e-01  ,1.556681570271e+00  ,2.432497275900e-01  ,4.128801364511e-01  ,1.385062691073e+00  
  2.155542528483e-07  ,1.308429562613e+00  ,-9.689323022774e-01  ,8.999656233219e-01  ,8.990087342192e-01  ,1.554180404629e+00  ,2.457508420153e-01  ,4.145425830805e-01  ,1.383474885358e+00  
  2.156542536097e-07  ,1.303220704875e+00  ,-9.655267812118e-01  ,8.999655972213e-01  ,8.990462251244e-01  ,1.551575949659e+00  ,2.483552447836e-01  ,4.162828345185e-01  ,1.381809615730e+00  
  2.157542543712e-07  ,1.297806102114e+00  ,-9.619664959443e-01  ,8.999655706330e-01  ,8.990838799714e-01  ,1.548868621690e+00  ,2.510625195761e-01  ,4.181006319992e-01  ,1.380067127944e+00  
  2.158542551326e-07  ,1.292186614550e+00  ,-9.582519759377e-01  ,8.999655435606e-01  ,8.991216922846e-01  ,1.546058850836e+00  ,2.538722362857e-01  ,4.199957043158e-01  ,1.378247680253e+00  
  2.159542558941e-07  ,1.286363132459e+00  ,-9.543837755228e-01  ,8.999655160088e-01  ,8.991596555417e-01  ,1.543147082238e+00  ,2.567839497793e-01  ,4.219677677803e-01  ,1.376351543303e+00  
  2.160542566555e-07  ,1.280336577329e+00  ,-9.503624738162e-01  ,8.999654879820e-01  ,8.991977631478e-01  ,1.540133776647e+00  ,2.597971993173e-01  ,4.240165262397e-01  ,1.374379000056e+00  
  2.161542574170e-07  ,1.274107902342e+00  ,-9.461886746326e-01  ,8.999654594842e-01  ,8.992360084690e-01  ,1.537019410655e+00  ,2.629115083130e-01  ,4.261416711527e-01  ,1.372330345785e+00  
  2.162542581784e-07  ,1.267678255529e+00  ,-9.418631158967e-01  ,8.999654305208e-01  ,8.992743836947e-01  ,1.533804558285e+00  ,2.661263027564e-01  ,4.283428257464e-01  ,1.370205941643e+00  
  2.163542589399e-07  ,1.261048316482e+00  ,-9.373862356127e-01  ,8.999654010949e-01  ,8.993128843131e-01  ,1.530489559336e+00  ,2.694412428539e-01  ,4.306197665068e-01  ,1.368006002119e+00  
  2.164542597013e-07  ,1.254219300993e+00  ,-9.327588165560e-01  ,8.999653712119e-01  ,8.993515024031e-01  ,1.527075021709e+00  ,2.728557207153e-01  ,4.329720941251e-01  ,1.365730910681e+00  
  2.165542604628e-07  ,1.247192295023e+00  ,-9.279815603983e-01  ,8.999653408770e-01  ,8.993902311438e-01  ,1.523561488388e+00  ,2.763691933656e-01  ,4.353994509447e-01  ,1.363381011343e+00  
  2.166542612242e-07  ,1.239968412670e+00  ,-9.230551930064e-01  ,8.999653100943e-01  ,8.994290636907e-01  ,1.519949516429e+00  ,2.799811037591e-01  ,4.379014671875e-01  ,1.360956660194e+00  
  2.167542619857e-07  ,1.232548797686e+00  ,-9.179804643239e-01  ,8.999652788688e-01  ,8.994679932108e-01  ,1.516239677712e+00  ,2.836908800260e-01  ,4.404777610489e-01  ,1.358458225373e+00  
  2.168542627471e-07  ,1.224934624125e+00  ,-9.127581482664e-01  ,8.999652472061e-01  ,8.995070129808e-01  ,1.512432559269e+00  ,2.874979351434e-01  ,4.431279388476e-01  ,1.355886087114e+00  
  2.169542635086e-07  ,1.217127096569e+00  ,-9.073890426129e-01  ,8.999652151106e-01  ,8.995461163823e-01  ,1.508528763395e+00  ,2.914016668260e-01  ,4.458515950759e-01  ,1.353240637689e+00  
  2.170542642700e-07  ,1.209127450124e+00  ,-9.018739688800e-01  ,8.999651825878e-01  ,8.995852967929e-01  ,1.504528907650e+00  ,2.954014575256e-01  ,4.486483123529e-01  ,1.350522281233e+00  
  2.171542650315e-07  ,1.200936950322e+00  ,-8.962137721889e-01  ,8.999651496433e-01  ,8.996245475454e-01  ,1.500433624804e+00  ,2.994966744825e-01  ,4.515176614510e-01  ,1.347731433640e+00  
  2.172542657929e-07  ,1.192557105621e+00  ,-8.904094704399e-01  ,8.999651162823e-01  ,8.996638608746e-01  ,1.496243669093e+00  ,3.036865634720e-01  ,4.544591256547e-01  ,1.344868596095e+00  
  2.173542665544e-07  ,1.183988800988e+00  ,-8.844616608441e-01  ,8.999650825088e-01  ,8.997032323749e-01  ,1.491959483003e+00  ,3.079706820147e-01  ,4.574724019528e-01  ,1.341934062797e+00  
  2.174542673158e-07  ,1.175233611675e+00  ,-8.783714039848e-01  ,8.999650483295e-01  ,8.997426543141e-01  ,1.487581854167e+00  ,3.123482424918e-01  ,4.605569523217e-01  ,1.338928356306e+00  
  2.175542680773e-07  ,1.166292930257e+00  ,-8.721396381010e-01  ,8.999650137497e-01  ,8.997821199575e-01  ,1.483111478878e+00  ,3.168185486212e-01  ,4.637123009070e-01  ,1.335851939008e+00  
  2.176542688387e-07  ,1.157168174598e+00  ,-8.657673243418e-01  ,8.999649787749e-01  ,8.998216224923e-01  ,1.478549066074e+00  ,3.213808914757e-01  ,4.669379603214e-01  ,1.332705284663e+00  
  2.177542696002e-07  ,1.147861026100e+00  ,-8.592556149982e-01  ,8.999649434114e-01  ,8.998611541599e-01  ,1.473895456461e+00  ,3.260344303617e-01  ,4.702333466608e-01  ,1.329488961659e+00  
  2.178542703616e-07  ,1.138372467526e+00  ,-8.526051835868e-01  ,8.999649076633e-01  ,8.999007106593e-01  ,1.469151141426e+00  ,3.307786739005e-01  ,4.735981188659e-01  ,1.326203302453e+00  
  2.179542711231e-07  ,1.128704244879e+00  ,-8.458172237227e-01  ,8.999648715376e-01  ,8.999402844885e-01  ,1.464316993977e+00  ,3.356127490981e-01  ,4.770316726272e-01  ,1.322848896350e+00  
  2.180542718845e-07  ,1.118857895758e+00  ,-8.388927867073e-01  ,8.999648350404e-01  ,8.999798691696e-01  ,1.459393782920e+00  ,3.405358871612e-01  ,4.805334758159e-01  ,1.319426262523e+00  
  2.181542726460e-07  ,1.108834981447e+00  ,-8.318329459661e-01  ,8.999647981773e-01  ,9.000194581760e-01  ,1.454382288901e+00  ,3.455473074536e-01  ,4.841029851930e-01  ,1.315935931159e+00  
  2.182542734074e-07  ,1.098637348023e+00  ,-8.246389836967e-01  ,8.999647609550e-01  ,9.000590441217e-01  ,1.449283434966e+00  ,3.506460869436e-01  ,4.877395522733e-01  ,1.312378535970e+00  
  2.183542741689e-07  ,1.088266071777e+00  ,-8.173116471130e-01  ,8.999647233777e-01  ,9.000986228788e-01  ,1.444097759266e+00  ,3.558316874892e-01  ,4.914427993223e-01  ,1.308754446435e+00  
  2.184542749303e-07  ,1.077723062149e+00  ,-8.098522582498e-01  ,8.999646854526e-01  ,9.001381871144e-01  ,1.438826216527e+00  ,3.611031543780e-01  ,4.952120579895e-01  ,1.305064316239e+00  
  2.185542756918e-07  ,1.067009995684e+00  ,-8.022619774205e-01  ,8.999646471861e-01  ,9.001777302427e-01  ,1.433469645028e+00  ,3.664596493442e-01  ,4.990467415325e-01  ,1.301308718953e+00  
  2.186542764532e-07  ,1.056128570980e+00  ,-7.945419861871e-01  ,8.999646085844e-01  ,9.002172455559e-01  ,1.428028894074e+00  ,3.719003230946e-01  ,5.029462524624e-01  ,1.297488238649e+00  
  2.187542772147e-07  ,1.045080791601e+00  ,-7.866936916936e-01  ,8.999645696543e-01  ,9.002567256094e-01  ,1.422504965455e+00  ,3.774241738538e-01  ,5.069098797626e-01  ,1.293603571456e+00  
  2.188542779761e-07  ,1.033867823175e+00  ,-7.787179119474e-01  ,8.999645304002e-01  ,9.002961663161e-01  ,1.416898441987e+00  ,3.830306188129e-01  ,5.109372103424e-01  ,1.289655122290e+00  
  2.189542787376e-07  ,1.022492021406e+00  ,-7.706163036108e-01  ,8.999644908304e-01  ,9.003355593558e-01  ,1.411210501533e+00  ,3.887184801275e-01  ,5.150274075504e-01  ,1.285643711161e+00  
  2.190542794990e-07  ,1.010954591700e+00  ,-7.623897121195e-01  ,8.999644509495e-01  ,9.003749004090e-01  ,1.405441746799e+00  ,3.944871550995e-01  ,5.191800443493e-01  ,1.281569756469e+00  
  2.191542802605e-07  ,9.992576659732e-01  ,-7.540396304819e-01  ,8.999644107655e-01  ,9.004141819088e-01  ,1.399593243752e+00  ,4.003355777790e-01  ,5.233943666679e-01  ,1.277433997150e+00  
  2.192542810219e-07  ,9.874034072172e-01  ,-7.455675852444e-01  ,8.999643702857e-01  ,9.004533966094e-01  ,1.393666073894e+00  ,4.062626666771e-01  ,5.276696039872e-01  ,1.273237189232e+00  
  2.193542817834e-07  ,9.753930681713e-01  ,-7.369744619834e-01  ,8.999643295142e-01  ,9.004925405457e-01  ,1.387660863600e+00  ,4.122677954285e-01  ,5.320053095540e-01  ,1.268979771537e+00  
  2.194542825448e-07  ,9.632288647010e-01  ,-7.282618235860e-01  ,8.999642884589e-01  ,9.005316066621e-01  ,1.381578720809e+00  ,4.183498561084e-01  ,5.364006948691e-01  ,1.264662518455e+00  
  2.195542833062e-07  ,9.509127311025e-01  ,-7.194310343545e-01  ,8.999642471269e-01  ,9.005705885290e-01  ,1.375420612678e+00  ,4.245078815757e-01  ,5.408550713518e-01  ,1.260286105706e+00  
  2.196542840677e-07  ,9.384466197257e-01  ,-7.104834778356e-01  ,8.999642055243e-01  ,9.006094794885e-01  ,1.369187515387e+00  ,4.307408956615e-01  ,5.453677405707e-01  ,1.255851218406e+00  
  2.197542848291e-07  ,9.258328242722e-01  ,-7.014207940379e-01  ,8.999641636587e-01  ,9.006482721464e-01  ,1.362880575795e+00  ,4.370477515226e-01  ,5.499378751275e-01  ,1.251358669165e+00  
  2.198542855906e-07  ,9.130726745741e-01  ,-6.922439326575e-01  ,8.999641215348e-01  ,9.006869624663e-01  ,1.356500458822e+00  ,4.434277842477e-01  ,5.545649961375e-01  ,1.246808928795e+00  
  2.199542863520e-07  ,9.001685224294e-01  ,-6.829545680651e-01  ,8.999640791604e-01  ,9.007255432828e-01  ,1.350048340375e+00  ,4.498798179456e-01  ,5.592482592503e-01  ,1.242202827315e+00  
  2.200542871135e-07  ,8.871227511661e-01  ,-6.735544053246e-01  ,8.999640365431e-01  ,9.007640070076e-01  ,1.343525412126e+00  ,4.564026609601e-01  ,5.639868043453e-01  ,1.237541209670e+00  
  2.201542878749e-07  ,8.739367384746e-01  ,-6.640444308088e-01  ,8.999639936875e-01  ,9.008023492347e-01  ,1.336932362925e+00  ,4.629956244502e-01  ,5.687801338303e-01  ,1.232824564639e+00  
  2.202542886364e-07  ,8.606129181310e-01  ,-6.544263825743e-01  ,8.999639506018e-01  ,9.008405624853e-01  ,1.330270409667e+00  ,4.696574915363e-01  ,5.736273711981e-01  ,1.228053753772e+00  
  2.203542893978e-07  ,8.471537513206e-01  ,-6.447020282088e-01  ,8.999639072937e-01  ,9.008786397535e-01  ,1.323540782954e+00  ,4.763870316334e-01  ,5.785276256491e-01  ,1.223229653858e+00  
  2.204542901593e-07  ,8.335611204186e-01  ,-6.348727324793e-01  ,8.999638637683e-01  ,9.009165755621e-01  ,1.316744423978e+00  ,4.831833035590e-01  ,5.834802093224e-01  ,1.218352941802e+00  
  2.205542909207e-07  ,8.198365788905e-01  ,-6.249396123424e-01  ,8.999638200310e-01  ,9.009543652892e-01  ,1.309882109476e+00  ,4.900455305857e-01  ,5.884845591180e-01  ,1.213424171460e+00  
  2.206542916822e-07  ,8.059831399381e-01  ,-6.149048347212e-01  ,8.999637760922e-01  ,9.009919999200e-01  ,1.302955346061e+00  ,4.969722061232e-01  ,5.935395825594e-01  ,1.208444417281e+00  
  2.207542924436e-07  ,7.920027521020e-01  ,-6.047698093457e-01  ,8.999637319575e-01  ,9.010294737854e-01  ,1.295965108009e+00  ,5.039623559065e-01  ,5.986445691125e-01  ,1.203414378458e+00  
  2.208542932051e-07  ,7.778970189016e-01  ,-5.945356893577e-01  ,8.999636876319e-01  ,9.010667823843e-01  ,1.288912197083e+00  ,5.110151781811e-01  ,6.037989377054e-01  ,1.198334627063e+00  
  2.209542939665e-07  ,7.636686789869e-01  ,-5.842044385068e-01  ,8.999636431247e-01  ,9.011039181336e-01  ,1.281797982618e+00  ,5.181293036312e-01  ,6.090016988802e-01  ,1.193206137387e+00  
  2.210542947280e-07  ,7.493200035014e-01  ,-5.737776859265e-01  ,8.999635984428e-01  ,9.011408747347e-01  ,1.274623600193e+00  ,5.253035966921e-01  ,6.142520317714e-01  ,1.188029717698e+00  
  2.211542954894e-07  ,7.348536374836e-01  ,-5.632573535697e-01  ,8.999635535926e-01  ,9.011776446840e-01  ,1.267390372334e+00  ,5.325367348508e-01  ,6.195489678991e-01  ,1.182806321469e+00  
  2.212542962509e-07  ,7.202711060070e-01  ,-5.526445499461e-01  ,8.999635085793e-01  ,9.012142237886e-01  ,1.260099061583e+00  ,5.398279555758e-01  ,6.248919488156e-01  ,1.177536498762e+00  
  2.213542970123e-07  ,7.055750992364e-01  ,-5.419412250308e-01  ,8.999634634119e-01  ,9.012506048583e-01  ,1.252751013030e+00  ,5.471759137938e-01  ,6.302799923429e-01  ,1.172221217374e+00  
  2.214542977738e-07  ,6.907679516489e-01  ,-5.311490691516e-01  ,8.999634180971e-01  ,9.012867818440e-01  ,1.245347393922e+00  ,5.545794422726e-01  ,6.357122472682e-01  ,1.166861316420e+00  
  2.215542985352e-07  ,6.758523875196e-01  ,-5.202700742389e-01  ,8.999633726417e-01  ,9.013227474113e-01  ,1.237889566401e+00  ,5.620371788818e-01  ,6.411877102919e-01  ,1.161457784531e+00  
  2.216542992967e-07  ,6.608304875774e-01  ,-5.093057727600e-01  ,8.999633270518e-01  ,9.013584958836e-01  ,1.230378570840e+00  ,5.695480832631e-01  ,6.467056095036e-01  ,1.156011382264e+00  
  2.217543000581e-07  ,6.457039665240e-01  ,-4.982574164559e-01  ,8.999632813329e-01  ,9.013940227266e-01  ,1.222815264595e+00  ,5.771112980709e-01  ,6.522653144986e-01  ,1.150522730955e+00  
  2.218543008196e-07  ,6.304757543273e-01  ,-4.871271341190e-01  ,8.999632354945e-01  ,9.014293203732e-01  ,1.215201112658e+00  ,5.847253583309e-01  ,6.578657533137e-01  ,1.144992887433e+00  
  2.219543015810e-07  ,6.151482807969e-01  ,-4.759166865479e-01  ,8.999631895435e-01  ,9.014643826716e-01  ,1.207537329942e+00  ,5.923890491450e-01  ,6.635060393977e-01  ,1.139422725946e+00  
  2.220543023425e-07  ,5.997239786325e-01  ,-4.646278477886e-01  ,8.999631434860e-01  ,9.014992032846e-01  ,1.199825132802e+00  ,6.001011541697e-01  ,6.691852793903e-01  ,1.133813127179e+00  
  2.221543031039e-07  ,5.842056840746e-01  ,-4.532627051561e-01  ,8.999630973305e-01  ,9.015337749893e-01  ,1.192065939368e+00  ,6.078602552932e-01  ,6.749024224112e-01  ,1.128165127567e+00  
  2.222543038654e-07  ,5.685955608195e-01  ,-4.418228620621e-01  ,8.999630510828e-01  ,9.015680926458e-01  ,1.184260831493e+00  ,6.156652706731e-01  ,6.806566616147e-01  ,1.122479523677e+00  
  2.223543046268e-07  ,5.528959691821e-01  ,-4.303100652223e-01  ,8.999630047494e-01  ,9.016021506950e-01  ,1.176410989341e+00  ,6.235150201584e-01  ,6.864471180839e-01  ,1.116757183306e+00  
  2.224543053883e-07  ,5.371087522690e-01  ,-4.187256649353e-01  ,8.999629583367e-01  ,9.016359447703e-01  ,1.168517334471e+00  ,6.314085822022e-01  ,6.922731123027e-01  ,1.110998777238e+00  
  2.225543061497e-07  ,5.212374326643e-01  ,-4.070722406739e-01  ,8.999629118555e-01  ,9.016694664221e-01  ,1.160581628188e+00  ,6.393441955234e-01  ,6.981333460851e-01  ,1.105205586759e+00  
  2.226543069112e-07  ,5.052836988075e-01  ,-3.953510253960e-01  ,8.999628653106e-01  ,9.017027116513e-01  ,1.152604714714e+00  ,6.473210159069e-01  ,7.040271989533e-01  ,1.099378224349e+00  
  2.227543076726e-07  ,4.892509243175e-01  ,-3.835644961879e-01  ,8.999628187107e-01  ,9.017356727315e-01  ,1.144588280869e+00  ,6.553373565519e-01  ,7.099534246375e-01  ,1.093517920825e+00  
  2.228543084341e-07  ,4.731408060695e-01  ,-3.717139007706e-01  ,8.999627720607e-01  ,9.017683459393e-01  ,1.136533175095e+00  ,6.633923690260e-01  ,7.159113955540e-01  ,1.087625296325e+00  
  2.229543091955e-07  ,4.569563268504e-01  ,-3.598014297273e-01  ,8.999627253696e-01  ,9.018007246500e-01  ,1.128440888795e+00  ,6.714845619444e-01  ,7.219000097863e-01  ,1.081701439514e+00  
  2.230543099570e-07  ,4.407004715778e-01  ,-3.478292909361e-01  ,8.999626786454e-01  ,9.018328019679e-01  ,1.120312914434e+00  ,6.796124428565e-01  ,7.279181564998e-01  ,1.075747447436e+00  
  2.231543107184e-07  ,4.243755076948e-01  ,-3.357991768862e-01  ,8.999626318940e-01  ,9.018645727795e-01  ,1.112150385741e+00  ,6.877748780467e-01  ,7.339649843364e-01  ,1.069764161223e+00  
  2.232543114799e-07  ,4.079832989063e-01  ,-3.237124672861e-01  ,8.999625851217e-01  ,9.018960331172e-01  ,1.103954234575e+00  ,6.959709356685e-01  ,7.400397994742e-01  ,1.063752266760e+00  
  2.233543122413e-07  ,3.915270228453e-01  ,-3.115715041960e-01  ,8.999625383385e-01  ,9.019271764695e-01  ,1.095726049761e+00  ,7.041990269159e-01  ,7.461414243715e-01  ,1.057712928567e+00  
  2.234543130028e-07  ,3.750097236565e-01  ,-2.993785400510e-01  ,8.999624915519e-01  ,9.019579966970e-01  ,1.087467353380e+00  ,7.124576297237e-01  ,7.522687266716e-01  ,1.051647266723e+00  
  2.235543137642e-07  ,3.584331442291e-01  ,-2.871348677959e-01  ,8.999624447663e-01  ,9.019884901212e-01  ,1.079179016881e+00  ,7.207458726518e-01  ,7.584210562232e-01  ,1.045555924019e+00  
  2.236543145257e-07  ,3.418003487254e-01  ,-2.748427557096e-01  ,8.999623979910e-01  ,9.020186503071e-01  ,1.070862572354e+00  ,7.290622236283e-01  ,7.645972724523e-01  ,1.039440028162e+00  
  2.237543152871e-07  ,3.251139784072e-01  ,-2.625041584935e-01  ,8.999623512343e-01  ,9.020484719795e-01  ,1.062519340438e+00  ,7.374053620307e-01  ,7.707963927327e-01  ,1.033300551226e+00  
  2.238543160486e-07  ,3.083770998177e-01  ,-2.501213673452e-01  ,8.999623045026e-01  ,9.020779493203e-01  ,1.054150854411e+00  ,7.457737545937e-01  ,7.770172656477e-01  ,1.027138632993e+00  
  2.239543168100e-07  ,2.915914738042e-01  ,-2.376956965527e-01  ,8.999622578019e-01  ,9.021070789194e-01  ,1.045757994704e+00  ,7.541665208998e-01  ,7.832592306430e-01  ,1.020954927196e+00  
  2.240543175715e-07  ,2.747601979482e-01  ,-2.252294509204e-01  ,8.999622111425e-01  ,9.021358546803e-01  ,1.037342310117e+00  ,7.625821121684e-01  ,7.895211292201e-01  ,1.014750580140e+00  
  2.241543183329e-07  ,2.578863732969e-01  ,-2.127249468783e-01  ,8.999621645320e-01  ,9.021642706215e-01  ,1.028905351180e+00  ,7.710189778835e-01  ,7.958017971823e-01  ,1.008526744061e+00  
  2.242543190944e-07  ,2.409717772856e-01  ,-2.001835124822e-01  ,8.999621179751e-01  ,9.021923235865e-01  ,1.020448006618e+00  ,7.794762293323e-01  ,8.021005673454e-01  ,1.002284079828e+00  
  2.243543198558e-07  ,2.240195345526e-01  ,-1.876074760088e-01  ,8.999620714811e-01  ,9.022200081633e-01  ,1.011971838757e+00  ,7.879523042049e-01  ,8.084162701589e-01  ,9.960237461677e-01  
  2.244543206173e-07  ,2.070323369986e-01  ,-1.749988408184e-01  ,8.999620250580e-01  ,9.022473196968e-01  ,1.003478193557e+00  ,7.964458565587e-01  ,8.147478992876e-01  ,9.897467401060e-01  
  2.245543213787e-07  ,1.900133064396e-01  ,-1.623599518019e-01  ,8.999619787127e-01  ,9.022742525757e-01  ,9.949686319325e-01  ,8.049553254929e-01  ,8.210942766747e-01  ,9.834542284766e-01  
  2.246543221402e-07  ,1.729642333914e-01  ,-1.496921524187e-01  ,8.999619324508e-01  ,9.023008036898e-01  ,9.864440491465e-01  ,8.134798157551e-01  ,8.274547274805e-01  ,9.771468798992e-01  
  2.247543229016e-07  ,1.558887008692e-01  ,-1.369981345056e-01  ,8.999618862829e-01  ,9.023269670540e-01  ,9.779062367175e-01  ,8.220175358483e-01  ,8.338278998012e-01  ,9.708260343068e-01  
  2.248543236631e-07  ,1.387886176707e-01  ,-1.242792479420e-01  ,8.999618402188e-01  ,9.023527397870e-01  ,9.693561490542e-01  ,8.305675313835e-01  ,8.402131158160e-01  ,9.644923637580e-01  
  2.249543244245e-07  ,1.216672918179e-01  ,-1.115378579111e-01  ,8.999617942699e-01  ,9.023781167980e-01  ,9.607954401788e-01  ,8.391281483609e-01  ,8.466091878424e-01  ,9.581470457535e-01  
  2.250543251860e-07  ,1.045277832804e-01  ,-9.877633645372e-02  ,8.999617484335e-01  ,9.024030930732e-01  ,9.522256400737e-01  ,8.476978567934e-01  ,8.530149248464e-01  ,9.517912613001e-01  
  2.251543259474e-07  ,8.737237048496e-02  ,-8.599649462580e-02  ,8.999617027138e-01  ,9.024276651544e-01  ,9.436478879563e-01  ,8.562755174714e-01  ,8.594294178415e-01  ,9.454259124673e-01  
  2.252543267089e-07  ,7.020356848202e-02  ,-7.320029698443e-02  ,8.999616571209e-01  ,9.024518293970e-01  ,9.350634413620e-01  ,8.648598728799e-01  ,8.658516809048e-01  ,9.390519778893e-01  
  2.253543274703e-07  ,5.302393200557e-02  ,-6.038976113598e-02  ,8.999616116604e-01  ,9.024755817820e-01  ,9.264735776632e-01  ,8.734496456576e-01  ,8.722807012140e-01  ,9.326704623500e-01  
  2.254543282318e-07  ,3.583613941490e-02  ,-4.756692403111e-02  ,8.999615663411e-01  ,9.024989178347e-01  ,9.178796360485e-01  ,8.820434966336e-01  ,8.787154558191e-01  ,9.262823798502e-01  
  2.255543289932e-07  ,1.864219681580e-02  ,-3.473331905693e-02  ,8.999615211683e-01  ,9.025218340574e-01  ,9.092826195762e-01  ,8.906404227604e-01  ,8.851551745290e-01  ,9.198884935859e-01  
  2.256543297547e-07  ,1.445505039065e-03  ,-2.189150503454e-02  ,8.999614761532e-01  ,9.025443248350e-01  ,9.006842286728e-01  ,8.992387236337e-01  ,8.915985723178e-01  ,9.134900773523e-01  
  2.257543305161e-07  ,-1.575062862183e-02  ,-9.043875874553e-03  ,8.999614313071e-01  ,9.025663859004e-01  ,8.920861169962e-01  ,9.078367456181e-01  ,8.980444479631e-01  ,9.070883238376e-01  
  2.258543312776e-07  ,-3.294371136108e-02  ,3.807743108018e-03  ,8.999613866361e-01  ,9.025880144015e-01  ,8.834895309556e-01  ,9.164332423167e-01  ,9.044918859555e-01  ,9.006841428475e-01  
  2.259543320390e-07  ,-5.013108757075e-02  ,1.666137378281e-02  ,8.999613421456e-01  ,9.026092072006e-01  ,8.748957983602e-01  ,9.250268859310e-01  ,9.109398940920e-01  ,8.942785203092e-01  
  2.260543328005e-07  ,-6.731006078937e-02  ,2.951498671336e-02  ,8.999612978430e-01  ,9.026299612559e-01  ,8.663062674483e-01  ,9.336163282377e-01  ,9.173874546126e-01  ,8.878724678993e-01  
  2.261543335619e-07  ,-8.447858639441e-02  ,4.236704686349e-02  ,8.999612537353e-01  ,9.026502745263e-01  ,8.577219605381e-01  ,9.422005469325e-01  ,9.238337979581e-01  ,8.814667510946e-01  
  2.262543343234e-07  ,-1.016328089512e-01  ,5.521464884117e-02  ,8.999612098334e-01  ,9.026701436088e-01  ,8.491448053578e-01  ,9.507776143090e-01  ,9.302774680294e-01  ,8.750628191882e-01  
  2.263543350848e-07  ,-1.187703306711e-01  ,6.805596572989e-02  ,8.999611661415e-01  ,9.026895663762e-01  ,8.405760008059e-01  ,9.593463314770e-01  ,9.367175492412e-01  ,8.686615835113e-01  
  2.264543358463e-07  ,-1.358891942226e-01  ,8.088951343068e-02  ,8.999611226638e-01  ,9.027085407430e-01  ,8.320165255524e-01  ,9.679057197751e-01  ,9.431532974583e-01  ,8.622637840276e-01  
  2.265543366077e-07  ,-1.529860798793e-01  ,9.371278100187e-02  ,8.999610794080e-01  ,9.027270626239e-01  ,8.234680394683e-01  ,9.764541193477e-01  ,9.495834531248e-01  ,8.558706721229e-01  
  2.266543373692e-07  ,-1.700582744591e-01  ,1.065237154322e-01  ,8.999610363795e-01  ,9.027451279600e-01  ,8.149318991500e-01  ,9.849901736091e-01  ,9.560069856761e-01  ,8.494832702439e-01  
  2.267543381306e-07  ,-1.871026512354e-01  ,1.193199236633e-01  ,8.999609935832e-01  ,9.027627322181e-01  ,8.064096679655e-01  ,9.935123192009e-01  ,9.624226940498e-01  ,8.431027703865e-01  
  2.268543388921e-07  ,-2.041174245050e-01  ,1.321000394943e-01  ,8.999609510243e-01  ,9.027798729937e-01  ,7.979022387718e-01  ,1.002019663277e+00  ,9.688298927409e-01  ,8.367298532466e-01  
  2.269543396535e-07  ,-2.210994618147e-01  ,1.448616735794e-01  ,8.999609087121e-01  ,9.027965462267e-01  ,7.894111778048e-01  ,1.010510639619e+00  ,9.752273830164e-01  ,8.303657094370e-01  
  2.270543404149e-07  ,-2.380460770956e-01  ,1.576027810112e-01  ,8.999608666542e-01  ,9.028127488837e-01  ,7.809378281064e-01  ,1.018983905202e+00  ,9.816141393893e-01  ,8.240113583781e-01  
  2.271543411764e-07  ,-2.549541683555e-01  ,1.703209801289e-01  ,8.999608248576e-01  ,9.028284784509e-01  ,7.724837406798e-01  ,1.027437909035e+00  ,9.879889685153e-01  ,8.176679883864e-01  
  2.272543419378e-07  ,-2.718213912137e-01  ,1.830144598066e-01  ,8.999607833277e-01  ,9.028437336870e-01  ,7.640500877208e-01  ,1.035871478935e+00  ,9.943509635903e-01  ,8.113365037837e-01  
  2.273543426993e-07  ,-2.886458265053e-01  ,1.956817502243e-01  ,8.999607420697e-01  ,9.028585136302e-01  ,7.556378288171e-01  ,1.044283655322e+00  ,1.000699388742e+00  ,8.050176385181e-01  
  2.274543434607e-07  ,-3.054237861374e-01  ,2.083200291644e-01  ,8.999607010924e-01  ,9.028728160653e-01  ,7.472488080237e-01  ,1.052672594161e+00  ,1.007032830647e+00  ,7.987128014831e-01  
  2.275543442222e-07  ,-3.221534974123e-01  ,2.209279456939e-01  ,8.999606603999e-01  ,9.028866394904e-01  ,7.388839116938e-01  ,1.061037409106e+00  ,1.013350612337e+00  ,7.924226666435e-01  
  2.276543449836e-07  ,-3.388318600810e-01  ,2.335031387149e-01  ,8.999606199995e-01  ,9.028999809164e-01  ,7.305446899590e-01  ,1.069376550040e+00  ,1.019651550274e+00  ,7.861484115590e-01  
  2.277543457451e-07  ,-3.554562298111e-01  ,2.460435903729e-01  ,8.999605798974e-01  ,9.029128373777e-01  ,7.222324649918e-01  ,1.077688694803e+00  ,1.025934632564e+00  ,7.798910421913e-01  
  2.278543465065e-07  ,-3.720235605271e-01  ,2.585469535183e-01  ,8.999605400996e-01  ,9.029252055439e-01  ,7.139487598360e-01  ,1.085972320363e+00  ,1.032198682303e+00  ,7.736517287848e-01  
  2.279543472680e-07  ,-3.885321150512e-01  ,2.710118905810e-01  ,8.999605006104e-01  ,9.029370835800e-01  ,7.056944430848e-01  ,1.094226558136e+00  ,1.038443028871e+00  ,7.674311382895e-01  
  2.280543480294e-07  ,-4.049788493536e-01  ,2.834360647249e-01  ,8.999604614377e-01  ,9.029484683851e-01  ,6.974710367609e-01  ,1.102449886115e+00  ,1.044666500748e+00  ,7.612304360227e-01  
  2.281543487909e-07  ,-4.213607438622e-01  ,2.958171493115e-01  ,8.999604225880e-01  ,9.029593575285e-01  ,6.892800506569e-01  ,1.110640794519e+00  ,1.050867932184e+00  ,7.550507828727e-01  
  2.282543495523e-07  ,-4.376760791772e-01  ,3.081538192010e-01  ,8.999603840650e-01  ,9.029697501138e-01  ,6.811223444763e-01  ,1.118798423654e+00  ,1.057046659714e+00  ,7.488928405133e-01  
  2.283543503138e-07  ,-4.539218442848e-01  ,3.204437599541e-01  ,8.999603458759e-01  ,9.029796449321e-01  ,6.729994237335e-01  ,1.126921268018e+00  ,1.063201524909e+00  ,7.427577649551e-01  
  2.284543510752e-07  ,-4.700954665932e-01  ,3.326849965829e-01  ,8.999603080268e-01  ,9.029890412065e-01  ,6.649125747302e-01  ,1.135008041323e+00  ,1.069331539498e+00  ,7.366465429151e-01  
  2.285543518367e-07  ,-4.861939842931e-01  ,3.448752350687e-01  ,8.999602705227e-01  ,9.029979373393e-01  ,6.568632783761e-01  ,1.143057262669e+00  ,1.075435554874e+00  ,7.305603198049e-01  
  2.286543525981e-07  ,-5.022157098967e-01  ,3.570131697248e-01  ,8.999602333681e-01  ,9.030063320891e-01  ,6.488523784197e-01  ,1.151068088316e+00  ,1.081512916951e+00  ,7.244997472267e-01  
  2.287543533596e-07  ,-5.181572828796e-01  ,3.690961972840e-01  ,8.999601965714e-01  ,9.030142228837e-01  ,6.408815551315e-01  ,1.159038838011e+00  ,1.087562321526e+00  ,7.184661242417e-01  
  2.288543541210e-07  ,-5.340170262441e-01  ,3.811230229881e-01  ,8.999601601363e-01  ,9.030216084144e-01  ,6.329516470142e-01  ,1.166968673258e+00  ,1.093583119908e+00  ,7.124600969204e-01  
  2.289543548825e-07  ,-5.497920075051e-01  ,3.930913867628e-01  ,8.999601240695e-01  ,9.030284863468e-01  ,6.250641203170e-01  ,1.174856127822e+00  ,1.099574179728e+00  ,7.064827929654e-01  
  2.290543556439e-07  ,-5.654793298688e-01  ,4.049990433271e-01  ,8.999600883774e-01  ,9.030348542586e-01  ,6.172204234430e-01  ,1.182699753312e+00  ,1.105534375922e+00  ,7.005353325950e-01  
  2.291543564054e-07  ,-5.810768171323e-01  ,4.168442917311e-01  ,8.999600530638e-01  ,9.030407106382e-01  ,6.094216444977e-01  ,1.190498461630e+00  ,1.111462856504e+00  ,6.946185647727e-01  
  2.292543571668e-07  ,-5.965826933098e-01  ,4.286257545438e-01  ,8.999600181333e-01  ,9.030460545935e-01  ,6.016686714784e-01  ,1.198251364788e+00  ,1.117358931865e+00  ,6.887331773216e-01  
  2.293543579283e-07  ,-6.119939500764e-01  ,4.403411082255e-01  ,8.999599835936e-01  ,9.030508850828e-01  ,5.939630085554e-01  ,1.205956958632e+00  ,1.123221439196e+00  ,6.828803309701e-01  
  2.294543586897e-07  ,-6.273081389936e-01  ,4.519884657462e-01  ,8.999599494498e-01  ,9.030552018023e-01  ,5.863058799530e-01  ,1.213614018947e+00  ,1.129049434675e+00  ,6.770609689292e-01  
  2.295543594512e-07  ,-6.425224541921e-01  ,4.635656399601e-01  ,8.999599157069e-01  ,9.030590041478e-01  ,5.786986886108e-01  ,1.221221142803e+00  ,1.134841824128e+00  ,6.712761841678e-01  
  2.296543602126e-07  ,-6.576353018012e-01  ,4.750713883058e-01  ,8.999598823690e-01  ,9.030622916556e-01  ,5.711422314684e-01  ,1.228777533270e+00  ,1.140597985808e+00  ,6.655265975026e-01  
  2.297543609741e-07  ,-6.726438947701e-01  ,4.865035437185e-01  ,8.999598494432e-01  ,9.030650635124e-01  ,5.636379020581e-01  ,1.236281796828e+00  ,1.146316835372e+00  ,6.598132916532e-01  
  2.298543617355e-07  ,-6.875454818538e-01  ,4.978599580118e-01  ,8.999598169341e-01  ,9.030673187094e-01  ,5.561870760072e-01  ,1.243732557861e+00  ,1.151997297715e+00  ,6.541373397035e-01  
  2.299543624970e-07  ,-7.023379990321e-01  ,5.091390066751e-01  ,8.999597848457e-01  ,9.030690561534e-01  ,5.487907853297e-01  ,1.251128784362e+00  ,1.157638559491e+00  ,6.484995528158e-01  
  2.300543632584e-07  ,-7.170197635808e-01  ,5.203393754961e-01  ,8.999597531824e-01  ,9.030702749061e-01  ,5.414498713920e-01  ,1.258469634973e+00  ,1.163239962654e+00  ,6.429005871581e-01  
  2.301543640199e-07  ,-7.315879279099e-01  ,5.314588496990e-01  ,8.999597219514e-01  ,9.030709735527e-01  ,5.341657579964e-01  ,1.265753685906e+00  ,1.168800398402e+00  ,6.373415487032e-01  
  2.302543647813e-07  ,-7.460398125737e-01  ,5.424953379174e-01  ,8.999596911573e-01  ,9.030711514991e-01  ,5.269397848704e-01  ,1.272979597444e+00  ,1.174318820458e+00  ,6.318234825403e-01  
  2.303543655428e-07  ,-7.603739016151e-01  ,5.534476537234e-01  ,8.999596608028e-01  ,9.030708087236e-01  ,5.197727099953e-01  ,1.280146611610e+00  ,1.179794635585e+00  ,6.263469818619e-01  
  2.304543663042e-07  ,-7.745875484536e-01  ,5.643137297216e-01  ,8.999596308942e-01  ,9.030699452965e-01  ,5.126658566674e-01  ,1.287253405121e+00  ,1.185226810157e+00  ,6.209130804357e-01  
  2.305543670657e-07  ,-7.886785061567e-01  ,5.750918108104e-01  ,8.999596014369e-01  ,9.030685614808e-01  ,5.056203483586e-01  ,1.294298854515e+00  ,1.190614466886e+00  ,6.155226560756e-01  
  2.306543678271e-07  ,-8.026442006923e-01  ,5.857798681873e-01  ,8.999595724348e-01  ,9.030666579084e-01  ,4.986374720886e-01  ,1.301281672781e+00  ,1.195956592002e+00  ,6.101767238147e-01  
  2.307543685886e-07  ,-8.164831720076e-01  ,5.963767519173e-01  ,8.999595438914e-01  ,9.030642350267e-01  ,4.917179578876e-01  ,1.308201129895e+00  ,1.201252610985e+00  ,6.048758590680e-01  
  2.308543693500e-07  ,-8.301928700175e-01  ,6.068804591719e-01  ,8.999595158129e-01  ,9.030612934574e-01  ,4.848630808042e-01  ,1.315055950822e+00  ,1.206501523043e+00  ,5.996210638715e-01  
  2.309543701115e-07  ,-8.437707849557e-01  ,6.172890113365e-01  ,8.999594882036e-01  ,9.030578333118e-01  ,4.780740957258e-01  ,1.321844880681e+00  ,1.211702338980e+00  ,5.944133276435e-01  
  2.310543708729e-07  ,-8.572154960013e-01  ,6.276012876977e-01  ,8.999594610662e-01  ,9.030538545278e-01  ,4.713517130655e-01  ,1.328567209067e+00  ,1.216854498377e+00  ,5.892532106789e-01  
  2.311543716344e-07  ,-8.705245235679e-01  ,6.378153371140e-01  ,8.999594344061e-01  ,9.030493571117e-01  ,4.646971726222e-01  ,1.335221696190e+00  ,1.221957025669e+00  ,5.841416885547e-01  
  2.312543723958e-07  ,-8.836954313331e-01  ,6.479292340386e-01  ,8.999594082277e-01  ,9.030443415302e-01  ,4.581116925612e-01  ,1.341807123894e+00  ,1.227008958549e+00  ,5.790797245109e-01  
  2.313543731573e-07  ,-8.967263983941e-01  ,6.579415277530e-01  ,8.999593825339e-01  ,9.030388084652e-01  ,4.515961833368e-01  ,1.348322581731e+00  ,1.232009572342e+00  ,5.740680445887e-01  
  2.314543739187e-07  ,-9.096154666393e-01  ,6.678506593829e-01  ,8.999593573287e-01  ,9.030327588524e-01  ,4.451516240090e-01  ,1.354767090648e+00  ,1.236958088544e+00  ,5.691074291609e-01  
  2.315543746802e-07  ,-9.223611281368e-01  ,6.776554387953e-01  ,8.999593326159e-01  ,9.030261935647e-01  ,4.387787685475e-01  ,1.361139896684e+00  ,1.241853912962e+00  ,5.641984741671e-01  
  2.316543754416e-07  ,-9.349605416543e-01  ,6.873536241866e-01  ,8.999593084015e-01  ,9.030191145903e-01  ,4.324790375743e-01  ,1.367439579229e+00  ,1.246695926684e+00  ,5.593423024969e-01  
  2.317543762031e-07  ,-9.474119531441e-01  ,6.969438233724e-01  ,8.999592846882e-01  ,9.030115234782e-01  ,4.262533081162e-01  ,1.373665261260e+00  ,1.251483435164e+00  ,5.545396117920e-01  
  2.318543769645e-07  ,-9.597139414714e-01  ,7.064249132586e-01  ,8.999592614790e-01  ,9.030034214863e-01  ,4.201022907433e-01  ,1.379816232215e+00  ,1.256215878116e+00  ,5.497909648570e-01  
  2.319543777260e-07  ,-9.718641134159e-01  ,7.157950062377e-01  ,8.999592387789e-01  ,9.029948106748e-01  ,4.140271820710e-01  ,1.385891295487e+00  ,1.260892313794e+00  ,5.450973075559e-01  
  2.320543784874e-07  ,-9.838605440207e-01  ,7.250525820669e-01  ,8.999592165917e-01  ,9.029856925576e-01  ,4.080289445813e-01  ,1.391889488602e+00  ,1.265511983591e+00  ,5.404594015242e-01  
  2.321543792489e-07  ,-9.957010437668e-01  ,7.341958912680e-01  ,8.999591949199e-01  ,9.029760687550e-01  ,4.021086730365e-01  ,1.397809716803e+00  ,1.270074014389e+00  ,5.358781231210e-01  
  2.322543800103e-07  ,-1.007384377236e+00  ,7.432239461292e-01  ,8.999591737663e-01  ,9.029659402117e-01  ,3.962669851483e-01  ,1.403651362384e+00  ,1.274577913276e+00  ,5.313539671471e-01  
  2.323543807718e-07  ,-1.018908100458e+00  ,7.521347895012e-01  ,8.999591531356e-01  ,9.029553090097e-01  ,3.905051029068e-01  ,1.409413203364e+00  ,1.279022703760e+00  ,5.268879142591e-01  
  2.324543815332e-07  ,-1.030271007729e+00  ,7.609274581503e-01  ,8.999591330298e-01  ,9.029441763741e-01  ,3.848236291651e-01  ,1.415094636895e+00  ,1.283407905449e+00  ,5.224804472989e-01  
  2.325543822947e-07  ,-1.041471001660e+00  ,7.696002789118e-01  ,8.999591134525e-01  ,9.029325445995e-01  ,3.792236126223e-01  ,1.420694614283e+00  ,1.287732684055e+00  ,5.181324051436e-01  
  2.326543830561e-07  ,-1.052506315446e+00  ,7.781518414635e-01  ,8.999590944070e-01  ,9.029204159158e-01  ,3.737059366838e-01  ,1.426212252130e+00  ,1.291996336648e+00  ,5.138444951840e-01  
  2.327543838176e-07  ,-1.063374938969e+00  ,7.865805265916e-01  ,8.999590758958e-01  ,9.029077932146e-01  ,3.682716064110e-01  ,1.431646545381e+00  ,1.296198056510e+00  ,5.096175299188e-01  
  2.328543845790e-07  ,-1.074075739318e+00  ,7.948854219799e-01  ,8.999590579209e-01  ,9.028946782753e-01  ,3.629211882621e-01  ,1.436996927580e+00  ,1.300337389265e+00  ,5.054519672853e-01  
  2.329543853405e-07  ,-1.084606478244e+00  ,8.030647226600e-01  ,8.999590404863e-01  ,9.028810746263e-01  ,3.576558013643e-01  ,1.442262279608e+00  ,1.304413435956e+00  ,5.013487132963e-01  
  2.330543861019e-07  ,-1.094966054343e+00  ,8.111175426305e-01  ,8.999590235940e-01  ,9.028669839321e-01  ,3.524759964228e-01  ,1.447442050765e+00  ,1.308425755247e+00  ,4.973082126169e-01  
  2.331543868634e-07  ,-1.105152554252e+00  ,8.190423447642e-01  ,8.999590072474e-01  ,9.028524089908e-01  ,3.473827301214e-01  ,1.452535284373e+00  ,1.312373581373e+00  ,4.933312366087e-01  
  2.332543876248e-07  ,-1.115164371109e+00  ,8.268378369784e-01  ,8.999589914493e-01  ,9.028373521295e-01  ,3.423768058946e-01  ,1.457541177004e+00  ,1.316256270619e+00  ,4.894184336403e-01  
  2.333543883863e-07  ,-1.124999681948e+00  ,8.345025397107e-01  ,8.999589762018e-01  ,9.028218163050e-01  ,3.374591352276e-01  ,1.462458817176e+00  ,1.320073086160e+00  ,4.855705464496e-01  
  2.334543891477e-07  ,-1.134657462081e+00  ,8.420356212883e-01  ,8.999589615063e-01  ,9.028058032974e-01  ,3.326302304660e-01  ,1.467287692547e+00  ,1.323823613942e+00  ,4.817879926532e-01  
  2.335543899092e-07  ,-1.144135691113e+00  ,8.494354393236e-01  ,8.999589473658e-01  ,9.027893166779e-01  ,3.278911018095e-01  ,1.472026792922e+00  ,1.327507036340e+00  ,4.780715970161e-01  
  2.336543906706e-07  ,-1.153433061375e+00  ,8.567009254790e-01  ,8.999589337821e-01  ,9.027723589166e-01  ,3.232424030946e-01  ,1.476675464470e+00  ,1.331122821656e+00  ,4.744218961770e-01  
  2.337543914321e-07  ,-1.162548177795e+00  ,8.638309393039e-01  ,8.999589207571e-01  ,9.027549328745e-01  ,3.186848318594e-01  ,1.481233009655e+00  ,1.334670402526e+00  ,4.708394632226e-01  
  2.338543921935e-07  ,-1.171479632182e+00  ,8.708243305270e-01  ,8.999589082927e-01  ,9.027370416780e-01  ,3.142190922016e-01  ,1.485698724384e+00  ,1.338149206942e+00  ,4.673248764145e-01  
  2.339543929550e-07  ,-1.180226367783e+00  ,8.776802421050e-01  ,8.999588963909e-01  ,9.027186877614e-01  ,3.098457124994e-01  ,1.490072080282e+00  ,1.341558808814e+00  ,4.638785667088e-01  
  2.340543937164e-07  ,-1.188786419308e+00  ,8.843970783211e-01  ,8.999588850544e-01  ,9.026998756947e-01  ,3.055656754003e-01  ,1.494352094708e+00  ,1.344898414855e+00  ,4.605013365342e-01  
  2.341543944779e-07  ,-1.197158886854e+00  ,8.909741078867e-01  ,8.999588742841e-01  ,9.026806075628e-01  ,3.013794308573e-01  ,1.498538317711e+00  ,1.348167661506e+00  ,4.571935536195e-01  
  2.342543952393e-07  ,-1.205342216289e+00  ,8.974100658763e-01  ,8.999588640819e-01  ,9.026608869785e-01  ,2.972877559374e-01  ,1.502629972226e+00  ,1.351365919917e+00  ,4.539558540404e-01  
  2.343543960008e-07  ,-1.213335117572e+00  ,9.037038962509e-01  ,8.999588544496e-01  ,9.026407170811e-01  ,2.932912956636e-01  ,1.506626413236e+00  ,1.354492665207e+00  ,4.507887689557e-01  
  2.344543967622e-07  ,-1.221136138790e+00  ,9.098543976998e-01  ,8.999588453880e-01  ,9.026201016972e-01  ,2.893907759929e-01  ,1.510526914783e+00  ,1.357547300547e+00  ,4.476929028473e-01  
  2.345543975236e-07  ,-1.228744469491e+00  ,9.158608989308e-01  ,8.999588368981e-01  ,9.025990430228e-01  ,2.855866021527e-01  ,1.514331071644e+00  ,1.360529492488e+00  ,4.446685935573e-01  
  2.346543982851e-07  ,-1.236158519731e+00  ,9.217220803314e-01  ,8.999588289817e-01  ,9.025775454453e-01  ,2.818795691161e-01  ,1.518038088847e+00  ,1.363438585611e+00  ,4.417165052795e-01  
  2.347543990465e-07  ,-1.243377516922e+00  ,9.274373013161e-01  ,8.999588216395e-01  ,9.025556112152e-01  ,2.782700631787e-01  ,1.521647580100e+00  ,1.366274261873e+00  ,4.388369605571e-01  
  2.348543998080e-07  ,-1.250400126919e+00  ,9.330054563773e-01  ,8.999588148726e-01  ,9.025332444151e-01  ,2.747587514131e-01  ,1.525158878332e+00  ,1.369035972604e+00  ,4.360305162264e-01  
  2.349544005694e-07  ,-1.257225071737e+00  ,9.384254789658e-01  ,8.999588086816e-01  ,9.025104494119e-01  ,2.713462728129e-01  ,1.528571344550e+00  ,1.371723188895e+00  ,4.332977099290e-01  
  2.350544013309e-07  ,-1.263851641848e+00  ,9.436967753327e-01  ,8.999588030671e-01  ,9.024872287123e-01  ,2.680329821432e-01  ,1.531884623991e+00  ,1.374335616379e+00  ,4.306388410460e-01  
  2.351544020923e-07  ,-1.270278613319e+00  ,9.488183222234e-01  ,8.999587980299e-01  ,9.024635866459e-01  ,2.648194913703e-01  ,1.535098104690e+00  ,1.376872747758e+00  ,4.280544255341e-01  
  2.352544028538e-07  ,-1.276504817457e+00  ,9.537891360681e-01  ,8.999587935710e-01  ,9.024395274928e-01  ,2.617063848423e-01  ,1.538211202300e+00  ,1.379334095527e+00  ,4.255449594588e-01  
  2.353544036152e-07  ,-1.282529401492e+00  ,9.586084923840e-01  ,8.999587896906e-01  ,9.024150546104e-01  ,2.586940889446e-01  ,1.541223490437e+00  ,1.381719300802e+00  ,4.231108084184e-01  
  2.354544043767e-07  ,-1.288351682726e+00  ,9.632758139301e-01  ,8.999587863891e-01  ,9.023901707789e-01  ,2.557829450263e-01  ,1.544134627752e+00  ,1.384028077744e+00  ,4.207522638139e-01  
  2.355544051381e-07  ,-1.293970525417e+00  ,9.677901421604e-01  ,8.999587836677e-01  ,9.023648807570e-01  ,2.529735209593e-01  ,1.546944046376e+00  ,1.386259951837e+00  ,4.184698096768e-01  
  2.356544058996e-07  ,-1.299384905212e+00  ,9.721506063834e-01  ,8.999587815261e-01  ,9.023391891733e-01  ,2.502663289203e-01  ,1.549651234132e+00  ,1.388414492365e+00  ,4.162638859816e-01  
  2.357544066610e-07  ,-1.304594080746e+00  ,9.763565686651e-01  ,8.999587799643e-01  ,9.023130996242e-01  ,2.476617395912e-01  ,1.552255820337e+00  ,1.390491383957e+00  ,4.141348152917e-01  
  2.358544074225e-07  ,-1.309597273551e+00  ,9.804073574118e-01  ,8.999587789822e-01  ,9.022866161110e-01  ,2.451601422067e-01  ,1.554757415758e+00  ,1.392490294817e+00  ,4.120829374051e-01  
  2.359544081839e-07  ,-1.314393712460e+00  ,9.843023061367e-01  ,8.999587785799e-01  ,9.022597428403e-01  ,2.427619223502e-01  ,1.557155634810e+00  ,1.394410895909e+00  ,4.101085897719e-01  
  2.360544089454e-07  ,-1.318982649047e+00  ,9.880407665841e-01  ,8.999587787575e-01  ,9.022324841183e-01  ,2.404674542341e-01  ,1.559450103281e+00  ,1.396252867410e+00  ,4.082121008263e-01  
  2.361544097068e-07  ,-1.323363536696e+00  ,9.916222664750e-01  ,8.999587795149e-01  ,9.022048432060e-01  ,2.382770111668e-01  ,1.561640547863e+00  ,1.398015976444e+00  ,4.063937099685e-01  
  2.362544104683e-07  ,-1.327535488764e+00  ,9.950460389581e-01  ,8.999587808522e-01  ,9.021768255663e-01  ,2.361910364700e-01  ,1.563726525234e+00  ,1.399699845045e+00  ,4.046538060873e-01  
  2.363544112297e-07  ,-1.331497744462e+00  ,9.983114163081e-01  ,8.999587827688e-01  ,9.021484364124e-01  ,2.342099105381e-01  ,1.565707655000e+00  ,1.401304144566e+00  ,4.029927282583e-01  
  2.364544119912e-07  ,-1.335249763624e+00  ,1.001417915993e+00  ,8.999587852642e-01  ,9.021196798203e-01  ,2.323339034524e-01  ,1.567583667076e+00  ,1.402828637817e+00  ,4.014107218239e-01  
  2.365544127526e-07  ,-1.338790986970e+00  ,1.004365035325e+00  ,8.999587883377e-01  ,9.020905602559e-01  ,2.305632948528e-01  ,1.569354281823e+00  ,1.404273077918e+00  ,3.999080425937e-01  
  2.366544135141e-07  ,-1.342120869636e+00  ,1.007152281675e+00  ,8.999587919890e-01  ,9.020610823359e-01  ,2.288983571709e-01  ,1.571019226807e+00  ,1.405637223173e+00  ,3.984849414986e-01  
  2.367544142755e-07  ,-1.345239016851e+00  ,1.009779297627e+00  ,8.999587962177e-01  ,9.020312495778e-01  ,2.273392877920e-01  ,1.572578304643e+00  ,1.406920898392e+00  ,3.971416007640e-01  
  2.368544150370e-07  ,-1.348144795266e+00  ,1.012245507472e+00  ,8.999588010231e-01  ,9.020010679126e-01  ,2.258864033901e-01  ,1.574031198656e+00  ,1.408123821649e+00  ,3.958783141766e-01  
  2.369544157984e-07  ,-1.350837746366e+00  ,1.014550487474e+00  ,8.999588064043e-01  ,9.019705422390e-01  ,2.245399332214e-01  ,1.575377679587e+00  ,1.409245785976e+00  ,3.946952985021e-01  
  2.370544165599e-07  ,-1.353317447846e+00  ,1.016693839644e+00  ,8.999588123604e-01  ,9.019396775865e-01  ,2.233000884374e-01  ,1.576617536283e+00  ,1.410286597409e+00  ,3.935927577643e-01  
  2.371544173213e-07  ,-1.355583512017e+00  ,1.018675191807e+00  ,8.999588188904e-01  ,9.019084790572e-01  ,2.221670628819e-01  ,1.577750574899e+00  ,1.411246074961e+00  ,3.925708831537e-01  
  2.372544180828e-07  ,-1.357635533197e+00  ,1.020494144996e+00  ,8.999588259930e-01  ,9.018769526159e-01  ,2.211410593943e-01  ,1.578776592592e+00  ,1.412124025114e+00  ,3.916298801181e-01  
  2.373544188442e-07  ,-1.359473301629e+00  ,1.022150488532e+00  ,8.999588336675e-01  ,9.018451016896e-01  ,2.202221828532e-01  ,1.579695484482e+00  ,1.412920345956e+00  ,3.907698574234e-01  
  2.374544196057e-07  ,-1.361096430840e+00  ,1.023643827075e+00  ,8.999588419126e-01  ,9.018129332301e-01  ,2.194106264925e-01  ,1.580507057333e+00  ,1.413634846768e+00  ,3.899910196925e-01  
  2.375544203671e-07  ,-1.362504755217e+00  ,1.024973984653e+00  ,8.999588507275e-01  ,9.017804507975e-01  ,2.187064731191e-01  ,1.581211228336e+00  ,1.414267443124e+00  ,3.892934584712e-01  
  2.376544211286e-07  ,-1.363698007351e+00  ,1.026140670714e+00  ,8.999588601106e-01  ,9.017476606644e-01  ,2.181098564351e-01  ,1.581807863786e+00  ,1.414817996021e+00  ,3.886773253075e-01  
  2.377544218900e-07  ,-1.364675975728e+00  ,1.027143638268e+00  ,8.999588700603e-01  ,9.017145691593e-01  ,2.176208821964e-01  ,1.582296857924e+00  ,1.415286388293e+00  ,3.881427500256e-01  
  2.378544226515e-07  ,-1.365438533654e+00  ,1.027982726305e+00  ,8.999588805753e-01  ,9.016811811438e-01  ,2.172396137485e-01  ,1.582678147402e+00  ,1.415672544296e+00  ,3.876898179911e-01  
  2.379544234129e-07  ,-1.365985594568e+00  ,1.028657816398e+00  ,8.999588916544e-01  ,9.016475006145e-01  ,2.169660943704e-01  ,1.582951688938e+00  ,1.415976408814e+00  ,3.873185924155e-01  
  2.380544241744e-07  ,-1.366317038087e+00  ,1.029168727982e+00  ,8.999589032957e-01  ,9.016135344181e-01  ,2.168003842521e-01  ,1.583117422339e+00  ,1.416197898409e+00  ,3.870291704269e-01  
  2.381544249358e-07  ,-1.366432813324e+00  ,1.029515349930e+00  ,8.999589154975e-01  ,9.015792882874e-01  ,2.167425088353e-01  ,1.583175322160e+00  ,1.416336963253e+00  ,3.868216133221e-01  
  2.382544256973e-07  ,-1.366332905153e+00  ,1.029697588382e+00  ,8.999589282578e-01  ,9.015447689460e-01  ,2.167924756814e-01  ,1.583125380834e+00  ,1.416393563137e+00  ,3.866959747548e-01  
  2.383544264587e-07  ,-1.366017327725e+00  ,1.029715407248e+00  ,8.999589415753e-01  ,9.015099802380e-01  ,2.169502777129e-01  ,1.582967605438e+00  ,1.416367683862e+00  ,3.866522766141e-01  
  2.384544272202e-07  ,-1.365486142445e+00  ,1.029568760681e+00  ,8.999589554475e-01  ,9.014749299037e-01  ,2.172158842252e-01  ,1.582702026670e+00  ,1.416259310244e+00  ,3.866905495630e-01  
  2.385544279816e-07  ,-1.364739431388e+00  ,1.029257651285e+00  ,8.999589698726e-01  ,9.014396231883e-01  ,2.175892541787e-01  ,1.582328685566e+00  ,1.416068448831e+00  ,3.868107975460e-01  
  2.386544287431e-07  ,-1.363777278986e+00  ,1.028782093610e+00  ,8.999589848488e-01  ,9.014040643819e-01  ,2.180703453557e-01  ,1.581847624342e+00  ,1.415795111187e+00  ,3.870130175767e-01  
  2.387544295045e-07  ,-1.362599855511e+00  ,1.028142132212e+00  ,8.999590003735e-01  ,9.013682607685e-01  ,2.186590726180e-01  ,1.581258928129e+00  ,1.415439326875e+00  ,3.872971946623e-01  
  2.388544302660e-07  ,-1.361207383388e+00  ,1.027337857583e+00  ,8.999590164440e-01  ,9.013322193404e-01  ,2.193553247498e-01  ,1.580562708138e+00  ,1.415001148132e+00  ,3.876632905489e-01  
  2.389544310274e-07  ,-1.359600063547e+00  ,1.026369365980e+00  ,8.999590330583e-01  ,9.012959454651e-01  ,2.201590012847e-01  ,1.579759064832e+00  ,1.414480628455e+00  ,3.881112624749e-01  
  2.390544317889e-07  ,-1.357778077779e+00  ,1.025236748044e+00  ,8.999590502144e-01  ,9.012594435386e-01  ,2.210700113251e-01  ,1.578848089104e+00  ,1.413877817561e+00  ,3.886410695164e-01  
  2.391544325503e-07  ,-1.355741761834e+00  ,1.023940177065e+00  ,8.999590679091e-01  ,9.012227210529e-01  ,2.220881869919e-01  ,1.577829948826e+00  ,1.413192809585e+00  ,3.892526325205e-01  
  2.392544333118e-07  ,-1.353491495495e+00  ,1.022479866318e+00  ,8.999590861393e-01  ,9.011857852563e-01  ,2.232133383917e-01  ,1.576704833887e+00  ,1.412425718415e+00  ,3.899458520975e-01  
  2.393544340732e-07  ,-1.351027598266e+00  ,1.020856005517e+00  ,8.999591049027e-01  ,9.011486416908e-01  ,2.244453057697e-01  ,1.575472904036e+00  ,1.411576644450e+00  ,3.907206389321e-01  
  2.394544348347e-07  ,-1.348350348968e+00  ,1.019068761189e+00  ,8.999591241970e-01  ,9.011112948646e-01  ,2.257839497132e-01  ,1.574134298681e+00  ,1.410645675459e+00  ,3.915769142702e-01  
  2.395544355961e-07  ,-1.345460248141e+00  ,1.017118434961e+00  ,8.999591440184e-01  ,9.010737524203e-01  ,2.272290199479e-01  ,1.572689268089e+00  ,1.409632969901e+00  ,3.925145349399e-01  
  2.396544363576e-07  ,-1.342357753950e+00  ,1.015005310114e+00  ,8.999591643639e-01  ,9.010360206486e-01  ,2.287802873891e-01  ,1.571138041339e+00  ,1.408538675706e+00  ,3.935333655915e-01  
  2.397544371190e-07  ,-1.339043354971e+00  ,1.012729696051e+00  ,8.999591852304e-01  ,9.009981058841e-01  ,2.304375077450e-01  ,1.569480862716e+00  ,1.407362953909e+00  ,3.946332578587e-01  
  2.398544378805e-07  ,-1.335517571644e+00  ,1.010291928247e+00  ,8.999592066145e-01  ,9.009600144803e-01  ,2.322004207926e-01  ,1.567717992436e+00  ,1.406105978604e+00  ,3.958140503569e-01  
  2.399544386419e-07  ,-1.331780956946e+00  ,1.007692368212e+00  ,8.999592285129e-01  ,9.009217527730e-01  ,2.340687500399e-01  ,1.565849706986e+00  ,1.404767936879e+00  ,3.970755686669e-01  
  2.400544394034e-07  ,-1.327834096675e+00  ,1.004931403439e+00  ,8.999592509223e-01  ,9.008833271129e-01  ,2.360422025848e-01  ,1.563876299260e+00  ,1.403349028832e+00  ,3.984176253932e-01  
  2.401544401648e-07  ,-1.323677609538e+00  ,1.002009447341e+00  ,8.999592738388e-01  ,9.008447439501e-01  ,2.381204690696e-01  ,1.561798078608e+00  ,1.401849467621e+00  ,3.998400202796e-01  
  2.402544409263e-07  ,-1.319312147142e+00  ,9.989269391760e-01  ,8.999592972590e-01  ,9.008060098129e-01  ,2.403032236882e-01  ,1.559615370830e+00  ,1.400269479401e+00  ,4.013425402249e-01  
  2.403544416877e-07  ,-1.314738393918e+00  ,9.956843439835e-01  ,8.999593211791e-01  ,9.007671311921e-01  ,2.425901242200e-01  ,1.557328518138e+00  ,1.398609303184e+00  ,4.029249592004e-01  
  2.404544424492e-07  ,-1.309957067043e+00  ,9.922821525215e-01  ,8.999593455951e-01  ,9.007281145179e-01  ,2.449808120733e-01  ,1.554937879117e+00  ,1.396869190779e+00  ,4.045870382572e-01  
  2.405544432106e-07  ,-1.304968916327e+00  ,9.887208811917e-01  ,8.999593705034e-01  ,9.006889662799e-01  ,2.474749123401e-01  ,1.552443828667e+00  ,1.395049406876e+00  ,4.063285256841e-01  
  2.406544439721e-07  ,-1.299774724092e+00  ,9.850010719527e-01  ,8.999593959000e-01  ,9.006496930703e-01  ,2.500720338538e-01  ,1.549846757946e+00  ,1.393150229047e+00  ,4.081491570939e-01  
  2.407544447335e-07  ,-1.294375440753e+00  ,9.811233917412e-01  ,8.999594217799e-01  ,9.006103025582e-01  ,2.527717014036e-01  ,1.547147142156e+00  ,1.391171998429e+00  ,4.100486066876e-01  
  2.408544454950e-07  ,-1.288771632922e+00  ,9.770882385833e-01  ,8.999594481406e-01  ,9.005707990608e-01  ,2.555736316793e-01  ,1.544345264602e+00  ,1.389114918352e+00  ,4.120266797692e-01  
  2.409544462564e-07  ,-1.282964318210e+00  ,9.728963258891e-01  ,8.999594749767e-01  ,9.005311901114e-01  ,2.584773158719e-01  ,1.541441634082e+00  ,1.386979353056e+00  ,4.140830271669e-01  
  2.410544470179e-07  ,-1.276954412686e+00  ,9.685482970084e-01  ,8.999595022837e-01  ,9.004914822134e-01  ,2.614822959405e-01  ,1.538436708627e+00  ,1.384765630718e+00  ,4.162173337091e-01  
  2.411544477793e-07  ,-1.270743017808e+00  ,9.640449366651e-01  ,8.999595300572e-01  ,9.004516830970e-01  ,2.645880211534e-01  ,1.535331038961e+00  ,1.382474151430e+00  ,4.184292147645e-01  
  2.412544485408e-07  ,-1.264330999296e+00  ,9.593868686347e-01  ,8.999595582930e-01  ,9.004117986137e-01  ,2.677940586451e-01  ,1.532125057941e+00  ,1.380105232931e+00  ,4.207183642963e-01  
  2.413544493022e-07  ,-1.257719083118e+00  ,9.545746114764e-01  ,8.999595869878e-01  ,9.003718334731e-01  ,2.711000454286e-01  ,1.528819128547e+00  ,1.377659139211e+00  ,4.230845277349e-01  
  2.414544500637e-07  ,-1.250908529098e+00  ,9.496090615056e-01  ,8.999596161352e-01  ,9.003317956375e-01  ,2.745053515862e-01  ,1.525413880684e+00  ,1.375136326390e+00  ,4.255272648847e-01  
  2.415544508251e-07  ,-1.243900416410e+00  ,9.444909865388e-01  ,8.999596457308e-01  ,9.002916916921e-01  ,2.780094375259e-01  ,1.521909853936e+00  ,1.372537184962e+00  ,4.280461984227e-01  
  2.416544515866e-07  ,-1.236695849183e+00  ,9.392211789386e-01  ,8.999596757699e-01  ,9.002515283137e-01  ,2.816117511783e-01  ,1.518307600362e+00  ,1.369862117783e+00  ,4.306409388444e-01  
  2.417544523480e-07  ,-1.229295959543e+00  ,9.338004554968e-01  ,8.999597062477e-01  ,9.002113120836e-01  ,2.853117264763e-01  ,1.514607686019e+00  ,1.367111539832e+00  ,4.333110843352e-01  
  2.418544531095e-07  ,-1.221701909026e+00  ,9.282296573223e-01  ,8.999597371593e-01  ,9.001710493973e-01  ,2.891087826462e-01  ,1.510810691672e+00  ,1.364285878058e+00  ,4.360562207362e-01  
  2.419544538709e-07  ,-1.213915085116e+00  ,9.225097985952e-01  ,8.999597684996e-01  ,9.001307477629e-01  ,2.930022259414e-01  ,1.506917311058e+00  ,1.361385647060e+00  ,4.388758484653e-01  
  2.420544546323e-07  ,-1.205936303556e+00  ,9.166414748539e-01  ,8.999598002649e-01  ,9.000904116005e-01  ,2.969916484869e-01  ,1.502927952043e+00  ,1.358411149027e+00  ,4.417696741736e-01  
  2.421544553938e-07  ,-1.197767018230e+00  ,9.106257442017e-01  ,8.999598324487e-01  ,9.000500486735e-01  ,3.010763233339e-01  ,1.498843341563e+00  ,1.355362920774e+00  ,4.447371765727e-01  
  2.422544561552e-07  ,-1.189408517850e+00  ,9.044635436179e-01  ,8.999598650461e-01  ,9.000096655259e-01  ,3.052556061213e-01  ,1.494664123971e+00  ,1.352241437335e+00  ,4.477778937170e-01  
  2.423544569167e-07  ,-1.180862117187e+00  ,8.981558337101e-01  ,8.999598980523e-01  ,8.999692685215e-01  ,3.095288394590e-01  ,1.490390956646e+00  ,1.349047185377e+00  ,4.508913516665e-01  
  2.424544576781e-07  ,-1.172129158856e+00  ,8.917035985556e-01  ,8.999599314622e-01  ,8.999288641352e-01  ,3.138953520342e-01  ,1.486024510890e+00  ,1.345780663413e+00  ,4.540770648574e-01  
  2.425544584396e-07  ,-1.163211014091e+00  ,8.851078455231e-01  ,8.999599652704e-01  ,8.998884590705e-01  ,3.183544582248e-01  ,1.481565472316e+00  ,1.342442381832e+00  ,4.573345363090e-01  
  2.426544592010e-07  ,-1.154109312261e+00  ,8.783697813218e-01  ,8.999599994710e-01  ,8.998480610534e-01  ,3.229053433407e-01  ,1.477014655601e+00  ,1.339032951714e+00  ,4.606631703925e-01  
  2.427544599625e-07  ,-1.144825317863e+00  ,8.714903491278e-01  ,8.999600340595e-01  ,8.998076757492e-01  ,3.275473751280e-01  ,1.472372692991e+00  ,1.335552850313e+00  ,4.640625011852e-01  
  2.428544607239e-07  ,-1.135360082744e+00  ,8.644703260248e-01  ,8.999600690316e-01  ,8.997673077430e-01  ,3.322800276595e-01  ,1.467640110404e+00  ,1.332002470755e+00  ,4.675321447306e-01  
  2.429544614854e-07  ,-1.125715419151e+00  ,8.573110442174e-01  ,8.999601043798e-01  ,8.997269648595e-01  ,3.371023948043e-01  ,1.462817813955e+00  ,1.328382486968e+00  ,4.710714427508e-01  
  2.430544622468e-07  ,-1.115893104813e+00  ,8.500138163708e-01  ,8.999601400983e-01  ,8.996866547304e-01  ,3.420135876916e-01  ,1.457906692505e+00  ,1.324693562916e+00  ,4.746797465450e-01  
  2.431544630083e-07  ,-1.105894508608e+00  ,8.425796656665e-01  ,8.999601761827e-01  ,8.996463831220e-01  ,3.470129218785e-01  ,1.452907430487e+00  ,1.320936215955e+00  ,4.783565502887e-01  
  2.432544637697e-07  ,-1.095721136408e+00  ,8.350097179578e-01  ,8.999602126278e-01  ,8.996061561830e-01  ,3.520996444237e-01  ,1.447820780832e+00  ,1.317111015162e+00  ,4.821012972041e-01  
  2.433544645312e-07  ,-1.085374561449e+00  ,8.273051476991e-01  ,8.999602494278e-01  ,8.995659802038e-01  ,3.572729687030e-01  ,1.442647530153e+00  ,1.313218554053e+00  ,4.859134063543e-01  
  2.434544652926e-07  ,-1.074856400504e+00  ,8.194671599159e-01  ,8.999602865767e-01  ,8.995258615955e-01  ,3.625320863246e-01  ,1.437388486829e+00  ,1.309259441553e+00  ,4.897922816376e-01  
  2.435544660541e-07  ,-1.064167898662e+00  ,8.114966740645e-01  ,8.999603240699e-01  ,8.994858052297e-01  ,3.678763747386e-01  ,1.432044273401e+00  ,1.305234142262e+00  ,4.937374681975e-01  
  2.436544668155e-07  ,-1.053311163472e+00  ,8.033952411352e-01  ,8.999603618990e-01  ,8.994458192428e-01  ,3.733047801631e-01  ,1.426615943635e+00  ,1.301143439810e+00  ,4.977481986752e-01  
  2.437544675770e-07  ,-1.042287923295e+00  ,7.951641347304e-01  ,8.999604000585e-01  ,8.994059100591e-01  ,3.788164384113e-01  ,1.421104361706e+00  ,1.296987977424e+00  ,5.018238426939e-01  
  2.438544683384e-07  ,-1.031099918411e+00  ,7.868046494280e-01  ,8.999604385435e-01  ,8.993660839157e-01  ,3.844104793379e-01  ,1.415510397749e+00  ,1.292768408630e+00  ,5.059637592017e-01  
  2.439544690999e-07  ,-1.019748908515e+00  ,7.783181005840e-01  ,8.999604773476e-01  ,8.993263470066e-01  ,3.900860230901e-01  ,1.409834931605e+00  ,1.288485397299e+00  ,5.101672967146e-01  
  2.440544698613e-07  ,-1.008236966311e+00  ,7.697060507151e-01  ,8.999605164646e-01  ,8.992867067358e-01  ,3.958420333090e-01  ,1.404078999620e+00  ,1.284139732093e+00  ,5.144336813783e-01  
  2.441544706228e-07  ,-9.965656883416e-01  ,7.609697113261e-01  ,8.999605558895e-01  ,8.992471688298e-01  ,4.016777117187e-01  ,1.398243400060e+00  ,1.279732024493e+00  ,5.187623131667e-01  
  2.442544713842e-07  ,-9.847363969384e-01  ,7.521100762355e-01  ,8.999605956173e-01  ,8.992077379244e-01  ,4.075923971481e-01  ,1.392328794086e+00  ,1.275262776042e+00  ,5.231526998067e-01  
  2.443544721457e-07  ,-9.727513617496e-01  ,7.431288423640e-01  ,8.999606356395e-01  ,8.991684218337e-01  ,4.135849547647e-01  ,1.386336316514e+00  ,1.270732843016e+00  ,5.276040006517e-01  
  2.444544729071e-07  ,-9.606124828855e-01  ,7.340274257151e-01  ,8.999606759504e-01  ,8.991292269475e-01  ,4.196544345076e-01  ,1.380266917393e+00  ,1.266142939805e+00  ,5.321155140899e-01  
  2.445544736686e-07  ,-9.483216748301e-01  ,7.248072617678e-01  ,8.999607165448e-01  ,8.990901597680e-01  ,4.257998791297e-01  ,1.374121553960e+00  ,1.261493790652e+00  ,5.366865288840e-01  
  2.446544744300e-07  ,-9.358811854876e-01  ,7.154700513647e-01  ,8.999607574153e-01  ,8.990512279318e-01  ,4.320201646715e-01  ,1.367901350159e+00  ,1.256786253614e+00  ,5.413162022495e-01  
  2.447544751915e-07  ,-9.232923181920e-01  ,7.060167790504e-01  ,8.999607985576e-01  ,8.990124357066e-01  ,4.383146394616e-01  ,1.361606957654e+00  ,1.252020825232e+00  ,5.460040461814e-01  
  2.448544759529e-07  ,-9.105577011369e-01  ,6.964494326001e-01  ,8.999608399632e-01  ,8.989737914848e-01  ,4.446819893948e-01  ,1.355239690532e+00  ,1.247198507785e+00  ,5.507490751848e-01  
  2.449544767144e-07  ,-8.976791090068e-01  ,6.867693605166e-01  ,8.999608816264e-01  ,8.989353008053e-01  ,4.511213271230e-01  ,1.348800436130e+00  ,1.242319981064e+00  ,5.555506205470e-01  
  2.450544774758e-07  ,-8.846580067447e-01  ,6.769776670575e-01  ,8.999609235418e-01  ,8.988969681926e-01  ,4.576319201695e-01  ,1.342289926914e+00  ,1.237385801721e+00  ,5.604081346639e-01  
  2.451544782373e-07  ,-8.714969022245e-01  ,6.670762346271e-01  ,8.999609657008e-01  ,8.988588012963e-01  ,4.642125145885e-01  ,1.335709416813e+00  ,1.232396918610e+00  ,5.653206839828e-01  
  2.452544789987e-07  ,-8.581978845480e-01  ,6.570666283632e-01  ,8.999610080967e-01  ,8.988208063149e-01  ,4.708620658227e-01  ,1.329059950371e+00  ,1.227354120497e+00  ,5.702874921333e-01  
  2.453544797602e-07  ,-8.447630532148e-01  ,6.469504309677e-01  ,8.999610507245e-01  ,8.987829894155e-01  ,4.775795241171e-01  ,1.322342577332e+00  ,1.222258204899e+00  ,5.753077739316e-01  
  2.454544805216e-07  ,-8.311948666956e-01  ,6.367295124339e-01  ,8.999610935763e-01  ,8.987453579344e-01  ,4.843636602285e-01  ,1.315558526924e+00  ,1.217110114151e+00  ,5.803806017175e-01  
  2.455544812831e-07  ,-8.174947470898e-01  ,6.264049526759e-01  ,8.999611366475e-01  ,8.987079161258e-01  ,4.912137631026e-01  ,1.308708510192e+00  ,1.211910392464e+00  ,5.855054397879e-01  
  2.456544820445e-07  ,-8.036655573982e-01  ,6.159789282429e-01  ,8.999611799292e-01  ,8.986706724678e-01  ,4.981284012301e-01  ,1.301793958628e+00  ,1.206660136589e+00  ,5.906812083464e-01  
  2.457544828060e-07  ,-7.897087532874e-01  ,6.054525412241e-01  ,8.999612234163e-01  ,8.986336311599e-01  ,5.051068467726e-01  ,1.294815600060e+00  ,1.201359901772e+00  ,5.959073605478e-01  
  2.458544835674e-07  ,-7.756269020721e-01  ,5.948277310948e-01  ,8.999612671005e-01  ,8.985967995120e-01  ,5.121478160644e-01  ,1.287774718137e+00  ,1.196010665059e+00  ,6.011829339646e-01  
  2.459544843289e-07  ,-7.614225916053e-01  ,5.841064640679e-01  ,8.999613109745e-01  ,8.985601847118e-01  ,5.192500151719e-01  ,1.280672606777e+00  ,1.190613416746e+00  ,6.065069526779e-01  
  2.460544850903e-07  ,-7.470973138639e-01  ,5.732898741602e-01  ,8.999613550340e-01  ,8.985237907938e-01  ,5.264126981020e-01  ,1.273510011966e+00  ,1.185168727874e+00  ,6.118788537138e-01  
  2.461544858518e-07  ,-7.326537009434e-01  ,5.623799561876e-01  ,8.999613992705e-01  ,8.984876247613e-01  ,5.336345487988e-01  ,1.266288249742e+00  ,1.179677602855e+00  ,6.172976466675e-01  
  2.462544866132e-07  ,-7.180944064691e-01  ,5.513787303534e-01  ,8.999614436763e-01  ,8.984516935847e-01  ,5.409142404418e-01  ,1.259008646911e+00  ,1.174141058761e+00  ,6.227623284080e-01  
  2.463544873747e-07  ,-7.034209596844e-01  ,5.402873609726e-01  ,8.999614882469e-01  ,8.984160012825e-01  ,5.482510084047e-01  ,1.251671968089e+00  ,1.168559681769e+00  ,6.282723207962e-01  
  2.464544881361e-07  ,-6.886360575401e-01  ,5.291078953319e-01  ,8.999615329732e-01  ,8.983805548736e-01  ,5.556435042032e-01  ,1.244279561743e+00  ,1.162934502539e+00  ,6.338266072076e-01  
  2.465544888976e-07  ,-6.737424168298e-01  ,5.178424047480e-01  ,8.999615778471e-01  ,8.983453612557e-01  ,5.630903694322e-01  ,1.236832786262e+00  ,1.157266563630e+00  ,6.394241588817e-01  
  2.466544896590e-07  ,-6.587416022062e-01  ,5.064920822052e-01  ,8.999616228643e-01  ,8.983104243198e-01  ,5.705908217612e-01  ,1.229332423967e+00  ,1.151556465422e+00  ,6.450643832173e-01  
  2.467544904205e-07  ,-6.436363720330e-01  ,4.950590246002e-01  ,8.999616680164e-01  ,8.982757509050e-01  ,5.781434819999e-01  ,1.221779854033e+00  ,1.145805263205e+00  ,6.507462386049e-01  
  2.468544911819e-07  ,-6.284291171276e-01  ,4.835450464346e-01  ,8.999617132954e-01  ,8.982413469354e-01  ,5.857471547316e-01  ,1.214176271859e+00  ,1.140013870153e+00  ,6.564688237181e-01  
  2.469544919434e-07  ,-6.131226249221e-01  ,4.719522825480e-01  ,8.999617586948e-01  ,8.982072191986e-01  ,5.934004462337e-01  ,1.206523071156e+00  ,1.134183360473e+00  ,6.622310779246e-01  
  2.470544927048e-07  ,-5.977190224942e-01  ,4.602823728051e-01  ,8.999618042084e-01  ,8.981733726547e-01  ,6.011022929613e-01  ,1.198821315456e+00  ,1.128314559057e+00  ,6.680321862521e-01  
  2.471544934663e-07  ,-5.822200618088e-01  ,4.485366555245e-01  ,8.999618498302e-01  ,8.981398112903e-01  ,6.088518189258e-01  ,1.191071880735e+00  ,1.122408139053e+00  ,6.738714835281e-01  
  2.472544942277e-07  ,-5.666287350795e-01  ,4.367174049005e-01  ,8.999618955503e-01  ,8.981065418610e-01  ,6.166475280105e-01  ,1.183276263090e+00  ,1.116465244311e+00  ,6.797478394108e-01  
  2.473544949892e-07  ,-5.509475212232e-01  ,4.248264986214e-01  ,8.999619413616e-01  ,8.980735699403e-01  ,6.244881807500e-01  ,1.175435701973e+00  ,1.110486819251e+00  ,6.856603206296e-01  
  2.474544957506e-07  ,-5.351789004276e-01  ,4.128658261024e-01  ,8.999619872576e-01  ,8.980409010379e-01  ,6.323725370438e-01  ,1.167551437471e+00  ,1.104473814089e+00  ,6.916079879867e-01  
  2.475544965121e-07  ,-5.193257621336e-01  ,4.008376071857e-01  ,8.999620332300e-01  ,8.980085412239e-01  ,6.402991521632e-01  ,1.159624914297e+00  ,1.098427344817e+00  ,6.975897376311e-01  
  2.476544972735e-07  ,-5.033897700466e-01  ,3.887431177703e-01  ,8.999620792740e-01  ,8.979764938474e-01  ,6.482671942507e-01  ,1.151656964297e+00  ,1.092348052733e+00  ,7.036049349623e-01  
  2.477544980350e-07  ,-4.873738552192e-01  ,3.765845978848e-01  ,8.999621253809e-01  ,8.979447648691e-01  ,6.562751977713e-01  ,1.143649052990e+00  ,1.086237063811e+00  ,7.096524659267e-01  
  2.478544987964e-07  ,-4.712809620872e-01  ,3.643643051694e-01  ,8.999621715421e-01  ,8.979133605591e-01  ,6.643216904985e-01  ,1.135602652586e+00  ,1.080095513144e+00  ,7.157312079744e-01  
  2.479544995579e-07  ,-4.551127823686e-01  ,3.520835364672e-01  ,8.999622177528e-01  ,8.978822844742e-01  ,6.724058265685e-01  ,1.127518608937e+00  ,1.073924052708e+00  ,7.218405162406e-01  
  2.480545003193e-07  ,-4.388722941365e-01  ,3.397445678338e-01  ,8.999622640041e-01  ,8.978515425469e-01  ,6.805261169358e-01  ,1.119398411072e+00  ,1.067723826464e+00  ,7.279792586300e-01  
  2.481545010808e-07  ,-4.225624845325e-01  ,3.273496914391e-01  ,8.999623102878e-01  ,8.978211401991e-01  ,6.886810680215e-01  ,1.111243552554e+00  ,1.061495985919e+00  ,7.341462944796e-01  
  2.482545018422e-07  ,-4.061850685820e-01  ,3.149002232630e-01  ,8.999623565997e-01  ,8.977910806143e-01  ,6.968698223087e-01  ,1.103054890891e+00  ,1.055241192246e+00  ,7.403409689828e-01  
  2.483545026037e-07  ,-3.897434827696e-01  ,3.023988040970e-01  ,8.999624029301e-01  ,8.977613704085e-01  ,7.050906615453e-01  ,1.094834144315e+00  ,1.048960772457e+00  ,7.465619683600e-01  
  2.484545033651e-07  ,-3.732400213817e-01  ,2.898472053108e-01  ,8.999624492722e-01  ,8.977320139430e-01  ,7.133424385814e-01  ,1.086582459963e+00  ,1.042655616598e+00  ,7.528084112877e-01  
  2.485545041266e-07  ,-3.566765680326e-01  ,2.772468700286e-01  ,8.999624956204e-01  ,8.977030145539e-01  ,7.216242116041e-01  ,1.078300779637e+00  ,1.036326449568e+00  ,7.590795795396e-01  
  2.486545048880e-07  ,-3.400567564023e-01  ,2.646005824455e-01  ,8.999625419640e-01  ,8.976743783671e-01  ,7.299341637628e-01  ,1.069990920165e+00  ,1.029974669590e+00  ,7.653740871444e-01  
  2.487545056495e-07  ,-3.233823458005e-01  ,2.519096861335e-01  ,8.999625882980e-01  ,8.976461082594e-01  ,7.382714153977e-01  ,1.061653761198e+00  ,1.023600951326e+00  ,7.716912651927e-01  
  2.488545064109e-07  ,-3.066564238384e-01  ,2.391765372254e-01  ,8.999626346137e-01  ,8.976182094334e-01  ,7.466344226945e-01  ,1.053290846533e+00  ,1.017206478046e+00  ,7.780299408207e-01  
  2.489545071724e-07  ,-2.898820702657e-01  ,2.264035036623e-01  ,8.999626809030e-01  ,8.975906871868e-01  ,7.550216457702e-01  ,1.044903716036e+00  ,1.010792439018e+00  ,7.843889353556e-01  
  2.490545079338e-07  ,-2.730610494825e-01  ,2.135919429981e-01  ,8.999627271613e-01  ,8.975635443396e-01  ,7.634322024200e-01  ,1.036493251902e+00  ,1.004359515839e+00  ,7.907675728406e-01  
  2.491545086953e-07  ,-2.561964633354e-01  ,2.007442351987e-01  ,8.999627733794e-01  ,8.975367856463e-01  ,7.718645417118e-01  ,1.028061005047e+00  ,9.979089032457e-01  ,7.971646680470e-01  
  2.492545094567e-07  ,-2.392909847495e-01  ,1.878624280585e-01  ,8.999628195498e-01  ,8.975104151191e-01  ,7.803173271750e-01  ,1.019608311925e+00  ,9.914416291483e-01  ,8.035792010899e-01  
  2.493545102181e-07  ,-2.223477150620e-01  ,1.749489184294e-01  ,8.999628656652e-01  ,8.974844377796e-01  ,7.887890081342e-01  ,1.011136723196e+00  ,9.849588969944e-01  ,8.100099785649e-01  
  2.494545109796e-07  ,-2.053684339320e-01  ,1.620050795106e-01  ,8.999629117204e-01  ,8.974588564689e-01  ,7.972786947544e-01  ,1.002647128686e+00  ,9.784613962241e-01  ,8.164563167136e-01  
  2.495545117410e-07  ,-1.883562707785e-01  ,1.490333177569e-01  ,8.999629577059e-01  ,8.974336759027e-01  ,8.057848223167e-01  ,9.941410930951e-01  ,9.719503347811e-01  ,8.229170170243e-01  
  2.496545125025e-07  ,-1.713139226614e-01  ,1.360357019894e-01  ,8.999630036149e-01  ,8.974088997728e-01  ,8.143060422842e-01  ,9.856199649457e-01  ,9.654267507675e-01  ,8.293910487781e-01  
  2.497545132639e-07  ,-1.542445173022e-01  ,1.230146517996e-01  ,8.999630494406e-01  ,8.973845326045e-01  ,8.228407907895e-01  ,9.770853080917e-01  ,9.588918585043e-01  ,8.358772067047e-01  
  2.498545140254e-07  ,-1.371505661240e-01  ,1.099720148140e-01  ,8.999630951706e-01  ,8.973605779869e-01  ,8.313878121086e-01  ,9.685383782326e-01  ,9.523465853939e-01  ,8.423745705800e-01  
  2.499545147868e-07  ,-1.200340518091e-01  ,9.690929395482e-02  ,8.999631408007e-01  ,8.973370386982e-01  ,8.399461148962e-01  ,9.599801667053e-01  ,9.457916856756e-01  ,8.488823917208e-01  
  2.500545155483e-07  ,-1.028982303468e-01  ,8.382903524765e-02  ,8.999631863285e-01  ,8.973139191386e-01  ,8.485140711551e-01  ,9.514123015019e-01  ,9.392284367625e-01  ,8.553994015148e-01  
  2.501545163097e-07  ,-8.574612039392e-02  ,7.073367486102e-02  ,8.999632317485e-01  ,8.972912230639e-01  ,8.570901715515e-01  ,9.428362919454e-01  ,9.326580604944e-01  ,8.619243856334e-01  
  2.502545170712e-07  ,-6.858007736236e-02  ,5.762507168406e-02  ,8.999632770500e-01  ,8.972689535857e-01  ,8.656732383689e-01  ,9.342533157312e-01  ,9.260814894277e-01  ,8.684564177436e-01  
  2.503545178326e-07  ,-5.140262742615e-02  ,4.450524127221e-02  ,8.999633222282e-01  ,8.972471143759e-01  ,8.742620085151e-01  ,9.256646359413e-01  ,9.194997350120e-01  ,8.749944937398e-01  
  2.504545185941e-07  ,-3.421578022746e-02  ,3.137573516341e-02  ,8.999633672764e-01  ,8.972257083798e-01  ,8.828554771627e-01  ,9.170712573901e-01  ,9.129135759615e-01  ,8.815378407981e-01  
  2.505545193555e-07  ,-1.702333531600e-02  ,1.823950330039e-02  ,8.999634121843e-01  ,8.972047410804e-01  ,8.914517445263e-01  ,9.084750798423e-01  ,9.063244927306e-01  ,8.880849894302e-01  
  2.506545201170e-07  ,1.722597526922e-04  ,5.098410908738e-03  ,8.999634569445e-01  ,8.971842155726e-01  ,9.000495868208e-01  ,8.998773270681e-01  ,8.997334210270e-01  ,8.946350101182e-01  
  2.507545208784e-07  ,1.736910382638e-02  ,-8.046026047478e-03  ,8.999635015563e-01  ,8.971641342122e-01  ,9.086480534695e-01  ,8.912789496432e-01  ,8.931411211884e-01  ,9.011871472359e-01  
  2.508545216399e-07  ,3.456392893825e-02  ,-2.119124151427e-02  ,8.999635460116e-01  ,8.971445009026e-01  ,9.172455104807e-01  ,8.826815815424e-01  ,8.865488801455e-01  ,9.077401216598e-01  
  2.509545224013e-07  ,5.175340404396e-02  ,-3.433478519539e-02  ,8.999635902913e-01  ,8.971253193715e-01  ,9.258402923133e-01  ,8.740868882693e-01  ,8.799579267738e-01  ,9.142927119692e-01  
  2.510545231628e-07  ,6.893560255683e-02  ,-4.747525695622e-02  ,8.999636343885e-01  ,8.971065916879e-01  ,9.344314356669e-01  ,8.654958331101e-01  ,8.733689632098e-01  ,9.208442201660e-01  
  2.511545239242e-07  ,8.610721575163e-02  ,-6.061020677754e-02  ,8.999636782985e-01  ,8.970883210666e-01  ,9.430172861743e-01  ,8.569100704227e-01  ,8.667832176778e-01  ,9.273934244554e-01  
  2.512545246857e-07  ,1.032650663878e-01  ,-7.373718543852e-02  ,8.999637220162e-01  ,8.970705096122e-01  ,9.515962552101e-01  ,8.483311888223e-01  ,8.602019168930e-01  ,9.339391023315e-01  
  2.513545254471e-07  ,1.204067726650e-01  ,-8.685432777689e-02  ,8.999637655348e-01  ,8.970531588149e-01  ,9.601671518673e-01  ,8.397603792023e-01  ,8.536259949265e-01  ,9.404803227034e-01  
  2.514545262086e-07  ,1.375297571710e-01  ,-9.995961427339e-02  ,8.999638088499e-01  ,8.970362709985e-01  ,9.687286874354e-01  ,8.311989302644e-01  ,8.470564638618e-01  ,9.470160781351e-01  
  2.515545269700e-07  ,1.546320206125e-01  ,-1.130514923529e-01  ,8.999638519567e-01  ,8.970198485250e-01  ,9.772798622630e-01  ,8.226478416505e-01  ,8.404941023486e-01  ,9.535455947015e-01  
  2.516545277315e-07  ,1.717102003240e-01  ,-1.261273629811e-01  ,8.999638948458e-01  ,8.970038959257e-01  ,9.858189950078e-01  ,8.141087946838e-01  ,8.339402144352e-01  ,9.600675774163e-01  
  2.517545284929e-07  ,1.887611501434e-01  ,-1.391847863071e-01  ,8.999639375104e-01  ,8.969884175994e-01  ,9.943445125821e-01  ,8.055833624387e-01  ,8.273960244459e-01  ,9.665808107529e-01  
  2.518545292544e-07  ,2.057825017694e-01  ,-1.522219060967e-01  ,8.999639799471e-01  ,8.969734160718e-01  ,1.002855230832e+00  ,7.970727290624e-01  ,8.208624630234e-01  ,9.730843691201e-01  
  2.519545300158e-07  ,2.227723175581e-01  ,-1.652372155643e-01  ,8.999640221509e-01  ,8.969588933212e-01  ,1.011350180930e+00  ,7.885778633718e-01  ,8.143402855390e-01  ,9.795775011034e-01  
  2.520545307773e-07  ,2.397268741640e-01  ,-1.782278208261e-01  ,8.999640641124e-01  ,8.969448534470e-01  ,1.019827501194e+00  ,7.801006270304e-01  ,8.078309430339e-01  ,9.860587638600e-01  
  2.521545315387e-07  ,2.566438044345e-01  ,-1.911918748560e-01  ,8.999641058257e-01  ,8.969312990918e-01  ,1.028286008043e+00  ,7.716422036085e-01  ,8.013353616638e-01  ,9.925272365197e-01  
  2.522545323002e-07  ,2.735211750943e-01  ,-2.041278789378e-01  ,8.999641472849e-01  ,8.969182319758e-01  ,1.036724734832e+00  ,7.632035597378e-01  ,7.948542925069e-01  ,9.989821714448e-01  
  2.523545330616e-07  ,2.903557071413e-01  ,-2.170333000582e-01  ,8.999641884797e-01  ,8.969056541251e-01  ,1.045142042050e+00  ,7.547863349090e-01  ,7.883890040960e-01  ,1.005422304154e+00  
  2.524545338231e-07  ,3.071442950377e-01  ,-2.299057285394e-01  ,8.999642294032e-01  ,8.968935661246e-01  ,1.053536376922e+00  ,7.463920818843e-01  ,7.819407018549e-01  ,1.011846430394e+00  
  2.525545345845e-07  ,3.238851720488e-01  ,-2.427437907209e-01  ,8.999642700519e-01  ,8.968819686863e-01  ,1.061906856076e+00  ,7.380216840276e-01  ,7.755100733259e-01  ,1.018253864047e+00  
  2.526545353460e-07  ,3.405752434702e-01  ,-2.555450862883e-01  ,8.999643104182e-01  ,8.968708638732e-01  ,1.070251932153e+00  ,7.296766886831e-01  ,7.690983207290e-01  ,1.024643407017e+00  
  2.527545361074e-07  ,3.572118626841e-01  ,-2.683075648801e-01  ,8.999643504950e-01  ,8.968602544636e-01  ,1.078570281837e+00  ,7.213584191530e-01  ,7.627064720235e-01  ,1.031014036904e+00  
  2.528545368689e-07  ,3.737919780508e-01  ,-2.810288425907e-01  ,8.999643902777e-01  ,8.968501431441e-01  ,1.086860379303e+00  ,7.130684012523e-01  ,7.563357218487e-01  ,1.037364564439e+00  
  2.529545376303e-07  ,3.903138482796e-01  ,-2.937075613358e-01  ,8.999644297618e-01  ,8.968405311317e-01  ,1.095121353902e+00  ,7.048075056220e-01  ,7.499867504638e-01  ,1.043694311800e+00  
  2.530545383918e-07  ,4.067740017707e-01  ,-3.063410115733e-01  ,8.999644689387e-01  ,8.968314211770e-01  ,1.103351469824e+00  ,6.965774680533e-01  ,7.436609153904e-01  ,1.050001926964e+00  
  2.531545391532e-07  ,4.231701433356e-01  ,-3.189273956791e-01  ,8.999645078036e-01  ,8.968228153891e-01  ,1.111549579471e+00  ,6.883794361358e-01  ,7.373591175496e-01  ,1.056286513229e+00  
  2.532545399147e-07  ,4.394997927730e-01  ,-3.314647721724e-01  ,8.999645463508e-01  ,8.968147156389e-01  ,1.119714442737e+00  ,6.802146499642e-01  ,7.310823295527e-01  ,1.062547101725e+00  
  2.533545406761e-07  ,4.557610302207e-01  ,-3.439516518621e-01  ,8.999645845747e-01  ,8.968071229069e-01  ,1.127845099685e+00  ,6.720840694644e-01  ,7.248312969758e-01  ,1.068782948838e+00  
  2.534545414376e-07  ,4.719506334772e-01  ,-3.563855466637e-01  ,8.999646224668e-01  ,8.968000381977e-01  ,1.135939939205e+00  ,6.639893057282e-01  ,7.186072648658e-01  ,1.074992811530e+00  
  2.535545421990e-07  ,4.880656043192e-01  ,-3.687641323422e-01  ,8.999646600211e-01  ,8.967934616864e-01  ,1.143997462181e+00  ,6.559318578615e-01  ,7.124113955154e-01  ,1.081175527858e+00  
  2.536545429605e-07  ,5.041042428712e-01  ,-3.810860864641e-01  ,8.999646972339e-01  ,8.967873937292e-01  ,1.152016818669e+00  ,6.479125757983e-01  ,7.062443504972e-01  ,1.087330436961e+00  
  2.537545437219e-07  ,5.200635763396e-01  ,-3.933491007063e-01  ,8.999647340972e-01  ,8.967818352301e-01  ,1.159996522267e+00  ,6.399329459274e-01  ,7.001072848769e-01  ,1.093456385583e+00  
  2.538545444834e-07  ,5.359406667353e-01  ,-4.055508819522e-01  ,8.999647706046e-01  ,8.967767874166e-01  ,1.167935103972e+00  ,6.319944372369e-01  ,6.940013464405e-01  ,1.099552228393e+00  
  2.539545452448e-07  ,5.517338437108e-01  ,-4.176901261856e-01  ,8.999648067525e-01  ,8.967722509824e-01  ,1.175831728608e+00  ,6.240978848971e-01  ,6.879271878896e-01  ,1.105617314075e+00  
  2.540545460063e-07  ,5.674397836286e-01  ,-4.297642351985e-01  ,8.999648425334e-01  ,8.967682274854e-01  ,1.183684734348e+00  ,6.162449507191e-01  ,6.818861098862e-01  ,1.111650345085e+00  
  2.541545467677e-07  ,5.830568297580e-01  ,-4.417719182157e-01  ,8.999648779430e-01  ,8.967647178132e-01  ,1.191493292822e+00  ,6.084364630640e-01  ,6.758787587054e-01  ,1.117650676921e+00  
  2.542545475292e-07  ,5.985820858787e-01  ,-4.537109233385e-01  ,8.999649129745e-01  ,8.967617233845e-01  ,1.199255955914e+00  ,6.006738700352e-01  ,6.699062617152e-01  ,1.123617185054e+00  
  2.543545482906e-07  ,6.140126927839e-01  ,-4.655790164912e-01  ,8.999649476226e-01  ,8.967592449472e-01  ,1.206971294015e+00  ,5.929586012307e-01  ,6.639697367016e-01  ,1.129548753193e+00  
  2.544545490521e-07  ,6.293465034140e-01  ,-4.773745071299e-01  ,8.999649818830e-01  ,8.967572825852e-01  ,1.214638233590e+00  ,5.852917301760e-01  ,6.580700290203e-01  ,1.135444536150e+00  
  2.545545498135e-07  ,6.445817660387e-01  ,-4.890960271107e-01  ,8.999650157512e-01  ,8.967558362655e-01  ,1.222255898771e+00  ,5.776741327319e-01  ,6.522078227102e-01  ,1.141303849821e+00  
  2.546545505750e-07  ,6.597151264005e-01  ,-5.007409584893e-01  ,8.999650492188e-01  ,8.967549057960e-01  ,1.229822612419e+00  ,5.701074860185e-01  ,6.463844265513e-01  ,1.147125385041e+00  
  2.547545513364e-07  ,6.747444670302e-01  ,-5.123076420919e-01  ,8.999650822814e-01  ,8.967544909564e-01  ,1.237337315796e+00  ,5.625928487663e-01  ,6.406006699104e-01  ,1.152908312002e+00  
  2.548545520979e-07  ,6.896680647407e-01  ,-5.237947356710e-01  ,8.999651149348e-01  ,8.967545915730e-01  ,1.244799147305e+00  ,5.551310825644e-01  ,6.348572237375e-01  ,1.158651959409e+00  
  2.549545528593e-07  ,7.044826268293e-01  ,-5.351996720714e-01  ,8.999651471713e-01  ,8.967552074005e-01  ,1.252206460586e+00  ,5.477238337566e-01  ,6.291553713648e-01  ,1.164355043436e+00  
  2.550545536208e-07  ,7.191860807347e-01  ,-5.465208258292e-01  ,8.999651789868e-01  ,8.967563384558e-01  ,1.259558219354e+00  ,5.403721386194e-01  ,6.234959255412e-01  ,1.170016751370e+00  
  2.551545543822e-07  ,7.337767408197e-01  ,-5.577568824957e-01  ,8.999652103774e-01  ,8.967579848249e-01  ,1.266853580787e+00  ,5.330768399676e-01  ,6.178795435771e-01  ,1.175636426073e+00  
  2.552545551437e-07  ,7.482513880899e-01  ,-5.689053293473e-01  ,8.999652413361e-01  ,8.967601466914e-01  ,1.274090935381e+00  ,5.258395472911e-01  ,6.123074820178e-01  ,1.181212811365e+00  
  2.553545559051e-07  ,7.626084905293e-01  ,-5.799649727523e-01  ,8.999652718592e-01  ,8.967628240510e-01  ,1.281269517124e+00  ,5.186610265945e-01  ,6.067803376749e-01  ,1.186745310427e+00  
  2.554545566666e-07  ,7.768453774893e-01  ,-5.909337332479e-01  ,8.999653019411e-01  ,8.967660166502e-01  ,1.288387990686e+00  ,5.115426131965e-01  ,6.012991500262e-01  ,1.192232883274e+00  
  2.555545574280e-07  ,7.909597868596e-01  ,-6.018098464232e-01  ,8.999653315768e-01  ,8.967697237942e-01  ,1.295445225007e+00  ,5.044854381471e-01  ,5.958648005826e-01  ,1.197674647006e+00  
  2.556545581895e-07  ,8.049491283393e-01  ,-6.125912737893e-01  ,8.999653607618e-01  ,8.967739443047e-01  ,1.302439924931e+00  ,4.974907965922e-01  ,5.904783074101e-01  ,1.203069581199e+00  
  2.557545589509e-07  ,8.188119327135e-01  ,-6.232768604686e-01  ,8.999653894930e-01  ,8.967786774382e-01  ,1.309371355850e+00  ,4.905594231362e-01  ,5.851402472039e-01  ,1.208417107673e+00  
  2.558545597124e-07  ,8.325456337362e-01  ,-6.338645955765e-01  ,8.999654177642e-01  ,8.967839218960e-01  ,1.316238234632e+00  ,4.836926008961e-01  ,5.798516241078e-01  ,1.213716219684e+00  
  2.559545604738e-07  ,8.461480514993e-01  ,-6.443527748940e-01  ,8.999654455708e-01  ,8.967896766029e-01  ,1.323039471320e+00  ,4.768914198211e-01  ,5.746132891559e-01  ,1.218966064050e+00  
  2.560545612353e-07  ,8.596166899255e-01  ,-6.547394316186e-01  ,8.999654729090e-01  ,8.967959404038e-01  ,1.329773817872e+00  ,4.701571279462e-01  ,5.694262245945e-01  ,1.224165656213e+00  
  2.561545619967e-07  ,8.729496789574e-01  ,-6.650230838911e-01  ,8.999654997750e-01  ,8.968027124945e-01  ,1.336440339254e+00  ,4.634906602963e-01  ,5.642911705490e-01  ,1.229314254440e+00  
  2.562545627582e-07  ,8.861454962008e-01  ,-6.752025354104e-01  ,8.999655261651e-01  ,8.968099922500e-01  ,1.343038274266e+00  ,4.568927780647e-01  ,5.592087245448e-01  ,1.234411259955e+00  
  2.563545635196e-07  ,8.992015691549e-01  ,-6.852757741504e-01  ,8.999655520736e-01  ,8.968177786326e-01  ,1.349566336651e+00  ,4.503647674962e-01  ,5.541798915573e-01  ,1.239455665708e+00  
  2.564545642811e-07  ,9.121154863364e-01  ,-6.952409099741e-01  ,8.999655774962e-01  ,8.968260705374e-01  ,1.356023320664e+00  ,4.439078343280e-01  ,5.492056155504e-01  ,1.244446525524e+00  
  2.565545650425e-07  ,9.248854501998e-01  ,-7.050965205888e-01  ,8.999656024300e-01  ,8.968348667929e-01  ,1.362408327530e+00  ,4.375228773301e-01  ,5.442866064985e-01  ,1.249383127087e+00  
  2.566545658040e-07  ,9.375095297647e-01  ,-7.148410789798e-01  ,8.999656268712e-01  ,8.968441658085e-01  ,1.368720391754e+00  ,4.312108619889e-01  ,5.394236263186e-01  ,1.254264705298e+00  
  2.567545665654e-07  ,9.499857604561e-01  ,-7.244730348997e-01  ,8.999656508158e-01  ,8.968539657162e-01  ,1.374958531044e+00  ,4.249727705877e-01  ,5.346174482664e-01  ,1.259090483166e+00  
  2.568545673268e-07  ,9.623121785902e-01  ,-7.339908422905e-01  ,8.999656742598e-01  ,8.968642645639e-01  ,1.381121763555e+00  ,4.188095849647e-01  ,5.298688434187e-01  ,1.263859685709e+00  
  2.569545680883e-07  ,9.744868345519e-01  ,-7.433929686188e-01  ,8.999656971996e-01  ,8.968750604328e-01  ,1.387209114476e+00  ,4.127222799237e-01  ,5.251785761234e-01  ,1.268571544742e+00  
  2.570545688497e-07  ,9.865082682293e-01  ,-7.526782747650e-01  ,8.999657196320e-01  ,8.968863519107e-01  ,1.393219853747e+00  ,4.067115855173e-01  ,5.205472145282e-01  ,1.273225489293e+00  
  2.571545696112e-07  ,9.983737535216e-01  ,-7.618446311849e-01  ,8.999657415517e-01  ,8.968981363218e-01  ,1.399152618312e+00  ,4.007788647909e-01  ,5.159758207294e-01  ,1.277820451914e+00  
  2.572545703726e-07  ,1.010082031152e+00  ,-7.708910537592e-01  ,8.999657629566e-01  ,8.969104123842e-01  ,1.405006778533e+00  ,3.949247473804e-01  ,5.114648855046e-01  ,1.282355939264e+00  
  2.573545711341e-07  ,1.021630915709e+00  ,-7.798158329693e-01  ,8.999657838431e-01  ,8.969231778605e-01  ,1.410781241698e+00  ,3.891503259885e-01  ,5.070152613759e-01  ,1.286831094345e+00  
  2.574545718955e-07  ,1.033018572698e+00  ,-7.886175277040e-01  ,8.999658042078e-01  ,8.969364308912e-01  ,1.416475090557e+00  ,3.834565178588e-01  ,5.026276670392e-01  ,1.291245194743e+00  
  2.575545726570e-07  ,1.044242915257e+00  ,-7.972944832660e-01  ,8.999658240480e-01  ,8.969501692689e-01  ,1.422087281677e+00  ,3.778443664194e-01  ,4.983029276359e-01  ,1.295597410902e+00  
  2.576545734184e-07  ,1.055302388824e+00  ,-8.058454594886e-01  ,8.999658433611e-01  ,8.969643910518e-01  ,1.427617037773e+00  ,3.723146489492e-01  ,4.940416613076e-01  ,1.299887120796e+00  
  2.577545741799e-07  ,1.066195732129e+00  ,-8.142694581999e-01  ,8.999658621445e-01  ,8.969790945201e-01  ,1.433063728209e+00  ,3.668679960798e-01  ,4.898443654202e-01  ,1.304113823620e+00  
  2.578545749413e-07  ,1.076920820483e+00  ,-8.225648054508e-01  ,8.999658803943e-01  ,8.969942766193e-01  ,1.438426290636e+00  ,3.615054701529e-01  ,4.857118738939e-01  ,1.308276679345e+00  
  2.579545757028e-07  ,1.087475945998e+00  ,-8.307301599508e-01  ,8.999658981079e-01  ,8.970099347246e-01  ,1.443703871107e+00  ,3.562279251088e-01  ,4.816448547492e-01  ,1.312375014700e+00  
  2.580545764642e-07  ,1.097859171636e+00  ,-8.387639850031e-01  ,8.999659152832e-01  ,8.970260658478e-01  ,1.448895501101e+00  ,3.510363294654e-01  ,4.776440733462e-01  ,1.316408058349e+00  
  2.581545772257e-07  ,1.108069058382e+00  ,-8.466651314798e-01  ,8.999659319180e-01  ,8.970426676544e-01  ,1.454000461109e+00  ,3.459314027272e-01  ,4.737101019145e-01  ,1.320375233394e+00  
  2.582545779871e-07  ,1.118104440642e+00  ,-8.544326756807e-01  ,8.999659480100e-01  ,8.970597382098e-01  ,1.459018168331e+00  ,3.409137276890e-01  ,4.698434003695e-01  ,1.324276076050e+00  
  2.583545787486e-07  ,1.127963105216e+00  ,-8.620648650721e-01  ,8.999659635553e-01  ,8.970772738182e-01  ,1.463947516164e+00  ,3.359844109472e-01  ,4.660448412821e-01  ,1.328109706354e+00  
  2.584545795100e-07  ,1.137644010670e+00  ,-8.695608780197e-01  ,8.999659785523e-01  ,8.970952727579e-01  ,1.468787983888e+00  ,3.311439732171e-01  ,4.623148337480e-01  ,1.331875711768e+00  
  2.585545802715e-07  ,1.147145351845e+00  ,-8.769192911307e-01  ,8.999659929978e-01  ,8.971137320081e-01  ,1.473538668921e+00  ,3.263933170751e-01  ,4.586540864428e-01  ,1.335573377573e+00  
  2.586545810329e-07  ,1.156465381676e+00  ,-8.841387174095e-01  ,8.999660068896e-01  ,8.971326482577e-01  ,1.478198697728e+00  ,3.217333160514e-01  ,4.550632895529e-01  ,1.339202006962e+00  
  2.587545817944e-07  ,1.165603121428e+00  ,-8.912183790128e-01  ,8.999660202265e-01  ,8.971520193960e-01  ,1.482767580940e+00  ,3.171644595125e-01  ,4.515428298896e-01  ,1.342761208902e+00  
  2.588545825558e-07  ,1.174556873218e+00  ,-8.981569295706e-01  ,8.999660330061e-01  ,8.971718416577e-01  ,1.487244469615e+00  ,3.126875963972e-01  ,4.480933768724e-01  ,1.346250306443e+00  
  2.589545833173e-07  ,1.183324992638e+00  ,-9.049530600908e-01  ,8.999660452263e-01  ,8.971921113221e-01  ,1.491628541545e+00  ,3.083035489071e-01  ,4.447155812767e-01  ,1.349668641367e+00  
  2.590545840787e-07  ,1.191906559419e+00  ,-9.116060376968e-01  ,8.999660568859e-01  ,8.972128263048e-01  ,1.495919336595e+00  ,3.040127771764e-01  ,4.414098074564e-01  ,1.353015845153e+00  
  2.591545848402e-07  ,1.200299978475e+00  ,-9.181145950787e-01  ,8.999660679823e-01  ,8.972339828340e-01  ,1.500116057220e+00  ,2.998160787447e-01  ,4.381766852947e-01  ,1.356291280373e+00  
  2.592545856016e-07  ,1.208503917526e+00  ,-9.244776748859e-01  ,8.999660785137e-01  ,8.972555774313e-01  ,1.504218037277e+00  ,2.957141197506e-01  ,4.350167399884e-01  ,1.359494414874e+00  
  2.593545863631e-07  ,1.216516873791e+00  ,-9.306940750543e-01  ,8.999660884790e-01  ,8.972776060949e-01  ,1.508224525375e+00  ,2.917076515835e-01  ,4.319305685677e-01  ,1.362624643622e+00  
  2.594545871245e-07  ,1.224337738845e+00  ,-9.367629039624e-01  ,8.999660978771e-01  ,8.973000659841e-01  ,1.512134967300e+00  ,2.877972284545e-01  ,4.289186140029e-01  ,1.365681517965e+00  
  2.595545878860e-07  ,1.231965619434e+00  ,-9.426834482885e-01  ,8.999661067062e-01  ,8.973229547795e-01  ,1.515948916423e+00  ,2.839832969892e-01  ,4.259812306353e-01  ,1.368664678924e+00  
  2.596545886474e-07  ,1.239398829719e+00  ,-9.484543627610e-01  ,8.999661149643e-01  ,8.973462677760e-01  ,1.519665529824e+00  ,2.802667001046e-01  ,4.231190863955e-01  ,1.371573449157e+00  
  2.597545894089e-07  ,1.246636335346e+00  ,-9.540748189573e-01  ,8.999661226505e-01  ,8.973700016534e-01  ,1.523284290324e+00  ,2.766479549775e-01  ,4.203325921748e-01  ,1.374407411132e+00  
  2.598545901703e-07  ,1.253677306215e+00  ,-9.595441551184e-01  ,8.999661297638e-01  ,8.973941536667e-01  ,1.526804782872e+00  ,2.731274766561e-01  ,4.176220761075e-01  ,1.377166231226e+00  
  2.599545909318e-07  ,1.260520357293e+00  ,-9.648612695759e-01  ,8.999661363023e-01  ,8.974187191580e-01  ,1.530226314949e+00  ,2.697059576559e-01  ,4.149880843700e-01  ,1.379849353946e+00  
  2.600545916932e-07  ,1.267164228603e+00  ,-9.700251548233e-01  ,8.999661422651e-01  ,8.974436936159e-01  ,1.533548256567e+00  ,2.663840279635e-01  ,4.124311162042e-01  ,1.382456271028e+00  
  2.601545924547e-07  ,1.273608222755e+00  ,-9.750352514266e-01  ,8.999661476516e-01  ,8.974690743726e-01  ,1.536770259029e+00  ,2.631620362743e-01  ,4.099514486593e-01  ,1.384986700086e+00  
  2.602545932161e-07  ,1.279851138172e+00  ,-9.798905967407e-01  ,8.999661524607e-01  ,8.974948566565e-01  ,1.539891721547e+00  ,2.600405833748e-01  ,4.075495582862e-01  ,1.387440155027e+00  
  2.603545939776e-07  ,1.285891984327e+00  ,-9.845903966944e-01  ,8.999661566913e-01  ,8.975210362868e-01  ,1.542912148855e+00  ,2.570201645279e-01  ,4.052258379396e-01  ,1.389816234634e+00  
  2.604545947390e-07  ,1.291729805395e+00  ,-9.891338819838e-01  ,8.999661603432e-01  ,8.975476091931e-01  ,1.545831063041e+00  ,2.541012576456e-01  ,4.029806682012e-01  ,1.392114550185e+00  
  2.605545955005e-07  ,1.297363535397e+00  ,-9.935201890087e-01  ,8.999661634155e-01  ,8.975745707102e-01  ,1.548647931114e+00  ,2.512843957168e-01  ,4.008144762059e-01  ,1.394334665215e+00  
  2.606545962619e-07  ,1.302792585456e+00  ,-9.977488409839e-01  ,8.999661659080e-01  ,8.976019180999e-01  ,1.551362458636e+00  ,2.485698731802e-01  ,3.987274976080e-01  ,1.396476338592e+00  
  2.607545970234e-07  ,1.308015810092e+00  ,-1.001818909526e+00  ,8.999661678204e-01  ,8.976296457161e-01  ,1.553974072866e+00  ,2.459582627742e-01  ,3.967201909532e-01  ,1.398539100479e+00  
  2.608545977848e-07  ,1.313032487793e+00  ,-1.005729807532e+00  ,8.999661691523e-01  ,8.976577496546e-01  ,1.556482413049e+00  ,2.434499252559e-01  ,3.947928458888e-01  ,1.400522653420e+00  
  2.609545985463e-07  ,1.317842044354e+00  ,-1.009481069982e+00  ,8.999661699035e-01  ,8.976862267230e-01  ,1.558887192080e+00  ,2.410451477266e-01  ,3.929456917321e-01  ,1.402426761714e+00  
  2.610545993077e-07  ,1.322443529767e+00  ,-1.013071929197e+00  ,8.999661700735e-01  ,8.977150714522e-01  ,1.561187934957e+00  ,2.387444051899e-01  ,3.911791068536e-01  ,1.404251036051e+00  
  2.611546000692e-07  ,1.326836098995e+00  ,-1.016501698924e+00  ,8.999661696623e-01  ,8.977442783770e-01  ,1.563384219160e+00  ,2.365481201649e-01  ,3.894934289151e-01  ,1.405995127839e+00  
  2.612546008306e-07  ,1.331019146995e+00  ,-1.019769882965e+00  ,8.999661686701e-01  ,8.977738431916e-01  ,1.565475742168e+00  ,2.344565951724e-01  ,3.878889017090e-01  ,1.407658784674e+00  
  2.613546015921e-07  ,1.334992043864e+00  ,-1.022875964169e+00  ,8.999661670971e-01  ,8.978037612180e-01  ,1.567462189029e+00  ,2.324701451650e-01  ,3.863657791336e-01  ,1.409241743302e+00  
  2.614546023535e-07  ,1.338754320323e+00  ,-1.025819559020e+00  ,8.999661649432e-01  ,8.978340288642e-01  ,1.569343325105e+00  ,2.305890047819e-01  ,3.849242493542e-01  ,1.410743808374e+00  
  2.615546031150e-07  ,1.342305214582e+00  ,-1.028600045871e+00  ,8.999661622085e-01  ,8.978646401169e-01  ,1.571118769499e+00  ,2.288135549177e-01  ,3.835646171816e-01  ,1.412164663052e+00  
  2.616546038764e-07  ,1.345644075197e+00  ,-1.031216889357e+00  ,8.999661588937e-01  ,8.978955892723e-01  ,1.572788196492e+00  ,2.271441212951e-01  ,3.822871445941e-01  ,1.413504033951e+00  
  2.617546046379e-07  ,1.348770553550e+00  ,-1.033669800962e+00  ,8.999661549993e-01  ,8.979268730167e-01  ,1.574351431774e+00  ,2.255808782243e-01  ,3.810919725359e-01  ,1.414761773498e+00  
  2.618546053993e-07  ,1.351684061443e+00  ,-1.035958293239e+00  ,8.999661505258e-01  ,8.979584855006e-01  ,1.575808181247e+00  ,2.241241198042e-01  ,3.799793388811e-01  ,1.415937632120e+00  
  2.619546061608e-07  ,1.354384068418e+00  ,-1.038081922464e+00  ,8.999661454742e-01  ,8.979904207743e-01  ,1.577158179683e+00  ,2.227741112651e-01  ,3.789494595421e-01  ,1.417031382007e+00  
  2.620546069222e-07  ,1.356870294018e+00  ,-1.040040452633e+00  ,8.999661398452e-01  ,8.980226754009e-01  ,1.578401286854e+00  ,2.215309928361e-01  ,3.780024490844e-01  ,1.418042901717e+00  
  2.621546076837e-07  ,1.359142269298e+00  ,-1.041833488329e+00  ,8.999661336396e-01  ,8.980552432967e-01  ,1.579537268288e+00  ,2.203949989908e-01  ,3.771384991321e-01  ,1.418971987461e+00  
  2.622546084451e-07  ,1.361199582086e+00  ,-1.043460678183e+00  ,8.999661268586e-01  ,8.980881181674e-01  ,1.580565917902e+00  ,2.193663358156e-01  ,3.763577790758e-01  ,1.419818457259e+00  
  2.623546092066e-07  ,1.363041954124e+00  ,-1.044921781960e+00  ,8.999661195032e-01  ,8.981212951106e-01  ,1.581487096565e+00  ,2.184451424412e-01  ,3.756604041306e-01  ,1.420582186091e+00  
  2.624546099680e-07  ,1.364669174746e+00  ,-1.046216617000e+00  ,8.999661115742e-01  ,8.981547701372e-01  ,1.582300698947e+00  ,2.176315242011e-01  ,3.750464616373e-01  ,1.421263078637e+00  
  2.625546107295e-07  ,1.366080912712e+00  ,-1.047344894283e+00  ,8.999661030732e-01  ,8.981885365143e-01  ,1.583006559429e+00  ,2.169256467172e-01  ,3.745160893728e-01  ,1.421860983656e+00  
  2.626546114909e-07  ,1.367276913618e+00  ,-1.048306386352e+00  ,8.999660940016e-01  ,8.982225878293e-01  ,1.583604550811e+00  ,2.163276371926e-01  ,3.740693946533e-01  ,1.422375781005e+00  
  2.627546122524e-07  ,1.368257019026e+00  ,-1.049100947552e+00  ,8.999660843609e-01  ,8.982569191388e-01  ,1.584094593874e+00  ,2.158375748477e-01  ,3.737064453629e-01  ,1.422807392915e+00  
  2.628546130138e-07  ,1.369021083970e+00  ,-1.049728441174e+00  ,8.999660741524e-01  ,8.982915250321e-01  ,1.584476616137e+00  ,2.154555321676e-01  ,3.734273044449e-01  ,1.423155745619e+00  
  2.629546137753e-07  ,1.369569016328e+00  ,-1.050188776820e+00  ,8.999660633774e-01  ,8.983264013209e-01  ,1.584750571541e+00  ,2.151815552133e-01  ,3.732320129110e-01  ,1.423420789731e+00  
  2.630546145367e-07  ,1.369900689824e+00  ,-1.050481824444e+00  ,8.999660520379e-01  ,8.983615409626e-01  ,1.584916396950e+00  ,2.150157071261e-01  ,3.731206287408e-01  ,1.423602453184e+00  
  2.631546152982e-07  ,1.370016053124e+00  ,-1.050607518139e+00  ,8.999660401359e-01  ,8.983969382279e-01  ,1.584974066698e+00  ,2.149580135739e-01  ,3.730931791584e-01  ,1.423700697297e+00  
  2.632546160596e-07  ,1.369915088897e+00  ,-1.050565818764e+00  ,8.999660276732e-01  ,8.984325873162e-01  ,1.584923572122e+00  ,2.150084832248e-01  ,3.731496779344e-01  ,1.423715496698e+00  
  2.633546168211e-07  ,1.369597821596e+00  ,-1.050356717088e+00  ,8.999660146521e-01  ,8.984684813314e-01  ,1.584764925450e+00  ,2.151671038541e-01  ,3.732901227875e-01  ,1.423646839875e+00  
  2.634546175825e-07  ,1.369064288360e+00  ,-1.049980225683e+00  ,8.999660010740e-01  ,8.985046162974e-01  ,1.584498145254e+00  ,2.154338568941e-01  ,3.735145034561e-01  ,1.423494729139e+00  
  2.635546183440e-07  ,1.368314596958e+00  ,-1.049436396456e+00  ,8.999659869418e-01  ,8.985409842767e-01  ,1.584123285421e+00  ,2.158086884627e-01  ,3.738227860488e-01  ,1.423259182504e+00  
  2.636546191054e-07  ,1.367348860781e+00  ,-1.048725297713e+00  ,8.999659722575e-01  ,8.985775799893e-01  ,1.583640402648e+00  ,2.162915418672e-01  ,3.742149311326e-01  ,1.422940228846e+00  
  2.637546198669e-07  ,1.366167229482e+00  ,-1.047847024589e+00  ,8.999659570233e-01  ,8.986143977016e-01  ,1.583049571764e+00  ,2.168823422824e-01  ,3.746908854070e-01  ,1.422537909996e+00  
  2.638546206283e-07  ,1.364769887765e+00  ,-1.046801698763e+00  ,8.999659412416e-01  ,8.986514315135e-01  ,1.582350885124e+00  ,2.175809973593e-01  ,3.752505821322e-01  ,1.422052280895e+00  
  2.639546213898e-07  ,1.363156998549e+00  ,-1.045589428106e+00  ,8.999659249144e-01  ,8.986886769508e-01  ,1.581544424189e+00  ,2.183874256400e-01  ,3.758939628976e-01  ,1.421483391004e+00  
  2.640546221512e-07  ,1.361328864355e+00  ,-1.044210414596e+00  ,8.999659080451e-01  ,8.987261265262e-01  ,1.580630340223e+00  ,2.193014758674e-01  ,3.766209192283e-01  ,1.420831333824e+00  
  2.641546229127e-07  ,1.359285831374e+00  ,-1.042664898538e+00  ,8.999658906367e-01  ,8.987637731849e-01  ,1.579608806324e+00  ,2.203229749497e-01  ,3.774313239159e-01  ,1.420096222454e+00  
  2.642546236741e-07  ,1.357028119350e+00  ,-1.040953035016e+00  ,8.999658726911e-01  ,8.988016128750e-01  ,1.578479932366e+00  ,2.214518130161e-01  ,3.783250953668e-01  ,1.419278130383e+00  
  2.643546244355e-07  ,1.354556136998e+00  ,-1.039075113169e+00  ,8.999658542117e-01  ,8.988396384844e-01  ,1.577243922711e+00  ,2.226877857125e-01  ,3.793020818999e-01  ,1.418377195069e+00  
  2.644546251970e-07  ,1.351870346119e+00  ,-1.037031466441e+00  ,8.999658352018e-01  ,8.988778428450e-01  ,1.575901008261e+00  ,2.240306621424e-01  ,3.803621096244e-01  ,1.417393576066e+00  
  2.645546259584e-07  ,1.348971129205e+00  ,-1.034822376386e+00  ,8.999658156641e-01  ,8.989162204638e-01  ,1.574451380267e+00  ,2.254802510617e-01  ,3.815050322707e-01  ,1.416327408657e+00  
  2.646546267199e-07  ,1.345858816996e+00  ,-1.032448084264e+00  ,8.999657956009e-01  ,8.989547668715e-01  ,1.572895204099e+00  ,2.270363871029e-01  ,3.827307247396e-01  ,1.415178809003e+00  
  2.647546274813e-07  ,1.342533998704e+00  ,-1.029909018356e+00  ,8.999657750164e-01  ,8.989934745035e-01  ,1.571232774368e+00  ,2.286987756646e-01  ,3.840389653256e-01  ,1.413947983681e+00  
  2.648546282428e-07  ,1.338997295708e+00  ,-1.027205635538e+00  ,8.999657539142e-01  ,8.990323361416e-01  ,1.569464401768e+00  ,2.304671060601e-01  ,3.854295183727e-01  ,1.412635153910e+00  
  2.649546290042e-07  ,1.335249209817e+00  ,-1.024338311182e+00  ,8.999657322971e-01  ,8.990713462767e-01  ,1.567590337205e+00  ,2.323411273888e-01  ,3.869021906857e-01  ,1.411240501868e+00  
  2.650546297657e-07  ,1.331290169140e+00  ,-1.021307362668e+00  ,8.999657101676e-01  ,8.991105004227e-01  ,1.565610794737e+00  ,2.343206255977e-01  ,3.884568190888e-01  ,1.409764181757e+00  
  2.651546305271e-07  ,1.327120927944e+00  ,-1.018113346911e+00  ,8.999656875305e-01  ,8.991497909733e-01  ,1.563526151503e+00  ,2.364052235585e-01  ,3.900931175179e-01  ,1.408206464429e+00  
  2.652546312886e-07  ,1.322742152448e+00  ,-1.014756756023e+00  ,8.999656643895e-01  ,8.991892116774e-01  ,1.561336740614e+00  ,2.385945881653e-01  ,3.918108336661e-01  ,1.406567589689e+00  
  2.653546320500e-07  ,1.318154538034e+00  ,-1.011238108157e+00  ,8.999656407479e-01  ,8.992287562599e-01  ,1.559042909765e+00  ,2.408883717308e-01  ,3.936097021816e-01  ,1.404847810338e+00  
  2.654546328115e-07  ,1.313358811252e+00  ,-1.007557947429e+00  ,8.999656166098e-01  ,8.992684184362e-01  ,1.556645022236e+00  ,2.432862109837e-01  ,3.954894447214e-01  ,1.403047392151e+00  
  2.655546335729e-07  ,1.308355730756e+00  ,-1.003716843842e+00  ,8.999655919791e-01  ,8.993081919414e-01  ,1.554143457357e+00  ,2.457877266012e-01  ,3.974497700206e-01  ,1.401166613862e+00  
  2.656546343344e-07  ,1.303146087683e+00  ,-9.997153931857e-01  ,8.999655668593e-01  ,8.993480704964e-01  ,1.551538610701e+00  ,2.483925230176e-01  ,3.994903739035e-01  ,1.399205767089e+00  
  2.657546350958e-07  ,1.297730705777e+00  ,-9.955542169452e-01  ,8.999655412548e-01  ,8.993880477385e-01  ,1.548830894143e+00  ,2.511001883662e-01  ,4.016109392659e-01  ,1.397165156211e+00  
  2.658546358573e-07  ,1.292110441360e+00  ,-9.912339621952e-01  ,8.999655151696e-01  ,8.994281172530e-01  ,1.546020735850e+00  ,2.539102944894e-01  ,4.038111361554e-01  ,1.395045098351e+00  
  2.659546366187e-07  ,1.286286183240e+00  ,-9.867553015127e-01  ,8.999654886077e-01  ,8.994682726690e-01  ,1.543108580228e+00  ,2.568223969876e-01  ,4.060906219126e-01  ,1.392845923425e+00  
  2.660546373802e-07  ,1.280258852586e+00  ,-9.821189328810e-01  ,8.999654615735e-01  ,8.995085076686e-01  ,1.540094887867e+00  ,2.598360352805e-01  ,4.084490412281e-01  ,1.390567974109e+00  
  2.661546381416e-07  ,1.274029402785e+00  ,-9.773255795748e-01  ,8.999654340710e-01  ,8.995488158678e-01  ,1.536980135463e+00  ,2.629507326787e-01  ,4.108860260804e-01  ,1.388211605655e+00  
  2.662546389031e-07  ,1.267598819278e+00  ,-9.723759900319e-01  ,8.999654061048e-01  ,8.995891907553e-01  ,1.533764815744e+00  ,2.661659964660e-01  ,4.134011957394e-01  ,1.385777185771e+00  
  2.663546396645e-07  ,1.260968287577e+00  ,-9.672710714911e-01  ,8.999653776800e-01  ,8.996296247507e-01  ,1.530449521468e+00  ,2.694812338916e-01  ,4.159940890051e-01  ,1.383265160496e+00  
  2.664546404260e-07  ,1.254138508675e+00  ,-9.620113589847e-01  ,8.999653487995e-01  ,8.996701136022e-01  ,1.527034603137e+00  ,2.728960944621e-01  ,4.186644341099e-01  ,1.380675793095e+00  
  2.665546411874e-07  ,1.247110735826e+00  ,-9.565978053491e-01  ,8.999653194690e-01  ,8.997106498735e-01  ,1.523520687382e+00  ,2.764099515559e-01  ,4.214117471989e-01  ,1.378009552548e+00  
  2.666546419489e-07  ,1.239886086948e+00  ,-9.510312584952e-01  ,8.999652896935e-01  ,8.997512271048e-01  ,1.519908333168e+00  ,2.800222462195e-01  ,4.242355978572e-01  ,1.375266856352e+00  
  2.667546427103e-07  ,1.232465707782e+00  ,-9.453125908662e-01  ,8.999652594773e-01  ,8.997918387059e-01  ,1.516198113368e+00  ,2.837324055861e-01  ,4.271355432728e-01  ,1.372448134139e+00  
  2.668546434718e-07  ,1.224850773450e+00  ,-9.394426993006e-01  ,8.999652288253e-01  ,8.998324781258e-01  ,1.512390615550e+00  ,2.875398421003e-01  ,4.301111284755e-01  ,1.369553827776e+00  
  2.669546442332e-07  ,1.217042687280e+00  ,-9.334226631153e-01  ,8.999651977429e-01  ,8.998731379021e-01  ,1.508486541383e+00  ,2.914438541030e-01  ,4.331618063444e-01  ,1.366584469460e+00  
  2.670546449947e-07  ,1.209042274160e+00  ,-9.272531151374e-01  ,8.999651662331e-01  ,8.999138137481e-01  ,1.504486303313e+00  ,2.954440291532e-01  ,4.362872561794e-01  ,1.363540371317e+00  
  2.671546457561e-07  ,1.200851004128e+00  ,-9.209351787798e-01  ,8.999651343025e-01  ,8.999544980232e-01  ,1.500390636367e+00  ,2.995396322382e-01  ,4.394869086333e-01  ,1.360422087413e+00  
  2.672546465176e-07  ,1.192470393107e+00  ,-9.144700171792e-01  ,8.999651019567e-01  ,8.999951828978e-01  ,1.496200298510e+00  ,3.037299054033e-01  ,4.427601743082e-01  ,1.357230191487e+00  
  2.673546472790e-07  ,1.183901327931e+00  ,-9.078583107395e-01  ,8.999650691988e-01  ,9.000358639658e-01  ,1.491915733164e+00  ,3.080144052336e-01  ,4.461067085961e-01  ,1.353965019336e+00  
  2.674546480405e-07  ,1.175145385968e+00  ,-9.011012658234e-01  ,8.999650360353e-01  ,9.000765336137e-01  ,1.487537729019e+00  ,3.123923430515e-01  ,4.495259007020e-01  ,1.350627166525e+00  
  2.675546488019e-07  ,1.166203960047e+00  ,-8.941999459817e-01  ,8.999650024716e-01  ,9.001171853696e-01  ,1.483066982495e+00  ,3.168630224479e-01  ,4.530172123788e-01  ,1.347217158360e+00  
  2.676546495634e-07  ,1.157078467949e+00  ,-8.871554379362e-01  ,8.999649685122e-01  ,9.001578125944e-01  ,1.478504202486e+00  ,3.214257345378e-01  ,4.565800936263e-01  ,1.343735531563e+00  
  2.677546503248e-07  ,1.147770354513e+00  ,-8.799688513907e-01  ,8.999649341628e-01  ,9.001984085505e-01  ,1.473850111420e+00  ,3.260797569061e-01  ,4.602139828551e-01  ,1.340182834246e+00  
  2.678546510863e-07  ,1.138281333448e+00  ,-8.726415120095e-01  ,8.999648994298e-01  ,9.002389655825e-01  ,1.469105566154e+00  ,3.308242327058e-01  ,4.639182095778e-01  ,1.336559721587e+00  
  2.679546518477e-07  ,1.128612732688e+00  ,-8.651744532494e-01  ,8.999648643170e-01  ,9.002794779705e-01  ,1.464271230661e+00  ,3.356584979729e-01  ,4.676922513458e-01  ,1.332866704595e+00  
  2.680546526092e-07  ,1.118766016527e+00  ,-8.575688123663e-01  ,8.999648288301e-01  ,9.003199394129e-01  ,1.459347837094e+00  ,3.405818205666e-01  ,4.715355332298e-01  ,1.329104345596e+00  
  2.681546533706e-07  ,1.108742340170e+00  ,-8.498254764704e-01  ,8.999647929737e-01  ,9.003603449744e-01  ,1.454335963059e+00  ,3.455936228885e-01  ,4.754476067392e-01  ,1.325273083210e+00  
  2.682546541321e-07  ,1.098543672420e+00  ,-8.419459491549e-01  ,8.999647567556e-01  ,9.004006863210e-01  ,1.449236592965e+00  ,3.506929205458e-01  ,4.794277117436e-01  ,1.321373660898e+00  
  2.683546548935e-07  ,1.088171646413e+00  ,-8.339314742787e-01  ,8.999647201812e-01  ,9.004409567556e-01  ,1.444050543388e+00  ,3.558788969748e-01  ,4.834752196162e-01  ,1.317406693895e+00  
  2.684546556550e-07  ,1.077628179205e+00  ,-8.257835324972e-01  ,8.999646832560e-01  ,9.004811486967e-01  ,1.438778772859e+00  ,3.611505936533e-01  ,4.875893824481e-01  ,1.313372914945e+00  
  2.685546564164e-07  ,1.066914384650e+00  ,-8.175029842138e-01  ,8.999646459844e-01  ,9.005212578396e-01  ,1.433421838309e+00  ,3.665074536596e-01  ,4.917697657327e-01  ,1.309272749946e+00  
  2.686546571779e-07  ,1.056032236541e+00  ,-8.090913493062e-01  ,8.999646083737e-01  ,9.005612765816e-01  ,1.427980726644e+00  ,3.719484901032e-01  ,4.960156019284e-01  ,1.305106951235e+00  
  2.687546579393e-07  ,1.044983464448e+00  ,-8.005499572003e-01  ,8.999645704299e-01  ,9.006011982961e-01  ,1.422456302654e+00  ,3.774728382060e-01  ,5.003262196960e-01  ,1.300876176896e+00  
  2.688546587008e-07  ,1.033769819065e+00  ,-7.918801581681e-01  ,8.999645321585e-01  ,9.006410163883e-01  ,1.416849441691e+00  ,3.830796226259e-01  ,5.047009373042e-01  ,1.296581095472e+00  
  2.689546594622e-07  ,1.022393363641e+00  ,-7.830835555895e-01  ,8.999644935665e-01  ,9.006807233881e-01  ,1.411161175387e+00  ,3.887678117459e-01  ,5.091389455934e-01  ,1.292222501183e+00  
  2.690546602237e-07  ,1.010855297686e+00  ,-7.741610792983e-01  ,8.999644546577e-01  ,9.007203150939e-01  ,1.405392103501e+00  ,3.945368058148e-01  ,5.136397754447e-01  ,1.287800854743e+00  
  2.691546609851e-07  ,9.991577458398e-01  ,-7.651143699710e-01  ,8.999644154393e-01  ,9.007597840523e-01  ,1.399543288359e+00  ,4.003855425194e-01  ,5.182025990668e-01  ,1.283316969038e+00  
  2.692546617466e-07  ,9.873025673820e-01  ,-7.559448592171e-01  ,8.999643759177e-01  ,9.007991235900e-01  ,1.393615659609e+00  ,4.063130922267e-01  ,5.228266939815e-01  ,1.278771553199e+00  
  2.693546625080e-07  ,9.752916413243e-01  ,-7.466539983754e-01  ,8.999643360984e-01  ,9.008383268969e-01  ,1.387610156761e+00  ,4.123185154363e-01  ,5.275113277092e-01  ,1.274165326085e+00  
  2.694546632695e-07  ,9.631271778820e-01  ,-7.372435072001e-01  ,8.999642959889e-01  ,9.008773864169e-01  ,1.381527884930e+00  ,4.184007070479e-01  ,5.322556328169e-01  ,1.269499140017e+00  
  2.695546640309e-07  ,9.508104597543e-01  ,-7.277143812685e-01  ,8.999642555935e-01  ,9.009162980377e-01  ,1.375369485471e+00  ,4.245590257163e-01  ,5.370591074035e-01  ,1.264773488672e+00  
  2.696546647924e-07  ,9.383437566265e-01  ,-7.180683755379e-01  ,8.999642149198e-01  ,9.009550545033e-01  ,1.369136093233e+00  ,4.307923366066e-01  ,5.419208667343e-01  ,1.259989242272e+00  
  2.697546655538e-07  ,9.257293714866e-01  ,-7.083072763734e-01  ,8.999641739753e-01  ,9.009936482539e-01  ,1.362828859719e+00  ,4.370994882319e-01  ,5.468400100672e-01  ,1.255147286441e+00  
  2.698546663153e-07  ,9.129690693784e-01  ,-6.984324639544e-01  ,8.999641327650e-01  ,9.010320735532e-01  ,1.356448667454e+00  ,4.434795980759e-01  ,5.518158415760e-01  ,1.250248305530e+00  
  2.699546670767e-07  ,9.000643086933e-01  ,-6.884450682894e-01  ,8.999640912943e-01  ,9.010703259088e-01  ,1.349996245641e+00  ,4.499319369477e-01  ,5.568477917641e-01  ,1.245292860053e+00  
  2.700546678382e-07  ,8.870175876601e-01  ,-6.783470153984e-01  ,8.999640495722e-01  ,9.011083979194e-01  ,1.343472843402e+00  ,4.564552557421e-01  ,5.619348902202e-01  ,1.240281905619e+00  
  2.701546685996e-07  ,8.738309894548e-01  ,-6.681399061748e-01  ,8.999640076048e-01  ,9.011462836183e-01  ,1.336879502332e+00  ,4.630485128774e-01  ,5.670763305309e-01  ,1.235216236706e+00  
  2.702546693611e-07  ,8.605066080663e-01  ,-6.578253590982e-01  ,8.999639653978e-01  ,9.011839766438e-01  ,1.330217269431e+00  ,4.697106613647e-01  ,5.722712970947e-01  ,1.230096656193e+00  
  2.703546701225e-07  ,8.470468959008e-01  ,-6.474052858810e-01  ,8.999639229597e-01  ,9.012214694477e-01  ,1.323487370910e+00  ,4.764404750093e-01  ,5.775188265072e-01  ,1.224924112388e+00  
  2.704546708840e-07  ,8.334537322656e-01  ,-6.368811606699e-01  ,8.999638802956e-01  ,9.012587566601e-01  ,1.316690746428e+00  ,4.832370141628e-01  ,5.828181763251e-01  ,1.219699336995e+00  
  2.705546716454e-07  ,8.197291739107e-01  ,-6.262545936456e-01  ,8.999638374119e-01  ,9.012958325792e-01  ,1.309828424367e+00  ,4.900992504565e-01  ,5.881685357564e-01  ,1.214423129402e+00  
  2.706546724069e-07  ,8.058753563147e-01  ,-6.155272511222e-01  ,8.999637943155e-01  ,9.013326912460e-01  ,1.302901472473e+00  ,4.970261161582e-01  ,5.935690656849e-01  ,1.209096316807e+00  
  2.707546731683e-07  ,7.918939242584e-01  ,-6.047004029006e-01  ,8.999637510125e-01  ,9.013693280537e-01  ,1.295910713142e+00  ,5.040167888833e-01  ,5.990191266034e-01  ,1.203719529504e+00  
  2.708546739298e-07  ,7.777876536434e-01  ,-5.937761819596e-01  ,8.999637075126e-01  ,9.014057352954e-01  ,1.288857534334e+00  ,5.110698806909e-01  ,6.045176443155e-01  ,1.198293826275e+00  
  2.709546746912e-07  ,7.635591675620e-01  ,-5.827566144632e-01  ,8.999636638226e-01  ,9.014419060707e-01  ,1.281743247604e+00  ,5.181840800416e-01  ,6.100635988391e-01  ,1.192820213302e+00  
  2.710546754527e-07  ,7.492104593534e-01  ,-5.716432600855e-01  ,8.999636199477e-01  ,9.014778353940e-01  ,1.274568849624e+00  ,5.253583902710e-01  ,6.156562053513e-01  ,1.187299465437e+00  
  2.711546762141e-07  ,7.347431703183e-01  ,-5.604373931855e-01  ,8.999635758934e-01  ,9.015135191879e-01  ,1.267335161053e+00  ,5.325919907343e-01  ,6.212948225951e-01  ,1.181732215781e+00  
  2.712546769756e-07  ,7.201604775996e-01  ,-5.491414810803e-01  ,8.999635316705e-01  ,9.015489494406e-01  ,1.260043770470e+00  ,5.398832928707e-01  ,6.269782089004e-01  ,1.176119689981e+00  
  2.713546777370e-07  ,7.054639288729e-01  ,-5.377567215255e-01  ,8.999634872836e-01  ,9.015841222108e-01  ,1.252695451720e+00  ,5.472315228472e-01  ,6.327057614481e-01  ,1.170462482974e+00  
  2.714546784985e-07  ,6.906562475067e-01  ,-5.262852200989e-01  ,8.999634427414e-01  ,9.016190306931e-01  ,1.245291566495e+00  ,5.546353189881e-01  ,6.384764206436e-01  ,1.164761640743e+00  
  2.715546792599e-07  ,6.757401669289e-01  ,-5.147291058368e-01  ,8.999633980516e-01  ,9.016536684219e-01  ,1.237833481516e+00  ,5.620933145872e-01  ,6.442891155035e-01  ,1.159018221340e+00  
  2.716546800213e-07  ,6.607172601404e-01  ,-5.030896044812e-01  ,8.999633532187e-01  ,9.016880317824e-01  ,1.230321983289e+00  ,5.696047231485e-01  ,6.501432295418e-01  ,1.153232834023e+00  
  2.717546807828e-07  ,6.455902996700e-01  ,-4.913688700274e-01  ,8.999633082509e-01  ,9.017221143277e-01  ,1.222758458086e+00  ,5.771681584159e-01  ,6.560376793141e-01  ,1.147406549341e+00  
  2.718546815442e-07  ,6.303620751063e-01  ,-4.795690784458e-01  ,8.999632631563e-01  ,9.017559093060e-01  ,1.215144300709e+00  ,5.847822256032e-01  ,6.619713700831e-01  ,1.141540448529e+00  
  2.719546823057e-07  ,6.150347120385e-01  ,-4.676919008103e-01  ,8.999632179405e-01  ,9.017894116472e-01  ,1.207480573960e+00  ,5.924458619212e-01  ,6.679434612421e-01  ,1.135635362052e+00  
  2.720546830671e-07  ,5.996099606032e-01  ,-4.557387007440e-01  ,8.999631726092e-01  ,9.018226173857e-01  ,1.199768152911e+00  ,6.001581923076e-01  ,6.739532670137e-01  ,1.129691967758e+00  
  2.721546838286e-07  ,5.840908093553e-01  ,-4.437117951995e-01  ,8.999631271729e-01  ,9.018555200038e-01  ,1.192008531851e+00  ,6.079177224952e-01  ,6.799996224040e-01  ,1.123711417604e+00  
  2.722546845900e-07  ,5.684797336381e-01  ,-4.316130967423e-01  ,8.999630816385e-01  ,9.018881143317e-01  ,1.184202948458e+00  ,6.157232148195e-01  ,6.860815659606e-01  ,1.117694662703e+00  
  2.723546853515e-07  ,5.527792102755e-01  ,-4.194445295732e-01  ,8.999630360120e-01  ,9.019203950142e-01  ,1.176352641150e+00  ,6.235734308743e-01  ,6.921981302276e-01  ,1.111642659801e+00  
  2.724546861129e-07  ,5.369921251420e-01  ,-4.072083539085e-01  ,8.999629903023e-01  ,9.019523558516e-01  ,1.168459052873e+00  ,6.314669277313e-01  ,6.983481788973e-01  ,1.105556532806e+00  
  2.725546868744e-07  ,5.211206784482e-01  ,-3.949063031376e-01  ,8.999629445149e-01  ,9.019839924460e-01  ,1.160523283739e+00  ,6.394026052908e-01  ,7.045308408772e-01  ,1.099437144015e+00  
  2.726546876358e-07  ,5.051672692767e-01  ,-3.825402634565e-01  ,8.999628986567e-01  ,9.020153000890e-01  ,1.152546533295e+00  ,6.473792640184e-01  ,7.107451683608e-01  ,1.093285431817e+00  
  2.727546883973e-07  ,4.891337701969e-01  ,-3.701116915228e-01  ,8.999628527341e-01  ,9.020462750788e-01  ,1.144529737832e+00  ,6.553959676356e-01  ,7.169904293174e-01  ,1.087102120840e+00  
  2.728546891587e-07  ,4.730237585163e-01  ,-3.576233668592e-01  ,8.999628067579e-01  ,9.020769101635e-01  ,1.136474686016e+00  ,6.634509274997e-01  ,7.232652267339e-01  ,1.080888593593e+00  
  2.729546899202e-07  ,4.568389475890e-01  ,-3.450766155123e-01  ,8.999627607329e-01  ,9.021072018481e-01  ,1.128382234527e+00  ,6.715432869384e-01  ,7.295688940919e-01  ,1.074645509604e+00  
  2.730546906816e-07  ,4.405827594981e-01  ,-3.324740989234e-01  ,8.999627146681e-01  ,9.021371434499e-01  ,1.120254094417e+00  ,6.796713349190e-01  ,7.359000939882e-01  ,1.068374192912e+00  
  2.731546914431e-07  ,4.242569143455e-01  ,-3.198171554689e-01  ,8.999626685685e-01  ,9.021667318620e-01  ,1.112091125741e+00  ,6.878342113957e-01  ,7.422581541276e-01  ,1.062075309597e+00  
  2.732546922045e-07  ,4.078648529975e-01  ,-3.071084706199e-01  ,8.999626224433e-01  ,9.021959608696e-01  ,1.103895048942e+00  ,6.960301959446e-01  ,7.486417255597e-01  ,1.055750196180e+00  
  2.733546929660e-07  ,3.914088680351e-01  ,-2.943498453652e-01  ,8.999625762987e-01  ,9.022248262392e-01  ,1.095667010316e+00  ,7.042581422812e-01  ,7.550499035566e-01  ,1.049399748922e+00  
  2.734546937274e-07  ,3.748908412850e-01  ,-2.815427468070e-01  ,8.999625301406e-01  ,9.022533245402e-01  ,1.087407950783e+00  ,7.125171094981e-01  ,7.614819511367e-01  ,1.043024697944e+00  
  2.735546944889e-07  ,3.583144026005e-01  ,-2.686900050301e-01  ,8.999624839797e-01  ,9.022814493907e-01  ,1.079119685280e+00  ,7.208052826795e-01  ,7.679364468756e-01  ,1.036626451906e+00  
  2.736546952503e-07  ,3.416813093417e-01  ,-2.557929854617e-01  ,8.999624378210e-01  ,9.023091979136e-01  ,1.070803092492e+00  ,7.291217831501e-01  ,7.744127051828e-01  ,1.030205690644e+00  
  2.737546960118e-07  ,3.249946459076e-01  ,-2.428540823788e-01  ,8.999623916724e-01  ,9.023365650948e-01  ,1.062459714626e+00  ,7.374650687186e-01  ,7.809095239054e-01  ,1.023763606284e+00  
  2.738546967732e-07  ,3.082574893551e-01  ,-2.298757016084e-01  ,8.999623455417e-01  ,9.023635457378e-01  ,1.054091090219e+00  ,7.458336008642e-01  ,7.874256949336e-01  ,1.017301396542e+00  
  2.739546975347e-07  ,2.914721728904e-01  ,-2.168596828257e-01  ,8.999622994345e-01  ,9.023901357742e-01  ,1.045698385880e+00  ,7.542262129893e-01  ,7.939602943614e-01  ,1.010819977187e+00  
  2.740546982961e-07  ,2.746406122805e-01  ,-2.038075236450e-01  ,8.999622533565e-01  ,9.024163319645e-01  ,1.037282559497e+00  ,7.626419472162e-01  ,8.005125701420e-01  ,1.004320093787e+00  
  2.741546990576e-07  ,2.577660709127e-01  ,-1.907217629478e-01  ,8.999622073181e-01  ,9.024421289583e-01  ,1.028845242774e+00  ,7.710791718617e-01  ,8.070812474844e-01  ,9.978030104322e-01  
  2.742546998190e-07  ,2.408512377533e-01  ,-1.776044859648e-01  ,8.999621613265e-01  ,9.024675225566e-01  ,1.020387780203e+00  ,7.795365424498e-01  ,8.136652795743e-01  ,9.912697655390e-01  
  2.743547005805e-07  ,2.238992247143e-01  ,-1.644581324937e-01  ,8.999621153882e-01  ,9.024925078896e-01  ,1.011911727745e+00  ,7.880125030311e-01  ,8.202634416428e-01  ,9.847215741365e-01  
  2.744547013419e-07  ,2.069123923047e-01  ,-1.512845663730e-01  ,8.999620695098e-01  ,9.025170813787e-01  ,1.003418265662e+00  ,7.965058733575e-01  ,8.268747981922e-01  ,9.781593645652e-01  
  2.745547021034e-07  ,1.898926782564e-01  ,-1.380853040628e-01  ,8.999620236970e-01  ,9.025412402184e-01  ,9.949083628252e-01  ,8.050156845688e-01  ,8.334985881870e-01  ,9.715838922498e-01  
  2.746547028648e-07  ,1.728433823134e-01  ,-1.248629150673e-01  ,8.999619779594e-01  ,9.025649797422e-01  ,9.863836691161e-01  ,8.135402868027e-01  ,8.401335222085e-01  ,9.649964372758e-01  
  2.747547036263e-07  ,1.557672211276e-01  ,-1.116195073160e-01  ,8.999619323041e-01  ,9.025882961224e-01  ,9.778455428679e-01  ,8.220783217403e-01  ,8.467785424643e-01  ,9.583980497804e-01  
  2.748547043877e-07  ,1.386673358529e-01  ,-9.835754478260e-02  ,8.999618867380e-01  ,9.026111847612e-01  ,9.692955546645e-01  ,8.306282188116e-01  ,8.534324123699e-01  ,9.517899571525e-01  
  2.749547051492e-07  ,1.215461978956e-01  ,-8.507890800338e-02  ,8.999618412712e-01  ,9.026336423413e-01  ,9.607349402190e-01  ,8.391887423234e-01  ,8.600941883396e-01  ,9.451730963430e-01  
  2.750547059106e-07  ,1.044064113205e-01  ,-7.178563637769e-02  ,8.999617959084e-01  ,9.026556654129e-01  ,9.521650015686e-01  ,8.477585902481e-01  ,8.667628472241e-01  ,9.385484836018e-01  
  2.751547066721e-07  ,8.724993047962e-02  ,-5.847930005738e-02  ,8.999617506516e-01  ,9.026772513315e-01  ,9.435867158914e-01  ,8.563367854118e-01  ,8.734376013028e-01  ,9.319169013602e-01  
  2.752547074335e-07  ,7.008039907933e-02  ,-4.516288488923e-02  ,8.999617055059e-01  ,9.026983949534e-01  ,9.350019050456e-01  ,8.649215059662e-01  ,8.801169525087e-01  ,9.252798373980e-01  
  2.753547081950e-07  ,5.290019568670e-02  ,-3.183827937178e-02  ,8.999616604824e-01  ,9.027190929406e-01  ,9.264117583258e-01  ,8.735115626391e-01  ,8.867999532547e-01  ,9.186382326265e-01  
  2.754547089564e-07  ,3.571191703345e-02  ,-1.850753040863e-02  ,8.999616155893e-01  ,9.027393417250e-01  ,9.178175741060e-01  ,8.821056570726e-01  ,8.934855765207e-01  ,9.119931069293e-01  
  2.755547097179e-07  ,1.851761672606e-02  ,-5.172213148106e-03  ,8.999615708336e-01  ,9.027591386032e-01  ,9.092203791966e-01  ,8.907027624705e-01  ,9.001730320291e-01  ,9.053452451772e-01  
  2.756547104793e-07  ,1.321229082637e-03  ,8.164678691245e-03  ,8.999615262267e-01  ,9.027784786007e-01  ,9.006221407680e-01  ,8.993009116854e-01  ,9.068608179464e-01  ,8.986961392551e-01  
  2.757547112408e-07  ,-1.587537847207e-02  ,2.150172645400e-02  ,8.999614817735e-01  ,9.027973595757e-01  ,8.920237925374e-01  ,9.078991710095e-01  ,9.135482228027e-01  ,8.920464963487e-01  
  2.758547120022e-07  ,-3.306896410856e-02  ,3.483644742607e-02  ,8.999614374808e-01  ,9.028157780797e-01  ,8.834269554265e-01  ,9.164959195351e-01  ,9.202340017927e-01  ,8.853975543667e-01  
  2.759547127637e-07  ,-5.025635657184e-02  ,4.816635911504e-02  ,8.999613933559e-01  ,9.028337312273e-01  ,8.748332150700e-01  ,9.250895716418e-01  ,9.269169107849e-01  ,8.787505516698e-01  
  2.760547135251e-07  ,-6.743575051332e-02  ,6.149004334385e-02  ,8.999613494041e-01  ,9.028512173553e-01  ,8.662434741474e-01  ,9.336792246607e-01  ,9.335962390272e-01  ,8.721061956834e-01  
  2.761547142866e-07  ,-8.460354432766e-02  ,7.480466474923e-02  ,8.999613056352e-01  ,9.028682329220e-01  ,8.576595334714e-01  ,9.422630777991e-01  ,9.402705652967e-01  ,8.654659005474e-01  
  2.762547150480e-07  ,-1.017573510938e-01  ,8.810833460638e-02  ,8.999612620550e-01  ,9.028847754710e-01  ,8.490825865081e-01  ,9.508399376019e-01  ,9.469389427742e-01  ,8.588306081678e-01  
  2.763547158095e-07  ,-1.188952172379e-01  ,1.013995190791e-01  ,8.999612186685e-01  ,9.029008430515e-01  ,8.405136100495e-01  ,9.594088272874e-01  ,9.536006025911e-01  ,8.522010835120e-01  
  2.764547165709e-07  ,-1.360138239333e-01  ,1.146756238086e-01  ,8.999611754836e-01  ,9.029164323239e-01  ,8.319542635169e-01  ,9.679680874502e-01  ,9.602542442282e-01  ,8.455786204196e-01  
  2.765547173324e-07  ,-1.531100174938e-01  ,1.279341761524e-01  ,8.999611325057e-01  ,9.029315396371e-01  ,8.234061237588e-01  ,9.765161412526e-01  ,9.668986277133e-01  ,8.389644515609e-01  
  2.766547180938e-07  ,-1.701814212813e-01  ,1.411732950164e-01  ,8.999610897394e-01  ,9.029461618698e-01  ,8.148703790988e-01  ,9.850518003801e-01  ,9.735328093780e-01  ,8.323595143616e-01  
  2.767547188553e-07  ,-1.872260904230e-01  ,1.543914534696e-01  ,8.999610471905e-01  ,9.029602965845e-01  ,8.063480019790e-01  ,9.935740924020e-01  ,9.801560233194e-01  ,8.257645698497e-01  
  2.768547196167e-07  ,-2.042407217375e-01  ,1.675860699556e-01  ,8.999610048694e-01  ,9.029739400737e-01  ,7.978406440007e-01  ,1.002081365738e+00  ,9.867669750515e-01  ,8.191809050959e-01  
  2.769547203782e-07  ,-2.212226105352e-01  ,1.807550371012e-01  ,8.999609627835e-01  ,9.029870901967e-01  ,7.893496575159e-01  ,1.010572268051e+00  ,9.933646087473e-01  ,8.126095716461e-01  
  2.770547211396e-07  ,-2.381686414237e-01  ,1.938959017429e-01  ,8.999609209395e-01  ,9.029997450391e-01  ,7.808766002277e-01  ,1.019045241651e+00  ,9.999476959106e-01  ,8.060517941677e-01  
  2.771547219011e-07  ,-2.550764624771e-01  ,2.070067993850e-01  ,8.999608793437e-01  ,9.030119032253e-01  ,7.724226481052e-01  ,1.027499110582e+00  ,1.006515302918e+00  ,7.995085035328e-01  
  2.772547226625e-07  ,-2.719441488146e-01  ,2.200862173711e-01  ,8.999608380014e-01  ,9.030235636902e-01  ,7.639887635941e-01  ,1.035932912409e+00  ,1.013066672376e+00  ,7.929804550046e-01  
  2.773547234240e-07  ,-2.887684315840e-01  ,2.331315995639e-01  ,8.999607969211e-01  ,9.030347246946e-01  ,7.555765811291e-01  ,1.044345012713e+00  ,1.019600524477e+00  ,7.864689249127e-01  
  2.774547241854e-07  ,-3.055466356633e-01  ,2.461408617081e-01  ,8.999607561085e-01  ,9.030453847263e-01  ,7.471874382769e-01  ,1.052734073940e+00  ,1.026115815580e+00  ,7.799749538722e-01  
  2.775547249469e-07  ,-3.222756825645e-01  ,2.591115798331e-01  ,8.999607155696e-01  ,9.030555413991e-01  ,7.388228742873e-01  ,1.061098556852e+00  ,1.032611331316e+00  ,7.734997514825e-01  
  2.776547257083e-07  ,-3.389538168789e-01  ,2.720423727809e-01  ,8.999606753090e-01  ,9.030651931188e-01  ,7.304837668695e-01  ,1.069437583748e+00  ,1.039086379509e+00  ,7.670440067283e-01  
  2.777547264698e-07  ,-3.555779622511e-01  ,2.849308277199e-01  ,8.999606353351e-01  ,9.030743371490e-01  ,7.221716542096e-01  ,1.077749616461e+00  ,1.045539751009e+00  ,7.606089232890e-01  
  2.778547272312e-07  ,-3.721450657198e-01  ,2.977745427323e-01  ,8.999605956542e-01  ,9.030829710591e-01  ,7.138880627943e-01  ,1.086033128514e+00  ,1.051970242425e+00  ,7.541956996930e-01  
  2.779547279927e-07  ,-3.886533880479e-01  ,3.105721499760e-01  ,8.999605562704e-01  ,9.030910936388e-01  ,7.056338622465e-01  ,1.094287250294e+00  ,1.058377168627e+00  ,7.478050186508e-01  
  2.780547287541e-07  ,-4.050994640050e-01  ,3.233209211754e-01  ,8.999605171926e-01  ,9.030987028965e-01  ,6.974107851901e-01  ,1.102510249195e+00  ,1.064759163484e+00  ,7.414382423088e-01  
  2.781547295156e-07  ,-4.214815624705e-01  ,3.360194984990e-01  ,8.999604784252e-01  ,9.031057982903e-01  ,6.892196971900e-01  ,1.110701259660e+00  ,1.071115547540e+00  ,7.350960490408e-01  
  2.782547302770e-07  ,-4.377962388371e-01  ,3.486651743039e-01  ,8.999604399757e-01  ,9.031123791688e-01  ,6.810623205572e-01  ,1.118858559394e+00  ,1.077444966321e+00  ,7.287797920168e-01  
  2.783547310385e-07  ,-4.540417752425e-01  ,3.612566016044e-01  ,8.999604018481e-01  ,9.031184453232e-01  ,6.729395142269e-01  ,1.126981289469e+00  ,1.083746746125e+00  ,7.224901445210e-01  
  2.784547317999e-07  ,-4.702151668733e-01  ,3.737914289389e-01  ,8.999603640500e-01  ,9.031239960989e-01  ,6.648527806133e-01  ,1.135067947487e+00  ,1.090019710568e+00  ,7.162282816295e-01  
  2.785547325614e-07  ,-4.863134428389e-01  ,3.862673196036e-01  ,8.999603265878e-01  ,9.031290302917e-01  ,6.568036051684e-01  ,1.143117048007e+00  ,1.096262690094e+00  ,7.099953704899e-01  
  2.786547333228e-07  ,-5.023349135845e-01  ,3.986829444855e-01  ,8.999602894656e-01  ,9.031335472215e-01  ,6.487928326734e-01  ,1.151127746258e+00  ,1.102475019464e+00  ,7.037920749787e-01  
  2.787547340843e-07  ,-5.182766220490e-01  ,4.110359839705e-01  ,8.999602526906e-01  ,9.031375457951e-01  ,6.408219416661e-01  ,1.159098563715e+00  ,1.108655537780e+00  ,6.976195538099e-01  
  2.788547348457e-07  ,-5.341360446476e-01  ,4.233244620333e-01  ,8.999602162689e-01  ,9.031410250621e-01  ,6.328921939451e-01  ,1.167028238593e+00  ,1.114803256079e+00  ,6.914787940455e-01  
  2.789547356072e-07  ,-5.499102785089e-01  ,4.355460872059e-01  ,8.999601802057e-01  ,9.031439836718e-01  ,6.250050409512e-01  ,1.174915319460e+00  ,1.120917027275e+00  ,6.853709400688e-01  
  2.790547363686e-07  ,-5.655971382776e-01  ,4.476991246085e-01  ,8.999601445058e-01  ,9.031464208976e-01  ,6.171615753670e-01  ,1.182758713645e+00  ,1.126995983202e+00  ,6.792968585934e-01  
  2.791547371300e-07  ,-5.811948392922e-01  ,4.597821697998e-01  ,8.999601091740e-01  ,9.031483364813e-01  ,6.093626895280e-01  ,1.190557528820e+00  ,1.133039421381e+00  ,6.732572515814e-01  
  2.792547378915e-07  ,-5.967003571214e-01  ,4.717928544192e-01  ,8.999600742179e-01  ,9.031497304190e-01  ,6.016098956571e-01  ,1.198310252779e+00  ,1.139046157629e+00  ,6.672533032094e-01  
  2.793547386529e-07  ,-6.121108366889e-01  ,4.837289383704e-01  ,8.999600396427e-01  ,9.031506031938e-01  ,5.939046212982e-01  ,1.206015457987e+00  ,1.145015072379e+00  ,6.612861340085e-01  
  2.794547394144e-07  ,-6.274246595688e-01  ,4.955891494649e-01  ,8.999600054522e-01  ,9.031509549348e-01  ,5.862476756678e-01  ,1.213672335237e+00  ,1.150945529667e+00  ,6.553563802024e-01  
  2.795547401758e-07  ,-6.426389971221e-01  ,5.073712694417e-01  ,8.999599716533e-01  ,9.031507858167e-01  ,5.786404730923e-01  ,1.221279470214e+00  ,1.156836420538e+00  ,6.494651510958e-01  
  2.796547409373e-07  ,-6.577514419757e-01  ,5.190734123790e-01  ,8.999599382519e-01  ,9.031500960666e-01  ,5.710842172640e-01  ,1.228835659240e+00  ,1.162686802256e+00  ,6.436133898771e-01  
  2.797547416987e-07  ,-6.727592303100e-01  ,5.306933952269e-01  ,8.999599052521e-01  ,9.031488859592e-01  ,5.635802900971e-01  ,1.236339520407e+00  ,1.168495583573e+00  ,6.378021883458e-01  
  2.798547424602e-07  ,-6.876602853071e-01  ,5.422295681807e-01  ,8.999598726586e-01  ,9.031471553767e-01  ,5.561297300050e-01  ,1.243790015312e+00  ,1.174261939467e+00  ,6.320323712864e-01  
  2.799547432216e-07  ,-7.024529128858e-01  ,5.536805970624e-01  ,8.999598404759e-01  ,9.031449041549e-01  ,5.487333840330e-01  ,1.251186296919e+00  ,1.179985202686e+00  ,6.263046056238e-01  
  2.800547439831e-07  ,-7.171342451271e-01  ,5.650442342510e-01  ,8.999598087113e-01  ,9.031421321499e-01  ,5.413926861478e-01  ,1.258526931275e+00  ,1.185664249275e+00  ,6.206200150244e-01  
  2.801547447445e-07  ,-7.317019513235e-01  ,5.763186598473e-01  ,8.999597773692e-01  ,9.031388397012e-01  ,5.341088017075e-01  ,1.265810753031e+00  ,1.191298169625e+00  ,6.149795097775e-01  
  2.802547455060e-07  ,-7.461533645906e-01  ,5.875017699298e-01  ,8.999597464538e-01  ,9.031350276820e-01  ,5.268830641585e-01  ,1.273036428749e+00  ,1.196885912647e+00  ,6.093841427171e-01  
  2.803547462674e-07  ,-7.604864853485e-01  ,5.985919765740e-01  ,8.999597159692e-01  ,9.031306968446e-01  ,5.197164732950e-01  ,1.280202958643e+00  ,1.202426685132e+00  ,6.038347085576e-01  
  2.804547470289e-07  ,-7.746996842211e-01  ,6.095879965885e-01  ,8.999596859195e-01  ,9.031258478554e-01  ,5.126098438090e-01  ,1.287309528030e+00  ,1.207919846150e+00  ,5.983318495612e-01  
  2.805547477903e-07  ,-7.887902052519e-01  ,6.204876697597e-01  ,8.999596563115e-01  ,9.031204819618e-01  ,5.055645536856e-01  ,1.294354758937e+00  ,1.213364316842e+00  ,5.928766470819e-01  
  2.806547485518e-07  ,-8.027554584310e-01  ,6.312889617275e-01  ,8.999596271499e-01  ,9.031146005164e-01  ,4.985818979344e-01  ,1.301337356365e+00  ,1.218759081380e+00  ,5.874701196526e-01  
  2.807547493132e-07  ,-8.165939797107e-01  ,6.419907203901e-01  ,8.999595984376e-01  ,9.031082042296e-01  ,4.916626085823e-01  ,1.308256588293e+00  ,1.224103564425e+00  ,5.821128440345e-01  
  2.808547500747e-07  ,-8.303032145116e-01  ,6.525909401237e-01  ,8.999595701805e-01  ,9.031012942542e-01  ,4.848079629247e-01  ,1.315111177436e+00  ,1.229396764316e+00  ,5.768058241923e-01  
  2.809547508361e-07  ,-8.438806526640e-01  ,6.630876419978e-01  ,8.999595423833e-01  ,9.030938716369e-01  ,4.780192160513e-01  ,1.321899868715e+00  ,1.234637692636e+00  ,5.715500506380e-01  
  2.810547515976e-07  ,-8.573244167805e-01  ,6.734793352971e-01  ,8.999595150485e-01  ,9.030859371984e-01  ,4.712973066583e-01  ,1.328621723439e+00  ,1.239825604847e+00  ,5.663462695499e-01  
  2.811547523590e-07  ,-8.706324867456e-01  ,6.837644183412e-01  ,8.999594881803e-01  ,9.030774918765e-01  ,4.646432448075e-01  ,1.335275731553e+00  ,1.244959701047e+00  ,5.611952827059e-01  
  2.812547531205e-07  ,-8.838028039658e-01  ,6.939412637042e-01  ,8.999594617833e-01  ,9.030685367780e-01  ,4.580580598004e-01  ,1.341860863766e+00  ,1.250039168630e+00  ,5.560979049259e-01  
  2.813547538819e-07  ,-8.968338098856e-01  ,7.040086508327e-01  ,8.999594358611e-01  ,9.030590728822e-01  ,4.515425309183e-01  ,1.348376340804e+00  ,1.255063398299e+00  ,5.510547474658e-01  
  2.814547546434e-07  ,-9.097229098421e-01  ,7.139645563525e-01  ,8.999594104197e-01  ,9.030491020442e-01  ,4.450979554987e-01  ,1.354820865341e+00  ,1.260031380220e+00  ,5.460668238679e-01  
  2.815547554048e-07  ,-9.224677298374e-01  ,7.238071209171e-01  ,8.999593854626e-01  ,9.030386264076e-01  ,4.387255205440e-01  ,1.361193250381e+00  ,1.264942186866e+00  ,5.411350659490e-01  
  2.816547561663e-07  ,-9.350669340694e-01  ,7.335352940456e-01  ,8.999593609922e-01  ,9.030276472451e-01  ,4.324258939575e-01  ,1.367492828027e+00  ,1.269795294268e+00  ,5.362600002223e-01  
  2.817547569277e-07  ,-9.475181963600e-01  ,7.431472495637e-01  ,8.999593370134e-01  ,9.030161668059e-01  ,4.262002388334e-01  ,1.373718435193e+00  ,1.274589791588e+00  ,5.314425420241e-01  
  2.818547576892e-07  ,-9.598192408172e-01  ,7.526411919834e-01  ,8.999593135303e-01  ,9.030041873797e-01  ,4.200496931217e-01  ,1.379868933939e+00  ,1.279324783371e+00  ,5.266835913880e-01  
  2.819547584506e-07  ,-9.719687828180e-01  ,7.620161077842e-01  ,8.999592905450e-01  ,9.029917102455e-01  ,4.139748991360e-01  ,1.385943681954e+00  ,1.283999764138e+00  ,5.219836563534e-01  
  2.820547592121e-07  ,-9.839642797527e-01  ,7.712699889107e-01  ,8.999592680624e-01  ,9.029787378559e-01  ,4.079771281860e-01  ,1.391941407939e+00  ,1.288613732311e+00  ,5.173437434005e-01  
  2.821547599735e-07  ,-9.958040730741e-01  ,7.804015207866e-01  ,8.999592460853e-01  ,9.029652717943e-01  ,4.020572095482e-01  ,1.397861282622e+00  ,1.293166032188e+00  ,5.127645114010e-01  
  2.822547607350e-07  ,-1.007486817209e+00  ,7.894096445190e-01  ,8.999592246162e-01  ,9.029513133957e-01  ,3.962158160115e-01  ,1.403702633221e+00  ,1.297656135655e+00  ,5.082464911361e-01  
  2.823547614964e-07  ,-1.019009951444e+00  ,7.982923458145e-01  ,8.999592036597e-01  ,9.029368653836e-01  ,3.904542279376e-01  ,1.409464179382e+00  ,1.302083038291e+00  ,5.037906924764e-01  
  2.824547622579e-07  ,-1.030371877639e+00  ,8.070483627197e-01  ,8.999591832182e-01  ,9.029219297018e-01  ,3.847732443987e-01  ,1.415145122038e+00  ,1.306446111062e+00  ,4.993977483419e-01  
  2.825547630193e-07  ,-1.041571301920e+00  ,8.156766794449e-01  ,8.999591632939e-01  ,9.029065080108e-01  ,3.791735123338e-01  ,1.420744814254e+00  ,1.310744847733e+00  ,4.950681682884e-01  
  2.826547637808e-07  ,-1.052606047406e+00  ,8.241755923568e-01  ,8.999591438916e-01  ,9.028906032779e-01  ,3.736561201888e-01  ,1.426262167594e+00  ,1.314978399456e+00  ,4.908028070995e-01  
  2.827547645422e-07  ,-1.063474367405e+00  ,8.325437361083e-01  ,8.999591250145e-01  ,9.028742182334e-01  ,3.682219413119e-01  ,1.431696308717e+00  ,1.319146086288e+00  ,4.866023501793e-01  
  2.828547653037e-07  ,-1.074174280289e+00  ,8.407795461325e-01  ,8.999591066649e-01  ,9.028573562538e-01  ,3.628719665204e-01  ,1.437046246809e+00  ,1.323247129320e+00  ,4.824675831876e-01  
  2.829547660651e-07  ,-1.084704670745e+00  ,8.488821424110e-01  ,8.999590888451e-01  ,9.028400192677e-01  ,3.576067534724e-01  ,1.442311424218e+00  ,1.327281090473e+00  ,4.783989480622e-01  
  2.830547668266e-07  ,-1.095063599139e+00  ,8.568499990689e-01  ,8.999590715589e-01  ,9.028222106057e-01  ,3.524272719895e-01  ,1.447490871128e+00  ,1.331247210140e+00  ,4.743972110712e-01  
  2.831547675880e-07  ,-1.105249433328e+00  ,8.646818351455e-01  ,8.999590548088e-01  ,9.028039330559e-01  ,3.473343381447e-01  ,1.452583771473e+00  ,1.335144850629e+00  ,4.704630154832e-01  
  2.832547683495e-07  ,-1.115260319863e+00  ,8.723761856436e-01  ,8.999590385967e-01  ,9.027851898519e-01  ,3.423288786650e-01  ,1.457589198528e+00  ,1.338973282674e+00  ,4.665970970301e-01  
  2.833547691109e-07  ,-1.125095216175e+00  ,8.799322279887e-01  ,8.999590229247e-01  ,9.027659828539e-01  ,3.374114148370e-01  ,1.462506631012e+00  ,1.342732096848e+00  ,4.627998688596e-01  
  2.834547698724e-07  ,-1.134752310489e+00  ,8.873485373814e-01  ,8.999590077958e-01  ,9.027463153686e-01  ,3.325828525514e-01  ,1.467335163040e+00  ,1.346420584059e+00  ,4.590720466778e-01  
  2.835547706338e-07  ,-1.144229841402e+00  ,8.946237260295e-01  ,8.999589932122e-01  ,9.027261908863e-01  ,3.278440725110e-01  ,1.472073913913e+00  ,1.350038053901e+00  ,4.554143278715e-01  
  2.836547713953e-07  ,-1.153526504466e+00  ,9.017567599054e-01  ,8.999589791756e-01  ,9.027056122368e-01  ,3.231957269424e-01  ,1.476722231409e+00  ,1.353583992189e+00  ,4.518272322841e-01  
  2.837547721567e-07  ,-1.162640906736e+00  ,9.087465367680e-01  ,8.999589656882e-01  ,9.026845826489e-01  ,3.186385123199e-01  ,1.481279419056e+00  ,1.357057851033e+00  ,4.483113142649e-01  
  2.838547729182e-07  ,-1.171571983079e+00  ,9.155922213567e-01  ,8.999589527521e-01  ,9.026631047252e-01  ,3.141729612127e-01  ,1.485744944291e+00  ,1.360459215404e+00  ,4.448669940468e-01  
  2.839547736796e-07  ,-1.180317741592e+00  ,9.222922537441e-01  ,8.999589403705e-01  ,9.026411835972e-01  ,3.098000695745e-01  ,1.490117811166e+00  ,1.363787310469e+00  ,4.414950567252e-01  
  2.840547744411e-07  ,-1.188877263514e+00  ,9.288459170179e-01  ,8.999589285447e-01  ,9.026188217877e-01  ,3.055202967875e-01  ,1.494397560302e+00  ,1.367041780297e+00  ,4.381958632788e-01  
  2.841547752025e-07  ,-1.197248748409e+00  ,9.352518007314e-01  ,8.999589172769e-01  ,9.025960242974e-01  ,3.013345430723e-01  ,1.498583291482e+00  ,1.370221924663e+00  ,4.349701239317e-01  
  2.842547759640e-07  ,-1.205431042060e+00  ,9.415089941716e-01  ,8.999589065684e-01  ,9.025727944299e-01  ,2.972433855384e-01  ,1.502674427598e+00  ,1.373327291516e+00  ,4.318182973441e-01  
  2.843547767254e-07  ,-1.213423215136e+00  ,9.476167685772e-01  ,8.999588964206e-01  ,9.025491348815e-01  ,2.932472888526e-01  ,1.506670503989e+00  ,1.376357519170e+00  ,4.287407505930e-01  
  2.844547774869e-07  ,-1.221223712461e+00  ,9.535739086654e-01  ,8.999588868359e-01  ,9.025250502330e-01  ,2.893470306053e-01  ,1.510570743067e+00  ,1.379312004566e+00  ,4.257380959003e-01  
  2.845547782483e-07  ,-1.228831109175e+00  ,9.593792979543e-01  ,8.999588778158e-01  ,9.025005448939e-01  ,2.855433232282e-01  ,1.514374432403e+00  ,1.382190193871e+00  ,4.228108959168e-01  
  2.846547790098e-07  ,-1.236244360114e+00  ,9.650321108792e-01  ,8.999588693609e-01  ,9.024756223006e-01  ,2.818366893038e-01  ,1.518081049418e+00  ,1.384991677740e+00  ,4.199595668610e-01  
  2.847547797712e-07  ,-1.243462356080e+00  ,9.705314723318e-01  ,8.999588614727e-01  ,9.024502863142e-01  ,2.782276834324e-01  ,1.521690039513e+00  ,1.387716022480e+00  ,4.171845501484e-01  
  2.848547805327e-07  ,-1.250483984299e+00  ,9.758765068352e-01  ,8.999588541523e-01  ,9.024245410502e-01  ,2.747168620027e-01  ,1.525200846302e+00  ,1.390362794468e+00  ,4.144862876326e-01  
  2.849547812941e-07  ,-1.257308414683e+00  ,9.810665668907e-01  ,8.999588474009e-01  ,9.023983896988e-01  ,2.713046400595e-01  ,1.528613054742e+00  ,1.392931673144e+00  ,4.118651062534e-01  
  2.850547820556e-07  ,-1.263934281947e+00  ,9.861005917890e-01  ,8.999588412202e-01  ,9.023718376492e-01  ,2.679917002465e-01  ,1.531925982194e+00  ,1.395422133544e+00  ,4.093215417547e-01  
  2.851547828170e-07  ,-1.270360373652e+00  ,9.909776367777e-01  ,8.999588356110e-01  ,9.023448900704e-01  ,2.647786487851e-01  ,1.535139022437e+00  ,1.397833708459e+00  ,4.068560716815e-01  
  2.852547835785e-07  ,-1.276585807870e+00  ,9.956970079975e-01  ,8.999588305739e-01  ,9.023175509895e-01  ,2.616659266389e-01  ,1.538251734509e+00  ,1.400166054988e+00  ,4.044690469908e-01  
  2.853547843399e-07  ,-1.282609878788e+00  ,1.000258153559e+00  ,8.999588261096e-01  ,9.022898237167e-01  ,2.586538867154e-01  ,1.541263765504e+00  ,1.402418900496e+00  ,4.021607469371e-01  
  2.854547851014e-07  ,-1.288431264243e+00  ,1.004660040399e+00  ,8.999588222193e-01  ,9.022617146141e-01  ,2.557431900979e-01  ,1.544174454341e+00  ,1.404591734813e+00  ,3.999316944147e-01  
  2.855547858628e-07  ,-1.294049164344e+00  ,1.008902042034e+00  ,8.999588189035e-01  ,9.022332277006e-01  ,2.529342367316e-01  ,1.546983401075e+00  ,1.406684248718e+00  ,3.977822066834e-01  
  2.856547866243e-07  ,-1.299462738331e+00  ,1.012983499950e+00  ,8.999588161624e-01  ,9.022043673394e-01  ,2.502274469967e-01  ,1.549690185328e+00  ,1.408696117315e+00  ,3.957126173643e-01  
  2.857547873857e-07  ,-1.304671151688e+00  ,1.016903761836e+00  ,8.999588139966e-01  ,9.021751381002e-01  ,2.476232381524e-01  ,1.552294389841e+00  ,1.410627019018e+00  ,3.937232571821e-01  
  2.858547881472e-07  ,-1.309673592202e+00  ,1.020662194539e+00  ,8.999588124065e-01  ,9.021455447203e-01  ,2.451220163054e-01  ,1.554795608508e+00  ,1.412476641990e+00  ,3.918144474506e-01  
  2.859547889086e-07  ,-1.314469464828e+00  ,1.024258337655e+00  ,8.999588113923e-01  ,9.021155908307e-01  ,2.427240789785e-01  ,1.557193543806e+00  ,1.414244759658e+00  ,3.899864220033e-01  
  2.860547896701e-07  ,-1.319057801689e+00  ,1.027691444834e+00  ,8.999588109543e-01  ,9.020852825409e-01  ,2.404299101100e-01  ,1.559487711799e+00  ,1.415931004958e+00  ,3.882395601237e-01  
  2.861547904315e-07  ,-1.323437766111e+00  ,1.030960869147e+00  ,8.999588110926e-01  ,9.020546256643e-01  ,2.382399280372e-01  ,1.561677694148e+00  ,1.417535060238e+00  ,3.865741910907e-01  
  2.862547911930e-07  ,-1.327608903881e+00  ,1.034066258322e+00  ,8.999588118070e-01  ,9.020236235850e-01  ,2.361543598666e-01  ,1.563763263747e+00  ,1.419056752746e+00  ,3.849904944242e-01  
  2.863547919544e-07  ,-1.331570441211e+00  ,1.037007013331e+00  ,8.999588130975e-01  ,9.019922823224e-01  ,2.341735924919e-01  ,1.565744033703e+00  ,1.420495788988e+00  ,3.834887756566e-01  
  2.864547927159e-07  ,-1.335321756549e+00  ,1.039782653807e+00  ,8.999588149640e-01  ,9.019606071641e-01  ,2.322979366893e-01  ,1.567619693239e+00  ,1.421851934068e+00  ,3.820692802606e-01  
  2.865547934773e-07  ,-1.338862173554e+00  ,1.042392655159e+00  ,8.999588174059e-01  ,9.019286042012e-01  ,2.305277306288e-01  ,1.569389904183e+00  ,1.423124931781e+00  ,3.807322766218e-01  
  2.866547942387e-07  ,-1.342191327314e+00  ,1.044836735231e+00  ,8.999588204229e-01  ,9.018962768565e-01  ,2.288631567660e-01  ,1.571054484080e+00  ,1.424314644472e+00  ,3.794779092411e-01  
  2.867547950002e-07  ,-1.345308599828e+00  ,1.047114417906e+00  ,8.999588240147e-01  ,9.018636311510e-01  ,2.273045241006e-01  ,1.572613123929e+00  ,1.425420840104e+00  ,3.783064221981e-01  
  2.868547957616e-07  ,-1.348213502194e+00  ,1.049225328540e+00  ,8.999588281804e-01  ,9.018306723664e-01  ,2.258520770835e-01  ,1.574065579277e+00  ,1.426443336636e+00  ,3.772180080965e-01  
  2.869547965231e-07  ,-1.350905511618e+00  ,1.051169066251e+00  ,8.999588329189e-01  ,9.017974067763e-01  ,2.245060771098e-01  ,1.575411588728e+00  ,1.427381939902e+00  ,3.762128736507e-01  
  2.870547972845e-07  ,-1.353384265045e+00  ,1.052945353268e+00  ,8.999588382297e-01  ,9.017638391524e-01  ,2.232667057071e-01  ,1.576650970752e+00  ,1.428236515787e+00  ,3.752911625182e-01  
  2.871547980460e-07  ,-1.355649481891e+00  ,1.054553976528e+00  ,8.999588441121e-01  ,9.017299733956e-01  ,2.221341031665e-01  ,1.577783585058e+00  ,1.429006961660e+00  ,3.744529851315e-01  
  2.872547988074e-07  ,-1.357700711436e+00  ,1.055994595705e+00  ,8.999588505652e-01  ,9.016958162031e-01  ,2.211084948474e-01  ,1.578809206283e+00  ,1.429693114055e+00  ,3.736985183507e-01  
  2.873547995689e-07  ,-1.359537630993e+00  ,1.057266969687e+00  ,8.999588575880e-01  ,9.016613732581e-01  ,2.201900420914e-01  ,1.579727673085e+00  ,1.430294858102e+00  ,3.730278884144e-01  
  2.874548003303e-07  ,-1.361159952628e+00  ,1.058370884206e+00  ,8.999588651791e-01  ,9.016266503361e-01  ,2.193788888650e-01  ,1.580538841493e+00  ,1.430812092439e+00  ,3.724412082334e-01  
  2.875548010918e-07  ,-1.362567386748e+00  ,1.059306125864e+00  ,8.999588733373e-01  ,9.015916541198e-01  ,2.186751799631e-01  ,1.581242566712e+00  ,1.431244717052e+00  ,3.719385911879e-01  
  2.876548018532e-07  ,-1.363759747352e+00  ,1.060072559991e+00  ,8.999588820613e-01  ,9.015563896823e-01  ,2.180790083854e-01  ,1.581838755737e+00  ,1.431592669678e+00  ,3.715201096869e-01  
  2.877548026147e-07  ,-1.364736859054e+00  ,1.060670061981e+00  ,8.999588913496e-01  ,9.015208625531e-01  ,2.175904618228e-01  ,1.582327320877e+00  ,1.431855893543e+00  ,3.711858315628e-01  
  2.878548033761e-07  ,-1.365498571925e+00  ,1.061098528336e+00  ,8.999589012009e-01  ,9.014850784286e-01  ,2.172096152385e-01  ,1.582708187163e+00  ,1.432034342597e+00  ,3.709358142606e-01  
  2.879548041376e-07  ,-1.366044766800e+00  ,1.061357880504e+00  ,8.999589116134e-01  ,9.014490430626e-01  ,2.169365282135e-01  ,1.582981295013e+00  ,1.432127983315e+00  ,3.707701028105e-01  
  2.880548048990e-07  ,-1.366375375502e+00  ,1.061448075913e+00  ,8.999589225860e-01  ,9.014127607896e-01  ,2.167712348348e-01  ,1.583146610337e+00  ,1.432136798746e+00  ,3.706887228331e-01  
  2.881548056605e-07  ,-1.366490313266e+00  ,1.061369065913e+00  ,8.999589341163e-01  ,9.013762388656e-01  ,2.167137774832e-01  ,1.583204090749e+00  ,1.432060771822e+00  ,3.706917059091e-01  
  2.882548064219e-07  ,-1.366389565851e+00  ,1.061120857333e+00  ,8.999589462023e-01  ,9.013394841850e-01  ,2.167641632767e-01  ,1.583153729128e+00  ,1.431899912851e+00  ,3.707790555188e-01  
  2.883548071834e-07  ,-1.366073147767e+00  ,1.060703472080e+00  ,8.999589588426e-01  ,9.013025007505e-01  ,2.169223849589e-01  ,1.582995532726e+00  ,1.431654236790e+00  ,3.709507647108e-01  
  2.884548079448e-07  ,-1.365541107785e+00  ,1.060116966497e+00  ,8.999589720348e-01  ,9.012652956116e-01  ,2.171884181423e-01  ,1.582729525927e+00  ,1.431323778860e+00  ,3.712068123632e-01  
  2.885548087063e-07  ,-1.364793530918e+00  ,1.059361422951e+00  ,8.999589857767e-01  ,9.012278748703e-01  ,2.175622203175e-01  ,1.582355751236e+00  ,1.430908586346e+00  ,3.715471633947e-01  
  2.886548094677e-07  ,-1.363830535344e+00  ,1.058436950795e+00  ,8.999590000664e-01  ,9.011902446452e-01  ,2.180437323942e-01  ,1.581874267739e+00  ,1.430408720043e+00  ,3.719717692477e-01  
  2.887548102292e-07  ,-1.362652301995e+00  ,1.057343714307e+00  ,8.999590149011e-01  ,9.011524120970e-01  ,2.186328639036e-01  ,1.581285165899e+00  ,1.429824269250e+00  ,3.724805549436e-01  
  2.888548109906e-07  ,-1.361259001499e+00  ,1.056081866586e+00  ,8.999590302788e-01  ,9.011143826845e-01  ,2.193295295294e-01  ,1.580588531028e+00  ,1.429155315978e+00  ,3.730734493913e-01  
  2.889548117521e-07  ,-1.359650845653e+00  ,1.054651594750e+00  ,8.999590461973e-01  ,9.010761623150e-01  ,2.201336233709e-01  ,1.579784469024e+00  ,1.428401959690e+00  ,3.737503649401e-01  
  2.890548125135e-07  ,-1.357828082953e+00  ,1.053053114944e+00  ,8.999590626539e-01  ,9.010377570590e-01  ,2.210450211775e-01  ,1.578873104130e+00  ,1.427564314531e+00  ,3.745111995869e-01  
  2.891548132750e-07  ,-1.355790924870e+00  ,1.051286606560e+00  ,8.999590796466e-01  ,9.009991715260e-01  ,2.220636172117e-01  ,1.577854542082e+00  ,1.426642474806e+00  ,3.753558682462e-01  
  2.892548140364e-07  ,-1.353539755023e+00  ,1.049352391058e+00  ,8.999590971720e-01  ,9.009604134479e-01  ,2.231892196604e-01  ,1.576728974684e+00  ,1.425636608977e+00  ,3.762842179189e-01  
  2.893548147979e-07  ,-1.351074932256e+00  ,1.047250765962e+00  ,8.999591152272e-01  ,9.009214890887e-01  ,2.244216490992e-01  ,1.575496581355e+00  ,1.424546872070e+00  ,3.772961061076e-01  
  2.894548155593e-07  ,-1.348396845613e+00  ,1.044982055532e+00  ,8.999591338096e-01  ,9.008824047412e-01  ,2.257607110032e-01  ,1.574157556616e+00  ,1.423373432507e+00  ,3.783913769751e-01  
  2.895548163208e-07  ,-1.345505988446e+00  ,1.042546674390e+00  ,8.999591529159e-01  ,9.008431677811e-01  ,2.272061586929e-01  ,1.572712147139e+00  ,1.422116504976e+00  ,3.795698305863e-01  
  2.896548170822e-07  ,-1.342402665715e+00  ,1.039944877212e+00  ,8.999591725441e-01  ,9.008037824495e-01  ,2.287578396863e-01  ,1.571160505402e+00  ,1.420776221055e+00  ,3.808313438437e-01  
  2.897548178437e-07  ,-1.339087436031e+00  ,1.037177127391e+00  ,8.999591926904e-01  ,9.007642562006e-01  ,2.304154746747e-01  ,1.569502910706e+00  ,1.419352819896e+00  ,3.821756925054e-01  
  2.898548186051e-07  ,-1.335560822128e+00  ,1.034243855594e+00  ,8.999592133515e-01  ,9.007245954651e-01  ,2.321788022875e-01  ,1.567739624416e+00  ,1.417846523262e+00  ,3.836026676683e-01  
  2.899548193666e-07  ,-1.331823471979e+00  ,1.031145600239e+00  ,8.999592345242e-01  ,9.006848077195e-01  ,2.340474985347e-01  ,1.565870970514e+00  ,1.416257607839e+00  ,3.851120076001e-01  
  2.900548201280e-07  ,-1.327875778913e+00  ,1.027882686567e+00  ,8.999592562061e-01  ,9.006448972172e-01  ,2.360213667495e-01  ,1.563897145663e+00  ,1.414586240501e+00  ,3.867035539338e-01  
  2.901548208895e-07  ,-1.323718456528e+00  ,1.024455701271e+00  ,8.999592783932e-01  ,9.006048714146e-01  ,2.381000501290e-01  ,1.561818506657e+00  ,1.412832722050e+00  ,3.883770207791e-01  
  2.902548216509e-07  ,-1.319352160366e+00  ,1.020865180336e+00  ,8.999593010821e-01  ,9.005647367693e-01  ,2.402832208993e-01  ,1.559635381265e+00  ,1.410997326937e+00  ,3.901321466014e-01  
  2.903548224124e-07  ,-1.314777576652e+00  ,1.017111685862e+00  ,8.999593242694e-01  ,9.005244998209e-01  ,2.425705359432e-01  ,1.557348112596e+00  ,1.409080342752e+00  ,3.919686568899e-01  
  2.904548231738e-07  ,-1.309995423318e+00  ,1.013195805983e+00  ,8.999593479513e-01  ,9.004841671080e-01  ,2.449616362925e-01  ,1.554957059610e+00  ,1.407082070099e+00  ,3.938862641167e-01  
  2.905548239353e-07  ,-1.305006450437e+00  ,1.009118154787e+00  ,8.999593721240e-01  ,9.004437450965e-01  ,2.474561469054e-01  ,1.552462597343e+00  ,1.405002822490e+00  ,3.958846677030e-01  
  2.906548246967e-07  ,-1.299811440387e+00  ,1.004879372229e+00  ,8.999593967842e-01  ,9.004032402444e-01  ,2.500536765907e-01  ,1.549865116978e+00  ,1.402842926359e+00  ,3.979635541298e-01  
  2.907548254582e-07  ,-1.294411207853e+00  ,1.000480124014e+00  ,8.999594219277e-01  ,9.003626591352e-01  ,2.527538180012e-01  ,1.547165025854e+00  ,1.400602721142e+00  ,4.001225971284e-01  
  2.908548262196e-07  ,-1.288806599765e+00  ,9.959211014770e-01  ,8.999594475507e-01  ,9.003220084486e-01  ,2.555561476684e-01  ,1.544362747433e+00  ,1.398282559187e+00  ,4.023614577101e-01  
  2.909548269811e-07  ,-1.282998495184e+00  ,9.912030214868e-01  ,8.999594736493e-01  ,9.002812947796e-01  ,2.584602260572e-01  ,1.541458721242e+00  ,1.395882805523e+00  ,4.046797840362e-01  
  2.910548277425e-07  ,-1.276987805185e+00  ,9.863266263437e-01  ,8.999595002194e-01  ,9.002405245923e-01  ,2.614655976268e-01  ,1.538453402812e+00  ,1.393403837764e+00  ,4.070772114205e-01  
  2.911548285040e-07  ,-1.270775472712e+00  ,9.812926836627e-01  ,8.999595272571e-01  ,9.001997044219e-01  ,2.645717909008e-01  ,1.535347263613e+00  ,1.390846046253e+00  ,4.095533625905e-01  
  2.912548292654e-07  ,-1.264362472436e+00  ,9.761019862352e-01  ,8.999595547580e-01  ,9.001588409798e-01  ,2.677783185399e-01  ,1.532140790976e+00  ,1.388209834097e+00  ,4.121078478622e-01  
  2.913548300269e-07  ,-1.257749810597e+00  ,9.707553518918e-01  ,8.999595827178e-01  ,9.001179410205e-01  ,2.710846774195e-01  ,1.528834488016e+00  ,1.385495616966e+00  ,4.147402650745e-01  
  2.914548307883e-07  ,-1.250938696217e+00  ,9.652537686594e-01  ,8.999596111318e-01  ,9.000770122351e-01  ,2.744902630231e-01  ,1.525428959241e+00  ,1.382703896565e+00  ,4.174501279054e-01  
  2.915548315498e-07  ,-1.243929843452e+00  ,9.595978176458e-01  ,8.999596399971e-01  ,9.000360589788e-01  ,2.779947182710e-01  ,1.521924561723e+00  ,1.379834967802e+00  ,4.202371501559e-01  
  2.916548323112e-07  ,-1.236724528351e+00  ,9.537885322187e-01  ,8.999596693078e-01  ,8.999950889531e-01  ,2.815974051322e-01  ,1.518321933483e+00  ,1.376889355062e+00  ,4.231008228437e-01  
  2.917548330727e-07  ,-1.229324074516e+00  ,9.478269866333e-01  ,8.999596990590e-01  ,8.999541100537e-01  ,2.852976618011e-01  ,1.514621736317e+00  ,1.373867603370e+00  ,4.260406167370e-01  
  2.918548338341e-07  ,-1.221729513389e+00  ,9.417140245801e-01  ,8.999597292470e-01  ,8.999131282603e-01  ,2.890949725526e-01  ,1.510824485941e+00  ,1.370770140550e+00  ,4.290561159703e-01  
  2.919548345956e-07  ,-1.213941705921e+00  ,9.354503429709e-01  ,8.999597598680e-01  ,8.998721483671e-01  ,2.929889069072e-01  ,1.506930612829e+00  ,1.367597319853e+00  ,4.321469768817e-01  
  2.920548353570e-07  ,-1.205962140327e+00  ,9.290371394087e-01  ,8.999597909155e-01  ,8.998311784445e-01  ,2.969787207521e-01  ,1.502940861079e+00  ,1.364349748149e+00  ,4.353126087402e-01  
  2.921548361185e-07  ,-1.197792081351e+00  ,9.224754271944e-01  ,8.999598223849e-01  ,8.997902251290e-01  ,3.010637817093e-01  ,1.498855863060e+00  ,1.361027938726e+00  ,4.385525115318e-01  
  2.922548368799e-07  ,-1.189432816576e+00  ,9.157662433785e-01  ,8.999598542716e-01  ,8.997492951897e-01  ,3.052434459836e-01  ,1.494676262560e+00  ,1.357632416879e+00  ,4.418661735004e-01  
  2.923548376414e-07  ,-1.180885659985e+00  ,9.089106485913e-01  ,8.999598865702e-01  ,8.997083953597e-01  ,3.095170565779e-01  ,1.490402716563e+00  ,1.354163719655e+00  ,4.452530710641e-01  
  2.924548384028e-07  ,-1.172151953627e+00  ,9.019097268829e-01  ,8.999599192759e-01  ,8.996675321851e-01  ,3.138839424622e-01  ,1.486035896089e+00  ,1.350622395627e+00  ,4.487126687436e-01  
  2.925548391643e-07  ,-1.163233292882e+00  ,8.947647745925e-01  ,8.999599523833e-01  ,8.996267132881e-01  ,3.183433059424e-01  ,1.481576598824e+00  ,1.347009100584e+00  ,4.522443259919e-01  
  2.926548399257e-07  ,-1.154130916594e+00  ,8.874768032712e-01  ,8.999599858880e-01  ,8.995859446631e-01  ,3.228945275912e-01  ,1.477025444185e+00  ,1.343324346299e+00  ,4.558475430275e-01  
  2.927548406872e-07  ,-1.144845855681e+00  ,8.800466455818e-01  ,8.999600197856e-01  ,8.995452312154e-01  ,3.275370919449e-01  ,1.472382947626e+00  ,1.339568554006e+00  ,4.595219084245e-01  
  2.928548414486e-07  ,-1.135379886981e+00  ,8.724757278261e-01  ,8.999600540690e-01  ,8.995045811971e-01  ,3.322701105783e-01  ,1.467649997560e+00  ,1.335742445110e+00  ,4.632667172841e-01  
  2.929548422101e-07  ,-1.125734511011e+00  ,8.647652485000e-01  ,8.999600887330e-01  ,8.994640012126e-01  ,3.370928332273e-01  ,1.462827344239e+00  ,1.331846625463e+00  ,4.670813769626e-01  
  2.930548429715e-07  ,-1.115911248394e+00  ,8.569164284376e-01  ,8.999601237730e-01  ,8.994234978282e-01  ,3.420044995758e-01  ,1.457915747970e+00  ,1.327881712047e+00  ,4.709652836094e-01  
  2.931548437330e-07  ,-1.105911643945e+00  ,8.489305106106e-01  ,8.999601591831e-01  ,8.993830777361e-01  ,3.470043372105e-01  ,1.452915981156e+00  ,1.323848333041e+00  ,4.749178224308e-01  
  2.932548444944e-07  ,-1.095737268571e+00  ,8.408087599258e-01  ,8.999601949574e-01  ,8.993427476342e-01  ,3.520915606718e-01  ,1.447828829243e+00  ,1.319747127597e+00  ,4.789383676713e-01  
  2.933548452559e-07  ,-1.085389980825e+00  ,8.325526816447e-01  ,8.999602310903e-01  ,8.993025151046e-01  ,3.572652406779e-01  ,1.442655221503e+00  ,1.315578855927e+00  ,4.830261742822e-01  
  2.934548460173e-07  ,-1.074870864370e+00  ,8.241631502472e-01  ,8.999602675774e-01  ,8.992623844293e-01  ,3.625248353922e-01  ,1.437395699763e+00  ,1.311343959553e+00  ,4.871808093057e-01  
  2.935548467788e-07  ,-1.064182112371e+00  ,8.156419359462e-01  ,8.999603044110e-01  ,8.992223642497e-01  ,3.678692482254e-01  ,1.432051360597e+00  ,1.307043332223e+00  ,4.914013962766e-01  
  2.936548475402e-07  ,-1.053324849651e+00  ,8.069899414667e-01  ,8.999603415871e-01  ,8.991824589363e-01  ,3.732979167614e-01  ,1.426622766413e+00  ,1.302677429670e+00  ,4.956874882029e-01  
  2.937548483017e-07  ,-1.042301067569e+00  ,7.982087604893e-01  ,8.999603790988e-01  ,8.991426761229e-01  ,3.788098453142e-01  ,1.421110912883e+00  ,1.298247056368e+00  ,5.000382958783e-01  
  2.938548490631e-07  ,-1.031112508271e+00  ,7.892997852090e-01  ,8.999604169403e-01  ,8.991030223082e-01  ,3.844041628050e-01  ,1.415516671076e+00  ,1.293752914913e+00  ,5.044531297037e-01  
  2.939548498246e-07  ,-1.019760934011e+00  ,7.802644282771e-01  ,8.999604551063e-01  ,8.990635039790e-01  ,3.900799881008e-01  ,1.409840922112e+00  ,1.289195718118e+00  ,5.089312898405e-01  
  2.940548505860e-07  ,-1.008248420510e+00  ,7.711043652734e-01  ,8.999604935898e-01  ,8.990241287107e-01  ,3.958362833346e-01  ,1.404084703845e+00  ,1.284576311347e+00  ,5.134719460740e-01  
  2.941548513474e-07  ,-9.965765663838e-01  ,7.618208935013e-01  ,8.999605323856e-01  ,8.989849022066e-01  ,4.016722491937e-01  ,1.398248815578e+00  ,1.279895348957e+00  ,5.180744554559e-01  
  2.942548521089e-07  ,-9.847466955097e-01  ,7.524150763218e-01  ,8.999605714890e-01  ,8.989458290573e-01  ,4.075872237341e-01  ,1.392333919244e+00  ,1.275153367218e+00  ,5.227382908964e-01  
  2.943548528703e-07  ,-9.727610799290e-01  ,7.428887280538e-01  ,8.999606108913e-01  ,8.989069169911e-01  ,4.135800709268e-01  ,1.386341150856e+00  ,1.270351281018e+00  ,5.274625529642e-01  
  2.944548536318e-07  ,-9.606216213063e-01  ,7.332433601988e-01  ,8.999606505864e-01  ,8.988681722873e-01  ,4.196498399332e-01  ,1.380271461239e+00  ,1.265489852387e+00  ,5.322464921879e-01  
  2.945548543932e-07  ,-9.483302354216e-01  ,7.234805033136e-01  ,8.999606905689e-01  ,8.988296011833e-01  ,4.257955728581e-01  ,1.374125808280e+00  ,1.260569852840e+00  ,5.370893495265e-01  
  2.946548551547e-07  ,-9.358891714014e-01  ,7.136019686187e-01  ,8.999607308318e-01  ,8.987912107962e-01  ,4.320161451311e-01  ,1.367905316532e+00  ,1.255592195106e+00  ,5.419902264869e-01  
  2.947548559161e-07  ,-9.232997331648e-01  ,7.036088034617e-01  ,8.999607713708e-01  ,8.987530051597e-01  ,4.383109047884e-01  ,1.361610637953e+00  ,1.250557406891e+00  ,5.469486034288e-01  
  2.948548566776e-07  ,-9.105642269633e-01  ,6.935028528888e-01  ,8.999608121783e-01  ,8.987149914233e-01  ,4.446786986966e-01  ,1.355242925660e+00  ,1.245466417868e+00  ,5.519635649789e-01  
  2.949548574390e-07  ,-8.976846650818e-01  ,6.832857212562e-01  ,8.999608532471e-01  ,8.986771759012e-01  ,4.511185207062e-01  ,1.348803185788e+00  ,1.240320036529e+00  ,5.570343152731e-01  
  2.950548582005e-07  ,-8.846634059254e-01  ,6.729593044883e-01  ,8.999608945707e-01  ,8.986395658840e-01  ,4.576291916080e-01  ,1.342292597533e+00  ,1.235119218128e+00  ,5.621599136398e-01  
  2.951548589619e-07  ,-8.715022583039e-01  ,6.625250652368e-01  ,8.999609361437e-01  ,8.986021666577e-01  ,4.642098069917e-01  ,1.335712065296e+00  ,1.229864699276e+00  ,5.673396340393e-01  
  2.952548597234e-07  ,-8.582027166773e-01  ,6.519842000453e-01  ,8.999609779609e-01  ,8.985649824640e-01  ,4.708596196222e-01  ,1.329062336300e+00  ,1.224557082487e+00  ,5.725728824413e-01  
  2.953548604848e-07  ,-8.447673406036e-01  ,6.413387467298e-01  ,8.999610200134e-01  ,8.985280205397e-01  ,4.775773497116e-01  ,1.322344690315e+00  ,1.219197393905e+00  ,5.778586471748e-01  
  2.954548612463e-07  ,-8.311982632561e-01  ,6.305903961278e-01  ,8.999610622949e-01  ,8.984912869915e-01  ,4.843619306669e-01  ,1.315560193923e+00  ,1.213786485055e+00  ,5.831960889276e-01  
  2.955548620077e-07  ,-8.174979741581e-01  ,6.197411432297e-01  ,8.999611047986e-01  ,8.984547888542e-01  ,4.912121177195e-01  ,1.308710091878e+00  ,1.208325360469e+00  ,5.885842172393e-01  
  2.956548627692e-07  ,-8.036683775732e-01  ,6.087925247712e-01  ,8.999611475186e-01  ,8.984185311183e-01  ,4.981269587320e-01  ,1.301795336305e+00  ,1.202814793504e+00  ,5.940222687327e-01  
  2.957548635306e-07  ,-7.897115560173e-01  ,5.977462180672e-01  ,8.999611904485e-01  ,8.983825191124e-01  ,5.051054124398e-01  ,1.294816968457e+00  ,1.197255628146e+00  ,5.995094100788e-01  
  2.958548642921e-07  ,-7.756296703512e-01  ,5.866039575052e-01  ,8.999612335815e-01  ,8.983467584397e-01  ,5.121463984059e-01  ,1.287776068757e+00  ,1.191648737192e+00  ,6.050447796871e-01  
  2.959548650535e-07  ,-7.614243841360e-01  ,5.753670638436e-01  ,8.999612769117e-01  ,8.983112534608e-01  ,5.192490848437e-01  ,1.280673468980e+00  ,1.185994785383e+00  ,6.106277215390e-01  
  2.960548658150e-07  ,-7.470988705670e-01  ,5.640380548817e-01  ,8.999613204289e-01  ,8.982760124656e-01  ,5.264118851454e-01  ,1.273510755712e+00  ,1.180295039906e+00  ,6.162569850248e-01  
  2.961548665764e-07  ,-7.326546490321e-01  ,5.526181325430e-01  ,8.999613641285e-01  ,8.982410392443e-01  ,5.336340396125e-01  ,1.266288688645e+00  ,1.174550105516e+00  ,6.219319729728e-01  
  2.962548673379e-07  ,-7.180943905600e-01  ,5.411094098775e-01  ,8.999614080029e-01  ,8.982063402003e-01  ,5.409142127229e-01  ,1.259008603283e+00  ,1.168761045139e+00  ,6.276516352615e-01  
  2.963548680993e-07  ,-7.034204008991e-01  ,5.295137162132e-01  ,8.999614520451e-01  ,8.981719206021e-01  ,5.482512515956e-01  ,1.251671652495e+00  ,1.162928778709e+00  ,6.334150624955e-01  
  2.964548688608e-07  ,-6.886353679590e-01  ,5.178332047114e-01  ,8.999614962481e-01  ,8.981377868947e-01  ,5.556438122686e-01  ,1.244279180228e+00  ,1.157054389250e+00  ,6.392211845390e-01  
  2.965548696222e-07  ,-6.737408417998e-01  ,5.060691148076e-01  ,8.999615406070e-01  ,8.981039428478e-01  ,5.630911197071e-01  ,1.236831961507e+00  ,1.151138500252e+00  ,6.450693854439e-01  
  2.966548703837e-07  ,-6.587395564090e-01  ,4.942236243808e-01  ,8.999615851124e-01  ,8.980703948838e-01  ,5.705918069079e-01  ,1.229331363317e+00  ,1.145182207074e+00  ,6.509585826934e-01  
  2.967548711451e-07  ,-6.436338835943e-01  ,4.822986167992e-01  ,8.999616297573e-01  ,8.980371481248e-01  ,5.781446879602e-01  ,1.221778571554e+00  ,1.139186456524e+00  ,6.568878397252e-01  
  2.968548719066e-07  ,-6.284265900106e-01  ,4.702963066958e-01  ,8.999616745354e-01  ,8.980042085053e-01  ,5.857483795302e-01  ,1.214174969541e+00  ,1.133152361853e+00  ,6.628560551574e-01  
  2.969548726680e-07  ,-6.131192707236e-01  ,4.582179678643e-01  ,8.999617194417e-01  ,8.979715796204e-01  ,5.934020840798e-01  ,1.206521354803e+00  ,1.127080563553e+00  ,6.688625956883e-01  
  2.970548734295e-07  ,-5.977147380828e-01  ,4.460658375028e-01  ,8.999617644670e-01  ,8.979392678712e-01  ,6.011043954256e-01  ,1.198819133508e+00  ,1.120972186623e+00  ,6.749063491198e-01  
  2.971548741909e-07  ,-5.822154297355e-01  ,4.338418482564e-01  ,8.999618096046e-01  ,8.979072786891e-01  ,6.088540947369e-01  ,1.191069524472e+00  ,1.114828202817e+00  ,6.809863545609e-01  
  2.972548749524e-07  ,-5.666241864770e-01  ,4.215482705163e-01  ,8.999618548474e-01  ,8.978756180128e-01  ,6.166497616089e-01  ,1.183273948086e+00  ,1.108649753271e+00  ,6.871014827547e-01  
  2.973548757138e-07  ,-5.509426446952e-01  ,4.091864091192e-01  ,8.999619001898e-01  ,8.978442891763e-01  ,6.244905778422e-01  ,1.175433222537e+00  ,1.102437493736e+00  ,6.932510846167e-01  
  2.974548764753e-07  ,-5.351740890805e-01  ,3.967588845748e-01  ,8.999619456220e-01  ,8.978132988718e-01  ,6.323749010818e-01  ,1.167548990162e+00  ,1.096192741159e+00  ,6.994338565844e-01  
  2.975548772367e-07  ,-5.193207190212e-01  ,3.842674572323e-01  ,8.999619911381e-01  ,8.977826515064e-01  ,6.403016316276e-01  ,1.159622350649e+00  ,1.089916380123e+00  ,7.056489228903e-01  
  2.976548779982e-07  ,-5.033849290906e-01  ,3.717140421248e-01  ,8.999620367316e-01  ,8.977523517590e-01  ,6.482695721863e-01  ,1.151654501277e+00  ,1.083609372821e+00  ,7.118953306966e-01  
  2.977548787596e-07  ,-4.873685866055e-01  ,3.591001178398e-01  ,8.999620823963e-01  ,8.977224031768e-01  ,6.562777890936e-01  ,1.143646375699e+00  ,1.077272462097e+00  ,7.181723442569e-01  
  2.978548795211e-07  ,-4.712748449771e-01  ,3.464281687771e-01  ,8.999621281220e-01  ,8.976928116576e-01  ,6.643247056335e-01  ,1.135599550611e+00  ,1.070906896046e+00  ,7.244787272690e-01  
  2.979548802825e-07  ,-4.551062704502e-01  ,3.337002111671e-01  ,8.999621739020e-01  ,8.976635819128e-01  ,6.724090386769e-01  ,1.127515309127e+00  ,1.064513687496e+00  ,7.308134763293e-01  
  2.980548810440e-07  ,-4.388654235049e-01  ,3.209182702883e-01  ,8.999622197302e-01  ,8.976347186604e-01  ,6.805295079777e-01  ,1.119394931483e+00  ,1.058093853805e+00  ,7.371755835163e-01  
  2.981548818054e-07  ,-4.225552810305e-01  ,3.080847207457e-01  ,8.999622655982e-01  ,8.976062273392e-01  ,6.886846250829e-01  ,1.111239906113e+00  ,1.051648587712e+00  ,7.435638669664e-01  
  2.982548825669e-07  ,-4.061775546936e-01  ,2.952009250020e-01  ,8.999623115011e-01  ,8.975781110067e-01  ,6.968735341543e-01  ,1.103051088848e+00  ,1.045178573508e+00  ,7.499776485057e-01  
  2.983548833283e-07  ,-3.897352579546e-01  ,2.822692726954e-01  ,8.999623574300e-01  ,8.975503749987e-01  ,7.050947284527e-01  ,1.094829986407e+00  ,1.038685011346e+00  ,7.564157386510e-01  
  2.984548840898e-07  ,-3.732309946447e-01  ,2.692918219597e-01  ,8.999624033771e-01  ,8.975230238840e-01  ,7.133469060548e-01  ,1.086577900699e+00  ,1.032168934864e+00  ,7.628771129041e-01  
  2.985548848512e-07  ,-3.566677912499e-01  ,2.562709839610e-01  ,8.999624493356e-01  ,8.974960628640e-01  ,7.216285537107e-01  ,1.078296344961e+00  ,1.025631554845e+00  ,7.693605708836e-01  
  2.986548856127e-07  ,-3.400479499576e-01  ,2.432086030111e-01  ,8.999624952997e-01  ,8.974694956940e-01  ,7.299385203209e-01  ,1.069986470278e+00  ,1.019073797200e+00  ,7.758651941885e-01  
  2.987548863741e-07  ,-3.233739770885e-01  ,2.301066823069e-01  ,8.999625412624e-01  ,8.974433264175e-01  ,7.382755527181e-01  ,1.061649529807e+00  ,1.012496667571e+00  ,7.823899852640e-01  
  2.988548871356e-07  ,-3.066478259476e-01  ,2.169667662817e-01  ,8.999625872178e-01  ,8.974175581964e-01  ,7.466386742440e-01  ,1.053286500192e+00  ,1.005900941337e+00  ,7.889341750556e-01  
  2.989548878970e-07  ,-2.898732223293e-01  ,2.037917964780e-01  ,8.999626331550e-01  ,8.973921971451e-01  ,7.550260219903e-01  ,1.044899244320e+00  ,9.992880953841e-01  ,7.954962989061e-01  
  2.990548886585e-07  ,-2.730525199247e-01  ,1.905836389414e-01  ,8.999626790682e-01  ,8.973672470599e-01  ,7.634364191059e-01  ,1.036488939031e+00  ,9.926590665306e-01  ,8.020754275892e-01  
  2.991548894199e-07  ,-2.561876454802e-01  ,1.773438123385e-01  ,8.999627249518e-01  ,8.973427108715e-01  ,7.718689022116e-01  ,1.028056547692e+00  ,9.860146170407e-01  ,8.086708047022e-01  
  2.992548901814e-07  ,-2.392818747572e-01  ,1.640748905821e-01  ,8.999627707955e-01  ,8.973185933124e-01  ,7.803218334169e-01  ,1.019603708174e+00  ,9.793560386034e-01  ,8.152811480214e-01  
  2.993548909428e-07  ,-2.223378986667e-01  ,1.507789864513e-01  ,8.999628165923e-01  ,8.972948980034e-01  ,7.887938672590e-01  ,1.011131765926e+00  ,9.726843912290e-01  ,8.219054047777e-01  
  2.994548917043e-07  ,-2.053583991837e-01  ,1.374582171109e-01  ,8.999628623364e-01  ,8.972716287099e-01  ,7.972836627446e-01  ,1.002642061928e+00  ,9.660007372654e-01  ,8.285425201545e-01  
  2.995548924657e-07  ,-1.883464883563e-01  ,1.241150580028e-01  ,8.999629080191e-01  ,8.972487898666e-01  ,8.057896638409e-01  ,9.941361521972e-01  ,9.593063188680e-01  ,8.351912608652e-01  
  2.996548932272e-07  ,-1.713039518488e-01  ,1.107509261149e-01  ,8.999629536354e-01  ,8.972263838173e-01  ,8.143109777110e-01  ,9.856149295598e-01  ,9.526018468747e-01  ,8.418509207599e-01  
  2.997548939886e-07  ,-1.542343638751e-01  ,9.736865873236e-02  ,8.999629991765e-01  ,8.972044150844e-01  ,8.228458172389e-01  ,9.770801811140e-01  ,9.458887444506e-01  ,8.485200857183e-01  
  2.998548947501e-07  ,-1.371396366725e-01  ,8.396967709328e-02  ,8.999630446320e-01  ,8.971828859830e-01  ,8.313932262957e-01  ,9.685328629682e-01  ,9.391677245297e-01  ,8.551980474364e-01  
  2.999548955115e-07  ,-1.200230819417e-01  ,7.055647011794e-02  ,8.999630899908e-01  ,8.971618008043e-01  ,8.399515490199e-01  ,9.599746309616e-01  ,9.324400358632e-01  ,8.618835657453e-01  
  3.000548962730e-07  ,-1.028873429563e-01  ,5.713117425732e-02  ,8.999631352566e-01  ,8.971411633601e-01  ,8.485194637785e-01  ,9.514068067348e-01  ,9.257067504888e-01  ,8.685755762315e-01  
  3.001548970344e-07  ,-8.573541022672e-02  ,4.369628475053e-02  ,8.999631804259e-01  ,8.971209772848e-01  ,8.570954753125e-01  ,9.428308855392e-01  ,9.189691196601e-01  ,8.752728349096e-01  
  3.002548977959e-07  ,-6.856964217130e-02  ,3.025370441318e-02  ,8.999632254849e-01  ,8.971012450036e-01  ,8.656784043992e-01  ,9.342480465705e-01  ,9.122280972101e-01  ,8.819743927970e-01  
  3.003548985573e-07  ,-5.139256851535e-02  ,1.680549552685e-02  ,8.999632704290e-01  ,8.970819695931e-01  ,8.742669861713e-01  ,9.256595546867e-01  ,9.054847173566e-01  ,8.886792218297e-01  
  3.004548993188e-07  ,-3.420667438036e-02  ,3.353773985494e-03  ,8.999633152583e-01  ,8.970631546883e-01  ,8.828599780681e-01  ,9.170666524485e-01  ,8.987400416810e-01  ,8.953862676955e-01  
  3.005549000802e-07  ,-1.701395614553e-02  ,-1.009985972529e-02  ,8.999633599631e-01  ,8.970448031126e-01  ,8.914563818903e-01  ,9.084703380359e-01  ,8.919948732500e-01  ,9.020947329753e-01  
  3.006549008417e-07  ,1.817228484469e-04  ,-2.355237624642e-02  ,8.999634045268e-01  ,8.970269196748e-01  ,9.000542659510e-01  ,8.998725431025e-01  ,8.852507315516e-01  ,9.088031077980e-01  
  3.007549016031e-07  ,1.737785469550e-02  ,-3.700187059018e-02  ,8.999634489433e-01  ,8.970095067416e-01  ,9.086523762911e-01  ,8.912745215955e-01  ,8.785085714465e-01  ,9.155104420366e-01  
  3.008549023646e-07  ,3.457239093748e-02  ,-5.044679519260e-02  ,8.999634932083e-01  ,8.969925662160e-01  ,9.172496886771e-01  ,8.826772977396e-01  ,8.717691686197e-01  ,9.222159638123e-01  
  3.009549031260e-07  ,5.176187628208e-02  ,-6.388453167158e-02  ,8.999635373115e-01  ,8.969761014077e-01  ,9.258444754526e-01  ,8.740825991705e-01  ,8.650338355719e-01  ,9.289183672435e-01  
  3.010549038875e-07  ,6.894308946668e-02  ,-7.731258248706e-02  ,8.999635812440e-01  ,8.969601151081e-01  ,9.344351259774e-01  ,8.654920365107e-01  ,8.583038238646e-01  ,9.356164063516e-01  
  3.011549046489e-07  ,8.611362794128e-02  ,-9.072904629205e-02  ,8.999636250008e-01  ,8.969446085683e-01  ,9.430204389714e-01  ,8.569068110301e-01  ,8.515800854223e-01  ,9.423091317144e-01  
  3.012549054104e-07  ,1.032708964534e-01  ,-1.041318647251e-01  ,8.999636685746e-01  ,8.969295829253e-01  ,9.515991168013e-01  ,8.483282203479e-01  ,8.448636505627e-01  ,9.489955152878e-01  
  3.013549061718e-07  ,1.204128841900e-01  ,-1.175194555509e-01  ,8.999637119594e-01  ,8.969150392338e-01  ,9.601701540545e-01  ,8.397572698644e-01  ,8.381553114583e-01  ,9.556747670092e-01  
  3.014549069332e-07  ,1.375362111890e-01  ,-1.308891703624e-01  ,8.999637551464e-01  ,8.969009798287e-01  ,9.687318607410e-01  ,8.311956495519e-01  ,8.314563946475e-01  ,9.623455650099e-01  
  3.015549076947e-07  ,1.546381525801e-01  ,-1.442388782627e-01  ,8.999637981308e-01  ,8.968874075219e-01  ,9.772828744208e-01  ,8.226447218407e-01  ,8.247679683906e-01  ,9.690068466533e-01  
  3.016549084561e-07  ,1.717155710470e-01  ,-1.575660974226e-01  ,8.999638409081e-01  ,8.968743256704e-01  ,9.858216264316e-01  ,8.141060553846e-01  ,8.180912769591e-01  ,9.756573743817e-01  
  3.017549092176e-07  ,1.887666751780e-01  ,-1.708694119336e-01  ,8.999638834747e-01  ,8.968617360940e-01  ,9.943472210637e-01  ,8.055805458857e-01  ,8.114270301271e-01  ,9.822964420608e-01  
  3.018549099790e-07  ,2.057878892635e-01  ,-1.841459938495e-01  ,8.999639258220e-01  ,8.968496426584e-01  ,1.002857870454e+00  ,7.970699811902e-01  ,8.047766457336e-01  ,9.889226395832e-01  
  3.019549107405e-07  ,2.227768432817e-01  ,-1.973939631142e-01  ,8.999639679434e-01  ,8.968380480299e-01  ,1.011352389584e+00  ,7.885755463025e-01  ,7.981410664728e-01  ,9.955350295870e-01  
  3.020549115019e-07  ,2.397309716314e-01  ,-2.106112867268e-01  ,8.999640098313e-01  ,8.968269545329e-01  ,1.019829495647e+00  ,7.800985240156e-01  ,7.915213111695e-01  ,1.002132597896e+00  
  3.021549122634e-07  ,2.566476409936e-01  ,-2.237958840247e-01  ,8.999640514779e-01  ,8.968163636333e-01  ,1.028287871975e+00  ,7.716402309811e-01  ,7.849184216209e-01  ,1.008714305646e+00  
  3.022549130248e-07  ,2.735248437680e-01  ,-2.369461845678e-01  ,8.999640928770e-01  ,8.968062758936e-01  ,1.036726514761e+00  ,7.632016709930e-01  ,7.783331836097e-01  ,1.015279368177e+00  
  3.023549137863e-07  ,2.903592185060e-01  ,-2.500595710684e-01  ,8.999641340189e-01  ,8.967966918631e-01  ,1.045143743272e+00  ,7.547845247659e-01  ,7.717669063290e-01  ,1.021826477397e+00  
  3.024549145477e-07  ,3.071480746401e-01  ,-2.631339528350e-01  ,8.999641748981e-01  ,8.967876118688e-01  ,1.053538212218e+00  ,7.463901375780e-01  ,7.652206354513e-01  ,1.028354588286e+00  
  3.025549153092e-07  ,3.238883233905e-01  ,-2.761668992015e-01  ,8.999642155088e-01  ,8.967790371075e-01  ,1.061908377204e+00  ,7.380200538136e-01  ,7.586955875067e-01  ,1.034862486708e+00  
  3.026549160706e-07  ,3.405782049929e-01  ,-2.891570255655e-01  ,8.999642558465e-01  ,8.967709684453e-01  ,1.070253358343e+00  ,7.296751533501e-01  ,7.521924556625e-01  ,1.041349481228e+00  
  3.027549168321e-07  ,3.572142119643e-01  ,-3.021015695741e-01  ,8.999642959026e-01  ,8.967634077794e-01  ,1.078571401885e+00  ,7.213571899205e-01  ,7.457126229923e-01  ,1.047814192566e+00  
  3.028549175935e-07  ,3.737945906793e-01  ,-3.149991559074e-01  ,8.999643356729e-01  ,8.967563563246e-01  ,1.086861631013e+00  ,7.130670403333e-01  ,7.392567783709e-01  ,1.054255934278e+00  
  3.029549183550e-07  ,3.903158497472e-01  ,-3.278470414789e-01  ,8.999643751492e-01  ,8.967498168639e-01  ,1.095122300023e+00  ,7.048064502756e-01  ,7.328262961244e-01  ,1.060673337603e+00  
  3.030549191164e-07  ,4.067756846741e-01  ,-3.406434074034e-01  ,8.999644143263e-01  ,8.967437911382e-01  ,1.103352256663e+00  ,6.965765719893e-01  ,7.264220874365e-01  ,1.067065494840e+00  
  3.031549198779e-07  ,4.231716055780e-01  ,-3.533862897949e-01  ,8.999644531986e-01  ,8.967382803527e-01  ,1.111550255988e+00  ,6.883786504097e-01  ,7.200451354553e-01  ,1.073431425250e+00  
  3.032549206393e-07  ,4.395010620732e-01  ,-3.660736821394e-01  ,8.999644917604e-01  ,8.967332850633e-01  ,1.119715022797e+00  ,6.802139607238e-01  ,7.136964439936e-01  ,1.079770126133e+00  
  3.033549214008e-07  ,4.557621133333e-01  ,-3.787040722296e-01  ,8.999645300064e-01  ,8.967288054038e-01  ,1.127845586673e+00  ,6.720834733398e-01  ,7.073767692890e-01  ,1.086080841519e+00  
  3.034549221622e-07  ,4.719510984064e-01  ,-3.912746091014e-01  ,8.999645679276e-01  ,8.967248414659e-01  ,1.135940117131e+00  ,6.639890187244e-01  ,7.010875369152e-01  ,1.092362146017e+00  
  3.035549229237e-07  ,4.880662977176e-01  ,-4.037839572201e-01  ,8.999646055197e-01  ,8.967213932460e-01  ,1.143997754378e+00  ,6.559314566609e-01  ,6.948294146359e-01  ,1.098613371856e+00  
  3.036549236851e-07  ,5.041043012055e-01  ,-4.162294553602e-01  ,8.999646427749e-01  ,8.967184607340e-01  ,1.152016793378e+00  ,6.479124921722e-01  ,6.886037330539e-01  ,1.104833188414e+00  
  3.037549244466e-07  ,5.200634155358e-01  ,-4.286097812311e-01  ,8.999646796891e-01  ,8.967160439387e-01  ,1.159996387457e+00  ,6.399329719212e-01  ,6.824111533231e-01  ,1.111020934554e+00  
  3.038549252080e-07  ,5.359406810922e-01  ,-4.409226277264e-01  ,8.999647162549e-01  ,8.967141430587e-01  ,1.167935056801e+00  ,6.319943757088e-01  ,6.762528291955e-01  ,1.117175456922e+00  
  3.039549259695e-07  ,5.517335775324e-01  ,-4.531660306083e-01  ,8.999647524668e-01  ,8.967127588057e-01  ,1.175831541233e+00  ,6.240979637006e-01  ,6.701297435015e-01  ,1.123295774110e+00  
  3.040549267309e-07  ,5.674392070288e-01  ,-4.653377132558e-01  ,8.999647883192e-01  ,8.967118924453e-01  ,1.183684391834e+00  ,6.162451848048e-01  ,6.640430358174e-01  ,1.129380749073e+00  
  3.041549274924e-07  ,5.830559199893e-01  ,-4.774363822981e-01  ,8.999648238083e-01  ,8.967115444955e-01  ,1.191492783803e+00  ,6.084368638137e-01  ,6.579933533465e-01  ,1.135429735645e+00  
  3.042549282538e-07  ,5.985804331127e-01  ,-4.894594626868e-01  ,8.999648589268e-01  ,8.967117153504e-01  ,1.199255075483e+00  ,6.006746423705e-01  ,6.519819840070e-01  ,1.141441446694e+00  
  3.043549290153e-07  ,6.140111094194e-01  ,-5.014056767902e-01  ,8.999648936712e-01  ,8.967124048143e-01  ,1.206970448381e+00  ,5.929593389615e-01  ,6.460095664192e-01  ,1.147415243209e+00  
  3.044549297767e-07  ,6.293450875566e-01  ,-5.132727969677e-01  ,8.999649280351e-01  ,8.967136125197e-01  ,1.214637471813e+00  ,5.852923842568e-01  ,6.400772140358e-01  ,1.153350011004e+00  
  3.045549305382e-07  ,6.445795437714e-01  ,-5.250586164976e-01  ,8.999649620122e-01  ,8.967153379553e-01  ,1.222254733898e+00  ,5.776751901265e-01  ,6.341860297065e-01  ,1.159244646204e+00  
  3.046549312996e-07  ,6.597128747988e-01  ,-5.367618830201e-01  ,8.999649955989e-01  ,8.967175805993e-01  ,1.229821432998e+00  ,5.701085581995e-01  ,6.283366390892e-01  ,1.165098522109e+00  
  3.047549320611e-07  ,6.747418937489e-01  ,-5.483801050385e-01  ,8.999650287882e-01  ,8.967203391298e-01  ,1.237335975663e+00  ,5.625940819138e-01  ,6.225302866105e-01  ,1.170910391649e+00  
  3.048549328225e-07  ,6.896650149281e-01  ,-5.599120479437e-01  ,8.999650615762e-01  ,8.967236129078e-01  ,1.244797569040e+00  ,5.551325541122e-01  ,6.167675889360e-01  ,1.176679636880e+00  
  3.049549335840e-07  ,7.044794686636e-01  ,-5.713555603355e-01  ,8.999650939564e-01  ,8.967274012308e-01  ,1.252204828288e+00  ,5.477253596246e-01  ,6.110496210631e-01  ,1.182405181399e+00  
  3.050549343454e-07  ,7.191825262796e-01  ,-5.827085140886e-01  ,8.999651259232e-01  ,8.967317041126e-01  ,1.259556389063e+00  ,5.403738627834e-01  ,6.053774470683e-01  ,1.188085961157e+00  
  3.051549351069e-07  ,7.337726402554e-01  ,-5.939697026949e-01  ,8.999651574734e-01  ,8.967365214448e-01  ,1.266851477601e+00  ,5.330788373457e-01  ,5.997516700973e-01  ,1.193721372792e+00  
  3.052549358683e-07  ,7.482471066079e-01  ,-6.051370245079e-01  ,8.999651886008e-01  ,8.967418526770e-01  ,1.274088741905e+00  ,5.258416352969e-01  ,5.941733404231e-01  ,1.199310364931e+00  
  3.053549366298e-07  ,7.626036260933e-01  ,-6.162086967587e-01  ,8.999652193006e-01  ,8.967476968778e-01  ,1.281267032347e+00  ,5.186634062540e-01  ,5.886433484985e-01  ,1.204852045257e+00  
  3.054549373912e-07  ,7.768395624890e-01  ,-6.271826603055e-01  ,8.999652495685e-01  ,8.967540530519e-01  ,1.288385030813e+00  ,5.115454683240e-01  ,5.831627228992e-01  ,1.210345383205e+00  
  3.055549381527e-07  ,7.909534194693e-01  ,-6.380577488808e-01  ,8.999652794008e-01  ,8.967609205836e-01  ,1.295441989135e+00  ,5.044885696661e-01  ,5.777320461432e-01  ,1.215789795024e+00  
  3.056549389141e-07  ,8.049425826511e-01  ,-6.488319320807e-01  ,8.999653087909e-01  ,8.967682980262e-01  ,1.302436600117e+00  ,4.974940174654e-01  ,5.723523319859e-01  ,1.221184264067e+00  
  3.057549396756e-07  ,8.188044767918e-01  ,-6.595032061843e-01  ,8.999653377345e-01  ,8.967761831690e-01  ,1.309367576130e+00  ,4.905630993386e-01  ,5.670245800768e-01  ,1.226527786261e+00  
  3.058549404370e-07  ,8.325371738768e-01  ,-6.700700615293e-01  ,8.999653662281e-01  ,8.967845744657e-01  ,1.316233953167e+00  ,4.836967792897e-01  ,5.617495437011e-01  ,1.231819605230e+00  
  3.059549411985e-07  ,8.461391042102e-01  ,-6.805312793801e-01  ,8.999653942679e-01  ,8.967934709006e-01  ,1.323034946373e+00  ,4.768958421628e-01  ,5.565278312106e-01  ,1.237059110591e+00  
  3.060549419599e-07  ,8.596072695157e-01  ,-6.908845349012e-01  ,8.999654218470e-01  ,8.968028707902e-01  ,1.329769056605e+00  ,4.701617870891e-01  ,5.513606033396e-01  ,1.242245138241e+00  
  3.061549427214e-07  ,8.729402437158e-01  ,-7.011287277463e-01  ,8.999654489624e-01  ,8.968127733594e-01  ,1.336435570820e+00  ,4.634953271045e-01  ,5.462484094862e-01  ,1.247377137233e+00  
  3.062549434828e-07  ,8.861352060550e-01  ,-7.112616746543e-01  ,8.999654756091e-01  ,8.968231768067e-01  ,1.343033078637e+00  ,4.568978725816e-01  ,5.411923394796e-01  ,1.252454014134e+00  
  3.063549442443e-07  ,8.991903161169e-01  ,-7.212819423075e-01  ,8.999655017836e-01  ,8.968340797587e-01  ,1.349560659842e+00  ,4.503703437252e-01  ,5.361931086049e-01  ,1.257475050912e+00  
  3.064549450057e-07  ,9.121040789344e-01  ,-7.311883746255e-01  ,8.999655274825e-01  ,8.968454810856e-01  ,1.356017566950e+00  ,4.439134880152e-01  ,5.312512937728e-01  ,1.262439668398e+00  
  3.065549457672e-07  ,9.248736448604e-01  ,-7.409787687557e-01  ,8.999655526996e-01  ,8.968573784302e-01  ,1.362402375130e+00  ,4.375287302694e-01  ,5.263679940524e-01  ,1.267346762808e+00  
  3.066549465286e-07  ,9.374972293721e-01  ,-7.506517400554e-01  ,8.999655774320e-01  ,8.968697699286e-01  ,1.368714192118e+00  ,4.312169627459e-01  ,5.215438999009e-01  ,1.272195639956e+00  
  3.067549472901e-07  ,9.499729194782e-01  ,-7.602058033521e-01  ,8.999656016761e-01  ,8.968826533432e-01  ,1.374952061415e+00  ,4.249791419370e-01  ,5.167797516672e-01  ,1.276985555019e+00  
  3.068549480515e-07  ,9.622992452153e-01  ,-7.696398266722e-01  ,8.999656254285e-01  ,8.968960268735e-01  ,1.381115248036e+00  ,4.188160028209e-01  ,5.120761135374e-01  ,1.281715940210e+00  
  3.069549488130e-07  ,9.744737538433e-01  ,-7.789519292401e-01  ,8.999656486837e-01  ,8.969098875096e-01  ,1.387202525605e+00  ,4.127287717621e-01  ,5.074339228896e-01  ,1.286385852130e+00  
  3.070549495744e-07  ,9.864941939152e-01  ,-7.881403790305e-01  ,8.999656714383e-01  ,8.969242325813e-01  ,1.393212768396e+00  ,4.067185744807e-01  ,5.028540430661e-01  ,1.290994422097e+00  
  3.071549503359e-07  ,9.983592993621e-01  ,-7.972041994044e-01  ,8.999656936900e-01  ,8.969390606426e-01  ,1.399145343371e+00  ,4.007860440090e-01  ,4.983369609404e-01  ,1.295541160345e+00  
  3.072549510973e-07  ,1.010066866787e+00  ,-8.061416944874e-01  ,8.999657154344e-01  ,8.969543691409e-01  ,1.404999148828e+00  ,3.949322820411e-01  ,4.938835218972e-01  ,1.300025216385e+00  
  3.073549518588e-07  ,1.021614743995e+00  ,-8.149512017809e-01  ,8.999657366675e-01  ,8.969701554071e-01  ,1.410773108665e+00  ,3.891583646700e-01  ,4.894945545167e-01  ,1.304445756298e+00  
  3.074549526202e-07  ,1.033001328578e+00  ,-8.236314757442e-01  ,8.999657573872e-01  ,8.969864173334e-01  ,1.416466421676e+00  ,3.834650930982e-01  ,4.851706794613e-01  ,1.308802155205e+00  
  3.075549533817e-07  ,1.044225320314e+00  ,-8.321815141104e-01  ,8.999657775906e-01  ,8.970031531693e-01  ,1.422078437748e+00  ,3.778531174334e-01  ,4.809123961141e-01  ,1.313093910224e+00  
  3.076549541431e-07  ,1.055284528456e+00  ,-8.405996364403e-01  ,8.999657972728e-01  ,8.970203598249e-01  ,1.427608061501e+00  ,3.723235330450e-01  ,4.767205416048e-01  ,1.317320178045e+00  
  3.077549549046e-07  ,1.066177190962e+00  ,-8.488844969456e-01  ,8.999658164310e-01  ,8.970380344447e-01  ,1.433054411912e+00  ,3.668772209500e-01  ,4.725957859719e-01  ,1.321480282917e+00  
  3.078549556660e-07  ,1.076901307868e+00  ,-8.570345544588e-01  ,8.999658350628e-01  ,8.970561733490e-01  ,1.438416488997e+00  ,3.615151811288e-01  ,4.685388961196e-01  ,1.325573450578e+00  
  3.079549564275e-07  ,1.087455753289e+00  ,-8.650489426115e-01  ,8.999658531659e-01  ,8.970747743896e-01  ,1.443693729811e+00  ,3.562379765212e-01  ,4.645503030839e-01  ,1.329599245695e+00  
  3.080549571889e-07  ,1.097838569048e+00  ,-8.729261596900e-01  ,8.999658707363e-01  ,8.970938338509e-01  ,1.448885155260e+00  ,3.510465862125e-01  ,4.606307540059e-01  ,1.333556913696e+00  
  3.081549579504e-07  ,1.108047847125e+00  ,-8.806647402880e-01  ,8.999658877712e-01  ,8.971133481128e-01  ,1.453989811334e+00  ,3.459419642087e-01  ,4.567809779688e-01  ,1.337445718257e+00  
  3.082549587118e-07  ,1.118082171422e+00  ,-8.882635907958e-01  ,8.999659042686e-01  ,8.971333144279e-01  ,1.459006989980e+00  ,3.409248185577e-01  ,4.530015190300e-01  ,1.341265109826e+00  
  3.083549594733e-07  ,1.127940395468e+00  ,-8.957218331691e-01  ,8.999659202260e-01  ,8.971537305425e-01  ,1.463936117960e+00  ,3.359957224922e-01  ,4.492928139579e-01  ,1.345014647127e+00  
  3.084549602347e-07  ,1.137620591675e+00  ,-9.030379984168e-01  ,8.999659356396e-01  ,8.971745925938e-01  ,1.468776231477e+00  ,3.311556398021e-01  ,4.456555933854e-01  ,1.348693591802e+00  
  3.085549609962e-07  ,1.147120974704e+00  ,-9.102107253336e-01  ,8.999659505073e-01  ,8.971958967762e-01  ,1.473526437859e+00  ,3.264054631555e-01  ,4.420905341094e-01  ,1.352301259443e+00  
  3.086549617576e-07  ,1.156440545226e+00  ,-9.172392513051e-01  ,8.999659648278e-01  ,8.972176408646e-01  ,1.478186237441e+00  ,3.217456922149e-01  ,4.385980152121e-01  ,1.355837266517e+00  
  3.087549625191e-07  ,1.165577336364e+00  ,-9.241220741582e-01  ,8.999659785980e-01  ,8.972398202386e-01  ,1.482754646780e+00  ,3.171773104159e-01  ,4.351787831595e-01  ,1.359300857318e+00  
  3.088549632805e-07  ,1.174530386183e+00  ,-9.308584620974e-01  ,8.999659918162e-01  ,8.972624324096e-01  ,1.487231184908e+00  ,3.127007987247e-01  ,4.318332013609e-01  ,1.362691663458e+00  
  3.089549640419e-07  ,1.183298027706e+00  ,-9.374471500593e-01  ,8.999660044798e-01  ,8.972854728826e-01  ,1.491615018333e+00  ,3.083169906266e-01  ,4.285618978530e-01  ,1.366009047912e+00  
  3.090549648034e-07  ,1.191878868473e+00  ,-9.438870833017e-01  ,8.999660165868e-01  ,8.973089376617e-01  ,1.495905450823e+00  ,3.040265823502e-01  ,4.253653960108e-01  ,1.369252479313e+00  
  3.091549655648e-07  ,1.200271336171e+00  ,-9.501770635472e-01  ,8.999660281352e-01  ,8.973328221701e-01  ,1.500101696221e+00  ,2.998303600496e-01  ,4.222442903966e-01  ,1.372421353944e+00  
  3.092549663263e-07  ,1.208474269498e+00  ,-9.563162025880e-01  ,8.999660391238e-01  ,8.973571229188e-01  ,1.504203173873e+00  ,2.957289043749e-01  ,4.191990216248e-01  ,1.375515224213e+00  
  3.093549670877e-07  ,1.216486431492e+00  ,-9.623035572096e-01  ,8.999660495508e-01  ,8.973818360925e-01  ,1.508209265297e+00  ,2.917228338049e-01  ,4.162300574878e-01  ,1.378533614697e+00  
  3.094549678492e-07  ,1.224306576584e+00  ,-9.681381818155e-01  ,8.999660594147e-01  ,8.974069577883e-01  ,1.512119347707e+00  ,2.878127711228e-01  ,4.133378668805e-01  ,1.381476048696e+00  
  3.095549686106e-07  ,1.231933772590e+00  ,-9.738193757103e-01  ,8.999660687139e-01  ,8.974324850734e-01  ,1.515932955009e+00  ,2.839991824189e-01  ,4.105227972183e-01  ,1.384342172929e+00  
  3.096549693721e-07  ,1.239366482413e+00  ,-9.793459891520e-01  ,8.999660774461e-01  ,8.974584130479e-01  ,1.519649318653e+00  ,2.802828362396e-01  ,4.077854184719e-01  ,1.387131407624e+00  
  3.097549701335e-07  ,1.246603517527e+00  ,-9.847171363902e-01  ,8.999660856100e-01  ,8.974847376679e-01  ,1.523267844374e+00  ,2.766643268464e-01  ,4.051261694728e-01  ,1.389843305863e+00  
  3.098549708950e-07  ,1.253643549623e+00  ,-9.899318177692e-01  ,8.999660932048e-01  ,8.975114538637e-01  ,1.526787868016e+00  ,2.731443183932e-01  ,4.025455449791e-01  ,1.392477362748e+00  
  3.099549716564e-07  ,1.260485605618e+00  ,-9.949892975028e-01  ,8.999661002294e-01  ,8.975385575770e-01  ,1.530208903038e+00  ,2.697232974204e-01  ,4.000439088256e-01  ,1.395033206328e+00  
  3.100549724179e-07  ,1.267128904152e+00  ,-9.998889896038e-01  ,8.999661066829e-01  ,8.975660454936e-01  ,1.533530558759e+00  ,2.664016546071e-01  ,3.976215506917e-01  ,1.397510540296e+00  
  3.101549731793e-07  ,1.273571976414e+00  ,-1.004629795358e+00  ,8.999661125634e-01  ,8.975939112439e-01  ,1.536752100770e+00  ,2.631801243565e-01  ,3.952790135647e-01  ,1.399908808923e+00  
  3.102549739408e-07  ,1.279813928028e+00  ,-1.009211046166e+00  ,8.999661178704e-01  ,8.976221507324e-01  ,1.539873081885e+00  ,2.600591538562e-01  ,3.930166276496e-01  ,1.402227673815e+00  
  3.103549747022e-07  ,1.285854043752e+00  ,-1.013632210792e+00  ,8.999661226032e-01  ,8.976507606067e-01  ,1.542893144479e+00  ,2.570391007271e-01  ,3.908346552106e-01  ,1.404466866003e+00  
  3.104549754637e-07  ,1.291691134172e+00  ,-1.017892409506e+00  ,8.999661267608e-01  ,8.976797351705e-01  ,1.545811693847e+00  ,2.541205596747e-01  ,3.887335304177e-01  ,1.406625939923e+00  
  3.105549762251e-07  ,1.297324126425e+00  ,-1.021990849118e+00  ,8.999661303427e-01  ,8.977090690270e-01  ,1.548628193555e+00  ,2.513040671301e-01  ,3.867136444680e-01  ,1.408704493586e+00  
  3.106549769866e-07  ,1.302752430262e+00  ,-1.025927093546e+00  ,8.999661333489e-01  ,8.977387591533e-01  ,1.551342348480e+00  ,2.485899182179e-01  ,3.847752123804e-01  ,1.410702305926e+00  
  3.107549777480e-07  ,1.307974899092e+00  ,-1.029700296506e+00  ,8.999661357785e-01  ,8.977687994613e-01  ,1.553953585325e+00  ,2.459786862324e-01  ,3.829186512083e-01  ,1.412618947714e+00  
  3.108549785095e-07  ,1.312990811955e+00  ,-1.033309926494e+00  ,8.999661376312e-01  ,8.977991857059e-01  ,1.556461543609e+00  ,2.434707316537e-01  ,3.811442224591e-01  ,1.414454148953e+00  
  3.109549792709e-07  ,1.317799595200e+00  ,-1.036755563973e+00  ,8.999661389067e-01  ,8.978299143243e-01  ,1.558865936507e+00  ,2.410663413067e-01  ,3.794521323379e-01  ,1.416207696311e+00  
  3.110549800324e-07  ,1.322400181866e+00  ,-1.040036431417e+00  ,8.999661396045e-01  ,8.978609783059e-01  ,1.561166230537e+00  ,2.387660486717e-01  ,3.778427625974e-01  ,1.417879194014e+00  
  3.111549807938e-07  ,1.326791935984e+00  ,-1.043152067092e+00  ,8.999661397248e-01  ,8.978923730666e-01  ,1.563362107717e+00  ,2.365701717327e-01  ,3.763163395208e-01  ,1.419468406612e+00  
  3.112549815553e-07  ,1.330974354287e+00  ,-1.046102108277e+00  ,8.999661392674e-01  ,8.979240948821e-01  ,1.565453316411e+00  ,2.344789621237e-01  ,3.748730407435e-01  ,1.420975149021e+00  
  3.113549823167e-07  ,1.334946608328e+00  ,-1.048885961102e+00  ,8.999661382323e-01  ,8.979561374274e-01  ,1.567439442396e+00  ,2.324928340682e-01  ,3.735131568762e-01  ,1.422399117979e+00  
  3.114549830782e-07  ,1.338707970347e+00  ,-1.051503106824e+00  ,8.999661366199e-01  ,8.979884946097e-01  ,1.569320121794e+00  ,2.306121514462e-01  ,3.722369411978e-01  ,1.423740048022e+00  
  3.115549838396e-07  ,1.342257924091e+00  ,-1.053953177737e+00  ,8.999661344307e-01  ,8.980211618124e-01  ,1.571095096476e+00  ,2.288371723853e-01  ,3.710445729438e-01  ,1.424997750681e+00  
  3.116549846011e-07  ,1.345596063816e+00  ,-1.056235887651e+00  ,8.999661316648e-01  ,8.980541353167e-01  ,1.572764163573e+00  ,2.271680997567e-01  ,3.699361914911e-01  ,1.426172079142e+00  
  3.117549853625e-07  ,1.348721646205e+00  ,-1.058350716057e+00  ,8.999661283226e-01  ,8.980874079927e-01  ,1.574326951425e+00  ,2.256053052202e-01  ,3.689120499644e-01  ,1.427262766021e+00  
  3.118549861240e-07  ,1.351634344426e+00  ,-1.060297437560e+00  ,8.999661244044e-01  ,8.981209763916e-01  ,1.575783296617e+00  ,2.241489521915e-01  ,3.679722576118e-01  ,1.428269695171e+00  
  3.119549868854e-07  ,1.354333608994e+00  ,-1.062075675585e+00  ,8.999661199110e-01  ,8.981548343841e-01  ,1.577132924408e+00  ,2.227993154139e-01  ,3.671169965916e-01  ,1.429192672177e+00  
  3.120549876469e-07  ,1.356818948818e+00  ,-1.063685098273e+00  ,8.999661148434e-01  ,8.981889756091e-01  ,1.578375589253e+00  ,2.215566404343e-01  ,3.663464264724e-01  ,1.430031524746e+00  
  3.121549884083e-07  ,1.359090026083e+00  ,-1.065125480672e+00  ,8.999661092024e-01  ,8.982233951188e-01  ,1.579511122244e+00  ,2.204210961609e-01  ,3.656606547829e-01  ,1.430786135455e+00  
  3.122549891698e-07  ,1.361146581299e+00  ,-1.066396652727e+00  ,8.999661029887e-01  ,8.982580888693e-01  ,1.580539393638e+00  ,2.193928123390e-01  ,3.650597625059e-01  ,1.431456415233e+00  
  3.123549899312e-07  ,1.362988152828e+00  ,-1.067498317606e+00  ,8.999660962034e-01  ,8.982930490461e-01  ,1.581460172617e+00  ,2.184720197894e-01  ,3.645438902431e-01  ,1.432042207849e+00  
  3.124549906927e-07  ,1.364614549876e+00  ,-1.068430357535e+00  ,8.999660888474e-01  ,8.983282718754e-01  ,1.582273363785e+00  ,2.176588139093e-01  ,3.641130931078e-01  ,1.432543450643e+00  
  3.125549914541e-07  ,1.366025461507e+00  ,-1.069192584426e+00  ,8.999660809219e-01  ,8.983637507524e-01  ,1.582978811675e+00  ,2.169533501686e-01  ,3.637674585392e-01  ,1.432960042966e+00  
  3.126549922156e-07  ,1.367220634102e+00  ,-1.069784855254e+00  ,8.999660724285e-01  ,8.983994790883e-01  ,1.583576389479e+00  ,2.163557553776e-01  ,3.635070514611e-01  ,1.433291906715e+00  
  3.127549929770e-07  ,1.368199909610e+00  ,-1.070207089116e+00  ,8.999660633684e-01  ,8.984354518761e-01  ,1.584066018173e+00  ,2.158661085636e-01  ,3.633319073183e-01  ,1.433538996434e+00  
  3.128549937385e-07  ,1.368963175983e+00  ,-1.070459233067e+00  ,8.999660537425e-01  ,8.984716650415e-01  ,1.584447641734e+00  ,2.154844657510e-01  ,3.632420485081e-01  ,1.433701281575e+00  
  3.129549944999e-07  ,1.369510269819e+00  ,-1.070541218008e+00  ,8.999660435529e-01  ,8.985081116588e-01  ,1.584721178463e+00  ,2.152109086433e-01  ,3.632375026550e-01  ,1.433778720663e+00  
  3.130549952614e-07  ,1.369841105480e+00  ,-1.070453025182e+00  ,8.999660328011e-01  ,8.985447859742e-01  ,1.584886585541e+00  ,2.150454800613e-01  ,3.633182733831e-01  ,1.433771298565e+00  
  3.131549960228e-07  ,1.369955628231e+00  ,-1.070194669612e+00  ,8.999660214891e-01  ,8.985816811301e-01  ,1.584943835605e+00  ,2.149882073735e-01  ,3.634843463242e-01  ,1.433679015936e+00  
  3.132549967843e-07  ,1.369853829843e+00  ,-1.069766177953e+00  ,8.999660096180e-01  ,8.986187931464e-01  ,1.584892924539e+00  ,2.150390946967e-01  ,3.637357041700e-01  ,1.433501882123e+00  
  3.133549975457e-07  ,1.369535727388e+00  ,-1.069167630619e+00  ,8.999659971905e-01  ,8.986561140115e-01  ,1.584733860884e+00  ,2.151981334965e-01  ,3.640722987022e-01  ,1.433239929321e+00  
  3.134549983072e-07  ,1.369001373998e+00  ,-1.068399115335e+00  ,8.999659842082e-01  ,8.986936383404e-01  ,1.584466671207e+00  ,2.154652972089e-01  ,3.644940806727e-01  ,1.432893196008e+00  
  3.135549990686e-07  ,1.368250830615e+00  ,-1.067460716166e+00  ,8.999659706725e-01  ,8.987313617525e-01  ,1.584091385980e+00  ,2.158405553651e-01  ,3.650010036693e-01  ,1.432461719836e+00  
  3.136549998301e-07  ,1.367284252478e+00  ,-1.066352625064e+00  ,8.999659565866e-01  ,8.987692758223e-01  ,1.583608082825e+00  ,2.163238303479e-01  ,3.655929632906e-01  ,1.431945588354e+00  
  3.137550005915e-07  ,1.366101746354e+00  ,-1.065074958921e+00  ,8.999659419519e-01  ,8.988073765106e-01  ,1.583016815129e+00  ,2.169150687748e-01  ,3.662698970499e-01  ,1.431344855971e+00  
  3.138550013530e-07  ,1.364703558122e+00  ,-1.063627978525e+00  ,8.999659267715e-01  ,8.988456557489e-01  ,1.582317705832e+00  ,2.176141477107e-01  ,3.670316664865e-01  ,1.430659645011e+00  
  3.139550021144e-07  ,1.363089891997e+00  ,-1.062011891700e+00  ,8.999659110473e-01  ,8.988841081526e-01  ,1.581510857046e+00  ,2.184209650486e-01  ,3.678781623027e-01  ,1.429890054003e+00  
  3.140550028759e-07  ,1.361260995867e+00  ,-1.060226944867e+00  ,8.999658947818e-01  ,8.989227278501e-01  ,1.580596392715e+00  ,2.193353968484e-01  ,3.688092554166e-01  ,1.429036200284e+00  
  3.141550036373e-07  ,1.359217082509e+00  ,-1.058273342451e+00  ,8.999658779770e-01  ,8.989615102866e-01  ,1.579574419231e+00  ,2.203573367225e-01  ,3.698248390611e-01  ,1.428098181512e+00  
  3.142550043988e-07  ,1.356958538563e+00  ,-1.056151448359e+00  ,8.999658606363e-01  ,8.990004477683e-01  ,1.578445129918e+00  ,2.214865913551e-01  ,3.709247235887e-01  ,1.427076171948e+00  
  3.143550051602e-07  ,1.354485789467e+00  ,-1.053861655547e+00  ,8.999658427629e-01  ,8.990395329257e-01  ,1.577208737497e+00  ,2.227229480293e-01  ,3.721087051520e-01  ,1.425970360699e+00  
  3.144550059217e-07  ,1.351799188976e+00  ,-1.051404291146e+00  ,8.999658243590e-01  ,8.990787601149e-01  ,1.575865418847e+00  ,2.240662298708e-01  ,3.733766145421e-01  ,1.424780905688e+00  
  3.145550066831e-07  ,1.348899044009e+00  ,-1.048779633549e+00  ,8.999658054267e-01  ,8.991181247485e-01  ,1.574415327431e+00  ,2.255162834222e-01  ,3.747283079742e-01  ,1.423507941523e+00  
  3.146550074446e-07  ,1.345785903006e+00  ,-1.045988174043e+00  ,8.999657859701e-01  ,8.991576190587e-01  ,1.572858737473e+00  ,2.270728344673e-01  ,3.761635320370e-01  ,1.422151706080e+00  
  3.147550082060e-07  ,1.342460263731e+00  ,-1.043030351684e+00  ,8.999657659921e-01  ,8.991972366719e-01  ,1.571195897858e+00  ,2.287356341265e-01  ,3.776820608300e-01  ,1.420712412514e+00  
  3.148550089675e-07  ,1.338922654447e+00  ,-1.039906632028e+00  ,8.999657454957e-01  ,8.992369712045e-01  ,1.569427072719e+00  ,2.305044182723e-01  ,3.792836551903e-01  ,1.419190287219e+00  
  3.149550097289e-07  ,1.335173635476e+00  ,-1.036617507068e+00  ,8.999657244841e-01  ,8.992768163037e-01  ,1.567552542222e+00  ,2.323789067460e-01  ,3.809680627698e-01  ,1.417585569838e+00  
  3.150550104904e-07  ,1.331213799937e+00  ,-1.033163495155e+00  ,8.999657029608e-01  ,8.993167656700e-01  ,1.565572602929e+00  ,2.343588029925e-01  ,3.827350180924e-01  ,1.415898513248e+00  
  3.151550112518e-07  ,1.327043879579e+00  ,-1.029545236790e+00  ,8.999656809292e-01  ,8.993568119055e-01  ,1.563487620719e+00  ,2.364437411398e-01  ,3.845841935106e-01  ,1.414129430300e+00  
  3.152550120133e-07  ,1.322664316326e+00  ,-1.025763115420e+00  ,8.999656583918e-01  ,8.993969506970e-01  ,1.561297816555e+00  ,2.386335002290e-01  ,3.865153929870e-01  ,1.412278508407e+00  
  3.153550127747e-07  ,1.318075909475e+00  ,-1.021817819465e+00  ,8.999656353530e-01  ,8.994371744329e-01  ,1.559003590091e+00  ,2.409276806155e-01  ,3.885282647004e-01  ,1.410346084165e+00  
  3.154550135362e-07  ,1.313279388765e+00  ,-1.017709971845e+00  ,8.999656118166e-01  ,8.994774765604e-01  ,1.556605306199e+00  ,2.433259174341e-01  ,3.906224906380e-01  ,1.408332462483e+00  
  3.155550142976e-07  ,1.308275514625e+00  ,-1.013440221393e+00  ,8.999655877858e-01  ,8.995178505947e-01  ,1.554103345098e+00  ,2.458278304732e-01  ,3.927977398981e-01  ,1.406237961291e+00  
  3.156550150591e-07  ,1.303065079245e+00  ,-1.009009242753e+00  ,8.999655632645e-01  ,8.995582900223e-01  ,1.551498102887e+00  ,2.484330236421e-01  ,3.950536686460e-01  ,1.404062911399e+00  
  3.157550158205e-07  ,1.297648907033e+00  ,-1.004417736255e+00  ,8.999655382566e-01  ,8.995987882358e-01  ,1.548789991773e+00  ,2.511410847400e-01  ,3.973899201082e-01  ,1.401807656363e+00  
  3.158550165820e-07  ,1.292027854770e+00  ,-9.996664278043e-01  ,8.999655127660e-01  ,8.996393386461e-01  ,1.545979440151e+00  ,2.539515853812e-01  ,3.998061247439e-01  ,1.399472552548e+00  
  3.159550173434e-07  ,1.286202811603e+00  ,-9.947560687658e-01  ,8.999654867969e-01  ,8.996799347912e-01  ,1.543066892599e+00  ,2.568640809952e-01  ,4.023019004083e-01  ,1.397057969174e+00  
  3.160550181049e-07  ,1.280174698977e+00  ,-9.896874358571e-01  ,8.999654603532e-01  ,8.997205702785e-01  ,1.540052809842e+00  ,2.598781108647e-01  ,4.048768523499e-01  ,1.394564288207e+00  
  3.161550188663e-07  ,1.273944470504e+00  ,-9.844613310285e-01  ,8.999654334392e-01  ,8.997612386661e-01  ,1.536937668691e+00  ,2.629931981873e-01  ,4.075305731518e-01  ,1.391991904180e+00  
  3.162550196278e-07  ,1.267513111825e+00  ,-9.790785813317e-01  ,8.999654060591e-01  ,8.998019334096e-01  ,1.533721961972e+00  ,2.662088501464e-01  ,4.102626427437e-01  ,1.389341224075e+00  
  3.163550203892e-07  ,1.260881640460e+00  ,-9.735400387791e-01  ,8.999653782171e-01  ,8.998426479210e-01  ,1.530406198447e+00  ,2.695245579872e-01  ,4.130726285314e-01  ,1.386612667311e+00  
  3.164550211506e-07  ,1.254051105632e+00  ,-9.678465802112e-01  ,8.999653499174e-01  ,8.998833756484e-01  ,1.526990902734e+00  ,2.729397971012e-01  ,4.159600855428e-01  ,1.383806665754e+00  
  3.165550219121e-07  ,1.247022588109e+00  ,-9.619991071666e-01  ,8.999653211649e-01  ,8.999241100499e-01  ,1.523476615219e+00  ,2.764540271106e-01  ,4.189245564666e-01  ,1.380923663633e+00  
  3.166550226735e-07  ,1.239797200016e+00  ,-9.559985457394e-01  ,8.999652919638e-01  ,8.999648444995e-01  ,1.519863891972e+00  ,2.800666919556e-01  ,4.219655716298e-01  ,1.377964117369e+00  
  3.167550234350e-07  ,1.232376084669e+00  ,-9.498458464241e-01  ,8.999652623189e-01  ,9.000055723380e-01  ,1.516153304653e+00  ,2.837772199845e-01  ,4.250826491260e-01  ,1.374928495550e+00  
  3.168550241964e-07  ,1.224760416379e+00  ,-9.435419839597e-01  ,8.999652322348e-01  ,9.000462870041e-01  ,1.512345440424e+00  ,2.875850240453e-01  ,4.282752950243e-01  ,1.371817278984e+00  
  3.169550249579e-07  ,1.216951400272e+00  ,-9.370879571729e-01  ,8.999652017163e-01  ,9.000869820158e-01  ,1.508440901852e+00  ,2.914895015804e-01  ,4.315430034293e-01  ,1.368630960602e+00  
  3.170550257193e-07  ,1.208950272091e+00  ,-9.304847888245e-01  ,8.999651707683e-01  ,9.001276509152e-01  ,1.504440306814e+00  ,2.954900347230e-01  ,4.348852565030e-01  ,1.365370045327e+00  
  3.171550264808e-07  ,1.200758298000e+00  ,-9.237335254563e-01  ,8.999651393956e-01  ,9.001682872470e-01  ,1.500344288396e+00  ,2.995859903954e-01  ,4.383015245188e-01  ,1.362035049975e+00  
  3.172550272422e-07  ,1.192376774386e+00  ,-9.168352372226e-01  ,8.999651076031e-01  ,9.002088845346e-01  ,1.496153494796e+00  ,3.037767204100e-01  ,4.417912659233e-01  ,1.358626503146e+00  
  3.173550280037e-07  ,1.183807027647e+00  ,-9.097910177141e-01  ,8.999650753960e-01  ,9.002494362952e-01  ,1.491868589220e+00  ,3.080615615724e-01  ,4.453539274382e-01  ,1.355144945152e+00  
  3.174550287651e-07  ,1.175050636303e+00  ,-9.026021744115e-01  ,8.999650427798e-01  ,9.002899349606e-01  ,1.487490360931e+00  ,3.124397246284e-01  ,4.489888477548e-01  ,1.351591022166e+00  
  3.175550295266e-07  ,1.166108525151e+00  ,-8.952694698202e-01  ,8.999650097581e-01  ,9.003303761750e-01  ,1.483019272334e+00  ,3.169107471824e-01  ,4.526956412649e-01  ,1.347965111085e+00  
  3.176550302880e-07  ,1.156982339075e+00  ,-8.877942535763e-01  ,8.999649763374e-01  ,9.003707522856e-01  ,1.478456145875e+00  ,3.214738068001e-01  ,4.564736254975e-01  ,1.344267879074e+00  
  3.177550310495e-07  ,1.147673529893e+00  ,-8.801777112549e-01  ,8.999649425232e-01  ,9.004110567347e-01  ,1.473801707470e+00  ,3.261281775766e-01  ,4.603222011073e-01  ,1.340499912362e+00  
  3.178550318109e-07  ,1.138183574065e+00  ,-8.724210509603e-01  ,8.999649083204e-01  ,9.004512830377e-01  ,1.469056695353e+00  ,3.308731212880e-01  ,4.642407575576e-01  ,1.336661808518e+00  
  3.179550325724e-07  ,1.128514220251e+00  ,-8.645257125018e-01  ,8.999648737351e-01  ,9.004914237125e-01  ,1.464221983861e+00  ,3.357077636095e-01  ,4.682285674616e-01  ,1.332754279963e+00  
  3.180550333338e-07  ,1.118666489408e+00  ,-8.564925333679e-01  ,8.999648387712e-01  ,9.005314745219e-01  ,1.459298083475e+00  ,3.406315940670e-01  ,4.722852078380e-01  ,1.328777741206e+00  
  3.181550340953e-07  ,1.108642194266e+00  ,-8.483229937727e-01  ,8.999648034353e-01  ,9.005714280687e-01  ,1.454285900568e+00  ,3.456437063025e-01  ,4.764099311823e-01  ,1.324732924955e+00  
  3.182550348567e-07  ,1.098443188645e+00  ,-8.400186102117e-01  ,8.999647677339e-01  ,9.006112769407e-01  ,1.449186362056e+00  ,3.507431734113e-01  ,4.806019718349e-01  ,1.320620582047e+00  
  3.183550356182e-07  ,1.088070550970e+00  ,-8.315802635846e-01  ,8.999647316707e-01  ,9.006510168892e-01  ,1.444000007156e+00  ,3.559294561857e-01  ,4.848608850969e-01  ,1.316441148681e+00  
  3.184550363796e-07  ,1.077526193277e+00  ,-8.230095096605e-01  ,8.999646952527e-01  ,9.006906405152e-01  ,1.438727791891e+00  ,3.612015986143e-01  ,4.891858856849e-01  ,1.312195395345e+00  
  3.185550371411e-07  ,1.066811792785e+00  ,-8.143077086903e-01  ,8.999646584861e-01  ,9.007301415469e-01  ,1.433370554879e+00  ,3.665587620935e-01  ,4.935762872018e-01  ,1.307883995892e+00  
  3.186550379025e-07  ,1.055929048391e+00  ,-8.054762418345e-01  ,8.999646213757e-01  ,9.007695136816e-01  ,1.427929145571e+00  ,3.720000971803e-01  ,4.980313927644e-01  ,1.303507634599e+00  
  3.187550386640e-07  ,1.044879963802e+00  ,-7.965167485364e-01  ,8.999645839283e-01  ,9.008087494274e-01  ,1.422404565829e+00  ,3.775246020276e-01  ,5.025503751592e-01  ,1.299067123696e+00  
  3.188550394254e-07  ,1.033666083987e+00  ,-7.874304990195e-01  ,8.999645461491e-01  ,9.008478431242e-01  ,1.416797588143e+00  ,3.831315041554e-01  ,5.071325936145e-01  ,1.294563092634e+00  
  3.189550401869e-07  ,1.022288689286e+00  ,-7.782185348553e-01  ,8.999645080427e-01  ,9.008867902530e-01  ,1.411108852686e+00  ,3.888201633997e-01  ,5.117775228253e-01  ,1.289996057681e+00  
  3.190550409483e-07  ,1.010749978367e+00  ,-7.688826338373e-01  ,8.999644696173e-01  ,9.009255832458e-01  ,1.405339458801e+00  ,3.945894804336e-01  ,5.164842663272e-01  ,1.285366900164e+00  
  3.191550417098e-07  ,9.990517938704e-01  ,-7.594242782304e-01  ,8.999644308792e-01  ,9.009642159511e-01  ,1.399490327814e+00  ,4.004385339440e-01  ,5.212520768359e-01  ,1.280676355066e+00  
  3.192550424712e-07  ,9.871959937086e-01  ,-7.498449698203e-01  ,8.999643918334e-01  ,9.010026821393e-01  ,1.393562388688e+00  ,4.063663949791e-01  ,5.260801972292e-01  ,1.275925167049e+00  
  3.193550432327e-07  ,9.751847611480e-01  ,-7.401464868893e-01  ,8.999643524873e-01  ,9.010409746863e-01  ,1.387556733061e+00  ,4.123719719133e-01  ,5.309677312416e-01  ,1.271114218131e+00  
  3.194550439941e-07  ,9.630193629830e-01  ,-7.303298582767e-01  ,8.999643128450e-01  ,9.010790896425e-01  ,1.381473994337e+00  ,4.184546313536e-01  ,5.359141605042e-01  ,1.266244018781e+00  
  3.195550447556e-07  ,9.507020408737e-01  ,-7.203968969645e-01  ,8.999642729140e-01  ,9.011170200771e-01  ,1.375315293351e+00  ,4.246132524772e-01  ,5.409185715948e-01  ,1.261315468559e+00  
  3.196550455170e-07  ,9.382350699032e-01  ,-7.103494469084e-01  ,8.999642327017e-01  ,9.011547588268e-01  ,1.369081767653e+00  ,4.308466977502e-01  ,5.459800353726e-01  ,1.256329482281e+00  
  3.197550462785e-07  ,9.256197667041e-01  ,-7.001885739636e-01  ,8.999641922124e-01  ,9.011923017289e-01  ,1.362774075564e+00  ,4.371543088603e-01  ,5.510980147471e-01  ,1.251286588711e+00  
  3.198550470399e-07  ,9.128584587632e-01  ,-6.899161553846e-01  ,8.999641514538e-01  ,9.012296416487e-01  ,1.356393380835e+00  ,4.435349220722e-01  ,5.562715639564e-01  ,1.246187719341e+00  
  3.199550478014e-07  ,8.999531751011e-01  ,-6.795338228148e-01  ,8.999641104327e-01  ,9.012667727773e-01  ,1.349940697983e+00  ,4.499875228822e-01  ,5.614998613699e-01  ,1.241033684185e+00  
  3.200550485628e-07  ,8.869062929552e-01  ,-6.690435036531e-01  ,8.999640691549e-01  ,9.013036882982e-01  ,1.343417215633e+00  ,4.565109226773e-01  ,5.667819364717e-01  ,1.235825440125e+00  
  3.201550493243e-07  ,8.737191883555e-01  ,-6.584463107396e-01  ,8.999640276252e-01  ,9.013403841534e-01  ,1.336823621803e+00  ,4.631044334474e-01  ,5.721172287836e-01  ,1.230563539523e+00  
  3.202550500857e-07  ,8.603946330990e-01  ,-6.477444866471e-01  ,8.999639858529e-01  ,9.013768523058e-01  ,1.330161302402e+00  ,4.697666693034e-01  ,5.775046089822e-01  ,1.225249095629e+00  
  3.203550508472e-07  ,8.469340378519e-01  ,-6.369391666326e-01  ,8.999639438426e-01  ,9.014130889239e-01  ,1.323430962769e+00  ,4.764969249167e-01  ,5.829435056076e-01  ,1.219882672240e+00  
  3.204550516086e-07  ,8.333398917289e-01  ,-6.260323483557e-01  ,8.999639016021e-01  ,9.014490874683e-01  ,1.316633847467e+00  ,4.832939557377e-01  ,5.884329132904e-01  ,1.214465261646e+00  
  3.205550523701e-07  ,8.196143571912e-01  ,-6.150257646538e-01  ,8.999638591384e-01  ,9.014848423764e-01  ,1.309771037734e+00  ,4.901566805428e-01  ,5.939719600495e-01  ,1.208997724703e+00  
  3.206550531315e-07  ,8.057599623681e-01  ,-6.039214587625e-01  ,8.999638164581e-01  ,9.015203468438e-01  ,1.302843797642e+00  ,4.970838352741e-01  ,5.995596174625e-01  ,1.203481076225e+00  
  3.207550538930e-07  ,7.917781680924e-01  ,-5.927206086310e-01  ,8.999637735661e-01  ,9.015555970135e-01  ,1.295852857612e+00  ,5.040746895199e-01  ,6.051952926980e-01  ,1.197915901329e+00  
  3.208550546544e-07  ,7.776715535733e-01  ,-5.814252858797e-01  ,8.999637304709e-01  ,9.015905863305e-01  ,1.288799507258e+00  ,5.111279536843e-01  ,6.108779433906e-01  ,1.192303229270e+00  
  3.209550554159e-07  ,7.634427230737e-01  ,-5.700375873283e-01  ,8.999636871797e-01  ,9.016253084539e-01  ,1.281685048717e+00  ,5.182423256428e-01  ,6.166065147897e-01  ,1.186644102118e+00  
  3.210550561773e-07  ,7.490936654116e-01  ,-5.585591257939e-01  ,8.999636436977e-01  ,9.016597583784e-01  ,1.274510476404e+00  ,5.254168109919e-01  ,6.223801954814e-01  ,1.180939321275e+00  
  3.211550569388e-07  ,7.346260202847e-01  ,-5.469912184888e-01  ,8.999636000309e-01  ,9.016939319962e-01  ,1.267276610173e+00  ,5.326505898885e-01  ,6.281983227518e-01  ,1.175189541241e+00  
  3.212550577002e-07  ,7.200429646207e-01  ,-5.353364143753e-01  ,8.999635561893e-01  ,9.017278215453e-01  ,1.259985038500e+00  ,5.399420738789e-01  ,6.340596143576e-01  ,1.169396028733e+00  
  3.213550584617e-07  ,7.053460475353e-01  ,-5.235959497774e-01  ,8.999635121774e-01  ,9.017614234574e-01  ,1.252636535945e+00  ,5.472904884097e-01  ,6.399634485687e-01  ,1.163559398346e+00  
  3.214550592231e-07  ,6.905383731716e-01  ,-5.117723108653e-01  ,8.999634680037e-01  ,9.017947306750e-01  ,1.245232654589e+00  ,5.546942814179e-01  ,6.459085752423e-01  ,1.157680886108e+00  
  3.215550599846e-07  ,6.756215097774e-01  ,-4.998667518601e-01  ,8.999634236733e-01  ,9.018277396699e-01  ,1.237774178562e+00  ,5.621526687846e-01  ,6.518943637399e-01  ,1.151761115600e+00  
  3.216550607460e-07  ,6.605982185418e-01  ,-4.878814763001e-01  ,8.999633791951e-01  ,9.018604442585e-01  ,1.230262488466e+00  ,5.696642699242e-01  ,6.579197061085e-01  ,1.145801182409e+00  
  3.217550615075e-07  ,6.454712728953e-01  ,-4.758187090075e-01  ,8.999633345764e-01  ,9.018928384057e-01  ,1.222698971024e+00  ,5.772276981288e-01  ,6.639834839019e-01  ,1.139802192909e+00  
  3.218550622689e-07  ,6.302422685367e-01  ,-4.636797295624e-01  ,8.999632898220e-01  ,9.019249187574e-01  ,1.215084424090e+00  ,5.848421555536e-01  ,6.700850539762e-01  ,1.133764783539e+00  
  3.219550630304e-07  ,6.149140173970e-01  ,-4.514667852754e-01  ,8.999632449405e-01  ,9.019566794199e-01  ,1.207420253639e+00  ,5.925062362420e-01  ,6.762232867822e-01  ,1.127690072058e+00  
  3.220550637918e-07  ,5.994893471227e-01  ,-4.391821432106e-01  ,8.999631999400e-01  ,9.019881143902e-01  ,1.199707873501e+00  ,6.002185263786e-01  ,6.823970427849e-01  ,1.121579185995e+00  
  3.221550645533e-07  ,5.839704112110e-01  ,-4.268275424795e-01  ,8.999631548257e-01  ,9.020192191153e-01  ,1.191948360431e+00  ,6.079779492202e-01  ,6.886054478756e-01  ,1.115432990355e+00  
  3.222550653147e-07  ,5.683589822105e-01  ,-4.144044013483e-01  ,8.999631096032e-01  ,9.020499899505e-01  ,1.184142600708e+00  ,6.157836184979e-01  ,6.948477892763e-01  ,1.109252190625e+00  
  3.223550660762e-07  ,5.526580860760e-01  ,-4.019151281994e-01  ,8.999630642824e-01  ,9.020804207827e-01  ,1.176292107320e+00  ,6.236340212444e-01  ,7.011228566830e-01  ,1.103037984882e+00  
  3.224550668376e-07  ,5.368702275806e-01  ,-3.893617084610e-01  ,8.999630188703e-01  ,9.021105066481e-01  ,1.168398132661e+00  ,6.315279050800e-01  ,7.074296524177e-01  ,1.096791360879e+00  
  3.225550675991e-07  ,5.209983154497e-01  ,-3.767464723248e-01  ,8.999629733737e-01  ,9.021402417759e-01  ,1.160462131099e+00  ,6.394638156488e-01  ,7.137670056135e-01  ,1.090513477938e+00  
  3.226550683605e-07  ,5.050445636849e-01  ,-3.640712053601e-01  ,8.999629277991e-01  ,9.021696219598e-01  ,1.152485209642e+00  ,6.474406459566e-01  ,7.201340192797e-01  ,1.084205224640e+00  
  3.227550691220e-07  ,4.890113849569e-01  ,-3.513378494049e-01  ,8.999628821535e-01  ,9.021986427946e-01  ,1.144468574632e+00  ,6.554571896750e-01  ,7.265297180921e-01  ,1.077867567497e+00  
  3.228550698834e-07  ,4.729006616359e-01  ,-3.385479032960e-01  ,8.999628364429e-01  ,9.022273009280e-01  ,1.136413167261e+00  ,6.635125056250e-01  ,7.329533492800e-01  ,1.071501252576e+00  
  3.229550706449e-07  ,4.567155731789e-01  ,-3.257038847904e-01  ,8.999627906778e-01  ,9.022555906957e-01  ,1.128320577267e+00  ,6.716050040884e-01  ,7.394036483004e-01  ,1.065107533091e+00  
  3.230550714063e-07  ,4.404591220544e-01  ,-3.128081779074e-01  ,8.999627448656e-01  ,9.022835066933e-01  ,1.120192305893e+00  ,6.797331838384e-01  ,7.458794177396e-01  ,1.058687595647e+00  
  3.231550721678e-07  ,4.241335812683e-01  ,-2.998626075570e-01  ,8.999626990116e-01  ,9.023110449637e-01  ,1.112029489646e+00  ,6.878959083774e-01  ,7.523797411852e-01  ,1.052242348742e+00  
  3.232550729292e-07  ,4.077414225527e-01  ,-2.868691569291e-01  ,8.999626531226e-01  ,9.023382013609e-01  ,1.103833364399e+00  ,6.960919418463e-01  ,7.589036228964e-01  ,1.045772779825e+00  
  3.233550736907e-07  ,3.912851961113e-01  ,-2.738298669002e-01  ,8.999626072060e-01  ,9.023649716254e-01  ,1.095605205262e+00  ,7.043200091504e-01  ,7.654500381752e-01  ,1.039279905075e+00  
  3.234550744521e-07  ,3.747668557551e-01  ,-2.607462852375e-01  ,8.999625612681e-01  ,9.023913524649e-01  ,1.087345989146e+00  ,7.125791333905e-01  ,7.720182098461e-01  ,1.032764495084e+00  
  3.235550752136e-07  ,3.581901116170e-01  ,-2.476213496148e-01  ,8.999625153197e-01  ,9.024173375773e-01  ,1.079057571128e+00  ,7.208674595112e-01  ,7.786066627699e-01  ,1.026228012385e+00  
  3.236550759750e-07  ,3.415567268028e-01  ,-2.344564520869e-01  ,8.999624693657e-01  ,9.024429240657e-01  ,1.070740832767e+00  ,7.291841059643e-01  ,7.852146980222e-01  ,1.019671150109e+00  
  3.237550767364e-07  ,3.248702178414e-01  ,-2.212543830120e-01  ,8.999624234152e-01  ,9.024681065218e-01  ,1.062397532336e+00  ,7.375273144945e-01  ,7.918409150158e-01  ,1.013095298028e+00  
  3.238550774979e-07  ,3.081329182642e-01  ,-2.080170102078e-01  ,8.999623774740e-01  ,9.024928816477e-01  ,1.054028836606e+00  ,7.458959183419e-01  ,7.984843765438e-01  ,1.006501386752e+00  
  3.239550782593e-07  ,2.913467416418e-01  ,-1.947458539067e-01  ,8.999623315476e-01  ,9.025172467127e-01  ,1.045635702368e+00  ,7.542889607267e-01  ,8.051443197593e-01  ,9.998901736660e-01  
  3.240550790208e-07  ,2.745149451541e-01  ,-1.814434908459e-01  ,8.999622856459e-01  ,9.025411969502e-01  ,1.037219758223e+00  ,7.627048130688e-01  ,8.118194515272e-01  ,9.932629423732e-01  
  3.241550797822e-07  ,2.576406391386e-01  ,-1.681123898947e-01  ,8.999622397769e-01  ,9.025647276728e-01  ,1.028782559346e+00  ,7.711419202076e-01  ,8.185085327255e-01  ,9.866209226202e-01  
  3.242550805437e-07  ,2.407261769227e-01  ,-1.547544368192e-01  ,8.999621939458e-01  ,9.025878355693e-01  ,1.020325282407e+00  ,7.795991054844e-01  ,8.252106171597e-01  ,9.799650539789e-01  
  3.243550813051e-07  ,2.237741150286e-01  ,-1.413716778476e-01  ,8.999621481596e-01  ,9.026105172087e-01  ,1.011849205674e+00  ,7.880750906452e-01  ,8.319246782849e-01  ,9.732963561325e-01  
  3.244550820666e-07  ,2.067864426755e-01  ,-1.279656892027e-01  ,8.999621024244e-01  ,9.026327699493e-01  ,1.003355323762e+00  ,7.965688810866e-01  ,8.386499253480e-01  ,9.666156145507e-01  
  3.245550828280e-07  ,1.897665128863e-01  ,-1.145391140241e-01  ,8.999620567503e-01  ,9.026545892263e-01  ,9.948453131935e-01  ,8.050788003072e-01  ,8.453850322142e-01  ,9.599241462383e-01  
  3.246550835895e-07  ,1.727170432382e-01  ,-1.010940876858e-01  ,8.999620111441e-01  ,9.026759711385e-01  ,9.863205327633e-01  ,8.136034895250e-01  ,8.521289272956e-01  ,9.532230149814e-01  
  3.247550843509e-07  ,1.556411713560e-01  ,-8.763310537688e-02  ,8.999619656129e-01  ,9.026969114842e-01  ,9.777825512909e-01  ,8.221413799350e-01  ,8.588803587958e-01  ,9.465134641727e-01  
  3.248550851124e-07  ,1.385414024230e-01  ,-7.415807082503e-02  ,8.999619201682e-01  ,9.027174075972e-01  ,9.692326213797e-01  ,8.306912189567e-01  ,8.656383721847e-01  ,9.397964430098e-01  
  3.249550858738e-07  ,1.214197182309e-01  ,-6.067053185683e-02  ,8.999618748140e-01  ,9.027374574086e-01  ,9.606717339294e-01  ,8.392520156985e-01  ,8.724021914802e-01  ,9.330727233370e-01  
  3.250550866353e-07  ,1.042793754851e-01  ,-4.717310937036e-02  ,8.999618295530e-01  ,9.027570573575e-01  ,9.521015172955e-01  ,8.478221418104e-01  ,8.791705026724e-01  ,9.263436120427e-01  
  3.251550873967e-07  ,8.712338199957e-02  ,-3.366830824390e-02  ,8.999617843903e-01  ,9.027762038223e-01  ,9.435234753901e-01  ,8.564000933905e-01  ,8.859420497003e-01  ,9.196103579442e-01  
  3.252550881582e-07  ,6.995406410106e-02  ,-2.015803812460e-02  ,8.999617393355e-01  ,9.027948940793e-01  ,9.349387713860e-01  ,8.649847072849e-01  ,8.927158750170e-01  ,9.128739131416e-01  
  3.253550889196e-07  ,5.277390222574e-02  ,-6.644368381738e-03  ,8.999616943924e-01  ,9.028131251753e-01  ,9.263486455053e-01  ,8.735747432796e-01  ,8.994909409844e-01  ,9.061353093662e-01  
  3.254550896811e-07  ,3.558490916197e-02  ,6.871108872571e-03  ,8.999616495691e-01  ,9.028308947201e-01  ,9.177541041501e-01  ,8.821691949881e-01  ,9.062664491563e-01  ,8.993953402838e-01  
  3.255550904425e-07  ,1.839095647488e-02  ,2.038536839237e-02  ,8.999616048792e-01  ,9.028481978951e-01  ,9.091570831166e-01  ,8.907661266417e-01  ,9.130408820912e-01  ,8.926555136989e-01  
  3.256550912040e-07  ,1.194538220622e-03  ,3.389649958518e-02  ,8.999615603294e-01  ,9.028650317133e-01  ,9.005588294397e-01  ,8.993642912191e-01  ,9.198132815059e-01  ,8.859167819207e-01  
  3.257550919654e-07  ,-1.600230839300e-02  ,4.740295036778e-02  ,8.999615159248e-01  ,9.028813940666e-01  ,8.919603617283e-01  ,9.079626701213e-01  ,9.265828692505e-01  ,8.791799188827e-01  
  3.258550927269e-07  ,-3.319614516560e-02  ,6.090209472558e-02  ,8.999614716754e-01  ,9.028972819353e-01  ,8.833633990926e-01  ,9.165595442582e-01  ,9.333483292981e-01  ,8.724462345725e-01  
  3.259550934883e-07  ,-5.038376135703e-02  ,7.439142787459e-02  ,8.999614275888e-01  ,9.029126933765e-01  ,8.747695469103e-01  ,9.251533082673e-01  ,9.401084073138e-01  ,8.657169794392e-01  
  3.260550942498e-07  ,-6.756275937097e-02  ,8.786904305460e-02  ,8.999613836701e-01  ,9.029276269654e-01  ,8.661800039846e-01  ,9.337427633556e-01  ,9.468621484927e-01  ,8.589931054381e-01  
  3.261550950112e-07  ,-8.473054802141e-02  ,1.013328761574e-01  ,8.999613399268e-01  ,9.029420811685e-01  ,8.575960659161e-01  ,9.423266139375e-01  ,9.536085192472e-01  ,8.522756430898e-01  
  3.262550957727e-07  ,-1.018851189140e-01  ,1.147813405888e-01  ,8.999612963652e-01  ,9.029560548206e-01  ,8.490187369081e-01  ,9.509038558222e-01  ,9.603467251150e-01  ,8.455653845262e-01  
  3.263550965341e-07  ,-1.190230953760e-01  ,1.282117806922e-01  ,8.999612529938e-01  ,9.029695458763e-01  ,8.404497053059e-01  ,9.594728006818e-01  ,9.670754362224e-01  ,8.388636555302e-01  
  3.264550972956e-07  ,-1.361417540572e-01  ,1.416220598003e-01  ,8.999612098173e-01  ,9.029825522126e-01  ,8.318903327887e-01  ,9.680320868459e-01  ,9.737935821127e-01  ,8.321715223124e-01  
  3.265550980570e-07  ,-1.532383915888e-01  ,1.550100443579e-01  ,8.999611668397e-01  ,9.029950709225e-01  ,8.233419710453e-01  ,9.765803626341e-01  ,9.805000931014e-01  ,8.254900487436e-01  
  3.266550988185e-07  ,-1.703098833533e-01  ,1.683732500571e-01  ,8.999611240679e-01  ,9.030070981080e-01  ,8.148061823912e-01  ,9.851160657445e-01  ,9.871937231365e-01  ,8.188204730794e-01  
  3.267550995799e-07  ,-1.873538652591e-01  ,1.817097882145e-01  ,8.999610815072e-01  ,9.030186311601e-01  ,8.062841488777e-01  ,9.936380141368e-01  ,9.938735252674e-01  ,8.121637370529e-01  
  3.268551003414e-07  ,-2.043684005684e-01  ,1.950181263213e-01  ,8.999610391637e-01  ,9.030296682389e-01  ,7.977768388795e-01  ,1.002145239448e+00  ,1.000538731400e+00  ,8.055206050782e-01  
  3.269551011028e-07  ,-2.213501976771e-01  ,2.082956743563e-01  ,8.999609970480e-01  ,9.030402066365e-01  ,7.892858982094e-01  ,1.010636095887e+00  ,1.007188043815e+00  ,7.988923694583e-01  
  3.270551018643e-07  ,-2.382965585721e-01  ,2.215403198559e-01  ,8.999609551680e-01  ,9.030502449105e-01  ,7.808126758819e-01  ,1.019109234454e+00  ,1.013820404838e+00  ,7.922800849825e-01  
  3.271551026257e-07  ,-2.552043753763e-01  ,2.347496055377e-01  ,8.999609135301e-01  ,9.030597823150e-01  ,7.723587258420e-01  ,1.027563101218e+00  ,1.020434585084e+00  ,7.856849795462e-01  
  3.272551033872e-07  ,-2.720713019989e-01  ,2.479216650893e-01  ,8.999608721396e-01  ,9.030688187547e-01  ,7.639252211401e-01  ,1.035996523139e+00  ,1.027029651299e+00  ,7.791079862100e-01  
  3.273551041486e-07  ,-2.888954184907e-01  ,2.610549849697e-01  ,8.999608310015e-01  ,9.030773540556e-01  ,7.555131217562e-01  ,1.044408540247e+00  ,1.033604846540e+00  ,7.725498615708e-01  
  3.274551049101e-07  ,-3.056734646489e-01  ,2.741470085031e-01  ,8.999607901244e-01  ,9.030853874773e-01  ,7.471240577999e-01  ,1.052797522449e+00  ,1.040158891729e+00  ,7.660118832258e-01  
  3.275551056715e-07  ,-3.224027729616e-01  ,2.871956527771e-01  ,8.999607495145e-01  ,9.030929174402e-01  ,7.387593630337e-01  ,1.061162135995e+00  ,1.046690743829e+00  ,7.594950910517e-01  
  3.276551064330e-07  ,-3.390802742546e-01  ,3.001984971231e-01  ,8.999607091782e-01  ,9.030999415363e-01  ,7.304205720508e-01  ,1.069500846305e+00  ,1.053199190098e+00  ,7.530006929747e-01  
  3.277551071944e-07  ,-3.557042187231e-01  ,3.131541630973e-01  ,8.999606691199e-01  ,9.031064584950e-01  ,7.221085597583e-01  ,1.077812778481e+00  ,1.059683540044e+00  ,7.465293769464e-01  
  3.278551079559e-07  ,-3.722715401330e-01  ,3.260602434404e-01  ,8.999606293476e-01  ,9.031124662533e-01  ,7.138248592811e-01  ,1.086096399414e+00  ,1.066142587974e+00  ,7.400823445331e-01  
  3.279551087173e-07  ,-3.887791962819e-01  ,3.389143439104e-01  ,8.999605898676e-01  ,9.031179629585e-01  ,7.055709917267e-01  ,1.094350188009e+00  ,1.072575134914e+00  ,7.336607910032e-01  
  3.280551094788e-07  ,-4.052248955687e-01  ,3.517146490157e-01  ,8.999605506848e-01  ,9.031229475221e-01  ,6.973481029004e-01  ,1.102572998469e+00  ,1.078980272030e+00  ,7.272656230143e-01  
  3.281551102402e-07  ,-4.216061593933e-01  ,3.644591988860e-01  ,8.999605118052e-01  ,9.031274194257e-01  ,6.891574321085e-01  ,1.110763591502e+00  ,1.085357018869e+00  ,7.208978199827e-01  
  3.282551110017e-07  ,-4.379204472196e-01  ,3.771459914769e-01  ,8.999604732352e-01  ,9.031313787739e-01  ,6.810002496254e-01  ,1.118920696845e+00  ,1.091704374512e+00  ,7.145583830354e-01  
  3.283551117631e-07  ,-4.541652000744e-01  ,3.897730168855e-01  ,8.999604349808e-01  ,9.031348258950e-01  ,6.728778349436e-01  ,1.127043035018e+00  ,1.098021334338e+00  ,7.082483174523e-01  
  3.284551125246e-07  ,-4.703378574137e-01  ,4.023382690201e-01  ,8.999603970481e-01  ,9.031377608927e-01  ,6.647914683412e-01  ,1.135129325755e+00  ,1.104306895403e+00  ,7.019686263826e-01  
  3.285551132860e-07  ,-4.864364881073e-01  ,4.148402479846e-01  ,8.999603594424e-01  ,9.031401835923e-01  ,6.567421153888e-01  ,1.143178603496e+00  ,1.110560307585e+00  ,6.957200596000e-01  
  3.286551140475e-07  ,-5.024578725950e-01  ,4.272764618316e-01  ,8.999603221723e-01  ,9.031420934146e-01  ,6.487313858748e-01  ,1.151189258470e+00  ,1.116780324330e+00  ,6.895038624988e-01  
  3.287551148089e-07  ,-5.183990491821e-01  ,4.396446040020e-01  ,8.999602852437e-01  ,9.031434895221e-01  ,6.407607606527e-01  ,1.159159809835e+00  ,1.122965791523e+00  ,6.833211875211e-01  
  3.288551155704e-07  ,-5.342578024198e-01  ,4.519429282915e-01  ,8.999602486606e-01  ,9.031443713845e-01  ,6.328313474507e-01  ,1.167089149871e+00  ,1.129115835530e+00  ,6.771729072387e-01  
  3.289551163318e-07  ,-5.500317427189e-01  ,4.641695517969e-01  ,8.999602124286e-01  ,9.031447384320e-01  ,6.249443410691e-01  ,1.174976083788e+00  ,1.135229514330e+00  ,6.710599625335e-01  
  3.290551170933e-07  ,-5.657190231583e-01  ,4.763230324217e-01  ,8.999601765527e-01  ,9.031445902529e-01  ,6.171006649735e-01  ,1.182819688132e+00  ,1.141306106464e+00  ,6.649830740421e-01  
  3.291551178547e-07  ,-5.813165473578e-01  ,4.884009639671e-01  ,8.999601410410e-01  ,9.031439263226e-01  ,6.093018673621e-01  ,1.190618414720e+00  ,1.147344408306e+00  ,6.589434443391e-01  
  3.292551186162e-07  ,-5.968218347477e-01  ,5.004014243286e-01  ,8.999601058986e-01  ,9.031427467418e-01  ,6.015491885247e-01  ,1.198371023272e+00  ,1.153343458906e+00  ,6.529420345775e-01  
  3.293551193776e-07  ,-6.122320454822e-01  ,5.123221878990e-01  ,8.999600711301e-01  ,9.031410524349e-01  ,5.938440483890e-01  ,1.206076093871e+00  ,1.159302146384e+00  ,6.469799584854e-01  
  3.294551201391e-07  ,-6.275450469242e-01  ,5.241615721491e-01  ,8.999600367400e-01  ,9.031388443411e-01  ,5.861875132779e-01  ,1.213732560202e+00  ,1.165219630416e+00  ,6.410580582665e-01  
  3.295551209005e-07  ,-6.427585371870e-01  ,5.359177646557e-01  ,8.999600027333e-01  ,9.031361232644e-01  ,5.785807341398e-01  ,1.221339271327e+00  ,1.171095005592e+00  ,6.351772409365e-01  
  3.296551216620e-07  ,-6.578707369813e-01  ,5.475893785702e-01  ,8.999599691148e-01  ,9.031328896167e-01  ,5.710246006241e-01  ,1.228895337605e+00  ,1.176927578902e+00  ,6.293382003315e-01  
  3.297551224234e-07  ,-6.728782806480e-01  ,5.591737947992e-01  ,8.999599358925e-01  ,9.031291438474e-01  ,5.635207955685e-01  ,1.236399076217e+00  ,1.182716041247e+00  ,6.235422464478e-01  
  3.298551231849e-07  ,-6.877790748021e-01  ,5.706693786501e-01  ,8.999599030708e-01  ,9.031248861034e-01  ,5.560703656698e-01  ,1.243849440472e+00  ,1.188459575428e+00  ,6.177901967783e-01  
  3.299551239463e-07  ,-7.025708692867e-01  ,5.820743704155e-01  ,8.999598706542e-01  ,9.031201167145e-01  ,5.486744360109e-01  ,1.251245305298e+00  ,1.194157301922e+00  ,6.120829315068e-01  
  3.300551247078e-07  ,-7.172513704226e-01  ,5.933869782735e-01  ,8.999598386478e-01  ,9.031148361711e-01  ,5.413341534365e-01  ,1.258585523859e+00  ,1.199808325308e+00  ,6.064213470343e-01  
  3.301551254692e-07  ,-7.318182787894e-01  ,6.046054095502e-01  ,8.999598070566e-01  ,9.031090450848e-01  ,5.340506676618e-01  ,1.265868946451e+00  ,1.205411749860e+00  ,6.008063403097e-01  
  3.302551262307e-07  ,-7.462693030474e-01  ,6.157278813810e-01  ,8.999597758855e-01  ,9.031027442339e-01  ,5.268251243618e-01  ,1.273094427409e+00  ,1.210966684924e+00  ,5.952388035434e-01  
  3.303551269921e-07  ,-7.606027209138e-01  ,6.267530648450e-01  ,8.999597451390e-01  ,9.030959343648e-01  ,5.196583846822e-01  ,1.280261105596e+00  ,1.216472466787e+00  ,5.897194019423e-01  
  3.304551277536e-07  ,-7.748153047655e-01  ,6.376784681732e-01  ,8.999597148244e-01  ,9.030886173205e-01  ,5.125520624416e-01  ,1.287367367207e+00  ,1.221927851407e+00  ,5.842493832339e-01  
  3.305551285150e-07  ,-7.889055535356e-01  ,6.485029338502e-01  ,8.999596849446e-01  ,9.030807942893e-01  ,5.055069081768e-01  ,1.294412461712e+00  ,1.227332261214e+00  ,5.788293273642e-01  
  3.306551292765e-07  ,-8.028708550123e-01  ,6.592244469758e-01  ,8.999596555050e-01  ,9.030724674013e-01  ,4.985242279989e-01  ,1.301395083011e+00  ,1.232684690889e+00  ,5.734602439133e-01  
  3.307551300379e-07  ,-8.167090030029e-01  ,6.698413010251e-01  ,8.999596265103e-01  ,9.030636383579e-01  ,4.916051250088e-01  ,1.308314128012e+00  ,1.237984288870e+00  ,5.681429878453e-01  
  3.308551307994e-07  ,-8.304174739733e-01  ,6.803515277516e-01  ,8.999595979646e-01  ,9.030543087113e-01  ,4.847508609780e-01  ,1.315168334951e+00  ,1.243230072587e+00  ,5.628785448355e-01  
  3.309551315608e-07  ,-8.439943773539e-01  ,6.907536451480e-01  ,8.999595698717e-01  ,9.030444795409e-01  ,4.779623811948e-01  ,1.321956758549e+00  ,1.248421302115e+00  ,5.576676569669e-01  
  3.310551323223e-07  ,-8.574381736414e-01  ,7.010464572163e-01  ,8.999595422353e-01  ,9.030341517649e-01  ,4.712404554146e-01  ,1.328678629056e+00  ,1.253557380373e+00  ,5.525109231568e-01  
  3.311551330837e-07  ,-8.707462606464e-01  ,7.112279531090e-01  ,8.999595150614e-01  ,9.030233269971e-01  ,4.645863847382e-01  ,1.335332645385e+00  ,1.258637303552e+00  ,5.474093504426e-01  
  3.312551338451e-07  ,-8.839165308029e-01  ,7.212965120355e-01  ,8.999594883539e-01  ,9.030120066405e-01  ,4.580012229525e-01  ,1.341917753755e+00  ,1.263660262658e+00  ,5.423637506228e-01  
  3.313551346066e-07  ,-8.969465790634e-01  ,7.312502675996e-01  ,8.999594621165e-01  ,9.030001925264e-01  ,4.514861725848e-01  ,1.348432751648e+00  ,1.268625326326e+00  ,5.373750587267e-01  
  3.314551353680e-07  ,-9.098350447097e-01  ,7.410881654909e-01  ,8.999594363522e-01  ,9.029878859475e-01  ,4.450419139973e-01  ,1.354876958707e+00  ,1.273531968693e+00  ,5.324438032021e-01  
  3.315551361295e-07  ,-9.225795540989e-01  ,7.508083730315e-01  ,8.999594110665e-01  ,9.029750894784e-01  ,4.386696340171e-01  ,1.361249188116e+00  ,1.278379275994e+00  ,5.275709029626e-01  
  3.316551368909e-07  ,-9.351777776840e-01  ,7.604090887231e-01  ,8.999593862635e-01  ,9.029618061516e-01  ,4.323704974215e-01  ,1.367548275105e+00  ,1.283166350513e+00  ,5.227572617901e-01  
  3.317551376524e-07  ,-9.476279762031e-01  ,7.698889597510e-01  ,8.999593619462e-01  ,9.029480381751e-01  ,4.261453738447e-01  ,1.373773350048e+00  ,1.287892518051e+00  ,5.180035582996e-01  
  3.318551384138e-07  ,-9.599282808857e-01  ,7.792465358283e-01  ,8.999593381188e-01  ,9.029337878596e-01  ,4.199951976760e-01  ,1.379923478562e+00  ,1.292557055774e+00  ,5.133105199455e-01  
  3.319551391753e-07  ,-9.720772538176e-01  ,7.884807120980e-01  ,8.999593147846e-01  ,9.029190569706e-01  ,4.139206878758e-01  ,1.385997941693e+00  ,1.297159413020e+00  ,5.086787009216e-01  
  3.320551399367e-07  ,-9.840724943298e-01  ,7.975896536114e-01  ,8.999592919490e-01  ,9.029038484580e-01  ,4.079230447841e-01  ,1.391995539114e+00  ,1.301698675264e+00  ,5.041090216523e-01  
  3.321551406982e-07  ,-9.959117973009e-01  ,8.065716724010e-01  ,8.999592696150e-01  ,9.028881649688e-01  ,4.020033709645e-01  ,1.397915168265e+00  ,1.306174001169e+00  ,4.996023287683e-01  
  3.322551414596e-07  ,-1.007593923208e+00  ,8.154258173500e-01  ,8.999592477846e-01  ,9.028720079425e-01  ,3.961622861804e-01  ,1.403756209389e+00  ,1.310584916618e+00  ,4.951590992675e-01  
  3.323551422211e-07  ,-1.019116715455e+00  ,8.241504375997e-01  ,8.999592264624e-01  ,9.028553799825e-01  ,3.904008687351e-01  ,1.409517584190e+00  ,1.314930598782e+00  ,4.907801611826e-01  
  3.324551429825e-07  ,-1.030478069011e+00  ,8.327439165493e-01  ,8.999592056522e-01  ,9.028382841618e-01  ,3.847201711465e-01  ,1.415198240158e+00  ,1.319210242436e+00  ,4.864663258871e-01  
  3.325551437440e-07  ,-1.041676798027e+00  ,8.412053443323e-01  ,8.999591853557e-01  ,9.028207224687e-01  ,3.791207863421e-01  ,1.420797584369e+00  ,1.323423394635e+00  ,4.822180503026e-01  
  3.326551445054e-07  ,-1.052710558899e+00  ,8.495329223408e-01  ,8.999591655773e-01  ,9.028026989717e-01  ,3.736038861276e-01  ,1.426314445027e+00  ,1.327569160142e+00  ,4.780362378013e-01  
  3.327551452669e-07  ,-1.063577827338e+00  ,8.577254782869e-01  ,8.999591463198e-01  ,9.027842164730e-01  ,3.681702326509e-01  ,1.431748059989e+00  ,1.331646955616e+00  ,4.739214773295e-01  
  3.328551460283e-07  ,-1.074276971788e+00  ,8.657817592214e-01  ,8.999591275857e-01  ,9.027652780851e-01  ,3.628206416914e-01  ,1.437097613480e+00  ,1.335656157696e+00  ,4.698743984744e-01  
  3.329551467898e-07  ,-1.084806741194e+00  ,8.737008133121e-01  ,8.999591093775e-01  ,9.027458862368e-01  ,3.575557387805e-01  ,1.442362479975e+00  ,1.339596292893e+00  ,4.658954795807e-01  
  3.330551475512e-07  ,-1.095164788357e+00  ,8.814808578070e-01  ,8.999590916995e-01  ,9.027260454712e-01  ,3.523766975210e-01  ,1.447541485878e+00  ,1.343466474375e+00  ,4.619856165677e-01  
  3.331551483127e-07  ,-1.105350023962e+00  ,8.891210691798e-01  ,8.999590745534e-01  ,9.027057578271e-01  ,3.472840625725e-01  ,1.452634086534e+00  ,1.347266292417e+00  ,4.581452232372e-01  
  3.332551490741e-07  ,-1.115360560044e+00  ,8.966200211137e-01  ,8.999590579424e-01  ,9.026850267914e-01  ,3.422787779206e-01  ,1.457639337964e+00  ,1.350995037348e+00  ,4.543750162346e-01  
  3.333551498356e-07  ,-1.125194568598e+00  ,9.039763246485e-01  ,8.999590418696e-01  ,9.026638559302e-01  ,3.373617575707e-01  ,1.462556326168e+00  ,1.354652018254e+00  ,4.506756936059e-01  
  3.334551505970e-07  ,-1.134851024380e+00  ,9.111892012017e-01  ,8.999590263364e-01  ,9.026422474702e-01  ,3.325335141464e-01  ,1.467384538526e+00  ,1.358236848071e+00  ,4.470476468694e-01  
  3.335551513585e-07  ,-1.144328147401e+00  ,9.182573034980e-01  ,8.999590113459e-01  ,9.026202054619e-01  ,3.277949376456e-01  ,1.472123085046e+00  ,1.361748857211e+00  ,4.434915537129e-01  
  3.336551521199e-07  ,-1.153624445134e+00  ,9.251795057227e-01  ,8.999589969009e-01  ,9.025977335651e-01  ,3.231467743337e-01  ,1.476771219468e+00  ,1.365187486426e+00  ,4.400079807037e-01  
  3.337551528814e-07  ,-1.162738227466e+00  ,9.319545260853e-01  ,8.999589830030e-01  ,9.025748361740e-01  ,3.185898692699e-01  ,1.481328096736e+00  ,1.368552099217e+00  ,4.365975731313e-01  
  3.338551536428e-07  ,-1.171668242542e+00  ,9.385814122957e-01  ,8.999589696540e-01  ,9.025515168227e-01  ,3.141248483831e-01  ,1.485793090925e+00  ,1.371842222971e+00  ,4.332608106748e-01  
  3.339551544043e-07  ,-1.180413478706e+00  ,9.450594017592e-01  ,8.999589568556e-01  ,9.025277784262e-01  ,3.097522175025e-01  ,1.490165696209e+00  ,1.375057479306e+00  ,4.299980775466e-01  
  3.340551551657e-07  ,-1.188972238144e+00  ,9.513872218548e-01  ,8.999589446106e-01  ,9.025036258655e-01  ,3.054728255384e-01  ,1.494445063683e+00  ,1.378197236793e+00  ,4.268100149381e-01  
