  Time                 , V(N00099)-V(N00103)  , V(N00115)-V(N00119)  , (V(N00099)+V(N00103))/2, (V(N00115)+V(N00119))/2, V(N00099)            , V(N00103)            , V(N00115)            , V(N00119)            
  0.000000000000e+00  ,4.679551961373e-06  ,3.229529913182e-04  ,8.999624518657e-01  ,8.999280798272e-01  ,8.999647916417e-01  ,8.999601120897e-01  ,9.000895563229e-01  ,8.997666033315e-01  
  1.000000000000e-12  ,4.683400673944e-06  ,3.229529913222e-04  ,8.999624518736e-01  ,8.999280798316e-01  ,8.999647935740e-01  ,8.999601101733e-01  ,9.000895563272e-01  ,8.997666033359e-01  
  2.000000000000e-12  ,4.692311472265e-06  ,3.229529913219e-04  ,8.999624518838e-01  ,8.999280798296e-01  ,8.999647980395e-01  ,8.999601057281e-01  ,9.000895563253e-01  ,8.997666033340e-01  
  3.493026502430e-12  ,4.715618733053e-06  ,3.229529913170e-04  ,8.999624519050e-01  ,8.999280798280e-01  ,8.999648097144e-01  ,8.999600940957e-01  ,9.000895563237e-01  ,8.997666033324e-01  
  6.479079507291e-12  ,4.829018086738e-06  ,3.229529912963e-04  ,8.999624519755e-01  ,8.999280798261e-01  ,8.999648664845e-01  ,8.999600374665e-01  ,9.000895563217e-01  ,8.997666033304e-01  
  1.245118551701e-11  ,5.578530285599e-06  ,3.229529913257e-04  ,8.999624522166e-01  ,8.999280798218e-01  ,8.999652414818e-01  ,8.999596629515e-01  ,9.000895563175e-01  ,8.997666033261e-01  
  2.439539753646e-11  ,1.127614881058e-05  ,3.229529914067e-04  ,8.999624529101e-01  ,8.999280798278e-01  ,8.999680909845e-01  ,8.999568148357e-01  ,9.000895563235e-01  ,8.997666033321e-01  
  4.828382157534e-11  ,5.287878670612e-05  ,3.229529906004e-04  ,8.999624550726e-01  ,8.999280798314e-01  ,8.999888944659e-01  ,8.999360156792e-01  ,9.000895563267e-01  ,8.997666033361e-01  
  8.619447112828e-11  ,2.515111823781e-04  ,3.229529867784e-04  ,8.999624648075e-01  ,8.999280798277e-01  ,9.000882203987e-01  ,8.998367092163e-01  ,9.000895563211e-01  ,8.997666033343e-01  
  1.367827492282e-10  ,8.710294036881e-04  ,3.229528237100e-04  ,8.999624946359e-01  ,8.999280816723e-01  ,9.003980093377e-01  ,8.995269799340e-01  ,9.000895580842e-01  ,8.997666052605e-01  
  2.350023562536e-10  ,3.559633719516e-03  ,3.229264544534e-04  ,8.999625810739e-01  ,8.999283043543e-01  ,9.017423979337e-01  ,8.981827642142e-01  ,9.000897675815e-01  ,8.997668411270e-01  
  3.350031177029e-10  ,8.490050792765e-03  ,3.226892097609e-04  ,8.999626865512e-01  ,8.999299885209e-01  ,9.042077119475e-01  ,8.957176611548e-01  ,9.000913331257e-01  ,8.997686439160e-01  
  4.350038791522e-10  ,1.562220815474e-02  ,3.217796201815e-04  ,8.999628064276e-01  ,8.999355059969e-01  ,9.077739105050e-01  ,8.921517023502e-01  ,9.000963958070e-01  ,8.997746161868e-01  
  5.350046406016e-10  ,2.479506739314e-02  ,3.194285930498e-04  ,8.999629370320e-01  ,8.999474882489e-01  ,9.123604707286e-01  ,8.875654033355e-01  ,9.001072025454e-01  ,8.997877739524e-01  
  6.350054020509e-10  ,3.576868512909e-02  ,3.146922124065e-04  ,8.999630724459e-01  ,8.999671850710e-01  ,9.178474150104e-01  ,8.820787298813e-01  ,9.001245311772e-01  ,8.998098389648e-01  
  7.350061635002e-10  ,4.828047186401e-02  ,3.066310403502e-04  ,8.999632090202e-01  ,8.999935610510e-01  ,9.241034449522e-01  ,8.758229730882e-01  ,9.001468765712e-01  ,8.998402455308e-01  
  8.350069249496e-10  ,6.207874196837e-02  ,2.943861721645e-04  ,8.999633441426e-01  ,9.000239105570e-01  ,9.310027151267e-01  ,8.689239731584e-01  ,9.001711036431e-01  ,8.998767174710e-01  
  9.350076863989e-10  ,7.693860520515e-02  ,2.771489834019e-04  ,8.999634739018e-01  ,9.000551554877e-01  ,9.384327765044e-01  ,8.614941712992e-01  ,9.001937299794e-01  ,8.999165809960e-01  
  1.035008447848e-09  ,9.266695487603e-02  ,2.541617489273e-04  ,8.999635935529e-01  ,9.000845148773e-01  ,9.462970709909e-01  ,8.536301161149e-01  ,9.002115957518e-01  ,8.999574340029e-01  
  1.135009209298e-09  ,1.091017068408e-01  ,2.248516501172e-04  ,8.999636997113e-01  ,9.001093451708e-01  ,9.545145531317e-01  ,8.454128462909e-01  ,9.002217709958e-01  ,8.999969193457e-01  
  1.235009970747e-09  ,1.261084963609e-01  ,1.890440854072e-04  ,8.999637922536e-01  ,9.001270706977e-01  ,9.630180404340e-01  ,8.369095440731e-01  ,9.002215927404e-01  ,9.000325486550e-01  
  1.335010732196e-09  ,1.435766011864e-01  ,1.471058703568e-04  ,8.999638745896e-01  ,9.001358985312e-01  ,9.717521751828e-01  ,8.281755739964e-01  ,9.002094514664e-01  ,9.000623455960e-01  
  1.435011493646e-09  ,1.614149669164e-01  ,9.992546961390e-05  ,8.999639521414e-01  ,9.001358938284e-01  ,9.806714355996e-01  ,8.192564686832e-01  ,9.001858565633e-01  ,9.000859310936e-01  
  1.535012255095e-09  ,1.795486994130e-01  ,4.876749160332e-05  ,8.999640301093e-01  ,9.001293917373e-01  ,9.897383798158e-01  ,8.101896804028e-01  ,9.001537754831e-01  ,9.001050079915e-01  
  1.635013016544e-09  ,1.979161149345e-01  ,-4.890865020757e-06  ,8.999641118570e-01  ,9.001202482009e-01  ,9.989221693242e-01  ,8.010060543897e-01  ,9.001178027684e-01  ,9.001226936334e-01  
  1.735013777994e-09  ,2.164663108952e-01  ,-5.947014069974e-05  ,8.999641984406e-01  ,9.001123986554e-01  ,1.008197353888e+00  ,7.917310429930e-01  ,9.000826635851e-01  ,9.001421337258e-01  
  1.835014539443e-09  ,2.351571789235e-01  ,-1.133553929957e-04  ,8.999642889875e-01  ,9.001086102607e-01  ,1.017542878449e+00  ,7.823856995257e-01  ,9.000519325642e-01  ,9.001652879572e-01  
  1.935015300892e-09  ,2.539537827091e-01  ,-1.649679234993e-04  ,8.999643814418e-01  ,9.001099448459e-01  ,1.026941272796e+00  ,7.729874900872e-01  ,9.000274608842e-01  ,9.001924288077e-01  
  2.035016062342e-09  ,2.728270360198e-01  ,-2.128626075035e-04  ,8.999644733837e-01  ,9.001158479853e-01  ,1.036377991394e+00  ,7.635509553739e-01  ,9.000094166815e-01  ,9.002222792890e-01  
  2.135016823791e-09  ,2.917526274195e-01  ,-2.558215653075e-04  ,8.999645627639e-01  ,9.001245308585e-01  ,1.045840876474e+00  ,7.540882490541e-01  ,8.999966200758e-01  ,9.002524416411e-01  
  2.235017585240e-09  ,3.107101458885e-01  ,-2.928981412882e-04  ,8.999646483853e-01  ,9.001334654140e-01  ,1.055319721330e+00  ,7.446095754410e-01  ,8.999870163433e-01  ,9.002799144846e-01  
  2.335018346690e-09  ,3.296823683859e-01  ,-3.233938066254e-04  ,8.999647300050e-01  ,9.001400091379e-01  ,1.064805914198e+00  ,7.351235458121e-01  ,8.999783122346e-01  ,9.003017060412e-01  
  2.435019108139e-09  ,3.486546777958e-01  ,-3.467930752575e-04  ,8.999648080826e-01  ,9.001421404712e-01  ,1.074292146981e+00  ,7.256374691847e-01  ,8.999687439336e-01  ,9.003155370088e-01  
  2.535019869588e-09  ,3.676145868324e-01  ,-3.627009229558e-04  ,8.999648833731e-01  ,9.001390976171e-01  ,1.083772176789e+00  ,7.161575899569e-01  ,8.999577471557e-01  ,9.003204480786e-01  
  2.635020631038e-09  ,3.865513489870e-01  ,-3.708142610700e-04  ,8.999649565889e-01  ,9.001316301014e-01  ,1.093240631082e+00  ,7.066892820954e-01  ,8.999462229709e-01  ,9.003170372320e-01  
  2.735021392487e-09  ,4.054556411668e-01  ,-3.709320336427e-04  ,8.999650282453e-01  ,9.001217184412e-01  ,1.102692848829e+00  ,6.972372076619e-01  ,8.999362524244e-01  ,9.003071844581e-01  
  2.835022153936e-09  ,4.243193050084e-01  ,-3.629900214296e-04  ,8.999650986605e-01  ,9.001118791702e-01  ,1.112124751165e+00  ,6.878054461563e-01  ,8.999303841595e-01  ,9.002933741809e-01  
  2.935022915386e-09  ,4.431351358409e-01  ,-3.471038370357e-04  ,8.999651680196e-01  ,9.001043499388e-01  ,1.121532735940e+00  ,6.783976000992e-01  ,8.999307980203e-01  ,9.002779018573e-01  
  3.035023676835e-09  ,4.618967102843e-01  ,-3.236089783453e-04  ,8.999652364296e-01  ,9.001004477185e-01  ,1.130913591572e+00  ,6.690168812875e-01  ,8.999386432294e-01  ,9.002622522077e-01  
  3.135024438284e-09  ,4.805982453508e-01  ,-2.930899137639e-04  ,8.999653039463e-01  ,9.001002674898e-01  ,1.140264426622e+00  ,6.596661812709e-01  ,8.999537225329e-01  ,9.002468124467e-01  
  3.235025199734e-09  ,4.992344834057e-01  ,-2.563888090232e-04  ,8.999653705843e-01  ,9.001027484893e-01  ,1.149582612287e+00  ,6.503481288814e-01  ,8.999745540848e-01  ,9.002309428938e-01  
  3.335025961183e-09  ,5.178005983742e-01  ,-2.145840064310e-04  ,8.999654363241e-01  ,9.001060411037e-01  ,1.158865735511e+00  ,6.410651371370e-01  ,8.999987491005e-01  ,9.002133331069e-01  
  3.435026722632e-09  ,5.362921193207e-01  ,-1.689339271270e-04  ,8.999655011210e-01  ,9.001080557543e-01  ,1.168111560781e+00  ,6.318194414606e-01  ,9.000235887907e-01  ,9.001925227179e-01  
  3.535027484082e-09  ,5.547048681527e-01  ,-1.207929248493e-04  ,8.999655649168e-01  ,9.001070446175e-01  ,1.177317998993e+00  ,6.226131308405e-01  ,9.000466481551e-01  ,9.001674410799e-01  
  3.635028245531e-09  ,5.730349087980e-01  ,-7.151589364407e-05  ,8.999656276579e-01  ,9.001020590663e-01  ,1.186483082057e+00  ,6.134481732588e-01  ,9.000663011194e-01  ,9.001378170131e-01  
  3.735029006980e-09  ,5.912785057441e-01  ,-2.237230214841e-05  ,8.999656893162e-01  ,9.000931574523e-01  ,1.195604942188e+00  ,6.043264364442e-01  ,9.000819713013e-01  ,9.001043436034e-01  
  3.835029768430e-09  ,6.094320902519e-01  ,2.551377135596e-05  ,8.999657499103e-01  ,9.000813125390e-01  ,1.204681795036e+00  ,5.952497047843e-01  ,9.000940694247e-01  ,9.000685556533e-01  
  3.935030529879e-09  ,6.274922328607e-01  ,7.119024465629e-05  ,8.999658095121e-01  ,9.000680615437e-01  ,1.213711925942e+00  ,5.862196930817e-01  ,9.001036566660e-01  ,9.000324664213e-01  
  4.035031291328e-09  ,6.454556210296e-01  ,1.138728084737e-04  ,8.999658682356e-01  ,9.000550175812e-01  ,1.222693678750e+00  ,5.772380577208e-01  ,9.001119539854e-01  ,8.999980811769e-01  
  4.135032052778e-09  ,6.633190409548e-01  ,1.529197391443e-04  ,8.999659262082e-01  ,9.000433933375e-01  ,1.231625446686e+00  ,5.683064057308e-01  ,9.001198532071e-01  ,8.999669334679e-01  
  4.235032814227e-09  ,6.810793627837e-01  ,1.877992417505e-04  ,8.999659835356e-01  ,9.000336718139e-01  ,1.240505664927e+00  ,5.594263021437e-01  ,9.001275714348e-01  ,8.999397721931e-01  
  4.335033575676e-09  ,6.987335286030e-01  ,2.180628731708e-04  ,8.999660402765e-01  ,9.000255072005e-01  ,1.249332804578e+00  ,5.505992759750e-01  ,9.001345386371e-01  ,8.999164757640e-01  
  4.435034337126e-09  ,7.162785427022e-01  ,2.433354957668e-04  ,8.999660964335e-01  ,9.000178695973e-01  ,1.258105367785e+00  ,5.418268250824e-01  ,9.001395373452e-01  ,8.998962018494e-01  
  4.535035098575e-09  ,7.337114637061e-01  ,2.633264996730e-04  ,8.999661519641e-01  ,9.000093787314e-01  ,1.266821883817e+00  ,5.331104201110e-01  ,9.001410419812e-01  ,8.998777154815e-01  
  4.635035860024e-09  ,7.510293982362e-01  ,2.778598166292e-04  ,8.999662068034e-01  ,8.999987210739e-01  ,1.275480905922e+00  ,5.244515076853e-01  ,9.001376509822e-01  ,8.998597911656e-01  
  4.735036621474e-09  ,7.682294958202e-01  ,2.869134607186e-04  ,8.999662608924e-01  ,8.999850255948e-01  ,1.284081008803e+00  ,5.158515129823e-01  ,9.001284823252e-01  ,8.998415688645e-01  
  4.835037382923e-09  ,7.853089448188e-01  ,2.906552227585e-04  ,8.999663141995e-01  ,8.999680915621e-01  ,1.292620786609e+00  ,5.073118417901e-01  ,9.001134191735e-01  ,8.998227639507e-01  
  4.935038144372e-09  ,8.022649691813e-01  ,2.894612792306e-04  ,8.999663667329e-01  ,8.999484111636e-01  ,1.301098851324e+00  ,4.988338821422e-01  ,9.000931418033e-01  ,8.998036805240e-01  
  5.035038905822e-09  ,8.190948258742e-01  ,2.839089100549e-04  ,8.999664185398e-01  ,8.999269935479e-01  ,1.309513831477e+00  ,4.904190056027e-01  ,9.000689480029e-01  ,8.997850390929e-01  
  5.135039667271e-09  ,8.357958028558e-01  ,2.747417248894e-04  ,8.999664696955e-01  ,8.999050542894e-01  ,1.317864371123e+00  ,4.820685682676e-01  ,9.000424251519e-01  ,8.997676834270e-01  
  5.235040428720e-09  ,8.523652174913e-01  ,2.628133379965e-04  ,8.999665202845e-01  ,8.998836684027e-01  ,1.326149129030e+00  ,4.737839115388e-01  ,9.000150750717e-01  ,8.997522617337e-01  
  5.335041190170e-09  ,8.688004153250e-01  ,2.490209470529e-04  ,8.999665703809e-01  ,8.998634881013e-01  ,1.334366778043e+00  ,4.655663627184e-01  ,8.999879985748e-01  ,8.997389776278e-01  
  5.435041951619e-09  ,8.850987691444e-01  ,2.342422688811e-04  ,8.999666200318e-01  ,8.998446007554e-01  ,1.342516004604e+00  ,4.574172354596e-01  ,8.999617218899e-01  ,8.997274796210e-01  
  5.535042713068e-09  ,9.012576782853e-01  ,2.192874657944e-04  ,8.999666692488e-01  ,8.998265576983e-01  ,1.350595508391e+00  ,4.493378301062e-01  ,8.999362014312e-01  ,8.997169139655e-01  
  5.635043474518e-09  ,9.172745681363e-01  ,2.048728528127e-04  ,8.999667180090e-01  ,8.998085543883e-01  ,1.358604002077e+00  ,4.413294339409e-01  ,8.999109908147e-01  ,8.997061179619e-01  
  5.735044235967e-09  ,9.331468898097e-01  ,1.916168425734e-04  ,8.999667662651e-01  ,8.997897009351e-01  ,1.366540211170e+00  ,4.333933213603e-01  ,8.998855093564e-01  ,8.996938925138e-01  
  5.835044997416e-09  ,9.488721199476e-01  ,1.800525886025e-04  ,8.999668139617e-01  ,8.997693000997e-01  ,1.374402873936e+00  ,4.255307539879e-01  ,8.998593263940e-01  ,8.996792738054e-01  
  5.935045758866e-09  ,9.644483689392e-01  ,1.705367417626e-04  ,8.999668610603e-01  ,8.997470637251e-01  ,1.382191045530e+00  ,4.177426765907e-01  ,8.998323320960e-01  ,8.996617953542e-01  
  6.035046520315e-09  ,9.798721037989e-01  ,1.636828009463e-04  ,8.999669075151e-01  ,8.997230505829e-01  ,1.389902959415e+00  ,4.100308556157e-01  ,8.998048919834e-01  ,8.996412091825e-01  
  6.135047281764e-09  ,9.951411627383e-01  ,1.598116621033e-04  ,8.999669533367e-01  ,8.996979476416e-01  ,1.397537534706e+00  ,4.023963719676e-01  ,8.997778534726e-01  ,8.996180418105e-01  
  6.235048043214e-09  ,1.010253230038e+00  ,1.592276438893e-04  ,8.999669985552e-01  ,8.996726350853e-01  ,1.405093613574e+00  ,3.948403835364e-01  ,8.997522489072e-01  ,8.995930212633e-01  
  6.335048804663e-09  ,1.025205953181e+00  ,1.621690046399e-04  ,8.999670432107e-01  ,8.996479626161e-01  ,1.412570019801e+00  ,3.873640666203e-01  ,8.997290471184e-01  ,8.995668781138e-01  
  6.435049566112e-09  ,1.039996981408e+00  ,1.687677574463e-04  ,8.999670873396e-01  ,8.996245334643e-01  ,1.419965578043e+00  ,3.799685966357e-01  ,8.997089173430e-01  ,8.995401495855e-01  
  6.535050327562e-09  ,1.054623979526e+00  ,1.790182883236e-04  ,8.999671309608e-01  ,8.996025658094e-01  ,1.427279120724e+00  ,3.726551411976e-01  ,8.996920749536e-01  ,8.995130566653e-01  
  6.635051089011e-09  ,1.069084633697e+00  ,1.927603205149e-04  ,8.999671740679e-01  ,8.995818698628e-01  ,1.434509490917e+00  ,3.654248572193e-01  ,8.996782500231e-01  ,8.994854897026e-01  
  6.735051850460e-09  ,1.083376654320e+00  ,2.096808096826e-04  ,8.999672166276e-01  ,8.995619410959e-01  ,1.441655543788e+00  ,3.582788894677e-01  ,8.996667815007e-01  ,8.994571006911e-01  
  6.835052611910e-09  ,1.097497777676e+00  ,2.293352764289e-04  ,8.999672585864e-01  ,8.995421359954e-01  ,1.448716147424e+00  ,3.512183697487e-01  ,8.996568036336e-01  ,8.994274683572e-01  
  6.935053373359e-09  ,1.111445766943e+00  ,2.511843622696e-04  ,8.999672998816e-01  ,8.995218749833e-01  ,1.455690183353e+00  ,3.442444164101e-01  ,8.996474671645e-01  ,8.993962828022e-01  
  7.035054134808e-09  ,1.125218412869e+00  ,2.746378273993e-04  ,8.999673404531e-01  ,8.995008128269e-01  ,1.462576546888e+00  ,3.373581340186e-01  ,8.996381317406e-01  ,8.993634939132e-01  
  7.135054896258e-09  ,1.138813534251e+00  ,2.990968991143e-04  ,8.999673802546e-01  ,8.994789299713e-01  ,1.469374147380e+00  ,3.305606131289e-01  ,8.996284784209e-01  ,8.993293815218e-01  
  7.235055657707e-09  ,1.152228978319e+00  ,3.239871328564e-04  ,8.999674192581e-01  ,8.994565238437e-01  ,1.476081908418e+00  ,3.238529300986e-01  ,8.996185174102e-01  ,8.992945302773e-01  
  7.335056419157e-09  ,1.165462621061e+00  ,3.487772776525e-04  ,8.999674574539e-01  ,8.994341091343e-01  ,1.482698767984e+00  ,3.172361469234e-01  ,8.996084977731e-01  ,8.992597204955e-01  
  7.435057180606e-09  ,1.178512367530e+00  ,3.729839662089e-04  ,8.999674948447e-01  ,8.994122614997e-01  ,1.489223678610e+00  ,3.107113110798e-01  ,8.995987534828e-01  ,8.992257695166e-01  
  7.535057942055e-09  ,1.191376152130e+00  ,3.961660572778e-04  ,8.999675314362e-01  ,8.993914530752e-01  ,1.495655607501e+00  ,3.042794553710e-01  ,8.995895361039e-01  ,8.991933700466e-01  
  7.635058703505e-09  ,1.204052433935e+00  ,4.180140888576e-04  ,8.999675672292e-01  ,8.993719040890e-01  ,1.501993784197e+00  ,2.979413502616e-01  ,8.995809111334e-01  ,8.991628970446e-01  
  7.735059464954e-09  ,1.216538343001e+00  ,4.379744562891e-04  ,8.999676022094e-01  ,8.993536760212e-01  ,1.508236773710e+00  ,2.916984307088e-01  ,8.995726632493e-01  ,8.991346887930e-01  
  7.835060226403e-09  ,1.228832136540e+00  ,4.557365187304e-04  ,8.999676363447e-01  ,8.993364171667e-01  ,1.514383704615e+00  ,2.855515680746e-01  ,8.995642854260e-01  ,8.991085489073e-01  
  7.935060987853e-09  ,1.240931955349e+00  ,4.709950494232e-04  ,8.999676695878e-01  ,8.993196537064e-01  ,1.520433647262e+00  ,2.795016919132e-01  ,8.995551512311e-01  ,8.990841561817e-01  
  8.035061749302e-09  ,1.252835919739e+00  ,4.834907020442e-04  ,8.999677018825e-01  ,8.993029155261e-01  ,1.526385661752e+00  ,2.735497420128e-01  ,8.995446608771e-01  ,8.990611701751e-01  
  8.135062510751e-09  ,1.264542161265e+00  ,4.930401627239e-04  ,8.999677331729e-01  ,8.992858630364e-01  ,1.532238813805e+00  ,2.676966525405e-01  ,8.995323831177e-01  ,8.990393429550e-01  
  8.235063272201e-09  ,1.276048834155e+00  ,4.995586818611e-04  ,8.999677634116e-01  ,8.992683719483e-01  ,1.537992180489e+00  ,2.619433463342e-01  ,8.995181512892e-01  ,8.990185926074e-01  
  8.335064033650e-09  ,1.287354120127e+00  ,5.030724191513e-04  ,8.999677925655e-01  ,8.992505517586e-01  ,1.543644852629e+00  ,2.562907325019e-01  ,8.995020879682e-01  ,8.989990155490e-01  
  8.435064795099e-09  ,1.298456230801e+00  ,5.037182496155e-04  ,8.999678206165e-01  ,8.992326959677e-01  ,1.549195936017e+00  ,2.507397052160e-01  ,8.994845550926e-01  ,8.989808368429e-01  
  8.535065556549e-09  ,1.309353409078e+00  ,5.017311022357e-04  ,8.999678475592e-01  ,8.992151823865e-01  ,1.554644552098e+00  ,2.452911430203e-01  ,8.994660479376e-01  ,8.989643168353e-01  
  8.635066317998e-09  ,1.320044348780e+00  ,4.973378661877e-04  ,8.999678733940e-01  ,8.991982870058e-01  ,1.559990047784e+00  ,2.399456990042e-01  ,8.994469559388e-01  ,8.989496180727e-01  
  8.735067079447e-09  ,1.330526626081e+00  ,4.910310684172e-04  ,8.999678981223e-01  ,8.991823726887e-01  ,1.565231211163e+00  ,2.347045850818e-01  ,8.994278882229e-01  ,8.989368571545e-01  
  8.835067840897e-09  ,1.340798779753e+00  ,4.831645029995e-04  ,8.999679217381e-01  ,8.991674052788e-01  ,1.570367311615e+00  ,2.295685318615e-01  ,8.994089875303e-01  ,8.989258230273e-01  
  8.935068602346e-09  ,1.350859257069e+00  ,4.741132296439e-04  ,8.999679442245e-01  ,8.991531819185e-01  ,1.575397572759e+00  ,2.245383156899e-01  ,8.993902385334e-01  ,8.989161253037e-01  
  9.035069363795e-09  ,1.360706495344e+00  ,4.642475072314e-04  ,8.999679655541e-01  ,8.991393733497e-01  ,1.580321213226e+00  ,2.196147178821e-01  ,8.993714971034e-01  ,8.989072495961e-01  
  9.135070125245e-09  ,1.370338948955e+00  ,4.539246953720e-04  ,8.999679856934e-01  ,8.991256120984e-01  ,1.585137460171e+00  ,2.147985112157e-01  ,8.993525744461e-01  ,8.988986497507e-01  
  9.235070886694e-09  ,1.379755099066e+00  ,4.434895385397e-04  ,8.999680046083e-01  ,8.991115893905e-01  ,1.589845554141e+00  ,2.100904550754e-01  ,8.993333341597e-01  ,8.988898446212e-01  
  9.335071648143e-09  ,1.388953457688e+00  ,4.332767948708e-04  ,8.999680222707e-01  ,8.990971295653e-01  ,1.594444751114e+00  ,2.054912934269e-01  ,8.993137679627e-01  ,8.988804911679e-01  
  9.435072409593e-09  ,1.397932569700e+00  ,4.236116844620e-04  ,8.999680386624e-01  ,8.990822212875e-01  ,1.598934323512e+00  ,2.010017538123e-01  ,8.992940271297e-01  ,8.988704154452e-01  
  9.535073171042e-09  ,1.406691013990e+00  ,4.148053228749e-04  ,8.999680537773e-01  ,8.990669992701e-01  ,1.603313560772e+00  ,1.966225467825e-01  ,8.992744019316e-01  ,8.988595966087e-01  
  9.635073932491e-09  ,1.415227404147e+00  ,4.071444385170e-04  ,8.999680676203e-01  ,8.990516850200e-01  ,1.607581769694e+00  ,1.923543655469e-01  ,8.992552572393e-01  ,8.988481128007e-01  
  9.735074693941e-09  ,1.423540388919e+00  ,4.008768173308e-04  ,8.999680802031e-01  ,8.990365063446e-01  ,1.611738274662e+00  ,1.881978857438e-01  ,8.992369447532e-01  ,8.988360679359e-01  
  9.835075455390e-09  ,1.431628652525e+00  ,3.961955014289e-04  ,8.999680915403e-01  ,8.990216201753e-01  ,1.615782417803e+00  ,1.841537652781e-01  ,8.992197179260e-01  ,8.988235224246e-01  
  9.935076216839e-09  ,1.439490914895e+00  ,3.932253715264e-04  ,8.999681016441e-01  ,8.990070607222e-01  ,1.619713559092e+00  ,1.802226441966e-01  ,8.992036734080e-01  ,8.988104480365e-01  
  1.003507697829e-08  ,1.447125931870e+00  ,3.920152527108e-04  ,8.999681105211e-01  ,8.989927262909e-01  ,1.623531076456e+00  ,1.764051445861e-01  ,8.991887339173e-01  ,8.987967186646e-01  
  1.013507773974e-08  ,1.454532495379e+00  ,3.925373115756e-04  ,8.999681181723e-01  ,8.989784061399e-01  ,1.627234365862e+00  ,1.727018704828e-01  ,8.991746747957e-01  ,8.987821374842e-01  
  1.023507850119e-08  ,1.461709433607e+00  ,3.946937145729e-04  ,8.999681245935e-01  ,8.989638371847e-01  ,1.630822841397e+00  ,1.691134077898e-01  ,8.991611840420e-01  ,8.987664903274e-01  
  1.033507926264e-08  ,1.468655611163e+00  ,3.983288375514e-04  ,8.999681297796e-01  ,8.989487724669e-01  ,1.634295935361e+00  ,1.656403241979e-01  ,8.991479368857e-01  ,8.987496080482e-01  
  1.043508002409e-08  ,1.475369929241e+00  ,4.032442236321e-04  ,8.999681337283e-01  ,8.989330411343e-01  ,1.637653098349e+00  ,1.622831691080e-01  ,8.991346632461e-01  ,8.987314190225e-01  
  1.053508078554e-08  ,1.481851325778e+00  ,4.092132441060e-04  ,8.999681364437e-01  ,8.989165834615e-01  ,1.640893799333e+00  ,1.590424735548e-01  ,8.991211900836e-01  ,8.987119768395e-01  
  1.063508154698e-08  ,1.488098775618e+00  ,4.159930222338e-04  ,8.999681379383e-01  ,8.988994526899e-01  ,1.644017525747e+00  ,1.559187501295e-01  ,8.991074492011e-01  ,8.986914561788e-01  
  1.073508230843e-08  ,1.494111290661e+00  ,4.233323842430e-04  ,8.999681382334e-01  ,8.988817855130e-01  ,1.647023783564e+00  ,1.529124929030e-01  ,8.990934517051e-01  ,8.986701193209e-01  
  1.083508306988e-08  ,1.499887920014e+00  ,4.309760035457e-04  ,8.999681373564e-01  ,8.988637518860e-01  ,1.649912097363e+00  ,1.500241773496e-01  ,8.990792398878e-01  ,8.986482638842e-01  
  1.093508383133e-08  ,1.505427750134e+00  ,4.386660775514e-04  ,8.999681353387e-01  ,8.988455000386e-01  ,1.652682010406e+00  ,1.472542602717e-01  ,8.990648330774e-01  ,8.986261669999e-01  
  1.103508459278e-08  ,1.510729904966e+00  ,4.461434974419e-04  ,8.999681322111e-01  ,8.988271128710e-01  ,1.655333084694e+00  ,1.446031797279e-01  ,8.990501846197e-01  ,8.986040411223e-01  
  1.113508535423e-08  ,1.515793546075e+00  ,4.531504049938e-04  ,8.999681280018e-01  ,8.988085875527e-01  ,1.657864901039e+00  ,1.420713549642e-01  ,8.990351627552e-01  ,8.985820123502e-01  
  1.123508611568e-08  ,1.520617872770e+00  ,4.594353563757e-04  ,8.999681227345e-01  ,8.987898426804e-01  ,1.660277059120e+00  ,1.396591863495e-01  ,8.990195603586e-01  ,8.985601250023e-01  
  1.133508687713e-08  ,1.525202122228e+00  ,4.647612823049e-04  ,8.999681164291e-01  ,8.987707491254e-01  ,1.662569177543e+00  ,1.373670553150e-01  ,8.990031297665e-01  ,8.985383684842e-01  
  1.143508763858e-08  ,1.529545743507e+00  ,4.689642513589e-04  ,8.999681090986e-01  ,8.987512020830e-01  ,1.664740980852e+00  ,1.351952373453e-01  ,8.989856842087e-01  ,8.985167199573e-01  
  1.153508840003e-08  ,1.533647743767e+00  ,4.717754762785e-04  ,8.999681007679e-01  ,8.987310483658e-01  ,1.666791972652e+00  ,1.331442288843e-01  ,8.989669361039e-01  ,8.984951606276e-01  
  1.163508916148e-08  ,1.537507559348e+00  ,4.730855116981e-04  ,8.999680914556e-01  ,8.987102841844e-01  ,1.668721871130e+00  ,1.312143117815e-01  ,8.989468269402e-01  ,8.984737414285e-01  
  1.173508992293e-08  ,1.541124610999e+00  ,4.728174720297e-04  ,8.999680811867e-01  ,8.986889796065e-01  ,1.670530386686e+00  ,1.294057756874e-01  ,8.989253883425e-01  ,8.984525708705e-01  
  1.183509068438e-08  ,1.544498338961e+00  ,4.709392559706e-04  ,8.999680699913e-01  ,8.986672706712e-01  ,1.672217239472e+00  ,1.277189005109e-01  ,8.989027402992e-01  ,8.984318010432e-01  
  1.193509144583e-08  ,1.547628214807e+00  ,4.674645644752e-04  ,8.999680579040e-01  ,8.986453294475e-01  ,1.673782165308e+00  ,1.261539505003e-01  ,8.988790617297e-01  ,8.984115971652e-01  
  1.203509220728e-08  ,1.550513745696e+00  ,4.624483674510e-04  ,8.999680449612e-01  ,8.986233254122e-01  ,1.675224917809e+00  ,1.247111721133e-01  ,8.988545495959e-01  ,8.983921012284e-01  
  1.213509296872e-08  ,1.553154584161e+00  ,4.559542371247e-04  ,8.999680311903e-01  ,8.986013654990e-01  ,1.676545323271e+00  ,1.233907391096e-01  ,8.988293426175e-01  ,8.983733883804e-01  
  1.223509373017e-08  ,1.555550121170e+00  ,4.481360194869e-04  ,8.999680166390e-01  ,8.985795796481e-01  ,1.677743077224e+00  ,1.221929560541e-01  ,8.988036476578e-01  ,8.983555116384e-01  
  1.233509449162e-08  ,1.557700032152e+00  ,4.391226835703e-04  ,8.999680013316e-01  ,8.985579598077e-01  ,1.678818017408e+00  ,1.211179852556e-01  ,8.987775211495e-01  ,8.983383984659e-01  
  1.243509525307e-08  ,1.559603996596e+00  ,4.290638040966e-04  ,8.999679852897e-01  ,8.985364647468e-01  ,1.679769983588e+00  ,1.201659869916e-01  ,8.987509966489e-01  ,8.983219328448e-01  
  1.253509601452e-08  ,1.561261720662e+00  ,4.181224889342e-04  ,8.999679685319e-01  ,8.985150425044e-01  ,1.680598828863e+00  ,1.193371082008e-01  ,8.987241037488e-01  ,8.983059812599e-01  
  1.263509677597e-08  ,1.562672944932e+00  ,4.064718758136e-04  ,8.999679510745e-01  ,8.984936598172e-01  ,1.681304423540e+00  ,1.186314786085e-01  ,8.986968957551e-01  ,8.982904238793e-01  
  1.273509753742e-08  ,1.563837447194e+00  ,3.942922619381e-04  ,8.999679329333e-01  ,8.984723260178e-01  ,1.681886656530e+00  ,1.180492093365e-01  ,8.986694721488e-01  ,8.982751798868e-01  
  1.283509829887e-08  ,1.564755043528e+00  ,3.817674643676e-04  ,8.999679141251e-01  ,8.984511035307e-01  ,1.682345435889e+00  ,1.175903923612e-01  ,8.986419872629e-01  ,8.982602197986e-01  
  1.293509906032e-08  ,1.565425588776e+00  ,3.690798175527e-04  ,8.999678946680e-01  ,8.984301022796e-01  ,1.682680689056e+00  ,1.172551002801e-01  ,8.986146421884e-01  ,8.982455623708e-01  
  1.303509982177e-08  ,1.565848976758e+00  ,3.564038606987e-04  ,8.999678745809e-01  ,8.984094604057e-01  ,1.682892362960e+00  ,1.170433862018e-01  ,8.985876623361e-01  ,8.982312584754e-01  
  1.313510058322e-08  ,1.566025140383e+00  ,3.438992928799e-04  ,8.999678538825e-01  ,8.983893175794e-01  ,1.682980424074e+00  ,1.169552836910e-01  ,8.985612672259e-01  ,8.982173679330e-01  
  1.323510134467e-08  ,1.565954051693e+00  ,3.317040936313e-04  ,8.999678325892e-01  ,8.983697889353e-01  ,1.682944858436e+00  ,1.169908067425e-01  ,8.985356409821e-01  ,8.982039368885e-01  
  1.333510210612e-08  ,1.565635721885e+00  ,3.199287584100e-04  ,8.999678107135e-01  ,8.983509469723e-01  ,1.682785671656e+00  ,1.171499497712e-01  ,8.985109113515e-01  ,8.981909825931e-01  
  1.343510286757e-08  ,1.565070201302e+00  ,3.086523901020e-04  ,8.999677882629e-01  ,8.983328159912e-01  ,1.682502888914e+00  ,1.174326876118e-01  ,8.984871421862e-01  ,8.981784897961e-01  
  1.353510362902e-08  ,1.564257579429e+00  ,2.979209999387e-04  ,8.999677652394e-01  ,8.983153797390e-01  ,1.682096554954e+00  ,1.178389755249e-01  ,8.984643402389e-01  ,8.981664192390e-01  
  1.363510439046e-08  ,1.563197984865e+00  ,2.877479274863e-04  ,8.999677416399e-01  ,8.982985990921e-01  ,1.681566734072e+00  ,1.183687492076e-01  ,8.984424730558e-01  ,8.981547251283e-01  
  1.373510515191e-08  ,1.561891585299e+00  ,2.781159173381e-04  ,8.999677174576e-01  ,8.982824339466e-01  ,1.680913510107e+00  ,1.190219248082e-01  ,8.984214919053e-01  ,8.981433759879e-01  
  1.383510591336e-08  ,1.560338587479e+00  ,2.689801841401e-04  ,8.999676926829e-01  ,8.982668626811e-01  ,1.680136986422e+00  ,1.197983989435e-01  ,8.984013527732e-01  ,8.981323725890e-01  
  1.393510667481e-08  ,1.558539237174e+00  ,2.602717953016e-04  ,8.999676673053e-01  ,8.982518937218e-01  ,1.679237285892e+00  ,1.206980487182e-01  ,8.983820296195e-01  ,8.981217578242e-01  
  1.403510743626e-08  ,1.556493819134e+00  ,2.519008770707e-04  ,8.999676413138e-01  ,8.982375664042e-01  ,1.678214550881e+00  ,1.217207317467e-01  ,8.983635168427e-01  ,8.981116159656e-01  
  1.413510819771e-08  ,1.554202657041e+00  ,2.437594301189e-04  ,8.999676146974e-01  ,8.982239416192e-01  ,1.677068943218e+00  ,1.228662861769e-01  ,8.983458213343e-01  ,8.981020619042e-01  
  1.423510895916e-08  ,1.551666113456e+00  ,2.357238282873e-04  ,8.999675874442e-01  ,8.982110856595e-01  ,1.675800644172e+00  ,1.241345307161e-01  ,8.983289475737e-01  ,8.980932237454e-01  
  1.433510972061e-08  ,1.548884488355e+00  ,2.276927915109e-04  ,8.999675595450e-01  ,8.981990424457e-01  ,1.674409803723e+00  ,1.255253153673e-01  ,8.983128888415e-01  ,8.980851960499e-01  
  1.443511048206e-08  ,1.545858394593e+00  ,2.194617820640e-04  ,8.999675309792e-01  ,8.981878631011e-01  ,1.672896728276e+00  ,1.270383336825e-01  ,8.982975939921e-01  ,8.980781322100e-01  
  1.453511124351e-08  ,1.542588268164e+00  ,2.108905222591e-04  ,8.999675017292e-01  ,8.981775331309e-01  ,1.671261635811e+00  ,1.286733676474e-01  ,8.982829783920e-01  ,8.980720878698e-01  
  1.463511200496e-08  ,1.539074610035e+00  ,2.018260989018e-04  ,8.999674717737e-01  ,8.981680112515e-01  ,1.669504776791e+00  ,1.304301667561e-01  ,8.982689243010e-01  ,8.980670982021e-01  
  1.473511276641e-08  ,1.535317968739e+00  ,1.921141339533e-04  ,8.999674410882e-01  ,8.981592375085e-01  ,1.667626425458e+00  ,1.323084567185e-01  ,8.982552945755e-01  ,8.980631804416e-01  
  1.483511352786e-08  ,1.531318934979e+00  ,1.816057151685e-04  ,8.999674096461e-01  ,8.981511474960e-01  ,1.665626877136e+00  ,1.343079421567e-01  ,8.982419503536e-01  ,8.980603446384e-01  
  1.493511428931e-08  ,1.527078139673e+00  ,1.701626442930e-04  ,8.999673774203e-01  ,8.981436868254e-01  ,1.663506447257e+00  ,1.364283075835e-01  ,8.982287681476e-01  ,8.980586055033e-01  
  1.503511505076e-08  ,1.522596253021e+00  ,1.576615352115e-04  ,8.999673443841e-01  ,8.981368212344e-01  ,1.661265470894e+00  ,1.386692178739e-01  ,8.982156520020e-01  ,8.980579904668e-01  
  1.513511581220e-08  ,1.517873983922e+00  ,1.439967599545e-04  ,8.999673105126e-01  ,8.981305396099e-01  ,1.658904302474e+00  ,1.410303185513e-01  ,8.982025379899e-01  ,8.980585412299e-01  
  1.523511657365e-08  ,1.512912079597e+00  ,1.290822155542e-04  ,8.999672757827e-01  ,8.981248495418e-01  ,1.656423315581e+00  ,1.435112359840e-01  ,8.981893906496e-01  ,8.980603084341e-01  
  1.533511733510e-08  ,1.507711325299e+00  ,1.128520081389e-04  ,8.999672401736e-01  ,8.981197672558e-01  ,1.653822902823e+00  ,1.461115775242e-01  ,8.981761932598e-01  ,8.980633412517e-01  
  1.543511809655e-08  ,1.502272544105e+00  ,9.526027217999e-05  ,8.999672036665e-01  ,8.981153052916e-01  ,1.651103475719e+00  ,1.488309316140e-01  ,8.981629354277e-01  ,8.980676751555e-01  
  1.553511885800e-08  ,1.496596596744e+00  ,7.628039883145e-05  ,8.999671662436e-01  ,8.981114617237e-01  ,1.648265464616e+00  ,1.516688678715e-01  ,8.981496019231e-01  ,8.980733215243e-01  
  1.563511961945e-08  ,1.490684381441e+00  ,5.590392303212e-05  ,8.999671278884e-01  ,8.981082140091e-01  ,1.645309318609e+00  ,1.546249371678e-01  ,8.981361659707e-01  ,8.980802620476e-01  
  1.573512038090e-08  ,1.484536833769e+00  ,3.413923135498e-05  ,8.999670885848e-01  ,8.981055189956e-01  ,1.642235505470e+00  ,1.576986717000e-01  ,8.981225886112e-01  ,8.980884493799e-01  
  1.583512114235e-08  ,1.478154926507e+00  ,1.101013714810e-05  ,8.999670483179e-01  ,8.981033187280e-01  ,1.639044511571e+00  ,1.608895850646e-01  ,8.981088237966e-01  ,8.980978136594e-01  
  1.593512190380e-08  ,1.471539669483e+00  ,-1.344573194439e-05  ,8.999670070742e-01  ,8.981015500356e-01  ,1.635736841815e+00  ,1.641971723329e-01  ,8.980948271697e-01  ,8.981082729016e-01  
  1.603512266525e-08  ,1.464692109427e+00  ,-3.917884309379e-05  ,8.999669648428e-01  ,8.981001549135e-01  ,1.632313019556e+00  ,1.676209101295e-01  ,8.980805654920e-01  ,8.981197443350e-01  
  1.613512342670e-08  ,1.457613329806e+00  ,-6.613006516798e-05  ,8.999669216157e-01  ,8.980990886775e-01  ,1.628773586519e+00  ,1.711602567129e-01  ,8.980660236449e-01  ,8.981321537101e-01  
  1.623512418815e-08  ,1.450304450658e+00  ,-9.423341108472e-05  ,8.999668773891e-01  ,8.980983237137e-01  ,1.625119102718e+00  ,1.748146520601e-01  ,8.980512070082e-01  ,8.981454404193e-01  
  1.633512494960e-08  ,1.442766628420e+00  ,-1.234191581359e-04  ,8.999668321633e-01  ,8.980978480635e-01  ,1.621350146373e+00  ,1.785835179532e-01  ,8.980361384844e-01  ,8.981595576425e-01  
  1.643512571105e-08  ,1.435001055747e+00  ,-1.536171946369e-04  ,8.999667859428e-01  ,8.980976596402e-01  ,1.617467313816e+00  ,1.824662580693e-01  ,8.980208510429e-01  ,8.981744682375e-01  
  1.653512647250e-08  ,1.427008961328e+00  ,-1.847603779284e-04  ,8.999667387365e-01  ,8.980977580948e-01  ,1.613471219400e+00  ,1.864622580727e-01  ,8.980053779059e-01  ,8.981901382838e-01  
  1.663512723394e-08  ,1.418791609692e+00  ,-2.167876741624e-04  ,8.999666905563e-01  ,8.980981368985e-01  ,1.609362495402e+00  ,1.905708857104e-01  ,8.979897430614e-01  ,8.982065307355e-01  
  1.673512799539e-08  ,1.410350301013e+00  ,-2.496468864557e-04  ,8.999666414173e-01  ,8.980987779759e-01  ,1.605141791924e+00  ,1.947914909110e-01  ,8.979739545327e-01  ,8.982236014191e-01  
  1.683512875684e-08  ,1.401686370903e+00  ,-2.832968517100e-04  ,8.999665913369e-01  ,8.980996503270e-01  ,1.600809776788e+00  ,1.991234058855e-01  ,8.979580019011e-01  ,8.982412987528e-01  
  1.693512951829e-08  ,1.392801190204e+00  ,-3.177090738240e-04  ,8.999665403349e-01  ,8.981007128165e-01  ,1.596367135437e+00  ,2.035659452327e-01  ,8.979418582796e-01  ,8.982595673534e-01  
  1.703513027974e-08  ,1.383696164774e+00  ,-3.528688365100e-04  ,8.999664884333e-01  ,8.981019200882e-01  ,1.591814570820e+00  ,2.081184060465e-01  ,8.979254856700e-01  ,8.982783545065e-01  
  1.713513104119e-08  ,1.374372735260e+00  ,-3.887758831387e-04  ,8.999664356564e-01  ,8.981032297129e-01  ,1.587152803286e+00  ,2.127800680266e-01  ,8.979088417713e-01  ,8.982976176545e-01  
  1.723513180264e-08  ,1.364832376878e+00  ,-4.254447563986e-04  ,8.999663820315e-01  ,8.981046084426e-01  ,1.582382570471e+00  ,2.175501935925e-01  ,8.978918860644e-01  ,8.983173308208e-01  
  1.733513256409e-08  ,1.355076599179e+00  ,-4.629048619926e-04  ,8.999663275887e-01  ,8.981060358413e-01  ,1.577504627178e+00  ,2.224280279989e-01  ,8.978745834103e-01  ,8.983374882723e-01  
  1.743513332554e-08  ,1.345106945811e+00  ,-5.012002734843e-04  ,8.999662723608e-01  ,8.981075044412e-01  ,1.572519745266e+00  ,2.274127994553e-01  ,8.978569043045e-01  ,8.983581045780e-01  
  1.753513408699e-08  ,1.334924994275e+00  ,-5.403892499449e-04  ,8.999662163838e-01  ,8.981090166436e-01  ,1.567428713521e+00  ,2.325037192462e-01  ,8.978388220186e-01  ,8.983792112686e-01  
  1.763513484844e-08  ,1.324532355679e+00  ,-5.805434127928e-04  ,8.999661596953e-01  ,8.981105795179e-01  ,1.562232337535e+00  ,2.376999818559e-01  ,8.978203078115e-01  ,8.984008512243e-01  
  1.773513560989e-08  ,1.313930674482e+00  ,-6.217465333790e-04  ,8.999661023348e-01  ,8.981121991939e-01  ,1.556931439576e+00  ,2.430007650938e-01  ,8.978013259272e-01  ,8.984230724606e-01  
  1.783513637134e-08  ,1.303121628236e+00  ,-6.640929176226e-04  ,8.999660443427e-01  ,8.981138765496e-01  ,1.551526858461e+00  ,2.484052302244e-01  ,8.977818300908e-01  ,8.984459230084e-01  
  1.793513713279e-08  ,1.292106927322e+00  ,-7.076854276911e-04  ,8.999659857594e-01  ,8.981156054075e-01  ,1.546019449420e+00  ,2.539125220984e-01  ,8.977617626937e-01  ,8.984694481214e-01  
  1.803513789424e-08  ,1.280888314675e+00  ,-7.526332370992e-04  ,8.999659266252e-01  ,8.981173736359e-01  ,1.540410083963e+00  ,2.595217692876e-01  ,8.977410570174e-01  ,8.984936902545e-01  
  1.813513865568e-08  ,1.269467565516e+00  ,-7.990494574677e-04  ,8.999658669800e-01  ,8.981191666680e-01  ,1.534699649738e+00  ,2.652320842222e-01  ,8.977196419393e-01  ,8.985186913967e-01  
  1.823513941713e-08  ,1.257846487064e+00  ,-8.470487898058e-04  ,8.999658068628e-01  ,8.981209722728e-01  ,1.528889050395e+00  ,2.710425633308e-01  ,8.976974478779e-01  ,8.985444966677e-01  
  1.833514017858e-08  ,1.246026918257e+00  ,-8.967453369308e-04  ,8.999657463120e-01  ,8.981227851068e-01  ,1.522979205440e+00  ,2.769522871835e-01  ,8.976744124383e-01  ,8.985711577752e-01  
  1.843514094003e-08  ,1.234010729457e+00  ,-9.482506722708e-04  ,8.999656853655e-01  ,8.981246097256e-01  ,1.516971050094e+00  ,2.829603206368e-01  ,8.976504843895e-01  ,8.985987350617e-01  
  1.853514170148e-08  ,1.221799822158e+00  ,-1.001672206648e-03  ,8.999656240603e-01  ,8.981264612617e-01  ,1.510865535139e+00  ,2.890657129812e-01  ,8.976256251584e-01  ,8.986272973651e-01  
  1.863514246293e-08  ,1.209396128682e+00  ,-1.057111844642e-03  ,8.999655624325e-01  ,8.981283637013e-01  ,1.504663626774e+00  ,2.952674980914e-01  ,8.975998077790e-01  ,8.986569196236e-01  
  1.873514322438e-08  ,1.196801611877e+00  ,-1.114664889742e-03  ,8.999655005169e-01  ,8.981303463955e-01  ,1.498366306455e+00  ,3.015646945786e-01  ,8.975730139506e-01  ,8.986876788403e-01  
  1.883514398583e-08  ,1.184018264803e+00  ,-1.174419150036e-03  ,8.999654383466e-01  ,8.981324399115e-01  ,1.491974570748e+00  ,3.079563059452e-01  ,8.975452303365e-01  ,8.987196494865e-01  
  1.893514474728e-08  ,1.171048110421e+00  ,-1.236454212932e-03  ,8.999653759525e-01  ,8.981346724495e-01  ,1.485489431163e+00  ,3.144413207421e-01  ,8.975164453430e-01  ,8.987528995559e-01  
  1.903514550873e-08  ,1.157893201268e+00  ,-1.300840890205e-03  ,8.999653133629e-01  ,8.981370678024e-01  ,1.478911913997e+00  ,3.210187127287e-01  ,8.974866473573e-01  ,8.987874882475e-01  
  1.913514627018e-08  ,1.144555619138e+00  ,-1.367640870094e-03  ,8.999652506033e-01  ,8.981396453182e-01  ,1.472243060172e+00  ,3.276874410345e-01  ,8.974558248832e-01  ,8.988234657533e-01  
  1.923514703163e-08  ,1.131037474743e+00  ,-1.436906637163e-03  ,8.999651876960e-01  ,8.981424216931e-01  ,1.465483925068e+00  ,3.344464503244e-01  ,8.974239683746e-01  ,8.988608750117e-01  
  1.933514779308e-08  ,1.117340907390e+00  ,-1.508681723513e-03  ,8.999651246604e-01  ,8.981454138929e-01  ,1.458635578355e+00  ,3.412946709656e-01  ,8.973910730311e-01  ,8.988997547547e-01  
  1.943514855453e-08  ,1.103468084631e+00  ,-1.583001333416e-03  ,8.999650615131e-01  ,8.981486422010e-01  ,1.451699103829e+00  ,3.482310191975e-01  ,8.973571415342e-01  ,8.989401428677e-01  
  1.953514931598e-08  ,1.089421201929e+00  ,-1.659893342441e-03  ,8.999649982679e-01  ,8.981521324091e-01  ,1.444675599233e+00  ,3.552543973033e-01  ,8.973221857379e-01  ,8.989820790803e-01  
  1.963515007742e-08  ,1.075202482304e+00  ,-1.739379623032e-03  ,8.999649349363e-01  ,8.981559164710e-01  ,1.437566176088e+00  ,3.623636937844e-01  ,8.972862266594e-01  ,8.990256062825e-01  
  1.973515083887e-08  ,1.060813623736e+00  ,-1.821473594828e-03  ,8.999648715259e-01  ,8.981600218083e-01  ,1.430371683394e+00  ,3.695580596580e-01  ,8.972492850109e-01  ,8.990707586057e-01  
  1.983515160032e-08  ,1.046257487959e+00  ,-1.906194889116e-03  ,8.999648080474e-01  ,8.981644971878e-01  ,1.423093552027e+00  ,3.768360640681e-01  ,8.972113997433e-01  ,8.991175946324e-01  
  1.993515236177e-08  ,1.031536777204e+00  ,-1.993558067677e-03  ,8.999647445045e-01  ,8.981693902111e-01  ,1.415733133106e+00  ,3.841963559027e-01  ,8.971726111773e-01  ,8.991661692450e-01  
  2.003515312322e-08  ,1.016653550420e+00  ,-2.083575349243e-03  ,8.999646808971e-01  ,8.981747320312e-01  ,1.408291456107e+00  ,3.916379056870e-01  ,8.971329443566e-01  ,8.992165197058e-01  
  2.013515388467e-08  ,1.001610058678e+00  ,-2.176262049540e-03  ,8.999646172242e-01  ,8.981805507759e-01  ,1.400769646563e+00  ,3.991595878852e-01  ,8.970924197512e-01  ,8.992686818007e-01  
  2.023515464612e-08  ,9.864086389041e-01  ,-2.271636996655e-03  ,8.999645534831e-01  ,8.981868691644e-01  ,1.393168872935e+00  ,4.067602340310e-01  ,8.970510506661e-01  ,8.993226876627e-01  
  2.033515540757e-08  ,9.710516778195e-01  ,-2.369723279580e-03  ,8.999644896684e-01  ,8.981937049102e-01  ,1.385490328578e+00  ,4.144386507587e-01  ,8.970088432704e-01  ,8.993785665500e-01  
  2.043515616902e-08  ,9.555410035882e-01  ,-2.470541287806e-03  ,8.999644257758e-01  ,8.982010690476e-01  ,1.377734927570e+00  ,4.221939239817e-01  ,8.969657984037e-01  ,8.994363396915e-01  
  2.053515693047e-08  ,9.398801002874e-01  ,-2.574136630106e-03  ,8.999643617935e-01  ,8.982089810716e-01  ,1.369904411937e+00  ,4.300243116498e-01  ,8.969219127566e-01  ,8.994960493867e-01  
  2.063515769192e-08  ,9.240711741953e-01  ,-2.680547304586e-03  ,8.999642977110e-01  ,8.982174538773e-01  ,1.361999884809e+00  ,4.379287106133e-01  ,8.968771802250e-01  ,8.995577275295e-01  
  2.073515845337e-08  ,9.081166272493e-01  ,-2.789820659263e-03  ,8.999642335169e-01  ,8.982265032645e-01  ,1.354022547142e+00  ,4.459059198922e-01  ,8.968315929349e-01  ,8.996214135941e-01  
  2.083515921482e-08  ,8.920189442389e-01  ,-2.902012685703e-03  ,8.999641691997e-01  ,8.982361463668e-01  ,1.345973641319e+00  ,4.539546970802e-01  ,8.967851400240e-01  ,8.996871527097e-01  
  2.093515997627e-08  ,8.757806558976e-01  ,-3.017188004507e-03  ,8.999641047478e-01  ,8.982463994854e-01  ,1.337854432697e+00  ,4.620737767991e-01  ,8.967378054832e-01  ,8.997549934877e-01  
  2.103516073772e-08  ,8.594043255534e-01  ,-3.135419860069e-03  ,8.999640401493e-01  ,8.982572756102e-01  ,1.329666202926e+00  ,4.702618773726e-01  ,8.966895656801e-01  ,8.998249855402e-01  
  2.113516149917e-08  ,8.428925433615e-01  ,-3.256789883800e-03  ,8.999639753921e-01  ,8.982687821803e-01  ,1.321410247073e+00  ,4.785177037113e-01  ,8.966403872384e-01  ,8.998971771222e-01  
  2.123516226061e-08  ,8.262479232951e-01  ,-3.381387551749e-03  ,8.999639104638e-01  ,8.982809196093e-01  ,1.313087872111e+00  ,4.868399488163e-01  ,8.965902258335e-01  ,8.999716133852e-01  
  2.133516302206e-08  ,8.094731013605e-01  ,-3.509309349893e-03  ,8.999638453521e-01  ,8.982936809087e-01  ,1.304700396032e+00  ,4.952272946719e-01  ,8.965390262337e-01  ,9.000483355836e-01  
  2.143516378351e-08  ,7.925707344534e-01  ,-3.640657720202e-03  ,8.999637800450e-01  ,8.983070524671e-01  ,1.296249147272e+00  ,5.036784128183e-01  ,8.964867236070e-01  ,9.001273813272e-01  
  2.153516454496e-08  ,7.755434995763e-01  ,-3.775539895370e-03  ,8.999637145309e-01  ,8.983210157291e-01  ,1.287735464319e+00  ,5.121919647427e-01  ,8.964332457814e-01  ,9.002087856768e-01  
  2.163516530641e-08  ,7.583940932552e-01  ,-3.914066732757e-03  ,8.999636487990e-01  ,8.983355492483e-01  ,1.279160695427e+00  ,5.207666021714e-01  ,8.963785158819e-01  ,9.002925826147e-01  
  2.173516606786e-08  ,7.411252310628e-01  ,-4.056351630722e-03  ,8.999635828400e-01  ,8.983506304843e-01  ,1.270526198371e+00  ,5.294009673086e-01  ,8.963224546690e-01  ,9.003788062997e-01  
  2.183516682931e-08  ,7.237396471914e-01  ,-4.202509567054e-03  ,8.999635166456e-01  ,8.983662368211e-01  ,1.261833340241e+00  ,5.380936930499e-01  ,8.962649820376e-01  ,9.004674916046e-01  
  2.193516759076e-08  ,7.062400940458e-01  ,-4.352656256750e-03  ,8.999634502091e-01  ,8.983823455732e-01  ,1.253083497232e+00  ,5.468434031861e-01  ,8.962060174448e-01  ,9.005586737015e-01  
  2.203516835221e-08  ,6.886293418402e-01  ,-4.506907397064e-03  ,8.999633835254e-01  ,8.983989330892e-01  ,1.244278054445e+00  ,5.556487126053e-01  ,8.961454793907e-01  ,9.006523867878e-01  
  2.213516911366e-08  ,6.709101781895e-01  ,-4.665377956609e-03  ,8.999633165911e-01  ,8.984159733331e-01  ,1.235418405686e+00  ,5.645082274964e-01  ,8.960832843548e-01  ,9.007486623114e-01  
  2.223516987511e-08  ,6.530854076950e-01  ,-4.828181471519e-03  ,8.999632494046e-01  ,8.984334364469e-01  ,1.226505953252e+00  ,5.734205455571e-01  ,8.960193457111e-01  ,9.008475271826e-01  
  2.233517063656e-08  ,6.351578515215e-01  ,-4.995429332385e-03  ,8.999631819656e-01  ,8.984512877770e-01  ,1.217542107726e+00  ,5.823842562049e-01  ,8.959535731108e-01  ,9.009490024432e-01  
  2.243517139801e-08  ,6.171303469679e-01  ,-5.167230076650e-03  ,8.999631142758e-01  ,8.984694876917e-01  ,1.208528287760e+00  ,5.913979407919e-01  ,8.958858726534e-01  ,9.010531027300e-01  
  2.253517215946e-08  ,5.990057470316e-01  ,-5.343688733497e-03  ,8.999630463384e-01  ,8.984879922903e-01  ,1.199465919854e+00  ,6.004601728226e-01  ,8.958161479235e-01  ,9.011598366570e-01  
  2.263517292091e-08  ,5.807869199671e-01  ,-5.524906290786e-03  ,8.999629781581e-01  ,8.985067548478e-01  ,1.190356438142e+00  ,6.095695181746e-01  ,8.957443017024e-01  ,9.012692079932e-01  
  2.273517368235e-08  ,5.624767488394e-01  ,-5.710979357821e-03  ,8.999629097415e-01  ,8.985257276321e-01  ,1.181201284161e+00  ,6.187245353218e-01  ,8.956702379532e-01  ,9.013812173110e-01  
  2.283517444380e-08  ,5.440781310740e-01  ,-5.902000080598e-03  ,8.999628410967e-01  ,8.985448636337e-01  ,1.172001906634e+00  ,6.279237755597e-01  ,8.955938635934e-01  ,9.014958636740e-01  
  2.293517520525e-08  ,5.255939780009e-01  ,-6.098056331662e-03  ,8.999627722336e-01  ,8.985641177940e-01  ,1.162759761234e+00  ,6.371657832331e-01  ,8.955150896282e-01  ,9.016131459598e-01  
  2.303517596670e-08  ,5.070272143975e-01  ,-6.299232154780e-03  ,8.999627031639e-01  ,8.985834474899e-01  ,1.153476310363e+00  ,6.464490959652e-01  ,8.954338314125e-01  ,9.017330635673e-01  
  2.313517672815e-08  ,4.883807780261e-01  ,-6.505608407081e-03  ,8.999626339012e-01  ,8.986028122699e-01  ,1.144153022914e+00  ,6.557722448881e-01  ,8.953500080663e-01  ,9.018556164734e-01  
  2.323517748960e-08  ,4.696576191699e-01  ,-6.717263518126e-03  ,8.999625644604e-01  ,8.986221730587e-01  ,1.134791374045e+00  ,6.651337548755e-01  ,8.952635412997e-01  ,9.019808048178e-01  
  2.333517825105e-08  ,4.508599751845e-01  ,-6.934255191387e-03  ,8.999624948547e-01  ,8.986415009121e-01  ,1.125392482447e+00  ,6.745325072625e-01  ,8.951743733164e-01  ,9.021086285078e-01  
  2.343517901250e-08  ,4.319920799471e-01  ,-7.156691248731e-03  ,8.999624251093e-01  ,8.986607407621e-01  ,1.115958465083e+00  ,6.839663851357e-01  ,8.950823951377e-01  ,9.022390863865e-01  
  2.353517977395e-08  ,4.130565832563e-01  ,-7.384638739354e-03  ,8.999623552404e-01  ,8.986798572586e-01  ,1.106490646869e+00  ,6.934340636122e-01  ,8.949875378889e-01  ,9.023721766282e-01  
  2.363518053540e-08  ,3.940556540073e-01  ,-7.618152438364e-03  ,8.999622852628e-01  ,8.986988215177e-01  ,1.096990112266e+00  ,7.029344582592e-01  ,8.948897452985e-01  ,9.025078977369e-01  
  2.373518129685e-08  ,3.749934673718e-01  ,-7.857338807293e-03  ,8.999622152060e-01  ,8.987175788817e-01  ,1.087458948892e+00  ,7.124654815201e-01  ,8.947889094780e-01  ,9.026462482853e-01  
  2.383518205830e-08  ,3.558720398306e-01  ,-8.102250105733e-03  ,8.999621450848e-01  ,8.987361046716e-01  ,1.077898165000e+00  ,7.220261251695e-01  ,8.946849796187e-01  ,9.027872297245e-01  
  2.393518281975e-08  ,3.366953985370e-01  ,-8.352992921844e-03  ,8.999620749286e-01  ,8.987543538520e-01  ,1.068309774197e+00  ,7.316143756601e-01  ,8.945778573911e-01  ,9.029308503129e-01  
  2.403518358120e-08  ,3.174655665142e-01  ,-8.609622528428e-03  ,8.999620047536e-01  ,8.987723080462e-01  ,1.058694788011e+00  ,7.412292214965e-01  ,8.944674967820e-01  ,9.030771193104e-01  
  2.413518434265e-08  ,2.981865879185e-01  ,-8.872252751355e-03  ,8.999619345916e-01  ,8.987899363985e-01  ,1.049055228551e+00  ,7.508686406324e-01  ,8.943538100228e-01  ,9.032260627741e-01  
  2.423518510409e-08  ,2.788611534310e-01  ,-9.140964172474e-03  ,8.999618644642e-01  ,8.988072251848e-01  ,1.039392441180e+00  ,7.605312877487e-01  ,8.942367430986e-01  ,9.033777072710e-01  
  2.433518586554e-08  ,2.594914697002e-01  ,-9.415824384664e-03  ,8.999617943902e-01  ,8.988241652210e-01  ,1.029707529240e+00  ,7.702160595401e-01  ,8.941162530287e-01  ,9.035320774133e-01  
  2.443518662699e-08  ,2.400817890898e-01  ,-9.696968720670e-03  ,8.999617244059e-01  ,8.988407423048e-01  ,1.020002618951e+00  ,7.799208298610e-01  ,8.939922579444e-01  ,9.036892266651e-01  
  2.453518738844e-08  ,2.206348297643e-01  ,-9.984490505274e-03  ,8.999616545338e-01  ,8.988569505886e-01  ,1.010279069416e+00  ,7.896442396517e-01  ,8.938647053360e-01  ,9.038491958412e-01  
  2.463518814989e-08  ,2.011528174263e-01  ,-1.027846790950e-02  ,8.999615847931e-01  ,8.988727859808e-01  ,1.000537993506e+00  ,7.993851760799e-01  ,8.937335520260e-01  ,9.040120199355e-01  
  2.473518891134e-08  ,1.816400354781e-01  ,-1.057905650009e-02  ,8.999615152204e-01  ,8.988882424888e-01  ,9.907815329595e-01  ,8.091414974814e-01  ,8.935987142387e-01  ,9.041777707388e-01  
  2.483518967279e-08  ,1.620993502785e-01  ,-1.088636174760e-02  ,8.999614458433e-01  ,8.989033193162e-01  ,9.810111209826e-01  ,8.189117707041e-01  ,8.934601384424e-01  ,9.043465001900e-01  
  2.493519043424e-08  ,1.425337491206e-01  ,-1.120050061448e-02  ,8.999613766829e-01  ,8.989180185908e-01  ,9.712282512432e-01  ,8.286945021226e-01  ,8.933177682835e-01  ,9.045182688980e-01  
  2.503519119569e-08  ,1.229461972626e-01  ,-1.152159574241e-02  ,8.999613077588e-01  ,8.989323466564e-01  ,9.614344063901e-01  ,8.384882091276e-01  ,8.931715487852e-01  ,9.046931445276e-01  
  2.513519195714e-08  ,1.033396749716e-01  ,-1.184977322046e-02  ,8.999612390945e-01  ,8.989463147818e-01  ,9.516310765803e-01  ,8.482914016087e-01  ,8.930214281716e-01  ,9.048712013921e-01  
  2.523519271859e-08  ,8.371719257132e-02  ,-1.218516157198e-02  ,8.999611707153e-01  ,8.989599391301e-01  ,9.418197670009e-01  ,8.581025744296e-01  ,8.928673583441e-01  ,9.050525199161e-01  
  2.533519348004e-08  ,6.408099786304e-02  ,-1.252785840490e-02  ,8.999611026384e-01  ,8.989732345776e-01  ,9.320016015699e-01  ,8.679206037069e-01  ,8.927093053751e-01  ,9.052371637800e-01  
  2.543519424149e-08  ,4.443544777234e-02  ,-1.287804988449e-02  ,8.999610348994e-01  ,8.989862333180e-01  ,9.221787587855e-01  ,8.777433110132e-01  ,8.925472083758e-01  ,9.054252582603e-01  
  2.553519500294e-08  ,2.478331558251e-02  ,-1.323585455106e-02  ,8.999609675187e-01  ,8.989989592000e-01  ,9.123526253100e-01  ,8.875693097275e-01  ,8.923810319244e-01  ,9.056168864755e-01  
  2.563519576439e-08  ,5.127661647207e-03  ,-1.360140122934e-02  ,8.999609005197e-01  ,8.990114386660e-01  ,9.025247313433e-01  ,8.973970696961e-01  ,8.922107380513e-01  ,9.058121392807e-01  
  2.573519652583e-08  ,-1.452851475006e-02  ,-1.397482216401e-02  ,8.999608339177e-01  ,8.990236990610e-01  ,8.926965765427e-01  ,9.072250912927e-01  ,8.920362879790e-01  ,9.060111101430e-01  
  2.583519728728e-08  ,-3.418207919120e-02  ,-1.435625035259e-02  ,8.999607677363e-01  ,8.990357678640e-01  ,8.828697281407e-01  ,9.170518073319e-01  ,8.918576426877e-01  ,9.062138930403e-01  
  2.593519804873e-08  ,-5.382982711908e-02  ,-1.474581826082e-02  ,8.999607019990e-01  ,8.990476725729e-01  ,8.730457884395e-01  ,9.268756155586e-01  ,8.916747634425e-01  ,9.064205817033e-01  
  2.603519881018e-08  ,-7.346933407314e-02  ,-1.514362449659e-02  ,8.999606367220e-01  ,8.990594340021e-01  ,8.632259696855e-01  ,9.366953037586e-01  ,8.914876217538e-01  ,9.066312462504e-01  
  2.613519957163e-08  ,-9.309657505442e-02  ,-1.554983197677e-02  ,8.999605719272e-01  ,8.990710875925e-01  ,8.534122844000e-01  ,9.465088594544e-01  ,8.912961716041e-01  ,9.068460035809e-01  
  2.623520033308e-08  ,-1.127078889327e-01  ,-1.596458896630e-02  ,8.999605076296e-01  ,8.990826690836e-01  ,8.436065631632e-01  ,9.563144520959e-01  ,8.911003746004e-01  ,9.070649635667e-01  
  2.633520109453e-08  ,-1.323005480042e-01  ,-1.638800609511e-02  ,8.999604438398e-01  ,8.990942072773e-01  ,8.338101698377e-01  ,9.661107178420e-01  ,8.909002042297e-01  ,9.072882103248e-01  
  2.643520185598e-08  ,-1.518716061565e-01  ,-1.682020155660e-02  ,8.999603805687e-01  ,8.991057333234e-01  ,8.240245774905e-01  ,9.758961836470e-01  ,8.906956325451e-01  ,9.075158341017e-01  
  2.653520261743e-08  ,-1.714180420828e-01  ,-1.726129485255e-02  ,8.999603178268e-01  ,8.991172780876e-01  ,8.142512967854e-01  ,9.856693388682e-01  ,8.904866306613e-01  ,9.077479255138e-01  
  2.663520337888e-08  ,-1.909368062955e-01  ,-1.771140490785e-02  ,8.999602556239e-01  ,8.991288707376e-01  ,8.044918524762e-01  ,9.954286587717e-01  ,8.902731682837e-01  ,9.079845731915e-01  
  2.673520414033e-08  ,-2.104248382258e-01  ,-1.817064967353e-02  ,8.999601939687e-01  ,8.991405379720e-01  ,7.947477748558e-01  ,1.005172613082e+00  ,8.900552131352e-01  ,9.082258628088e-01  
  2.683520490178e-08  ,-2.298798225654e-01  ,-1.863911702879e-02  ,8.999601328675e-01  ,8.991522980055e-01  ,7.850202215848e-01  ,1.014900044150e+00  ,8.898327394911e-01  ,9.084718565199e-01  
  2.693520566323e-08  ,-2.492973930247e-01  ,-1.911697201213e-02  ,8.999600723291e-01  ,8.991641811685e-01  ,7.753113758168e-01  ,1.024608768842e+00  ,8.896056951625e-01  ,9.087226671746e-01  
  2.703520642468e-08  ,-2.686748364724e-01  ,-1.960431718157e-02  ,8.999600123562e-01  ,8.991762015410e-01  ,7.656225941200e-01  ,1.034297430592e+00  ,8.893740429502e-01  ,9.089783601317e-01  
  2.713520718613e-08  ,-2.880099403646e-01  ,-2.010123562112e-02  ,8.999599529515e-01  ,8.991883691152e-01  ,7.559549827691e-01  ,1.043964923134e+00  ,8.891377513047e-01  ,9.092389869258e-01  
  2.723520794757e-08  ,-3.072989551241e-01  ,-2.060786760061e-02  ,8.999598941193e-01  ,8.992006989844e-01  ,7.463104165572e-01  ,1.053609371681e+00  ,8.888967651841e-01  ,9.095046327847e-01  
  2.733520870902e-08  ,-3.265383336847e-01  ,-2.112434652991e-02  ,8.999598358595e-01  ,8.992132022615e-01  ,7.366906690172e-01  ,1.063229002702e+00  ,8.886510289966e-01  ,9.097753755265e-01  
  2.743520947047e-08  ,-3.457254071905e-01  ,-2.165077432811e-02  ,8.999597781694e-01  ,8.992258860610e-01  ,7.270970745742e-01  ,1.072822481765e+00  ,8.884004988970e-01  ,9.100512732251e-01  
  2.753521023192e-08  ,-3.648572879250e-01  ,-2.218726203277e-02  ,8.999597210460e-01  ,8.992387562835e-01  ,7.175310770835e-01  ,1.082388365009e+00  ,8.881451252671e-01  ,9.103323872999e-01  
  2.763521099337e-08  ,-3.839310136707e-01  ,-2.273392455445e-02  ,8.999596644854e-01  ,8.992518162309e-01  ,7.079941576501e-01  ,1.091925171321e+00  ,8.878848539537e-01  ,9.106187785081e-01  
  2.773521175482e-08  ,-4.029435974816e-01  ,-2.329087919424e-02  ,8.999596084820e-01  ,8.992650657253e-01  ,6.984878097412e-01  ,1.101431407223e+00  ,8.876196261281e-01  ,9.109105053224e-01  
  2.783521251627e-08  ,-4.218927778515e-01  ,-2.385821525417e-02  ,8.999595530317e-01  ,8.992785021749e-01  ,6.890131641059e-01  ,1.110905941957e+00  ,8.873493945478e-01  ,9.112076098020e-01  
  2.793521327772e-08  ,-4.407747770016e-01  ,-2.443608333617e-02  ,8.999594981265e-01  ,8.992921177454e-01  ,6.795721096257e-01  ,1.120346886627e+00  ,8.870740760773e-01  ,9.115101594135e-01  
  2.803521403917e-08  ,-4.595861057520e-01  ,-2.502462829010e-02  ,8.999594437551e-01  ,8.993058969896e-01  ,6.701663908791e-01  ,1.129752496631e+00  ,8.867935828445e-01  ,9.118182111346e-01  
  2.813521480062e-08  ,-4.783241493489e-01  ,-2.562396277109e-02  ,8.999593899078e-01  ,8.993198243221e-01  ,6.607973152333e-01  ,1.139121464582e+00  ,8.865078429365e-01  ,9.121318057076e-01  
  2.823521556207e-08  ,-4.969860840547e-01  ,-2.623421032779e-02  ,8.999593365753e-01  ,8.993338807243e-01  ,6.514662945479e-01  ,1.148452378603e+00  ,8.862167755604e-01  ,9.124509858882e-01  
  2.833521632352e-08  ,-5.155697248739e-01  ,-2.685546694520e-02  ,8.999592837509e-01  ,8.993480503927e-01  ,6.421744213139e-01  ,1.157744146188e+00  ,8.859203169201e-01  ,9.127757838653e-01  
  2.843521708497e-08  ,-5.340709320805e-01  ,-2.748791672177e-02  ,8.999592314202e-01  ,8.993623016705e-01  ,6.329237653800e-01  ,1.166994697460e+00  ,8.856183433097e-01  ,9.131062600314e-01  
  2.853521784642e-08  ,-5.524871220490e-01  ,-2.813167779109e-02  ,8.999591795723e-01  ,8.993766131641e-01  ,6.237156185478e-01  ,1.176202740597e+00  ,8.853107742685e-01  ,9.134424520596e-01  
  2.863521860787e-08  ,-5.708155117884e-01  ,-2.878687895963e-02  ,8.999591281957e-01  ,8.993909612154e-01  ,6.145513723014e-01  ,1.185366884090e+00  ,8.849975217356e-01  ,9.137844006952e-01  
  2.873521936931e-08  ,-5.890532575696e-01  ,-2.945365322926e-02  ,8.999590772793e-01  ,8.994053206792e-01  ,6.054324484945e-01  ,1.194485706064e+00  ,8.846784940646e-01  ,9.141321472938e-01  
  2.883522013076e-08  ,-6.071975011185e-01  ,-3.013213557388e-02  ,8.999590268125e-01  ,8.994196648438e-01  ,5.963602762532e-01  ,1.203557777372e+00  ,8.843535970569e-01  ,9.144857326308e-01  
  2.893522089221e-08  ,-6.252453865435e-01  ,-3.082246209637e-02  ,8.999589767851e-01  ,8.994339652369e-01  ,5.873362835133e-01  ,1.212581670057e+00  ,8.840227341887e-01  ,9.148451962851e-01  
  2.903522165366e-08  ,-6.431940676016e-01  ,-3.152476960472e-02  ,8.999589271875e-01  ,8.994481916659e-01  ,5.783618933867e-01  ,1.221555960988e+00  ,8.836858068636e-01  ,9.152105764683e-01  
  2.913522241511e-08  ,-6.610407113774e-01  ,-3.223919527883e-02  ,8.999588780114e-01  ,8.994623125624e-01  ,5.694385223227e-01  ,1.230479233700e+00  ,8.833427149230e-01  ,9.155819102019e-01  
  2.923522317656e-08  ,-6.787825003698e-01  ,-3.296587631520e-02  ,8.999588292490e-01  ,8.994762955381e-01  ,5.605675790640e-01  ,1.239350079434e+00  ,8.829933573805e-01  ,9.159592336957e-01  
  2.933522393801e-08  ,-6.964166337634e-01  ,-3.370494952701e-02  ,8.999587808935e-01  ,8.994901080421e-01  ,5.517504640118e-01  ,1.248167097775e+00  ,8.826376332786e-01  ,9.163425828056e-01  
  2.943522469946e-08  ,-7.139403282501e-01  ,-3.445655092909e-02  ,8.999587329394e-01  ,8.995037180556e-01  ,5.429885688143e-01  ,1.256928897064e+00  ,8.822754425911e-01  ,9.167319935202e-01  
  2.953522546091e-08  ,-7.313508186110e-01  ,-3.522081536288e-02  ,8.999586853825e-01  ,8.995170947590e-01  ,5.342832760771e-01  ,1.265634094688e+00  ,8.819066870775e-01  ,9.171275024404e-01  
  2.963522622236e-08  ,-7.486453581716e-01  ,-3.599787621185e-02  ,8.999586382203e-01  ,8.995302090631e-01  ,5.256359591346e-01  ,1.274281317306e+00  ,8.815312709572e-01  ,9.175291471690e-01  
  2.973522698381e-08  ,-7.658218842000e-01  ,-3.678783250701e-02  ,8.999585914526e-01  ,8.995430404004e-01  ,5.170476493525e-01  ,1.282869533553e+00  ,8.811491241469e-01  ,9.179369566539e-01  
  2.983522774526e-08  ,-7.828765297170e-01  ,-3.759086923371e-02  ,8.999585450799e-01  ,8.995555524187e-01  ,5.085202802214e-01  ,1.291396809938e+00  ,8.807601178018e-01  ,9.183509870355e-01  
  2.993522850671e-08  ,-7.998069167601e-01  ,-3.840710002469e-02  ,8.999584991043e-01  ,8.995677250058e-01  ,5.000550407243e-01  ,1.299861957484e+00  ,8.803641749935e-01  ,9.187712750182e-01  
  3.003522926816e-08  ,-8.166111138537e-01  ,-3.923661646159e-02  ,8.999584535295e-01  ,8.995795424701e-01  ,4.916528966026e-01  ,1.308264010456e+00  ,8.799612342393e-01  ,9.191978507009e-01  
  3.013523002961e-08  ,-8.332858596540e-01  ,-4.007957239004e-02  ,8.999584083633e-01  ,8.995909791704e-01  ,4.833154785363e-01  ,1.316601338190e+00  ,8.795511929754e-01  ,9.196307653654e-01  
  3.023523079105e-08  ,-8.498280955948e-01  ,-4.093611203301e-02  ,8.999583636156e-01  ,8.996020127700e-01  ,4.750443158182e-01  ,1.324872411413e+00  ,8.791339567535e-01  ,9.200700687865e-01  
  3.033523155250e-08  ,-8.662355346733e-01  ,-4.180634386388e-02  ,8.999583192950e-01  ,8.996126277065e-01  ,4.668405519584e-01  ,1.333076086632e+00  ,8.787094557745e-01  ,9.205157996384e-01  
  3.043523231395e-08  ,-8.825057137129e-01  ,-4.269038430037e-02  ,8.999582754140e-01  ,8.996228086908e-01  ,4.587054185576e-01  ,1.341211132270e+00  ,8.782776165406e-01  ,9.209680008410e-01  
  3.053523307540e-08  ,-8.986361190779e-01  ,-4.358835146831e-02  ,8.999582319871e-01  ,8.996325422042e-01  ,4.506401724482e-01  ,1.349276291526e+00  ,8.778383664700e-01  ,9.214267179383e-01  
  3.063523383685e-08  ,-9.146242300523e-01  ,-4.450036311144e-02  ,8.999581890306e-01  ,8.996418172687e-01  ,4.426460740044e-01  ,1.357270304057e+00  ,8.773916357130e-01  ,9.218919988244e-01  
  3.073523459830e-08  ,-9.304675354794e-01  ,-4.542653593300e-02  ,8.999581465623e-01  ,8.996506258745e-01  ,4.347243788226e-01  ,1.365191914302e+00  ,8.769373579080e-01  ,9.223638938410e-01  
  3.083523535975e-08  ,-9.461635411664e-01  ,-4.636698547392e-02  ,8.999581046020e-01  ,8.996589631606e-01  ,4.268763340188e-01  ,1.373039875185e+00  ,8.764754704236e-01  ,9.228424558975e-01  
  3.093523612120e-08  ,-9.617103762186e-01  ,-4.732179770734e-02  ,8.999580631660e-01  ,8.996668274401e-01  ,4.191028750567e-01  ,1.380813251275e+00  ,8.760059285864e-01  ,9.233277262938e-01  
  3.103523688265e-08  ,-9.771049330733e-01  ,-4.829111515155e-02  ,8.999580222825e-01  ,8.996742183527e-01  ,4.114055557458e-01  ,1.388510488819e+00  ,8.755286607769e-01  ,9.238197759285e-01  
  3.113523764410e-08  ,-9.923443775741e-01  ,-4.927506942171e-02  ,8.999579819785e-01  ,8.996811406059e-01  ,4.037857931915e-01  ,1.396130170766e+00  ,8.750436058950e-01  ,9.243186753167e-01  
  3.123523840555e-08  ,-1.007427113961e+00  ,-5.027373552988e-02  ,8.999579422704e-01  ,8.996875980978e-01  ,3.962443852898e-01  ,1.403671499251e+00  ,8.745507303329e-01  ,9.248244658628e-01  
  3.133523916700e-08  ,-1.022349983331e+00  ,-5.128726341975e-02  ,8.999579031922e-01  ,8.996936000526e-01  ,3.887829115270e-01  ,1.411132894857e+00  ,8.740499683427e-01  ,9.253372317624e-01  
  3.143523992845e-08  ,-1.037110922516e+00  ,-5.231575301518e-02  ,8.999578647669e-01  ,8.996991543692e-01  ,3.814024035090e-01  ,1.418513326025e+00  ,8.735412778616e-01  ,9.258570308768e-01  
  3.153524068990e-08  ,-1.051708255375e+00  ,-5.335928550099e-02  ,8.999578270137e-01  ,8.997042681400e-01  ,3.741036993264e-01  ,1.425811954701e+00  ,8.730246253895e-01  ,9.263839108904e-01  
  3.163524145135e-08  ,-1.066139153526e+00  ,-5.441799821459e-02  ,8.999577899653e-01  ,8.997089545548e-01  ,3.668882132025e-01  ,1.433027366728e+00  ,8.724999554475e-01  ,9.269179536621e-01  
  3.173524221279e-08  ,-1.080400972447e+00  ,-5.549202195831e-02  ,8.999577536518e-01  ,8.997132294714e-01  ,3.597572674284e-01  ,1.440158239875e+00  ,8.719672184922e-01  ,9.274592404505e-01  
  3.183524297424e-08  ,-1.094492221486e+00  ,-5.658143124260e-02  ,8.999577180899e-01  ,8.997171034474e-01  ,3.527116073470e-01  ,1.447203828833e+00  ,8.714263878261e-01  ,9.280078190687e-01  
  3.193524373569e-08  ,-1.108409950941e+00  ,-5.768637461446e-02  ,8.999576833133e-01  ,8.997205999170e-01  ,3.457527078426e-01  ,1.454162658784e+00  ,8.708774126097e-01  ,9.285637872242e-01  
  3.203524449714e-08  ,-1.122152236960e+00  ,-5.880695045776e-02  ,8.999576493437e-01  ,8.997237371420e-01  ,3.388815308636e-01  ,1.461033767824e+00  ,8.703202619131e-01  ,9.291272123709e-01  
  3.213524525859e-08  ,-1.135717016136e+00  ,-5.994326490902e-02  ,8.999576162037e-01  ,8.997265360841e-01  ,3.320991081355e-01  ,1.467816124272e+00  ,8.697549036296e-01  ,9.296981685386e-01  
  3.223524602004e-08  ,-1.149102192582e+00  ,-6.109542631196e-02  ,8.999575839159e-01  ,8.997290192468e-01  ,3.254064876250e-01  ,1.474508680207e+00  ,8.691813060908e-01  ,9.302767324027e-01  
  3.233524678149e-08  ,-1.162306183973e+00  ,-6.226351625493e-02  ,8.999575524969e-01  ,8.997312041278e-01  ,3.188044605106e-01  ,1.481110644483e+00  ,8.685994460003e-01  ,9.308629622553e-01  
  3.243524754294e-08  ,-1.175326029229e+00  ,-6.344768837297e-02  ,8.999575219754e-01  ,8.997331243345e-01  ,3.122945073611e-01  ,1.487620536590e+00  ,8.680092801480e-01  ,9.314569685210e-01  
  3.253524830439e-08  ,-1.188159918523e+00  ,-6.464803820098e-02  ,8.999574923658e-01  ,8.997348012340e-01  ,3.058775331042e-01  ,1.494037451627e+00  ,8.674107821335e-01  ,9.320588203344e-01  
  3.263524906584e-08  ,-1.200805919119e+00  ,-6.586466839289e-02  ,8.999574636825e-01  ,8.997362578335e-01  ,2.995545041230e-01  ,1.500360423242e+00  ,8.668039236370e-01  ,9.326685920299e-01  
  3.273524982729e-08  ,-1.213262075026e+00  ,-6.709768307690e-02  ,8.999574359388e-01  ,8.997375176753e-01  ,2.933263984258e-01  ,1.506588473452e+00  ,8.661886761368e-01  ,9.332863592137e-01  
  3.283525058874e-08  ,-1.225526440102e+00  ,-6.834718578890e-02  ,8.999574091465e-01  ,8.997386046068e-01  ,2.871941890957e-01  ,1.512720629197e+00  ,8.655650117124e-01  ,9.339121975013e-01  
  3.293525135019e-08  ,-1.237597090013e+00  ,-6.961327861864e-02  ,8.999573833146e-01  ,8.997395428021e-01  ,2.811588383081e-01  ,1.518755928321e+00  ,8.649329034927e-01  ,9.345461821114e-01  
  3.303525211164e-08  ,-1.249472127252e+00  ,-7.089606179474e-02  ,8.999573584505e-01  ,8.997403567740e-01  ,2.752212948245e-01  ,1.524693422076e+00  ,8.642923258767e-01  ,9.351883876714e-01  
  3.313525287309e-08  ,-1.261149683605e+00  ,-7.219563345758e-02  ,8.999573345587e-01  ,8.997410712728e-01  ,2.693824927563e-01  ,1.530532176361e+00  ,8.636432545440e-01  ,9.358388880016e-01  
  3.323525363453e-08  ,-1.272627921524e+00  ,-7.351208953343e-02  ,8.999573116418e-01  ,8.997417110403e-01  ,2.636433508798e-01  ,1.536271272404e+00  ,8.629856662736e-01  ,9.364977558071e-01  
  3.333525439598e-08  ,-1.283905034947e+00  ,-7.484552367142e-02  ,8.999572896997e-01  ,8.997423004500e-01  ,2.580047722262e-01  ,1.541909807173e+00  ,8.623195386143e-01  ,9.371650622857e-01  
  3.343525515743e-08  ,-1.294979249815e+00  ,-7.619602721775e-02  ,8.999572687303e-01  ,8.997428631006e-01  ,2.524676438230e-01  ,1.547446893638e+00  ,8.616448494918e-01  ,9.378408767095e-01  
  3.353525591888e-08  ,-1.305848824428e+00  ,-7.756368920463e-02  ,8.999572487293e-01  ,8.997434214468e-01  ,2.470328365152e-01  ,1.552881660943e+00  ,8.609615768445e-01  ,9.385252660491e-01  
  3.363525668033e-08  ,-1.316512049720e+00  ,-7.894859633396e-02  ,8.999572296903e-01  ,8.997439965242e-01  ,2.417012048302e-01  ,1.558213254550e+00  ,8.602696983573e-01  ,9.392182946912e-01  
  3.373525744178e-08  ,-1.326967249486e+00  ,-8.035083294204e-02  ,8.999572116051e-01  ,8.997446077981e-01  ,2.364735868623e-01  ,1.563440836348e+00  ,8.595691913271e-01  ,9.399200242691e-01  
  3.383525820323e-08  ,-1.337212780593e+00  ,-8.177048094228e-02  ,8.999571944632e-01  ,8.997452731331e-01  ,2.313508041669e-01  ,1.568563584760e+00  ,8.588600326620e-01  ,9.406305136043e-01  
  3.393525896468e-08  ,-1.347247033191e+00  ,-8.320761975500e-02  ,8.999571782527e-01  ,8.997460088605e-01  ,2.263336616573e-01  ,1.573580694848e+00  ,8.581421989830e-01  ,9.413498187380e-01  
  3.403525972613e-08  ,-1.357068813298e+00  ,-8.466230735253e-02  ,8.999571629639e-01  ,8.997468263284e-01  ,2.214227563148e-01  ,1.578491569613e+00  ,8.574156726521e-01  ,9.420779800046e-01  
  3.413526048758e-08  ,-1.366675909917e+00  ,-8.613465005941e-02  ,8.999571485762e-01  ,8.997477453667e-01  ,2.166191936175e-01  ,1.583295103535e+00  ,8.566804203370e-01  ,9.428150703964e-01  
  3.423526124903e-08  ,-1.376066995444e+00  ,-8.762471079792e-02  ,8.999571350744e-01  ,8.997487765688e-01  ,2.119236373526e-01  ,1.587990632796e+00  ,8.559364211698e-01  ,9.435611319677e-01  
  3.433526201048e-08  ,-1.385240662019e+00  ,-8.913255571809e-02  ,8.999571224415e-01  ,8.997499303556e-01  ,2.073367914318e-01  ,1.592577453451e+00  ,8.551836524966e-01  ,9.443162082146e-01  
  3.443526277193e-08  ,-1.394195838897e+00  ,-9.065823432977e-02  ,8.999571106647e-01  ,8.997512139196e-01  ,2.028591912162e-01  ,1.597055030113e+00  ,8.544220967547e-01  ,9.450803310845e-01  
  3.453526353338e-08  ,-1.402930532528e+00  ,-9.220183789753e-02  ,8.999570997185e-01  ,8.997526388526e-01  ,1.984918334547e-01  ,1.601422365982e+00  ,8.536517199038e-01  ,9.458535578013e-01  
  3.463526429483e-08  ,-1.411443829922e+00  ,-9.376340744911e-02  ,8.999570895905e-01  ,8.997542088078e-01  ,1.942351746295e-01  ,1.605679004551e+00  ,8.528725050832e-01  ,9.466359125323e-01  
  3.473526505627e-08  ,-1.419734156509e+00  ,-9.534301336276e-02  ,8.999570802583e-01  ,8.997559286403e-01  ,1.900900020041e-01  ,1.609824158513e+00  ,8.520844219590e-01  ,9.474274353217e-01  
  3.483526581772e-08  ,-1.427800006372e+00  ,-9.694072254811e-02  ,8.999570717000e-01  ,8.997577993128e-01  ,1.860570685139e-01  ,1.613857074886e+00  ,8.512874380387e-01  ,9.482281605869e-01  
  3.493526657917e-08  ,-1.435640542892e+00  ,-9.855657188890e-02  ,8.999570639032e-01  ,8.997598198277e-01  ,1.821367924571e-01  ,1.617777335349e+00  ,8.504815338832e-01  ,9.490381057722e-01  
  3.503526734062e-08  ,-1.443254129426e+00  ,-1.001906330841e-01  ,8.999570568435e-01  ,8.997619860213e-01  ,1.783299921303e-01  ,1.621584121557e+00  ,8.496666694793e-01  ,9.498573025634e-01  
  3.513526810207e-08  ,-1.450639974592e+00  ,-1.018429402265e-01  ,8.999570505097e-01  ,8.997642941049e-01  ,1.746370632137e-01  ,1.625277037806e+00  ,8.488428239916e-01  ,9.506857642181e-01  
  3.523526886352e-08  ,-1.457796714705e+00  ,-1.035135515087e-01  ,8.999570448826e-01  ,8.997667363328e-01  ,1.710586875299e-01  ,1.628855402235e+00  ,8.480099605784e-01  ,9.515235120871e-01  
  3.533526962497e-08  ,-1.464723050428e+00  ,-1.052025213890e-01  ,8.999570399442e-01  ,8.997693025369e-01  ,1.675955147301e-01  ,1.632318565158e+00  ,8.471680418424e-01  ,9.523705632314e-01  
  3.543527038642e-08  ,-1.471418263363e+00  ,-1.069098794608e-01  ,8.999570356852e-01  ,8.997719861148e-01  ,1.642479040040e-01  ,1.635666167366e+00  ,8.463170463844e-01  ,9.532269258452e-01  
  3.553527114787e-08  ,-1.477880953797e+00  ,-1.086356826124e-01  ,8.999570320883e-01  ,8.997747725469e-01  ,1.610165551898e-01  ,1.638897508987e+00  ,8.454569312407e-01  ,9.540926138531e-01  
  3.563527190932e-08  ,-1.484110450019e+00  ,-1.103799573719e-01  ,8.999570291461e-01  ,8.997776533985e-01  ,1.579018041364e-01  ,1.642012254156e+00  ,8.445876747126e-01  ,9.549676320845e-01  
  3.573527267077e-08  ,-1.490105598956e+00  ,-1.121427486291e-01  ,8.999570268469e-01  ,8.997806128711e-01  ,1.549042273689e-01  ,1.645009826325e+00  ,8.437092385566e-01  ,9.558519871857e-01  
  3.583527343222e-08  ,-1.495865312530e+00  ,-1.139240974244e-01  ,8.999570251813e-01  ,8.997836326489e-01  ,1.520243689163e-01  ,1.647889681446e+00  ,8.428215839367e-01  ,9.567456813611e-01  
  3.593527419367e-08  ,-1.501388993721e+00  ,-1.157240256462e-01  ,8.999570241452e-01  ,8.997867013350e-01  ,1.492625272849e-01  ,1.650651521005e+00  ,8.419246885119e-01  ,9.576487141581e-01  
  3.603527495512e-08  ,-1.506675486172e+00  ,-1.175425746145e-01  ,8.999570237318e-01  ,8.997897948807e-01  ,1.466192806458e-01  ,1.653294766818e+00  ,8.410185075735e-01  ,9.585610821880e-01  
  3.613527571657e-08  ,-1.511724241058e+00  ,-1.193797628733e-01  ,8.999570239393e-01  ,8.997929003085e-01  ,1.440949034103e-01  ,1.655819144468e+00  ,8.401030188719e-01  ,9.594827817451e-01  
  3.623527647801e-08  ,-1.516534321398e+00  ,-1.212356210338e-01  ,8.999570247655e-01  ,8.997959944223e-01  ,1.416898640663e-01  ,1.658224185465e+00  ,8.391781839054e-01  ,9.604138049392e-01  
  3.633527723946e-08  ,-1.521104855437e+00  ,-1.231101749037e-01  ,8.999570262108e-01  ,8.997990534366e-01  ,1.394045984921e-01  ,1.660509453929e+00  ,8.382439659847e-01  ,9.613541408884e-01  
  3.643527800091e-08  ,-1.525435221137e+00  ,-1.250034409290e-01  ,8.999570282771e-01  ,8.998020595437e-01  ,1.372394177087e-01  ,1.662674638846e+00  ,8.373003390793e-01  ,9.623037800082e-01  
  3.653527876236e-08  ,-1.529524928018e+00  ,-1.269154309578e-01  ,8.999570309670e-01  ,8.998049985097e-01  ,1.351945669583e-01  ,1.664719494976e+00  ,8.363472830308e-01  ,9.632627139886e-01  
  3.663527952381e-08  ,-1.533373171979e+00  ,-1.288461625774e-01  ,8.999570342860e-01  ,8.998078466204e-01  ,1.332704482963e-01  ,1.666643620276e+00  ,8.353847653317e-01  ,9.642309279091e-01  
  3.673528028526e-08  ,-1.536979255147e+00  ,-1.307956465677e-01  ,8.999570382415e-01  ,8.998105821833e-01  ,1.314674106681e-01  ,1.668446665815e+00  ,8.344127588994e-01  ,9.652084054672e-01  
  3.683528104671e-08  ,-1.540342688273e+00  ,-1.327638876518e-01  ,8.999570428405e-01  ,8.998131893365e-01  ,1.297856987042e-01  ,1.670128386977e+00  ,8.334312455106e-01  ,9.661951331624e-01  
  3.693528180816e-08  ,-1.543462970800e+00  ,-1.347508882763e-01  ,8.999570480918e-01  ,8.998156515108e-01  ,1.282255626917e-01  ,1.671688533492e+00  ,8.324402073727e-01  ,9.671910956490e-01  
  3.703528256961e-08  ,-1.546339622546e+00  ,-1.367566478827e-01  ,8.999570540050e-01  ,8.998179524710e-01  ,1.267872427322e-01  ,1.673126865278e+00  ,8.314396285297e-01  ,9.681962764124e-01  
  3.713528333106e-08  ,-1.548972194783e+00  ,-1.387811626045e-01  ,8.999570605908e-01  ,8.998200767649e-01  ,1.254709631991e-01  ,1.674443157982e+00  ,8.304294954627e-01  ,9.692106580672e-01  
  3.723528409251e-08  ,-1.551360372146e+00  ,-1.408244273886e-01  ,8.999570678576e-01  ,8.998220134584e-01  ,1.242768817844e-01  ,1.675637253931e+00  ,8.294097997641e-01  ,9.702342271527e-01  
  3.733528485396e-08  ,-1.553503660000e+00  ,-1.428864308454e-01  ,8.999570758203e-01  ,8.998237454693e-01  ,1.232052458202e-01  ,1.676708905821e+00  ,8.283805300466e-01  ,9.712669608920e-01  
  3.743528561541e-08  ,-1.555401672234e+00  ,-1.449671552801e-01  ,8.999570844935e-01  ,8.998252601068e-01  ,1.222562483765e-01  ,1.677657920611e+00  ,8.273416824667e-01  ,9.723088377468e-01  
  3.753528637686e-08  ,-1.557054156051e+00  ,-1.470665832977e-01  ,8.999570938886e-01  ,8.998265500780e-01  ,1.214300158631e-01  ,1.678484171914e+00  ,8.262932584292e-01  ,9.733598417269e-01  
  3.763528713831e-08  ,-1.558460867796e+00  ,-1.491846930470e-01  ,8.999571040180e-01  ,8.998276094091e-01  ,1.207266701199e-01  ,1.679187537916e+00  ,8.252352628856e-01  ,9.744199559326e-01  
  3.773528789975e-08  ,-1.559621641385e+00  ,-1.513214656180e-01  ,8.999571148917e-01  ,8.998284348564e-01  ,1.201462941991e-01  ,1.679767935584e+00  ,8.241677020473e-01  ,9.754891676654e-01  
  3.783528866120e-08  ,-1.560536229751e+00  ,-1.534768663084e-01  ,8.999571265255e-01  ,8.998290229428e-01  ,1.196890116502e-01  ,1.680225241401e+00  ,8.230905897886e-01  ,9.765674560970e-01  
  3.793528942265e-08  ,-1.561204473331e+00  ,-1.556508553947e-01  ,8.999571389345e-01  ,8.998293749843e-01  ,1.193549022693e-01  ,1.680559375600e+00  ,8.220039472869e-01  ,9.776548026816e-01  
  3.803529018410e-08  ,-1.561626307001e+00  ,-1.578434077380e-01  ,8.999571521269e-01  ,8.998294932871e-01  ,1.191439986266e-01  ,1.680770305627e+00  ,8.209077894181e-01  ,9.787511971560e-01  
  3.813529094555e-08  ,-1.561801643144e+00  ,-1.600544769476e-01  ,8.999571661166e-01  ,8.998293833480e-01  ,1.190563445447e-01  ,1.680857987688e+00  ,8.198021448742e-01  ,9.798566218218e-01  
  3.823529170700e-08  ,-1.561730457388e+00  ,-1.622840106717e-01  ,8.999571809166e-01  ,8.998290542105e-01  ,1.190919522225e-01  ,1.680822409611e+00  ,8.186870488746e-01  ,9.809710595463e-01  
  3.833529246845e-08  ,-1.561412761727e+00  ,-1.645319766188e-01  ,8.999571965341e-01  ,8.998285124375e-01  ,1.192508156706e-01  ,1.680663577398e+00  ,8.175625241281e-01  ,9.820945007469e-01  
  3.843529322990e-08  ,-1.560848603860e+00  ,-1.667983158814e-01  ,8.999572129806e-01  ,8.998277709919e-01  ,1.195329110506e-01  ,1.680381514911e+00  ,8.164286130513e-01  ,9.832269289326e-01  
  3.853529399135e-08  ,-1.560038094187e+00  ,-1.690829635066e-01  ,8.999572302664e-01  ,8.998268466711e-01  ,1.199381831727e-01  ,1.679976277360e+00  ,8.152853649178e-01  ,9.843683284244e-01  
  3.863529475280e-08  ,-1.558981354239e+00  ,-1.713858661788e-01  ,8.999572483983e-01  ,8.998257547265e-01  ,1.204665712789e-01  ,1.679447925518e+00  ,8.141328216371e-01  ,9.855186878159e-01  
  3.873529551425e-08  ,-1.557678503335e+00  ,-1.737069788197e-01  ,8.999572673814e-01  ,8.998245086210e-01  ,1.211180157142e-01  ,1.678796519049e+00  ,8.129710192111e-01  ,9.866779980308e-01  
  3.883529627570e-08  ,-1.556129775008e+00  ,-1.760462223186e-01  ,8.999572872231e-01  ,8.998231327762e-01  ,1.218923997191e-01  ,1.678022174727e+00  ,8.118000216169e-01  ,9.878462439355e-01  
  3.893529703715e-08  ,-1.554335460705e+00  ,-1.784035143665e-01  ,8.999573079290e-01  ,8.998216541718e-01  ,1.227895775763e-01  ,1.677125038282e+00  ,8.106198969886e-01  ,9.890234113550e-01  
  3.903529779860e-08  ,-1.552295752412e+00  ,-1.807788054540e-01  ,8.999573295014e-01  ,8.998200893163e-01  ,1.238094532956e-01  ,1.676105205707e+00  ,8.094306865893e-01  ,9.902094920433e-01  
  3.913529856005e-08  ,-1.550011013478e+00  ,-1.831720064832e-01  ,8.999573519435e-01  ,8.998184679312e-01  ,1.249518452044e-01  ,1.674962858683e+00  ,8.082324646896e-01  ,9.914044711727e-01  
  3.923529932149e-08  ,-1.547481668256e+00  ,-1.855830222247e-01  ,8.999573752568e-01  ,8.998168213728e-01  ,1.262165411289e-01  ,1.673698209385e+00  ,8.070253102605e-01  ,9.926083324852e-01  
  3.933530008294e-08  ,-1.544708075419e+00  ,-1.880117762930e-01  ,8.999573994415e-01  ,8.998151740796e-01  ,1.276033617321e-01  ,1.672311437151e+00  ,8.058092859332e-01  ,9.938210622261e-01  
  3.943530084439e-08  ,-1.541690548485e+00  ,-1.904582048564e-01  ,8.999574244965e-01  ,8.998135460719e-01  ,1.291121502542e-01  ,1.670802698739e+00  ,8.045844436437e-01  ,9.950426485001e-01  
  3.953530160584e-08  ,-1.538429733542e+00  ,-1.929221808936e-01  ,8.999574504193e-01  ,8.998119761174e-01  ,1.307425836484e-01  ,1.669172317190e+00  ,8.033508856707e-01  ,9.962730665642e-01  
  3.963530236729e-08  ,-1.534926093484e+00  ,-1.954036177963e-01  ,8.999574772068e-01  ,8.998104892127e-01  ,1.324944304649e-01  ,1.667420523949e+00  ,8.021086803146e-01  ,9.975122981109e-01  
  3.973530312874e-08  ,-1.531180158947e+00  ,-1.979024185475e-01  ,8.999575048549e-01  ,8.998091123471e-01  ,1.343674253815e-01  ,1.665547584328e+00  ,8.008579030734e-01  ,9.987603216209e-01  
  3.983530389019e-08  ,-1.527192364249e+00  ,-2.004185062567e-01  ,8.999575333594e-01  ,8.998078661561e-01  ,1.363613512347e-01  ,1.663553715484e+00  ,7.995986130278e-01  ,1.000017119284e+00  
  3.993530465164e-08  ,-1.522963579264e+00  ,-2.029517299395e-01  ,8.999575627116e-01  ,8.998067893378e-01  ,1.384757730795e-01  ,1.661439352344e+00  ,7.983309243680e-01  ,1.001282654308e+00  
  4.003530541309e-08  ,-1.518494253998e+00  ,-2.055020140894e-01  ,8.999575929064e-01  ,8.998058996566e-01  ,1.407104659074e-01  ,1.659204719905e+00  ,7.970548926119e-01  ,1.002556906701e+00  
  4.013530617454e-08  ,-1.513785201885e+00  ,-2.080692237402e-01  ,8.999576239345e-01  ,8.998052274705e-01  ,1.430650229918e-01  ,1.656850224877e+00  ,7.957706156004e-01  ,1.003839839341e+00  
  4.023530693599e-08  ,-1.508837166276e+00  ,-2.106532378452e-01  ,8.999576557864e-01  ,8.998047971452e-01  ,1.455390726482e-01  ,1.654376238925e+00  ,7.944781782225e-01  ,1.005131416068e+00  
  4.033530769744e-08  ,-1.503650924661e+00  ,-2.132539310985e-01  ,8.999576884524e-01  ,8.998046312343e-01  ,1.481322261219e-01  ,1.651783150783e+00  ,7.931776656851e-01  ,1.006431596784e+00  
  4.043530845889e-08  ,-1.498227290380e+00  ,-2.158711739224e-01  ,8.999577219216e-01  ,8.998047502100e-01  ,1.508440767314e-01  ,1.649071367112e+00  ,7.918691632487e-01  ,1.007740337171e+00  
  4.053530922034e-08  ,-1.492567255473e+00  ,-2.185048092795e-01  ,8.999577561806e-01  ,8.998051748866e-01  ,1.536741284443e-01  ,1.646241383917e+00  ,7.905527702469e-01  ,1.009057579526e+00  
  4.063530998179e-08  ,-1.486671609089e+00  ,-2.211547129862e-01  ,8.999577912186e-01  ,8.998059186723e-01  ,1.566219866741e-01  ,1.643293595763e+00  ,7.892285621792e-01  ,1.010383275165e+00  
  4.073531074323e-08  ,-1.480541017427e+00  ,-2.238207820442e-01  ,8.999578270260e-01  ,8.998069913225e-01  ,1.596873183124e-01  ,1.640228335740e+00  ,7.878966003004e-01  ,1.011717382345e+00  
  4.083531150468e-08  ,-1.474176643315e+00  ,-2.265028387531e-01  ,8.999578635859e-01  ,8.998084075316e-01  ,1.628695419282e-01  ,1.637046185244e+00  ,7.865569881550e-01  ,1.013059826908e+00  
  4.093531226613e-08  ,-1.467579660900e+00  ,-2.292007052447e-01  ,8.999579008824e-01  ,8.998101769778e-01  ,1.661680704322e-01  ,1.633747731333e+00  ,7.852098243554e-01  ,1.014410529600e+00  
  4.103531302758e-08  ,-1.460750764399e+00  ,-2.319142768198e-01  ,8.999579389060e-01  ,8.998123035877e-01  ,1.695825567066e-01  ,1.630333321105e+00  ,7.838551651778e-01  ,1.015769441998e+00  
  4.113531378903e-08  ,-1.453691196898e+00  ,-2.346433671912e-01  ,8.999579776389e-01  ,8.998147925537e-01  ,1.731123791901e-01  ,1.626803576088e+00  ,7.824931089582e-01  ,1.017136476149e+00  
  4.123531455048e-08  ,-1.446402071631e+00  ,-2.373878108986e-01  ,8.999580170654e-01  ,8.998176450544e-01  ,1.767569812501e-01  ,1.623159052881e+00  ,7.811237396051e-01  ,1.018511550504e+00  
  4.133531531193e-08  ,-1.438884534084e+00  ,-2.401474379402e-01  ,8.999580571707e-01  ,8.998208595472e-01  ,1.805157901285e-01  ,1.619400324213e+00  ,7.797471405771e-01  ,1.019894578517e+00  
  4.143531607338e-08  ,-1.431139763893e+00  ,-2.429220738258e-01  ,8.999580979383e-01  ,8.998244317544e-01  ,1.843882159919e-01  ,1.615527979885e+00  ,7.783633948415e-01  ,1.021285468667e+00  
  4.153531683483e-08  ,-1.423168975681e+00  ,-2.457115396188e-01  ,8.999581393521e-01  ,8.998283546291e-01  ,1.883736515117e-01  ,1.611542627193e+00  ,7.769725848197e-01  ,1.022684124438e+00  
  4.163531759628e-08  ,-1.414973419356e+00  ,-2.485156519518e-01  ,8.999581813966e-01  ,8.998326183518e-01  ,1.924714717184e-01  ,1.607444891075e+00  ,7.755747923759e-01  ,1.024090444328e+00  
  4.173531835773e-08  ,-1.406554380151e+00  ,-2.513342230235e-01  ,8.999582240549e-01  ,8.998372105417e-01  ,1.966810339796e-01  ,1.603235414130e+00  ,7.741700990300e-01  ,1.025504322054e+00  
  4.183531911918e-08  ,-1.397913178523e+00  ,-2.541670605905e-01  ,8.999582673113e-01  ,8.998421166384e-01  ,2.010016780498e-01  ,1.598914856573e+00  ,7.727585863432e-01  ,1.026925646934e+00  
  4.193531988063e-08  ,-1.389051392997e+00  ,-2.570139342871e-01  ,8.999583111475e-01  ,8.998473170919e-01  ,2.054326146492e-01  ,1.594484007646e+00  ,7.713403499484e-01  ,1.028354284235e+00  
  4.203532064208e-08  ,-1.379970255402e+00  ,-2.598746639308e-01  ,8.999583555490e-01  ,8.998527952179e-01  ,2.099732278481e-01  ,1.589943483250e+00  ,7.699154632525e-01  ,1.029790127183e+00  
  4.213532140353e-08  ,-1.370670793751e+00  ,-2.627491009947e-01  ,8.999584005043e-01  ,8.998585367582e-01  ,2.146230036287e-01  ,1.585293797380e+00  ,7.684839862608e-01  ,1.031233087256e+00  
  4.223532216497e-08  ,-1.361155026253e+00  ,-2.656369548317e-01  ,8.999584459913e-01  ,8.998645128724e-01  ,2.193809328650e-01  ,1.580535959118e+00  ,7.670460354565e-01  ,1.032682990288e+00  
  4.233532292642e-08  ,-1.351424286152e+00  ,-2.685380333318e-01  ,8.999584919967e-01  ,8.998707035348e-01  ,2.242463489206e-01  ,1.575670635073e+00  ,7.656016868689e-01  ,1.034139720201e+00  
  4.243532368787e-08  ,-1.341480042643e+00  ,-2.714521249105e-01  ,8.999585385065e-01  ,8.998770862839e-01  ,2.292185171852e-01  ,1.570698559828e+00  ,7.641510238286e-01  ,1.035603148739e+00  
  4.253532444932e-08  ,-1.331323455457e+00  ,-2.743790643971e-01  ,8.999585855094e-01  ,8.998836433341e-01  ,2.342968577811e-01  ,1.565620313238e+00  ,7.626941111356e-01  ,1.037073175533e+00  
  4.263532521077e-08  ,-1.320956503482e+00  ,-2.773185716539e-01  ,8.999586329870e-01  ,8.998903442709e-01  ,2.394803812459e-01  ,1.560436884728e+00  ,7.612310584440e-01  ,1.038549630098e+00  
  4.273532597222e-08  ,-1.310381100983e+00  ,-2.802703750630e-01  ,8.999586809245e-01  ,8.998971594491e-01  ,2.447681304328e-01  ,1.555149231416e+00  ,7.597619719176e-01  ,1.040032346981e+00  
  4.283532673367e-08  ,-1.299598360063e+00  ,-2.832343165282e-01  ,8.999587293138e-01  ,8.999040718902e-01  ,2.501595492824e-01  ,1.549757909345e+00  ,7.582869136261e-01  ,1.041521230154e+00  
  4.293532749512e-08  ,-1.288610253529e+00  ,-2.862101164733e-01  ,8.999587781400e-01  ,8.999110520261e-01  ,2.556536513755e-01  ,1.544263904905e+00  ,7.568059937895e-01  ,1.043016110263e+00  
  4.303532825657e-08  ,-1.277418797262e+00  ,-2.891974879948e-01  ,8.999588273905e-01  ,8.999180709601e-01  ,2.612494287593e-01  ,1.538668226022e+00  ,7.553193269627e-01  ,1.044516814957e+00  
  4.313532901802e-08  ,-1.266025164807e+00  ,-2.921962641772e-01  ,8.999588770588e-01  ,8.999251127333e-01  ,2.669462946552e-01  ,1.532971459462e+00  ,7.538269806447e-01  ,1.046023244822e+00  
  4.323532977947e-08  ,-1.254431438191e+00  ,-2.952061499317e-01  ,8.999589271331e-01  ,8.999321502326e-01  ,2.727432080376e-01  ,1.527174646229e+00  ,7.523290752668e-01  ,1.047535225198e+00  
  4.333533054092e-08  ,-1.242639446322e+00  ,-2.982268866691e-01  ,8.999589776042e-01  ,8.999391618749e-01  ,2.786392544435e-01  ,1.521278700765e+00  ,7.508257185404e-01  ,1.049052605209e+00  
  4.343533130237e-08  ,-1.230651346104e+00  ,-3.012581666007e-01  ,8.999590284649e-01  ,8.999461243582e-01  ,2.846333554130e-01  ,1.515284701517e+00  ,7.493170410578e-01  ,1.050575207659e+00  
  4.353533206382e-08  ,-1.218468393261e+00  ,-3.042998108691e-01  ,8.999590797105e-01  ,8.999530252846e-01  ,2.907248830798e-01  ,1.509193276341e+00  ,7.478031198501e-01  ,1.052102930719e+00  
  4.363533282527e-08  ,-1.206092814405e+00  ,-3.073515035183e-01  ,8.999591313332e-01  ,8.999598439970e-01  ,2.969127241308e-01  ,1.503005538536e+00  ,7.462840922378e-01  ,1.053635595756e+00  
  4.373533358671e-08  ,-1.193526562634e+00  ,-3.104129681610e-01  ,8.999591833284e-01  ,8.999665648704e-01  ,3.031959020112e-01  ,1.496722464646e+00  ,7.447600807899e-01  ,1.055173048951e+00  
  4.383533434816e-08  ,-1.180771615562e+00  ,-3.134839240324e-01  ,8.999592356927e-01  ,8.999731740252e-01  ,3.095734279118e-01  ,1.490345043474e+00  ,7.432312120091e-01  ,1.056715136041e+00  
  4.393533510961e-08  ,-1.167830304480e+00  ,-3.165640375880e-01  ,8.999592884231e-01  ,8.999796575412e-01  ,3.160441361829e-01  ,1.483874440663e+00  ,7.416976387472e-01  ,1.058261676335e+00  
  4.403533587106e-08  ,-1.154703984914e+00  ,-3.196531152725e-01  ,8.999593415184e-01  ,8.999860086409e-01  ,3.226073490616e-01  ,1.477311333975e+00  ,7.401594510047e-01  ,1.059812566277e+00  
  4.413533663251e-08  ,-1.141395395427e+00  ,-3.227507655021e-01  ,8.999593949778e-01  ,8.999922159329e-01  ,3.292616972644e-01  ,1.470657092691e+00  ,7.386168331819e-01  ,1.061367598684e+00  
  4.423533739396e-08  ,-1.127905936429e+00  ,-3.258567887561e-01  ,8.999594488009e-01  ,8.999982756386e-01  ,3.360064805862e-01  ,1.463912417016e+00  ,7.370698812605e-01  ,1.062926670017e+00  
  4.433533815541e-08  ,-1.114238084073e+00  ,-3.289708328859e-01  ,8.999595029882e-01  ,9.000041827215e-01  ,3.428404609516e-01  ,1.457078545025e+00  ,7.355187662786e-01  ,1.064489599164e+00  
  4.443533891686e-08  ,-1.100394349045e+00  ,-3.320925382633e-01  ,8.999595575426e-01  ,9.000099357245e-01  ,3.497623830203e-01  ,1.450156732065e+00  ,7.339636665929e-01  ,1.066056204856e+00  
  4.453533967831e-08  ,-1.086376184717e+00  ,-3.352216963927e-01  ,8.999596124659e-01  ,9.000155350608e-01  ,3.567715201074e-01  ,1.443147704824e+00  ,7.324046868645e-01  ,1.067626383257e+00  
  4.463534043976e-08  ,-1.072186161207e+00  ,-3.383579394389e-01  ,8.999596677612e-01  ,9.000209827578e-01  ,3.638665871579e-01  ,1.436052748365e+00  ,7.308420130383e-01  ,1.069199952477e+00  
  4.473534120121e-08  ,-1.057826884020e+00  ,-3.415008922420e-01  ,8.999597234334e-01  ,9.000262841221e-01  ,3.710462814235e-01  ,1.428873165443e+00  ,7.292758380011e-01  ,1.070776730243e+00  
  4.483534196266e-08  ,-1.043299860428e+00  ,-3.446503375603e-01  ,8.999597794854e-01  ,9.000314433523e-01  ,3.783098492713e-01  ,1.421609709699e+00  ,7.277062745721e-01  ,1.072356612132e+00  
  4.493534272411e-08  ,-1.028607754640e+00  ,-3.478058923793e-01  ,8.999598359218e-01  ,9.000364686464e-01  ,3.856559586018e-01  ,1.414263713242e+00  ,7.261335224567e-01  ,1.073939414836e+00  
  4.503534348556e-08  ,-1.013752888738e+00  ,-3.509672230191e-01  ,8.999598927467e-01  ,9.000413684965e-01  ,3.930834483777e-01  ,1.406836337116e+00  ,7.245577569870e-01  ,1.075524980006e+00  
  4.513534424701e-08  ,-9.987379829829e-01  ,-3.541339343798e-01  ,8.999599499681e-01  ,9.000461544710e-01  ,4.005909584766e-01  ,1.399328941460e+00  ,7.229791872811e-01  ,1.077113121661e+00  
  4.523534500845e-08  ,-9.835646117326e-01  ,-3.573057978608e-01  ,8.999600075886e-01  ,9.000508341573e-01  ,4.081777017223e-01  ,1.391742313455e+00  ,7.213979352269e-01  ,1.078703733088e+00  
  4.533534576990e-08  ,-9.682355571798e-01  ,-3.604824106022e-01  ,8.999600656127e-01  ,9.000554217105e-01  ,4.158422870228e-01  ,1.384077844203e+00  ,7.198142164094e-01  ,1.080296627012e+00  
  4.543534653135e-08  ,-9.527536344010e-01  ,-3.636633627318e-01  ,8.999601240466e-01  ,9.000599329850e-01  ,4.235833068461e-01  ,1.376336941247e+00  ,7.182282516191e-01  ,1.081891614351e+00  
  4.553534729280e-08  ,-9.371209965367e-01  ,-3.668483376158e-01  ,8.999601828946e-01  ,9.000643807096e-01  ,4.313996846263e-01  ,1.368520681163e+00  ,7.166402119017e-01  ,1.083488549518e+00  
  4.563534805425e-08  ,-9.213394204230e-01  ,-3.700370760244e-01  ,8.999602421586e-01  ,9.000687755249e-01  ,4.392905319471e-01  ,1.360629952370e+00  ,7.150502375127e-01  ,1.085087313537e+00  
  4.573534881570e-08  ,-9.054119465595e-01  ,-3.732291361487e-01  ,8.999603018409e-01  ,9.000731358744e-01  ,4.472543285612e-01  ,1.352666275121e+00  ,7.134585678001e-01  ,1.086687703949e+00  
  4.583534957715e-08  ,-8.893411045242e-01  ,-3.764241508378e-01  ,8.999603619439e-01  ,9.000774774336e-01  ,4.552898096818e-01  ,1.344630914206e+00  ,7.118654020147e-01  ,1.088289552853e+00  
  4.593535033860e-08  ,-8.731294330245e-01  ,-3.796217489912e-01  ,8.999604224698e-01  ,9.000818157535e-01  ,4.633957059575e-01  ,1.336525138982e+00  ,7.102709412579e-01  ,1.089892690249e+00  
  4.603535110005e-08  ,-8.567799001594e-01  ,-3.828214923497e-01  ,8.999604834185e-01  ,9.000861682840e-01  ,4.715705333387e-01  ,1.328350433498e+00  ,7.086754221091e-01  ,1.091496914459e+00  
  4.613535186150e-08  ,-8.402942202770e-01  ,-3.860231278881e-01  ,8.999605447891e-01  ,9.000905446331e-01  ,4.798134346506e-01  ,1.320107654928e+00  ,7.070789806891e-01  ,1.093102108577e+00  
  4.623535262295e-08  ,-8.236754192467e-01  ,-3.892262102332e-01  ,8.999606065790e-01  ,9.000949613558e-01  ,4.881228969556e-01  ,1.311798316202e+00  ,7.054818562392e-01  ,1.094708066472e+00  
  4.633535338440e-08  ,-8.069261256160e-01  ,-3.924303527835e-01  ,8.999606687839e-01  ,9.000994321836e-01  ,4.964976059759e-01  ,1.303423731592e+00  ,7.038842557918e-01  ,1.096314608575e+00  
  4.643535414585e-08  ,-7.900494084119e-01  ,-3.956350993186e-01  ,8.999607313992e-01  ,9.001039723194e-01  ,5.049360271932e-01  ,1.294985435605e+00  ,7.022864226601e-01  ,1.097921521979e+00  
  4.653535490730e-08  ,-7.730476126073e-01  ,-3.988400982740e-01  ,8.999607944192e-01  ,9.001085923478e-01  ,5.134369881155e-01  ,1.286484600723e+00  ,7.006885432108e-01  ,1.099528641485e+00  
  4.663535566875e-08  ,-7.559226710609e-01  ,-4.020450621948e-01  ,8.999608578373e-01  ,9.001133004221e-01  ,5.219995223069e-01  ,1.277922193368e+00  ,6.990907693247e-01  ,1.101135831519e+00  
  4.673535643020e-08  ,-7.386783273547e-01  ,-4.052494340532e-01  ,8.999609216407e-01  ,9.001181113278e-01  ,5.306217579633e-01  ,1.269300085318e+00  ,6.974933943012e-01  ,1.102742828354e+00  
  4.683535719164e-08  ,-7.213164053038e-01  ,-4.084529430591e-01  ,8.999609858217e-01  ,9.001230314026e-01  ,5.393027831698e-01  ,1.260619188474e+00  ,6.958965598731e-01  ,1.104349502932e+00  
  4.693535795309e-08  ,-7.038401126516e-01  ,-4.116551129158e-01  ,8.999610503656e-01  ,9.001280709174e-01  ,5.480409940398e-01  ,1.251881106691e+00  ,6.943005144595e-01  ,1.105955627375e+00  
  4.703535871454e-08  ,-6.862522190906e-01  ,-4.148555308228e-01  ,8.999611152579e-01  ,9.001332367344e-01  ,5.568350057125e-01  ,1.243087224803e+00  ,6.927054713230e-01  ,1.107561002146e+00  
  4.713535947599e-08  ,-6.685559496468e-01  ,-4.180537103201e-01  ,8.999611804815e-01  ,9.001385343106e-01  ,5.656832056581e-01  ,1.234239155305e+00  ,6.911116791505e-01  ,1.109165389471e+00  
  4.723536023744e-08  ,-6.507537634261e-01  ,-4.212492771167e-01  ,8.999612460216e-01  ,9.001439663524e-01  ,5.745843643085e-01  ,1.225338127735e+00  ,6.895193277940e-01  ,1.110768604911e+00  
  4.733536099889e-08  ,-6.328483428304e-01  ,-4.244418230025e-01  ,8.999613118600e-01  ,9.001495348867e-01  ,5.835371404448e-01  ,1.216385483275e+00  ,6.879286233854e-01  ,1.112370446388e+00  
  4.743536176034e-08  ,-6.148417824609e-01  ,-4.276310320715e-01  ,8.999613779813e-01  ,9.001552407575e-01  ,5.925404867509e-01  ,1.207382269212e+00  ,6.863397247217e-01  ,1.113970756793e+00  
  4.753536252179e-08  ,-5.967376227659e-01  ,-4.308163724349e-01  ,8.999614443589e-01  ,9.001610841912e-01  ,6.015926329760e-01  ,1.198330255742e+00  ,6.847528979738e-01  ,1.115569270409e+00  
  4.763536328324e-08  ,-5.785392123977e-01  ,-4.339973374474e-01  ,8.999615109685e-01  ,9.001670625469e-01  ,6.106919047697e-01  ,1.189231117167e+00  ,6.831683938232e-01  ,1.117165731271e+00  
  4.773536404469e-08  ,-5.602484686726e-01  ,-4.371736353035e-01  ,8.999615777955e-01  ,9.001731734210e-01  ,6.198373434592e-01  ,1.180085812132e+00  ,6.815863557692e-01  ,1.118759991073e+00  
  4.783536480614e-08  ,-5.418687642170e-01  ,-4.403447530885e-01  ,8.999616448120e-01  ,9.001794118906e-01  ,6.290272627035e-01  ,1.170896026920e+00  ,6.800070353464e-01  ,1.120351788435e+00  
  4.793536556759e-08  ,-5.234034784494e-01  ,-4.435101723635e-01  ,8.999617119898e-01  ,9.001857710919e-01  ,6.382599727651e-01  ,1.161663451215e+00  ,6.784306849102e-01  ,1.121940857274e+00  
  4.803536632904e-08  ,-5.048545517754e-01  ,-4.466695947484e-01  ,8.999617793128e-01  ,9.001922461446e-01  ,6.475345034251e-01  ,1.152389055201e+00  ,6.768574487704e-01  ,1.123527043519e+00  
  4.813536709049e-08  ,-4.862253995527e-01  ,-4.498224959904e-01  ,8.999618467510e-01  ,9.001988274259e-01  ,6.568491469747e-01  ,1.143074546527e+00  ,6.752875794307e-01  ,1.125110075421e+00  
  4.823536785194e-08  ,-4.675189721470e-01  ,-4.529684228008e-01  ,8.999619142779e-01  ,9.002055047129e-01  ,6.662024282044e-01  ,1.133721400351e+00  ,6.737212933124e-01  ,1.126689716113e+00  
  4.833536861338e-08  ,-4.487386996733e-01  ,-4.561068421975e-01  ,8.999619818668e-01  ,9.002122643579e-01  ,6.755926320301e-01  ,1.124331331703e+00  ,6.721588432592e-01  ,1.128265685457e+00  
  4.843536937483e-08  ,-4.298865538657e-01  ,-4.592374476412e-01  ,8.999620495004e-01  ,9.002190978947e-01  ,6.850187725676e-01  ,1.114905326433e+00  ,6.706003740741e-01  ,1.129837821715e+00  
  4.853537013628e-08  ,-4.109664870129e-01  ,-4.623596231777e-01  ,8.999621171456e-01  ,9.002259874870e-01  ,6.944788736391e-01  ,1.105445360652e+00  ,6.690461758982e-01  ,1.131405799076e+00  
  4.863537089773e-08  ,-3.919811385146e-01  ,-4.654729545803e-01  ,8.999621847817e-01  ,9.002329201125e-01  ,7.039716155244e-01  ,1.095952754039e+00  ,6.674964428224e-01  ,1.132969397403e+00  
  4.873537165918e-08  ,-3.729326750270e-01  ,-4.685771039566e-01  ,8.999622523912e-01  ,9.002398847967e-01  ,7.134959148777e-01  ,1.086428589905e+00  ,6.659513328184e-01  ,1.134528436775e+00  
  4.883537242063e-08  ,-3.538252757800e-01  ,-4.716714183827e-01  ,8.999623199412e-01  ,9.002468596374e-01  ,7.230496820512e-01  ,1.076874957831e+00  ,6.644111504460e-01  ,1.136082568829e+00  
  4.893537318208e-08  ,-3.346609635595e-01  ,-4.747555819280e-01  ,8.999623874169e-01  ,9.002538335304e-01  ,7.326319056371e-01  ,1.067292869197e+00  ,6.628760425664e-01  ,1.137631624494e+00  
  4.903537394353e-08  ,-3.154432878421e-01  ,-4.778290399541e-01  ,8.999624547934e-01  ,9.002607866744e-01  ,7.422408108723e-01  ,1.057684098714e+00  ,6.613462666974e-01  ,1.139175306651e+00  
  4.913537470498e-08  ,-2.961757877471e-01  ,-4.808912335500e-01  ,8.999625220484e-01  ,9.002676982889e-01  ,7.518746281748e-01  ,1.048050415922e+00  ,6.598220815139e-01  ,1.140713315064e+00  
  4.923537546643e-08  ,-2.768604901503e-01  ,-4.839418417117e-01  ,8.999625891697e-01  ,9.002745560970e-01  ,7.615323440945e-01  ,1.038392834245e+00  ,6.583036352411e-01  ,1.142245476953e+00  
  4.933537622788e-08  ,-2.575009577739e-01  ,-4.869803011013e-01  ,8.999626561364e-01  ,9.002813382966e-01  ,7.712121772494e-01  ,1.028713135023e+00  ,6.567911877460e-01  ,1.143771488847e+00  
  4.943537698933e-08  ,-2.381002595896e-01  ,-4.900061259069e-01  ,8.999627229319e-01  ,9.002880257588e-01  ,7.809125931370e-01  ,1.019012852727e+00  ,6.552849628053e-01  ,1.145291088712e+00  
  4.953537775078e-08  ,-2.186619553075e-01  ,-4.930187463075e-01  ,8.999627895416e-01  ,9.002945961394e-01  ,7.906318118878e-01  ,1.009293767195e+00  ,6.537852229857e-01  ,1.146803969293e+00  
  4.963537851223e-08  ,-1.991887474384e-01  ,-4.960177259214e-01  ,8.999628559549e-01  ,9.003010325408e-01  ,8.003684822357e-01  ,9.995572296740e-01  ,6.522921695802e-01  ,1.148309895502e+00  
  4.973537927368e-08  ,-1.796835741019e-01  ,-4.990025903458e-01  ,8.999629221610e-01  ,9.003073168390e-01  ,8.101211351100e-01  ,9.898047092119e-01  ,6.508060216661e-01  ,1.149808612012e+00  
  4.983538003512e-08  ,-1.601488390054e-01  ,-5.019729735132e-01  ,8.999629881460e-01  ,9.003134352821e-01  ,8.198885686434e-01  ,9.800374076487e-01  ,6.493269485255e-01  ,1.151299922039e+00  
  4.993538079657e-08  ,-1.405885546283e-01  ,-5.049282606402e-01  ,8.999630538952e-01  ,9.003193652016e-01  ,8.296687765810e-01  ,9.702573312093e-01  ,6.478552348815e-01  ,1.152783495522e+00  
  5.003538155802e-08  ,-1.210062367555e-01  ,-5.078678698975e-01  ,8.999631194136e-01  ,9.003250860880e-01  ,8.394600010358e-01  ,9.604662377914e-01  ,6.463911511393e-01  ,1.154259021037e+00  
  5.013538231947e-08  ,-1.014045075601e-01  ,-5.107913560361e-01  ,8.999631846989e-01  ,9.003305825792e-01  ,8.492609309189e-01  ,9.506654384790e-01  ,6.449349045611e-01  ,1.155726260597e+00  
  5.023538308092e-08  ,-8.178628479308e-02  ,-5.136982352998e-01  ,8.999632497422e-01  ,9.003358384417e-01  ,8.590701073456e-01  ,9.408563921387e-01  ,6.434867207918e-01  ,1.157184956092e+00  
  5.033538384237e-08  ,-6.215383508195e-02  ,-5.165881346373e-01  ,8.999633145399e-01  ,9.003408417176e-01  ,8.688863969989e-01  ,9.310402320808e-01  ,6.420467743989e-01  ,1.158634909036e+00  
  5.043538460382e-08  ,-4.251136793435e-02  ,-5.194603434262e-01  ,8.999633790954e-01  ,9.003455712468e-01  ,8.787076951282e-01  ,9.212190630626e-01  ,6.406153995337e-01  ,1.160075742960e+00  
  5.053538536527e-08  ,-2.286160913291e-02  ,-5.223144107485e-01  ,8.999634434060e-01  ,9.003500153197e-01  ,8.885326388396e-01  ,9.113942479725e-01  ,6.391928099455e-01  ,1.161507220694e+00  
  5.063538612672e-08  ,-3.207508118480e-03  ,-5.251498469988e-01  ,8.999635074710e-01  ,9.003541617031e-01  ,8.983597534118e-01  ,9.015672615302e-01  ,6.377792382037e-01  ,1.162929085202e+00  
  5.073538688817e-08  ,1.644859130021e-02  ,-5.279662747857e-01  ,8.999635712884e-01  ,9.003580013322e-01  ,9.081878669385e-01  ,8.917392756383e-01  ,6.363748639393e-01  ,1.164341138725e+00  
  5.083538764962e-08  ,3.610217794570e-02  ,-5.307629755120e-01  ,8.999636348579e-01  ,9.003615183228e-01  ,9.180147238308e-01  ,8.819125458851e-01  ,6.349800305668e-01  ,1.165743006079e+00  
  5.093538841107e-08  ,5.575110414590e-02  ,-5.335396075969e-01  ,8.999636981808e-01  ,9.003647064857e-01  ,9.278392502537e-01  ,8.720881461078e-01  ,6.335949026873e-01  ,1.167134510284e+00  
  5.103538917252e-08  ,7.539164807026e-02  ,-5.362955725368e-01  ,8.999637612604e-01  ,9.003675559294e-01  ,9.376595852956e-01  ,8.622679372253e-01  ,6.322197696610e-01  ,1.168515342198e+00  
  5.113538993397e-08  ,9.502067893270e-02  ,-5.390303559101e-01  ,8.999638240989e-01  ,9.003700592578e-01  ,9.474741635653e-01  ,8.524534846326e-01  ,6.308548813028e-01  ,1.169885237213e+00  
  5.123539069542e-08  ,1.146345949295e-01  ,-5.417433559625e-01  ,8.999638867001e-01  ,9.003722083885e-01  ,9.572811841648e-01  ,8.426465892353e-01  ,6.295005304072e-01  ,1.171243886370e+00  
  5.133539145686e-08  ,1.342313393337e-01  ,-5.444342281012e-01  ,8.999639490670e-01  ,9.003739998426e-01  ,9.670796187338e-01  ,8.328482794001e-01  ,6.281568857920e-01  ,1.172591113893e+00  
  5.143539221831e-08  ,1.538068052989e-01  ,-5.471022822755e-01  ,8.999640112046e-01  ,9.003754295833e-01  ,9.768674138541e-01  ,8.230606085551e-01  ,6.268242884456e-01  ,1.173926570721e+00  
  5.153539297976e-08  ,1.733582685625e-01  ,-5.497470574641e-01  ,8.999640731163e-01  ,9.003764979280e-01  ,9.866432073976e-01  ,8.132849388350e-01  ,6.255029691960e-01  ,1.175250026660e+00  
  5.163539374121e-08  ,1.928827783198e-01  ,-5.523680536665e-01  ,8.999641348061e-01  ,9.003772061814e-01  ,9.964055239659e-01  ,8.035227456462e-01  ,6.241931793481e-01  ,1.176561233015e+00  
  5.173539450266e-08  ,2.123780450719e-01  ,-5.549648858832e-01  ,8.999641962755e-01  ,9.003775560214e-01  ,1.006153218811e+00  ,7.937751737395e-01  ,6.228951130798e-01  ,1.177859998963e+00  
  5.183539526411e-08  ,2.318397197134e-01  ,-5.575368219140e-01  ,8.999642575271e-01  ,9.003775525787e-01  ,1.015884117384e+00  ,7.840443976704e-01  ,6.216091416217e-01  ,1.179145963536e+00  
  5.193539602556e-08  ,2.512650750396e-01  ,-5.600833986444e-01  ,8.999643185616e-01  ,9.003772015608e-01  ,1.025596856081e+00  ,7.743317810417e-01  ,6.203355022386e-01  ,1.180418900883e+00  
  5.203539678701e-08  ,2.706511665801e-01  ,-5.626041141813e-01  ,8.999643793777e-01  ,9.003765099886e-01  ,1.035289962668e+00  ,7.646387960876e-01  ,6.190744528979e-01  ,1.181678567079e+00  
  5.213539754846e-08  ,2.899949777098e-01  ,-5.650984535839e-01  ,8.999644399728e-01  ,9.003754854531e-01  ,1.044961928828e+00  ,7.549669511179e-01  ,6.178262586611e-01  ,1.182924712245e+00  
  5.223539830991e-08  ,3.092942109934e-01  ,-5.675660273243e-01  ,8.999645003438e-01  ,9.003741338714e-01  ,1.054611605840e+00  ,7.453173948471e-01  ,6.165911202093e-01  ,1.184157147534e+00  
  5.233539907136e-08  ,3.285445272732e-01  ,-5.700060980533e-01  ,8.999645604855e-01  ,9.003724673012e-01  ,1.064236824122e+00  ,7.356922968489e-01  ,6.153694182746e-01  ,1.185375516328e+00  
  5.243539983281e-08  ,3.477432263273e-01  ,-5.724182020408e-01  ,8.999646203951e-01  ,9.003704949738e-01  ,1.073836233559e+00  ,7.260930072315e-01  ,6.141613939534e-01  ,1.186579595994e+00  
  5.253540059426e-08  ,3.668873964590e-01  ,-5.748018370098e-01  ,8.999646800681e-01  ,9.003682281569e-01  ,1.083408378298e+00  ,7.165209818386e-01  ,6.129673096520e-01  ,1.187769146662e+00  
  5.263540135571e-08  ,3.859740580389e-01  ,-5.771564879714e-01  ,8.999647394985e-01  ,9.003656796100e-01  ,1.092951768518e+00  ,7.069777104790e-01  ,6.117874356243e-01  ,1.188943923596e+00  
  5.273540211716e-08  ,4.050009438654e-01  ,-5.794817656041e-01  ,8.999647986801e-01  ,9.003628596724e-01  ,1.102465270613e+00  ,6.974643267474e-01  ,6.106219768703e-01  ,1.190103742474e+00  
  5.283540287860e-08  ,4.239637752643e-01  ,-5.817769334698e-01  ,8.999648576017e-01  ,9.003597891557e-01  ,1.111946745234e+00  ,6.879829699695e-01  ,6.094713224208e-01  ,1.191248255891e+00  
  5.293540364005e-08  ,4.428598933698e-01  ,-5.840415290419e-01  ,8.999649162553e-01  ,9.003564823877e-01  ,1.121394862940e+00  ,6.785349695704e-01  ,6.083357178668e-01  ,1.192377246909e+00  
  5.303540440150e-08  ,4.616871319852e-01  ,-5.862751767804e-01  ,8.999649746330e-01  ,9.003529511349e-01  ,1.130808540626e+00  ,6.691214086403e-01  ,6.072153627447e-01  ,1.193490539525e+00  
  5.313540516295e-08  ,4.804418236090e-01  ,-5.884772416309e-01  ,8.999650327197e-01  ,9.003492151827e-01  ,1.140185944524e+00  ,6.597441209153e-01  ,6.061105943673e-01  ,1.194587835998e+00  
  5.323540592440e-08  ,4.991205071651e-01  ,-5.906471186913e-01  ,8.999650905018e-01  ,9.003452925560e-01  ,1.149525344084e+00  ,6.504048369192e-01  ,6.050217332103e-01  ,1.195668851902e+00  
  5.333540668585e-08  ,5.177212168461e-01  ,-5.927844628780e-01  ,8.999651479707e-01  ,9.003411930465e-01  ,1.158825756394e+00  ,6.411045395476e-01  ,6.039489616075e-01  ,1.196733424485e+00  
  5.343540744730e-08  ,5.362405121272e-01  ,-5.948886709308e-01  ,8.999652051093e-01  ,9.003369334509e-01  ,1.168085461173e+00  ,6.318449490457e-01  ,6.028925979855e-01  ,1.197781268916e+00  
  5.353540820875e-08  ,5.546754559302e-01  ,-5.969592270241e-01  ,8.999652619018e-01  ,9.003325275918e-01  ,1.177302989867e+00  ,6.226275339367e-01  ,6.018529140797e-01  ,1.198812141104e+00  
  5.363540897020e-08  ,5.730226668866e-01  ,-5.989955308549e-01  ,8.999653183321e-01  ,9.003279910237e-01  ,1.186476651775e+00  ,6.134539848888e-01  ,6.008302255962e-01  ,1.199825756451e+00  
  5.373540973165e-08  ,5.912802183365e-01  ,-6.009972401756e-01  ,8.999653743890e-01  ,9.003233323775e-01  ,1.195605483557e+00  ,6.043252652208e-01  ,5.998247122897e-01  ,1.200821952465e+00  
  5.383541049310e-08  ,6.094442729104e-01  ,-6.029636717744e-01  ,8.999654300500e-01  ,9.003185685877e-01  ,1.204687566505e+00  ,5.952432935948e-01  ,5.988367327005e-01  ,1.201800404475e+00  
  5.393541125455e-08  ,6.275129153363e-01  ,-6.048944851581e-01  ,8.999654853036e-01  ,9.003137077497e-01  ,1.213721942972e+00  ,5.862090276354e-01  ,5.978664651707e-01  ,1.202760950329e+00  
  5.403541201600e-08  ,6.454827961649e-01  ,-6.067890854385e-01  ,8.999655401296e-01  ,9.003087634026e-01  ,1.222706938212e+00  ,5.772241420472e-01  ,5.969142206834e-01  ,1.203703306122e+00  
  5.413541277745e-08  ,6.633510609565e-01  ,-6.086469646267e-01  ,8.999655945099e-01  ,9.003037455672e-01  ,1.231641124988e+00  ,5.682900640317e-01  ,5.959802632538e-01  ,1.204627227881e+00  
  5.423541353890e-08  ,6.811144284165e-01  ,-6.104675323488e-01  ,8.999656484255e-01  ,9.002986633241e-01  ,1.240522862634e+00  ,5.594084342172e-01  ,5.950648971497e-01  ,1.205532429499e+00  
  5.433541430034e-08  ,6.987710314323e-01  ,-6.122504524397e-01  ,8.999657018641e-01  ,9.002935205106e-01  ,1.249351217580e+00  ,5.505801861480e-01  ,5.941682942907e-01  ,1.206418746730e+00  
  5.443541506179e-08  ,7.163176027331e-01  ,-6.139951378784e-01  ,8.999657548041e-01  ,9.002883225821e-01  ,1.258124556171e+00  ,5.418069534375e-01  ,5.932907536429e-01  ,1.207285891521e+00  
  5.453541582324e-08  ,7.337513558837e-01  ,-6.157010879760e-01  ,8.999658072276e-01  ,9.002830719422e-01  ,1.266841485170e+00  ,5.330901292858e-01  ,5.924325279542e-01  ,1.208133615930e+00  
  5.463541658469e-08  ,7.510690892341e-01  ,-6.173677214335e-01  ,8.999658591162e-01  ,9.002777691618e-01  ,1.275500403733e+00  ,5.244313144991e-01  ,5.915939084451e-01  ,1.208961629879e+00  
  5.473541734614e-08  ,7.682689822027e-01  ,-6.189947075045e-01  ,8.999659104576e-01  ,9.002724135384e-01  ,1.284100401559e+00  ,5.158314193562e-01  ,5.907750597861e-01  ,1.209769767291e+00  
  5.483541810759e-08  ,7.853474142732e-01  ,-6.205813869063e-01  ,8.999659612294e-01  ,9.002670024250e-01  ,1.292639668366e+00  ,5.072922540928e-01  ,5.899763089718e-01  ,1.210557695878e+00  
  5.493541886904e-08  ,8.023025832702e-01  ,-6.221274318848e-01  ,8.999660114208e-01  ,9.002615335746e-01  ,1.301117303056e+00  ,4.988147197858e-01  ,5.891978176322e-01  ,1.211325249517e+00  
  5.503541963049e-08  ,8.191309114473e-01  ,-6.236321893657e-01  ,8.999660610112e-01  ,9.002560014256e-01  ,1.309531516735e+00  ,4.904006052876e-01  ,5.884399067427e-01  ,1.212072096108e+00  
  5.513542039194e-08  ,8.358300505285e-01  ,-6.250952271328e-01  ,8.999661099871e-01  ,9.002504005654e-01  ,1.317881135251e+00  ,4.820510847228e-01  ,5.877027869990e-01  ,1.212798014132e+00  
  5.523542115339e-08  ,8.523980885953e-01  ,-6.265161952613e-01  ,8.999661583372e-01  ,9.002447257143e-01  ,1.326165202635e+00  ,4.737671140395e-01  ,5.869866280836e-01  ,1.213502823345e+00  
  5.533542191484e-08  ,8.688317929865e-01  ,-6.278945036205e-01  ,8.999662060428e-01  ,9.002389664847e-01  ,1.334382102536e+00  ,4.655503095496e-01  ,5.862917146744e-01  ,1.214186218295e+00  
  5.543542267629e-08  ,8.851285423678e-01  ,-6.292296732458e-01  ,8.999662530904e-01  ,9.002331118574e-01  ,1.342530524274e+00  ,4.574019819065e-01  ,5.856182752345e-01  ,1.214847948480e+00  
  5.553542343774e-08  ,9.012853397247e-01  ,-6.305211494108e-01  ,8.999662994664e-01  ,9.002271471337e-01  ,1.350608969329e+00  ,4.493236296041e-01  ,5.849665724283e-01  ,1.215487721839e+00  
  5.563542419919e-08  ,9.173004862200e-01  ,-6.317686171958e-01  ,8.999663451620e-01  ,9.002210631345e-01  ,1.358616588272e+00  ,4.413161020520e-01  ,5.843367545366e-01  ,1.216105371732e+00  
  5.573542496064e-08  ,9.331710147940e-01  ,-6.329715275990e-01  ,8.999663901622e-01  ,9.002148430678e-01  ,1.366551897559e+00  ,4.333808827652e-01  ,5.837290792683e-01  ,1.216700606867e+00  
  5.583542572208e-08  ,9.488944052702e-01  ,-6.341294140697e-01  ,8.999664344565e-01  ,9.002084714748e-01  ,1.374413637092e+00  ,4.255192318214e-01  ,5.831437644399e-01  ,1.217273178510e+00  
  5.593542648353e-08  ,9.644677715012e-01  ,-6.352417367880e-01  ,8.999664780342e-01  ,9.002019303147e-01  ,1.382200363785e+00  ,4.177325922836e-01  ,5.825810619207e-01  ,1.217822798709e+00  
  5.603542724498e-08  ,9.798889507320e-01  ,-6.363080880173e-01  ,8.999665208869e-01  ,9.001952061256e-01  ,1.389910996253e+00  ,4.100220455209e-01  ,5.820411621170e-01  ,1.218349250134e+00  
  5.613542800643e-08  ,9.951561820419e-01  ,-6.373281381408e-01  ,8.999665630077e-01  ,9.001882879696e-01  ,1.397544654029e+00  ,4.023884719868e-01  ,5.815242188992e-01  ,1.218852357040e+00  
  5.623542876788e-08  ,1.010266489305e+00  ,-6.383013320686e-01  ,8.999666043854e-01  ,9.001811572495e-01  ,1.405099849038e+00  ,3.948333597330e-01  ,5.810304912152e-01  ,1.219331823284e+00  
  5.633542952933e-08  ,1.025217081410e+00  ,-6.392271466640e-01  ,8.999666450125e-01  ,9.001737961401e-01  ,1.412575185717e+00  ,3.873581043076e-01  ,5.805602228080e-01  ,1.219787369472e+00  
  5.643543029078e-08  ,1.040005877199e+00  ,-6.401051873952e-01  ,8.999666848838e-01  ,9.001661912428e-01  ,1.419969623483e+00  ,3.799637462841e-01  ,5.801135975452e-01  ,1.220218784940e+00  
  5.653543105223e-08  ,1.054630640485e+00  ,-6.409350300452e-01  ,8.999667239932e-01  ,9.001583282082e-01  ,1.427282044235e+00  ,3.726514037509e-01  ,5.796908131856e-01  ,1.220625843231e+00  
  5.663543181368e-08  ,1.069089650137e+00  ,-6.417163505585e-01  ,8.999667623358e-01  ,9.001501961401e-01  ,1.434511587405e+00  ,3.654219372671e-01  ,5.792920208609e-01  ,1.221008371419e+00  
  5.673543257513e-08  ,1.083380031327e+00  ,-6.424486094752e-01  ,8.999667999042e-01  ,9.001417771755e-01  ,1.441656815568e+00  ,3.582767842408e-01  ,5.789174724379e-01  ,1.221366081913e+00  
  5.683543333658e-08  ,1.097499139932e+00  ,-6.431313075540e-01  ,8.999668366948e-01  ,9.001330561169e-01  ,1.448716406661e+00  ,3.512172667288e-01  ,5.785674023399e-01  ,1.221698709894e+00  
  5.693543409803e-08  ,1.111445488153e+00  ,-6.437641624242e-01  ,8.999668727052e-01  ,9.001240252913e-01  ,1.455689616782e+00  ,3.442441286288e-01  ,5.782419440792e-01  ,1.222006106503e+00  
  5.703543485948e-08  ,1.125216485686e+00  ,-6.443466828851e-01  ,8.999669079315e-01  ,9.001146723528e-01  ,1.462575150774e+00  ,3.373586650885e-01  ,5.779413309103e-01  ,1.222288013795e+00  
  5.713543562093e-08  ,1.138809946114e+00  ,-6.448784535342e-01  ,8.999669423710e-01  ,9.001049887735e-01  ,1.469371915428e+00  ,3.305619693139e-01  ,5.776657620064e-01  ,1.222544215541e+00  
  5.723543638238e-08  ,1.152223376735e+00  ,-6.453589959989e-01  ,8.999669760238e-01  ,9.000949670868e-01  ,1.476078664391e+00  ,3.238552876565e-01  ,5.774154690874e-01  ,1.222774465086e+00  
  5.733543714382e-08  ,1.165455369889e+00  ,-6.457880400861e-01  ,8.999670088886e-01  ,9.000846043470e-01  ,1.482694693833e+00  ,3.172393239442e-01  ,5.771905843040e-01  ,1.222978624390e+00  
  5.743543790527e-08  ,1.178503473333e+00  ,-6.461651162042e-01  ,8.999670409636e-01  ,9.000738965518e-01  ,1.489218777630e+00  ,3.107153042973e-01  ,5.769913384497e-01  ,1.223156454654e+00  
  5.753543866672e-08  ,1.191365288614e+00  ,-6.464897629873e-01  ,8.999670722496e-01  ,9.000628421473e-01  ,1.495649716556e+00  ,3.042844279427e-01  ,5.768179606536e-01  ,1.223307723641e+00  
  5.763543942817e-08  ,1.204039030568e+00  ,-6.467616341897e-01  ,8.999671027480e-01  ,9.000514413438e-01  ,1.501986618032e+00  ,2.979475874639e-01  ,5.766706242490e-01  ,1.223432258439e+00  
  5.773544018962e-08  ,1.216523251329e+00  ,-6.469804509426e-01  ,8.999671324589e-01  ,9.000396951153e-01  ,1.508228758123e+00  ,2.917055067946e-01  ,5.765494696440e-01  ,1.223529920587e+00  
  5.783544095107e-08  ,1.228815197255e+00  ,-6.471456828763e-01  ,8.999671613835e-01  ,9.000276074018e-01  ,1.514374760011e+00  ,2.855595627560e-01  ,5.764547659636e-01  ,1.223600448840e+00  
  5.793544171252e-08  ,1.240913152866e+00  ,-6.472569978659e-01  ,8.999671895236e-01  ,9.000151832486e-01  ,1.520423765956e+00  ,2.795106130908e-01  ,5.763866843156e-01  ,1.223643682182e+00  
  5.803544247397e-08  ,1.252815285673e+00  ,-6.473140404135e-01  ,8.999672168814e-01  ,9.000024295555e-01  ,1.526374859718e+00  ,2.735595740448e-01  ,5.763454093488e-01  ,1.223659449762e+00  
  5.813544323542e-08  ,1.264519741898e+00  ,-6.473164508628e-01  ,8.999672434591e-01  ,8.999893550880e-01  ,1.532227114408e+00  ,2.677073725103e-01  ,5.763311296566e-01  ,1.223647580519e+00  
  5.823544399687e-08  ,1.276025126888e+00  ,-6.472639605195e-01  ,8.999672692579e-01  ,8.999759676187e-01  ,1.537979832702e+00  ,2.619547058139e-01  ,5.763439873589e-01  ,1.223607947878e+00  
  5.833544475832e-08  ,1.287329129899e+00  ,-6.471561254392e-01  ,8.999672942804e-01  ,8.999622816964e-01  ,1.543631859230e+00  ,2.563027293308e-01  ,5.763842189768e-01  ,1.223540344416e+00  
  5.843544551977e-08  ,1.298429943818e+00  ,-6.469925980375e-01  ,8.999673185300e-01  ,8.999483116644e-01  ,1.549182290439e+00  ,2.507523466209e-01  ,5.764520126457e-01  ,1.223444610683e+00  
  5.853544628122e-08  ,1.309325529677e+00  ,-6.467729808275e-01  ,8.999673420115e-01  ,8.999340759718e-01  ,1.554630106850e+00  ,2.453045771732e-01  ,5.765475855581e-01  ,1.223320566386e+00  
  5.863544704267e-08  ,1.320014378487e+00  ,-6.464969771922e-01  ,8.999673647281e-01  ,8.999195896133e-01  ,1.559974553971e+00  ,2.399601754847e-01  ,5.766711010171e-01  ,1.223168078209e+00  
  5.873544780412e-08  ,1.330494878928e+00  ,-6.461642706349e-01  ,8.999673866830e-01  ,8.999048695328e-01  ,1.565214826147e+00  ,2.347199472191e-01  ,5.768227342154e-01  ,1.222987004850e+00  
  5.883544856556e-08  ,1.340765403227e+00  ,-6.457745421389e-01  ,8.999674078793e-01  ,8.998899339193e-01  ,1.570350109493e+00  ,2.295847062658e-01  ,5.770026628499e-01  ,1.222777204989e+00  
  5.893544932701e-08  ,1.350824729165e+00  ,-6.453275541691e-01  ,8.999674283192e-01  ,8.998747970253e-01  ,1.575379792902e+00  ,2.245550637369e-01  ,5.772110199407e-01  ,1.222538574110e+00  
  5.903545008846e-08  ,1.360670582613e+00  ,-6.448228648187e-01  ,8.999674480067e-01  ,8.998594866292e-01  ,1.580302739313e+00  ,2.196321567000e-01  ,5.774480542198e-01  ,1.222270919038e+00  
  5.913545084991e-08  ,1.370301589294e+00  ,-6.442602054249e-01  ,8.999674669448e-01  ,8.998440209923e-01  ,1.585118261592e+00  ,2.148166722978e-01  ,5.777139182798e-01  ,1.221974123705e+00  
  5.923545161136e-08  ,1.379716290677e+00  ,-6.436392900884e-01  ,8.999674851366e-01  ,8.998284202081e-01  ,1.589825630475e+00  ,2.101093397979e-01  ,5.780087751639e-01  ,1.221648065252e+00  
  5.933545237281e-08  ,1.388913576763e+00  ,-6.429599025211e-01  ,8.999675025834e-01  ,8.998126999455e-01  ,1.594424290965e+00  ,2.055107142020e-01  ,5.783327486850e-01  ,1.221292651206e+00  
  5.943545313426e-08  ,1.397891379752e+00  ,-6.422216396336e-01  ,8.999675192879e-01  ,8.997968902755e-01  ,1.598913209164e+00  ,2.010218294118e-01  ,5.786860704587e-01  ,1.220907710092e+00  
  5.953545389571e-08  ,1.406648751749e+00  ,-6.414243169077e-01  ,8.999675352510e-01  ,8.997810055308e-01  ,1.603291911126e+00  ,1.966431593763e-01  ,5.790688470770e-01  ,1.220493163985e+00  
  5.963545465716e-08  ,1.415184057415e+00  ,-6.405676160314e-01  ,8.999675504742e-01  ,8.997650705061e-01  ,1.607559579182e+00  ,1.923755217665e-01  ,5.794812624904e-01  ,1.220048878522e+00  
  5.973545541861e-08  ,1.423495731296e+00  ,-6.396512302751e-01  ,8.999675649583e-01  ,8.997491089561e-01  ,1.611715430607e+00  ,1.882196993101e-01  ,5.799234938186e-01  ,1.219574724094e+00  
  5.983545618006e-08  ,1.431582625372e+00  ,-6.386749332771e-01  ,8.999675787039e-01  ,8.997331381481e-01  ,1.615758891390e+00  ,1.841762660178e-01  ,5.803956715095e-01  ,1.219070604787e+00  
  5.993545694151e-08  ,1.439443817093e+00  ,-6.376385445059e-01  ,8.999675917106e-01  ,8.997171717643e-01  ,1.619689500257e+00  ,1.802456831639e-01  ,5.808978995113e-01  ,1.218536444017e+00  
  6.003545770296e-08  ,1.447077570492e+00  ,-6.365417248977e-01  ,8.999676039769e-01  ,8.997012352403e-01  ,1.623506389223e+00  ,1.764288187310e-01  ,5.814303727914e-01  ,1.217972097689e+00  
  6.013545846441e-08  ,1.454483082013e+00  ,-6.353843183748e-01  ,8.999676155016e-01  ,8.996853399986e-01  ,1.627209156508e+00  ,1.727260744949e-01  ,5.819931808112e-01  ,1.217377499186e+00  
  6.023545922586e-08  ,1.461658968597e+00  ,-6.341660567226e-01  ,8.999676262822e-01  ,8.996695053164e-01  ,1.630797110581e+00  ,1.691381419837e-01  ,5.825864769550e-01  ,1.216752533678e+00  
  6.033545998730e-08  ,1.468603915072e+00  ,-6.328866840907e-01  ,8.999676363151e-01  ,8.996537486728e-01  ,1.634269593851e+00  ,1.656656787792e-01  ,5.832104066274e-01  ,1.216097090718e+00  
  6.043546074875e-08  ,1.475316963423e+00  ,-6.315460133471e-01  ,8.999676455971e-01  ,8.996380823192e-01  ,1.637626127309e+00  ,1.623091638854e-01  ,5.838650756457e-01  ,1.215411088993e+00  
  6.053546151020e-08  ,1.481797103179e+00  ,-6.301438478067e-01  ,8.999676541238e-01  ,8.996225186761e-01  ,1.640866205713e+00  ,1.590691025345e-01  ,5.845505947728e-01  ,1.214694442579e+00  
  6.063546227165e-08  ,1.488043571299e+00  ,-6.286800404336e-01  ,8.999676618911e-01  ,8.996070666291e-01  ,1.643989447541e+00  ,1.559458762417e-01  ,5.852670464122e-01  ,1.213947086846e+00  
  6.073546303310e-08  ,1.494055114246e+00  ,-6.271543511611e-01  ,8.999676688917e-01  ,8.995917399671e-01  ,1.646995226015e+00  ,1.529401117690e-01  ,5.860145643865e-01  ,1.213168915548e+00  
  6.083546379455e-08  ,1.499830626110e+00  ,-6.255665690703e-01  ,8.999676751185e-01  ,8.995765489136e-01  ,1.649882988173e+00  ,1.500523620638e-01  ,5.867932643785e-01  ,1.212359833449e+00  
  6.093546455600e-08  ,1.505369501909e+00  ,-6.239165789323e-01  ,8.999676805669e-01  ,8.995614983109e-01  ,1.652652431521e+00  ,1.472829296127e-01  ,5.876032088448e-01  ,1.211519787777e+00  
  6.103546531745e-08  ,1.510670571014e+00  ,-6.222041583191e-01  ,8.999676852270e-01  ,8.995465965069e-01  ,1.655302970734e+00  ,1.446323997200e-01  ,5.884445173473e-01  ,1.210648675666e+00  
  6.113546607890e-08  ,1.515733103056e+00  ,-6.204291691253e-01  ,8.999676890917e-01  ,8.995318474714e-01  ,1.657834240620e+00  ,1.421011375636e-01  ,5.893172629088e-01  ,1.209746432034e+00  
  6.123546684035e-08  ,1.520556336067e+00  ,-6.185914682032e-01  ,8.999676921528e-01  ,8.995172545838e-01  ,1.660245860186e+00  ,1.396895241193e-01  ,5.902215204822e-01  ,1.208812988685e+00  
  6.133546760180e-08  ,1.525139520979e+00  ,-6.166909161485e-01  ,8.999676944015e-01  ,8.995028202916e-01  ,1.662537454891e+00  ,1.373979339122e-01  ,5.911573622173e-01  ,1.207848278366e+00  
  6.143546836325e-08  ,1.529482110123e+00  ,-6.147274124353e-01  ,8.999676958309e-01  ,8.994885458038e-01  ,1.664708750892e+00  ,1.352266407695e-01  ,5.921248395862e-01  ,1.206852252021e+00  
  6.153546912470e-08  ,1.533583112447e+00  ,-6.127007768240e-01  ,8.999676964279e-01  ,8.994744322112e-01  ,1.666759252652e+00  ,1.331761402043e-01  ,5.931240437992e-01  ,1.205824820623e+00  
  6.163546988615e-08  ,1.537441962207e+00  ,-6.106109080421e-01  ,8.999676961844e-01  ,8.994604788521e-01  ,1.668688677288e+00  ,1.312467150810e-01  ,5.941550248310e-01  ,1.204765932873e+00  
  6.173547064760e-08  ,1.541058077903e+00  ,-6.084577031074e-01  ,8.999676950914e-01  ,8.994466843380e-01  ,1.670496734043e+00  ,1.294386561397e-01  ,5.952178327843e-01  ,1.203675535892e+00  
  6.183547140904e-08  ,1.544431031760e+00  ,-6.062410875373e-01  ,8.999676931420e-01  ,8.994330471300e-01  ,1.672183209022e+00  ,1.277521772618e-01  ,5.963125033613e-01  ,1.202553590899e+00  
  6.193547217049e-08  ,1.547560136813e+00  ,-6.039609434702e-01  ,8.999676903245e-01  ,8.994195639794e-01  ,1.673747758731e+00  ,1.261876219178e-01  ,5.974390922443e-01  ,1.201400035714e+00  
  6.203547293194e-08  ,1.550444822145e+00  ,-6.016171764832e-01  ,8.999676866287e-01  ,8.994062303506e-01  ,1.675190097701e+00  ,1.247452755561e-01  ,5.985976421090e-01  ,1.200214818592e+00  
  6.213547369339e-08  ,1.553084788370e+00  ,-5.992097384630e-01  ,8.999676820492e-01  ,8.993930432386e-01  ,1.676510076234e+00  ,1.234252878641e-01  ,5.997881740071e-01  ,1.198997912470e+00  
  6.223547445484e-08  ,1.555479475839e+00  ,-5.967385420113e-01  ,8.999676765749e-01  ,8.993799962053e-01  ,1.677707414494e+00  ,1.222279386556e-01  ,6.010107251996e-01  ,1.197749267211e+00  
  6.233547521629e-08  ,1.557628560676e+00  ,-5.942035400277e-01  ,8.999676701997e-01  ,8.993670845593e-01  ,1.678781950538e+00  ,1.211533898616e-01  ,6.022653145454e-01  ,1.196468854573e+00  
  6.243547597774e-08  ,1.559531797469e+00  ,-5.916046984625e-01  ,8.999676629186e-01  ,8.993543044320e-01  ,1.679733561653e+00  ,1.202017641842e-01  ,6.035519552007e-01  ,1.195156653663e+00  
  6.253547673919e-08  ,1.561188757321e+00  ,-5.889419618865e-01  ,8.999676547231e-01  ,8.993416483501e-01  ,1.680562033384e+00  ,1.193732760624e-01  ,6.048706674068e-01  ,1.193812629293e+00  
  6.263547750064e-08  ,1.562599269919e+00  ,-5.862153119389e-01  ,8.999676456099e-01  ,8.993291127434e-01  ,1.681267280569e+00  ,1.186680106504e-01  ,6.062214567739e-01  ,1.192436768713e+00  
  6.273547826209e-08  ,1.563763063552e+00  ,-5.834247225464e-01  ,8.999676355737e-01  ,8.993166914452e-01  ,1.681849167350e+00  ,1.180861037978e-01  ,6.076043301720e-01  ,1.191029052718e+00  
  6.283547902354e-08  ,1.564679931498e+00  ,-5.805701828601e-01  ,8.999676246109e-01  ,8.993043785406e-01  ,1.682307590360e+00  ,1.176276588617e-01  ,6.090192871105e-01  ,1.189589469971e+00  
  6.293547978499e-08  ,1.565349781851e+00  ,-5.776516928303e-01  ,8.999676127202e-01  ,8.992921707922e-01  ,1.682642503646e+00  ,1.172927217947e-01  ,6.104663243770e-01  ,1.188118017207e+00  
  6.303548054644e-08  ,1.565772480233e+00  ,-5.746692585643e-01  ,8.999675999000e-01  ,8.992800627104e-01  ,1.682853840017e+00  ,1.170813597834e-01  ,6.119454334282e-01  ,1.186614691993e+00  
  6.313548130789e-08  ,1.565947956339e+00  ,-5.716229017147e-01  ,8.999675861506e-01  ,8.992680492974e-01  ,1.682941564320e+00  ,1.169936079812e-01  ,6.134565984401e-01  ,1.185079500155e+00  
  6.323548206934e-08  ,1.565876196215e+00  ,-5.685126409120e-01  ,8.999675714728e-01  ,8.992561279456e-01  ,1.682905669580e+00  ,1.170294733654e-01  ,6.149998074896e-01  ,1.183512448402e+00  
  6.333548283078e-08  ,1.565557202345e+00  ,-5.653385150422e-01  ,8.999675558691e-01  ,8.992442944160e-01  ,1.682746157042e+00  ,1.171889546965e-01  ,6.165750368949e-01  ,1.181913551937e+00  
  6.343548359223e-08  ,1.564991026784e+00  ,-5.621005693552e-01  ,8.999675393434e-01  ,8.992325457833e-01  ,1.682463052735e+00  ,1.174720259515e-01  ,6.181822611057e-01  ,1.180282830461e+00  
  6.353548435368e-08  ,1.564177760099e+00  ,-5.587988585979e-01  ,8.999675219003e-01  ,8.992208798496e-01  ,1.682056401950e+00  ,1.178786418511e-01  ,6.198214505506e-01  ,1.178620309149e+00  
  6.363548511513e-08  ,1.563117531606e+00  ,-5.554334470543e-01  ,8.999675035459e-01  ,8.992092952169e-01  ,1.681526269349e+00  ,1.184087377427e-01  ,6.214925716897e-01  ,1.176926018744e+00  
  6.373548587658e-08  ,1.561810542286e+00  ,-5.520044227644e-01  ,8.999674842887e-01  ,8.991977913482e-01  ,1.680872755432e+00  ,1.190622131458e-01  ,6.231955799660e-01  ,1.175200002730e+00  
  6.383548663803e-08  ,1.560256983284e+00  ,-5.485118627951e-01  ,8.999674641362e-01  ,8.991863686580e-01  ,1.680095955778e+00  ,1.198389724943e-01  ,6.249304372604e-01  ,1.173442300056e+00  
  6.393548739948e-08  ,1.558457031348e+00  ,-5.449558343348e-01  ,8.999674430952e-01  ,8.991750278567e-01  ,1.679195958769e+00  ,1.207389274210e-01  ,6.266971106893e-01  ,1.171652945024e+00  
  6.403548816093e-08  ,1.556411018177e+00  ,-5.413364584337e-01  ,8.999674211782e-01  ,8.991637707399e-01  ,1.678172930267e+00  ,1.217619120897e-01  ,6.284955415230e-01  ,1.169831999957e+00  
  6.413548892238e-08  ,1.554119329673e+00  ,-5.376538683840e-01  ,8.999673983982e-01  ,8.991526004264e-01  ,1.677027063235e+00  ,1.229077335617e-01  ,6.303256662344e-01  ,1.167979534618e+00  
  6.423548968383e-08  ,1.551582295202e+00  ,-5.339081759137e-01  ,8.999673747660e-01  ,8.991415200792e-01  ,1.675758522367e+00  ,1.241762271650e-01  ,6.321874321224e-01  ,1.166095608036e+00  
  6.433549044528e-08  ,1.548800302314e+00  ,-5.300995098351e-01  ,8.999673502939e-01  ,8.991305337481e-01  ,1.674367501451e+00  ,1.255671991368e-01  ,6.340807788306e-01  ,1.164180288666e+00  
  6.443549120673e-08  ,1.545773675196e+00  ,-5.262279746788e-01  ,8.999673249923e-01  ,8.991196449967e-01  ,1.672854162590e+00  ,1.270804873944e-01  ,6.360056576573e-01  ,1.162233632336e+00  
  6.453549196818e-08  ,1.542502992071e+00  ,-5.222937534261e-01  ,8.999672988784e-01  ,8.991088604607e-01  ,1.671218794914e+00  ,1.287158028427e-01  ,6.379619837476e-01  ,1.160255737174e+00  
  6.463549272963e-08  ,1.538988866780e+00  ,-5.182970368309e-01  ,8.999672719689e-01  ,8.990981879938e-01  ,1.669461705359e+00  ,1.304728385788e-01  ,6.399496695783e-01  ,1.158246706409e+00  
  6.473549349108e-08  ,1.535231799530e+00  ,-5.142379805189e-01  ,8.999672442768e-01  ,8.990876345002e-01  ,1.667583144042e+00  ,1.323513445120e-01  ,6.419686442408e-01  ,1.156206624760e+00  
  6.483549425252e-08  ,1.531232219463e+00  ,-5.101167156335e-01  ,8.999672158132e-01  ,8.990772060000e-01  ,1.665583325545e+00  ,1.343511060817e-01  ,6.440188481832e-01  ,1.154135563817e+00  
  6.493549501397e-08  ,1.526990886390e+00  ,-5.059334716477e-01  ,8.999671865968e-01  ,8.990669132969e-01  ,1.663462629792e+00  ,1.364717434016e-01  ,6.461001774731e-01  ,1.152033649121e+00  
  6.503549577542e-08  ,1.522508477937e+00  ,-5.016884502196e-01  ,8.999671566427e-01  ,8.990567662822e-01  ,1.661221395611e+00  ,1.387129176744e-01  ,6.482125411724e-01  ,1.149900991392e+00  
  6.513549653687e-08  ,1.517785705708e+00  ,-4.973818630203e-01  ,8.999671259657e-01  ,8.990467754617e-01  ,1.658859978820e+00  ,1.410742731116e-01  ,6.503558439516e-01  ,1.147737706972e+00  
  6.523549729832e-08  ,1.512823317384e+00  ,-4.930139317622e-01  ,8.999670945807e-01  ,8.990369519420e-01  ,1.656378753273e+00  ,1.435554358887e-01  ,6.525299860609e-01  ,1.145543917823e+00  
  6.533549805977e-08  ,1.507622097690e+00  ,-4.885848882280e-01  ,8.999670625023e-01  ,8.990273074481e-01  ,1.653778111347e+00  ,1.461560136573e-01  ,6.547348633341e-01  ,1.143319751562e+00  
  6.543549882122e-08  ,1.502182868796e+00  ,-4.840949742854e-01  ,8.999670297439e-01  ,8.990178542408e-01  ,1.651058464142e+00  ,1.488755953457e-01  ,6.569703670981e-01  ,1.141065341383e+00  
  6.553549958267e-08  ,1.496506490445e+00  ,-4.795444418803e-01  ,8.999669963195e-01  ,8.990086049520e-01  ,1.648220241542e+00  ,1.517137510972e-01  ,6.592363840118e-01  ,1.138780825892e+00  
  6.563550034412e-08  ,1.490593859919e+00  ,-4.749335530271e-01  ,8.999669622419e-01  ,8.989995725693e-01  ,1.645263892201e+00  ,1.546700322824e-01  ,6.615327960557e-01  ,1.136466349083e+00  
  6.573550110557e-08  ,1.484445911946e+00  ,-4.702625798216e-01  ,8.999669275233e-01  ,8.989907706309e-01  ,1.642189883496e+00  ,1.577439715505e-01  ,6.638594807201e-01  ,1.134122060542e+00  
  6.583550186702e-08  ,1.478063618564e+00  ,-4.655318044627e-01  ,8.999668921752e-01  ,8.989822132467e-01  ,1.638998701457e+00  ,1.609350828931e-01  ,6.662163110154e-01  ,1.131748115478e+00  
  6.593550262847e-08  ,1.471447988975e+00  ,-4.607415192519e-01  ,8.999668562081e-01  ,8.989739147907e-01  ,1.635690850696e+00  ,1.642428617204e-01  ,6.686031551648e-01  ,1.129344674417e+00  
  6.603550338992e-08  ,1.464600069370e+00  ,-4.558920265816e-01  ,8.999668196319e-01  ,8.989658896895e-01  ,1.632266854317e+00  ,1.676667849471e-01  ,6.710198763987e-01  ,1.126911902980e+00  
  6.613550415137e-08  ,1.457520942754e+00  ,-4.509836389387e-01  ,8.999667824562e-01  ,8.989581525102e-01  ,1.628727253833e+00  ,1.712063110792e-01  ,6.734663330408e-01  ,1.124449971980e+00  
  6.623550491282e-08  ,1.450211914116e+00  ,-4.460167346638e-01  ,8.999667446893e-01  ,8.989507205096e-01  ,1.625072701747e+00  ,1.748607876314e-01  ,6.759423531777e-01  ,1.121959087842e+00  
  6.633550567427e-08  ,1.442673756096e+00  ,-4.409915367091e-01  ,8.999667063364e-01  ,8.989436035423e-01  ,1.621303584384e+00  ,1.786298282885e-01  ,6.784478351877e-01  ,1.119439371897e+00  
  6.643550643571e-08  ,1.434907851104e+00  ,-4.359084419944e-01  ,8.999666674056e-01  ,8.989368186447e-01  ,1.617420592958e+00  ,1.825127418535e-01  ,6.809825976474e-01  ,1.116891039642e+00  
  6.653550719716e-08  ,1.426915637342e+00  ,-4.307678642933e-01  ,8.999666279028e-01  ,8.989303822858e-01  ,1.613424446574e+00  ,1.865088092319e-01  ,6.835464501391e-01  ,1.114314314432e+00  
  6.663550795861e-08  ,1.418697961098e+00  ,-4.255700467736e-01  ,8.999665878310e-01  ,8.989243037174e-01  ,1.609315568380e+00  ,1.906176072820e-01  ,6.861392803306e-01  ,1.111709327104e+00  
  6.673550872006e-08  ,1.410256332628e+00  ,-4.203154217061e-01  ,8.999665471952e-01  ,8.989185990473e-01  ,1.605094713509e+00  ,1.948383808810e-01  ,6.887608881942e-01  ,1.109076309900e+00  
  6.683550948151e-08  ,1.401592094615e+00  ,-4.150043723422e-01  ,8.999665059988e-01  ,8.989132817755e-01  ,1.600762553306e+00  ,1.991704586914e-01  ,6.914110956044e-01  ,1.106415467947e+00  
  6.693551024296e-08  ,1.392706620624e+00  ,-4.096372920106e-01  ,8.999664642434e-01  ,8.989083648269e-01  ,1.596319774555e+00  ,2.036131539315e-01  ,6.940897188216e-01  ,1.103727010832e+00  
  6.703551100441e-08  ,1.383601317183e+00  ,-4.042145840892e-01  ,8.999664219312e-01  ,8.989038604563e-01  ,1.591767080523e+00  ,2.081657633398e-01  ,6.967965684117e-01  ,1.101011152501e+00  
  6.713551176586e-08  ,1.374277624702e+00  ,-3.987366619868e-01  ,8.999663790637e-01  ,8.988997803910e-01  ,1.587105191414e+00  ,2.128275667129e-01  ,6.995314493976e-01  ,1.098268111384e+00  
  6.723551252731e-08  ,1.364737017786e+00  ,-3.932039491445e-01  ,8.999663356407e-01  ,8.988961358475e-01  ,1.582334844534e+00  ,2.175978267476e-01  ,7.022941612752e-01  ,1.095498110420e+00  
  6.733551328876e-08  ,1.354981005273e+00  ,-3.876168790393e-01  ,8.999662916631e-01  ,8.988929372371e-01  ,1.577456794300e+00  ,2.224757890267e-01  ,7.050844977174e-01  ,1.092701376757e+00  
  6.743551405021e-08  ,1.345011130114e+00  ,-3.819758951612e-01  ,8.999662471307e-01  ,8.988901938256e-01  ,1.572471812188e+00  ,2.274606820736e-01  ,7.079022462450e-01  ,1.089878141406e+00  
  6.753551481166e-08  ,1.334829227589e+00  ,-3.762815284904e-01  ,8.999662020423e-01  ,8.988879150013e-01  ,1.567380815837e+00  ,2.325515882479e-01  ,7.107471507561e-01  ,1.087028679246e+00  
  6.763551557311e-08  ,1.324436372383e+00  ,-3.705340890792e-01  ,8.999661563980e-01  ,8.988861055782e-01  ,1.562184342590e+00  ,2.377479702063e-01  ,7.136190610386e-01  ,1.084153150118e+00  
  6.773551633456e-08  ,1.313834475529e+00  ,-3.647341261390e-01  ,8.999661101977e-01  ,8.988847733480e-01  ,1.556883347962e+00  ,2.430488724334e-01  ,7.165177102785e-01  ,1.081251836417e+00  
  6.783551709601e-08  ,1.303025222897e+00  ,-3.588821229281e-01  ,8.999660634408e-01  ,8.988839235971e-01  ,1.551478674889e+00  ,2.484534519922e-01  ,7.194428621330e-01  ,1.078324985061e+00  
  6.793551785745e-08  ,1.292010608130e+00  ,-3.529786566648e-01  ,8.999660161263e-01  ,8.988835608319e-01  ,1.545971320191e+00  ,2.539607120613e-01  ,7.223942324995e-01  ,1.075372889164e+00  
  6.803551861890e-08  ,1.280791794471e+00  ,-3.470240637366e-01  ,8.999659682544e-01  ,8.988836869592e-01  ,1.540361865490e+00  ,2.595700710187e-01  ,7.253716550909e-01  ,1.072395718827e+00  
  6.813551938035e-08  ,1.269370847069e+00  ,-3.410189393519e-01  ,8.999659198259e-01  ,8.988843047130e-01  ,1.534651343360e+00  ,2.652804962913e-01  ,7.283748350371e-01  ,1.069393774389e+00  
  6.823552014180e-08  ,1.257749581986e+00  ,-3.349638060309e-01  ,8.999658708412e-01  ,8.988854151558e-01  ,1.528840661834e+00  ,2.710910798484e-01  ,7.314035121403e-01  ,1.066367318171e+00  
  6.833552090325e-08  ,1.245930141848e+00  ,-3.288592866238e-01  ,8.999658213005e-01  ,8.988870177052e-01  ,1.522930892225e+00  ,2.770007503764e-01  ,7.344573743933e-01  ,1.063316661017e+00  
  6.843552166470e-08  ,1.233913774391e+00  ,-3.227057435064e-01  ,8.999657712055e-01  ,8.988891111336e-01  ,1.516922658401e+00  ,2.830088840099e-01  ,7.375362393804e-01  ,1.060241982887e+00  
  6.853552242615e-08  ,1.221702692340e+00  ,-3.165038172805e-01  ,8.999657205589e-01  ,8.988916925884e-01  ,1.510817066729e+00  ,2.891143743888e-01  ,7.406397839481e-01  ,1.057143601229e+00  
  6.863552318760e-08  ,1.209298837130e+00  ,-3.102540692135e-01  ,8.999656693631e-01  ,8.988947583474e-01  ,1.504615087928e+00  ,2.953162507983e-01  ,7.437677237406e-01  ,1.054021792954e+00  
  6.873552394905e-08  ,1.196704174953e+00  ,-3.039570701682e-01  ,8.999656176209e-01  ,8.988983035297e-01  ,1.498317705097e+00  ,3.016135301443e-01  ,7.469197684456e-01  ,1.050876838614e+00  
  6.883552471050e-08  ,1.183921024170e+00  ,-2.976134991050e-01  ,8.999655653369e-01  ,8.989023206746e-01  ,1.491926077422e+00  ,3.080050532521e-01  ,7.500955711221e-01  ,1.047709070227e+00  
  6.893552547195e-08  ,1.170950733056e+00  ,-2.912237503153e-01  ,8.999655125146e-01  ,8.989068048861e-01  ,1.485440879043e+00  ,3.144901459866e-01  ,7.532949297284e-01  ,1.044518680044e+00  
  6.903552623340e-08  ,1.157795690308e+00  ,-2.847885201011e-01  ,8.999654591606e-01  ,8.989117472026e-01  ,1.478863304315e+00  ,3.210676140065e-01  ,7.565174871521e-01  ,1.041306007253e+00  
  6.913552699485e-08  ,1.144457987258e+00  ,-2.783084171632e-01  ,8.999654052813e-01  ,8.989171391001e-01  ,1.472194398910e+00  ,3.277364116523e-01  ,7.597629305185e-01  ,1.038071347682e+00  
  6.923552775630e-08  ,1.130940081694e+00  ,-2.717841643239e-01  ,8.999653508840e-01  ,8.989229694196e-01  ,1.465435391731e+00  ,3.344953100370e-01  ,7.630308872576e-01  ,1.034815051582e+00  
  6.933552851775e-08  ,1.117243863622e+00  ,-2.652163218913e-01  ,8.999652959756e-01  ,8.989292289253e-01  ,1.458587227786e+00  ,3.413433641648e-01  ,7.663210679797e-01  ,1.031537389871e+00  
  6.943552927919e-08  ,1.103370897065e+00  ,-2.586053494641e-01  ,8.999652405631e-01  ,8.989359099383e-01  ,1.451650689096e+00  ,3.482797920306e-01  ,7.696332352062e-01  ,1.028238584670e+00  
  6.953553004064e-08  ,1.089323864718e+00  ,-2.519520317683e-01  ,8.999651846585e-01  ,8.989429991962e-01  ,1.444627117018e+00  ,3.553032522992e-01  ,7.729669833121e-01  ,1.024919015080e+00  
  6.963553080209e-08  ,1.075105009404e+00  ,-2.452570235994e-01  ,8.999651282714e-01  ,8.989504852600e-01  ,1.437517632973e+00  ,3.624126235696e-01  ,7.763219734603e-01  ,1.021578997060e+00  
  6.973553156354e-08  ,1.060716588979e+00  ,-2.385209887967e-01  ,8.999650714121e-01  ,8.989583561639e-01  ,1.430323365902e+00  ,3.696067769224e-01  ,7.796978617655e-01  ,1.018218850562e+00  
  6.983553232499e-08  ,1.046161252175e+00  ,-2.317447140543e-01  ,8.999650140941e-01  ,8.989665977657e-01  ,1.423045640182e+00  ,3.768843880066e-01  ,7.830942407385e-01  ,1.014838954793e+00  
  6.993553308644e-08  ,1.031441031980e+00  ,-2.249288080091e-01  ,8.999649563275e-01  ,8.989751995560e-01  ,1.415685472318e+00  ,3.842444403374e-01  ,7.865107955514e-01  ,1.011439603561e+00  
  7.003553384789e-08  ,1.016558155875e+00  ,-2.180739369944e-01  ,8.999648981242e-01  ,8.989841502477e-01  ,1.408243976062e+00  ,3.916858201865e-01  ,7.899471817505e-01  ,1.008021118745e+00  
  7.013553460934e-08  ,1.001514939521e+00  ,-2.111807923191e-01  ,8.999648394977e-01  ,8.989934383242e-01  ,1.400722309258e+00  ,3.992073697370e-01  ,7.934030421647e-01  ,1.004583834484e+00  
  7.023553537079e-08  ,9.863131684761e-01  ,-2.042499019428e-01  ,8.999647804590e-01  ,8.990030551890e-01  ,1.393121364697e+00  ,4.068081962209e-01  ,7.968781042176e-01  ,1.001128006160e+00  
  7.033553613224e-08  ,9.709562538675e-01  ,-1.972822754524e-01  ,8.999647210284e-01  ,8.990129851799e-01  ,1.385442847962e+00  ,4.144865940946e-01  ,8.003718474537e-01  ,9.976541229061e-01  
  7.043553689369e-08  ,9.554458330413e-01  ,-1.902783973216e-01  ,8.999646612155e-01  ,8.990232215434e-01  ,1.377687577736e+00  ,4.222417446948e-01  ,8.038840228826e-01  ,9.941624202042e-01  
  7.053553765514e-08  ,9.397847870793e-01  ,-1.832391210489e-01  ,8.999646010371e-01  ,8.990337530043e-01  ,1.369856994577e+00  ,4.300722074975e-01  ,8.074141924799e-01  ,9.906533135287e-01  
  7.063553841659e-08  ,9.239756079895e-01  ,-1.761651888762e-01  ,8.999645405087e-01  ,8.990445707731e-01  ,1.361952344503e+00  ,4.379767365140e-01  ,8.109619763350e-01  ,9.871271652112e-01  
  7.073553917804e-08  ,9.080212057705e-01  ,-1.690574780758e-01  ,8.999644796473e-01  ,8.990556654370e-01  ,1.353975082533e+00  ,4.459538767621e-01  ,8.145269263991e-01  ,9.835844044749e-01  
  7.083553993949e-08  ,8.919232610284e-01  ,-1.619164954369e-01  ,8.999644184638e-01  ,8.990670322218e-01  ,1.345926048978e+00  ,4.540027879496e-01  ,8.181087845034e-01  ,9.800252799403e-01  
  7.093554070093e-08  ,8.756847406638e-01  ,-1.547431332930e-01  ,8.999643569775e-01  ,8.990786635486e-01  ,1.337806727309e+00  ,4.621219866456e-01  ,8.217070969021e-01  ,9.764502301951e-01  
  7.103554146238e-08  ,8.593082233810e-01  ,-1.475381667797e-01  ,8.999642952043e-01  ,8.990905543202e-01  ,1.329618406895e+00  ,4.703101835138e-01  ,8.253214709304e-01  ,9.728596377101e-01  
  7.113554222383e-08  ,8.427967219965e-01  ,-1.403025111349e-01  ,8.999642331607e-01  ,8.991026997711e-01  ,1.321362594159e+00  ,4.785658721624e-01  ,8.289514442036e-01  ,9.692539553385e-01  
  7.123554298528e-08  ,8.261525401214e-01  ,-1.330368718559e-01  ,8.999641708606e-01  ,8.991150971874e-01  ,1.313040440921e+00  ,4.868879007999e-01  ,8.325966612595e-01  ,9.656335331154e-01  
  7.133554374673e-08  ,8.093775773308e-01  ,-1.257418258314e-01  ,8.999641083160e-01  ,8.991277449075e-01  ,1.304652896981e+00  ,4.952753196506e-01  ,8.362568319918e-01  ,9.619986578233e-01  
  7.143554450818e-08  ,7.924755144820e-01  ,-1.184184910933e-01  ,8.999640455492e-01  ,8.991406411003e-01  ,1.296201802790e+00  ,5.037262883082e-01  ,8.399313955536e-01  ,9.583498866470e-01  
  7.153554526963e-08  ,7.754487267518e-01  ,-1.110675936442e-01  ,8.999639825735e-01  ,8.991537861877e-01  ,1.287688345949e+00  ,5.122396191977e-01  ,8.436199893656e-01  ,9.546875830098e-01  
  7.163554603108e-08  ,7.582991663859e-01  ,-1.036897269063e-01  ,8.999639194009e-01  ,8.991671810082e-01  ,1.279113502594e+00  ,5.208143362079e-01  ,8.473223175551e-01  ,9.510120444614e-01  
  7.173554679253e-08  ,7.410301641188e-01  ,-9.628590076683e-02  ,8.999638560517e-01  ,8.991808277947e-01  ,1.270478938111e+00  ,5.294487739923e-01  ,8.510378774113e-01  ,9.473237781781e-01  
  7.183554755398e-08  ,7.236444757316e-01  ,-8.885695180645e-02  ,8.999637925413e-01  ,8.991947299257e-01  ,1.261786030407e+00  ,5.381415546756e-01  ,8.547662540225e-01  ,9.436232058290e-01  
  7.193554831543e-08  ,7.061448599599e-01  ,-8.140372385788e-02  ,8.999637288834e-01  ,8.992088918799e-01  ,1.253036158863e+00  ,5.468912989035e-01  ,8.585070299510e-01  ,9.399107538089e-01  
  7.203554907688e-08  ,6.885345336661e-01  ,-7.392721110391e-02  ,8.999636650951e-01  ,8.992233199855e-01  ,1.244230931928e+00  ,5.556963982620e-01  ,8.622597144335e-01  ,9.361869255374e-01  
  7.213554983833e-08  ,6.708153506587e-01  ,-6.642798634180e-02  ,8.999636011863e-01  ,8.992380182655e-01  ,1.235371276516e+00  ,5.645559258569e-01  ,8.660240250946e-01  ,9.324520114364e-01  
  7.223555059978e-08  ,6.529905787240e-01  ,-5.890705659703e-02  ,8.999635371739e-01  ,8.992529941376e-01  ,1.226458826536e+00  ,5.734682478119e-01  ,8.697994658391e-01  ,9.287065224361e-01  
  7.233555136123e-08  ,6.350630487756e-01  ,-5.136529372443e-02  ,8.999634730724e-01  ,8.992682546094e-01  ,1.217494997460e+00  ,5.824319486846e-01  ,8.735856077472e-01  ,9.249509014716e-01  
  7.243555212267e-08  ,6.170360583147e-01  ,-4.380372402738e-02  ,8.999634088959e-01  ,8.992838083295e-01  ,1.208481438053e+00  ,5.914453797386e-01  ,8.773819463158e-01  ,9.211856703432e-01  
  7.253555288412e-08  ,5.989115058484e-01  ,-3.622293836529e-02  ,8.999633446535e-01  ,8.992996604413e-01  ,1.199419097578e+00  ,6.005075917293e-01  ,8.811881912586e-01  ,9.174111296239e-01  
  7.263555364557e-08  ,5.806927362171e-01  ,-2.862397507153e-02  ,8.999632803614e-01  ,8.993158201538e-01  ,1.190309648470e+00  ,6.096169122528e-01  ,8.850038326180e-01  ,9.136278076896e-01  
  7.273555440702e-08  ,5.623826439103e-01  ,-2.100773225952e-02  ,8.999632160322e-01  ,8.993322956701e-01  ,1.181154537987e+00  ,6.187718940771e-01  ,8.888284295403e-01  ,9.098361617998e-01  
  7.283555516847e-08  ,5.439845973549e-01  ,-1.337526622332e-02  ,8.999631516786e-01  ,8.993490965959e-01  ,1.171955450356e+00  ,6.279708530011e-01  ,8.926614634842e-01  ,9.060367297075e-01  
  7.293555592992e-08  ,5.255011618899e-01  ,-5.727388088806e-03  ,8.999630873114e-01  ,8.993662301843e-01  ,1.162713668256e+00  ,6.372125063665e-01  ,8.965025361399e-01  ,9.022299242287e-01  
  7.303555669137e-08  ,5.069351327433e-01  ,1.935018693606e-03  ,8.999630229421e-01  ,8.993837041674e-01  ,1.153430589314e+00  ,6.464954565705e-01  ,9.003512135142e-01  ,8.984161948205e-01  
  7.313555745282e-08  ,4.882886901859e-01  ,9.611271274787e-03  ,8.999629585799e-01  ,8.994015243078e-01  ,1.144107303673e+00  ,6.558186134870e-01  ,9.042071599452e-01  ,8.945958886705e-01  
  7.323555821427e-08  ,4.695655159675e-01  ,1.730022122082e-02  ,8.999628942398e-01  ,8.994196997910e-01  ,1.134745652224e+00  ,6.651801362561e-01  ,9.080698104014e-01  ,8.907695891806e-01  
  7.333555897572e-08  ,4.507690845218e-01  ,2.500077782109e-02  ,8.999628299328e-01  ,8.994382378731e-01  ,1.125347372194e+00  ,6.745782876719e-01  ,9.119386267836e-01  ,8.869378489625e-01  
  7.343555973717e-08  ,4.319020244699e-01  ,3.271210433371e-02  ,8.999627656666e-01  ,8.994571432593e-01  ,1.115913777902e+00  ,6.840117534317e-01  ,9.158131954262e-01  ,8.831010910925e-01  
  7.353556049862e-08  ,4.129664934050e-01  ,4.043351834603e-02  ,8.999627014489e-01  ,8.994764194505e-01  ,1.106445948151e+00  ,6.934794547464e-01  ,9.196931786236e-01  ,8.792596602775e-01  
  7.363556126007e-08  ,3.939661666597e-01  ,4.816386096214e-02  ,8.999626372930e-01  ,8.994960717418e-01  ,1.096945720623e+00  ,7.029795539631e-01  ,9.235780022229e-01  ,8.754141412608e-01  
  7.373556202152e-08  ,3.749040735982e-01  ,5.590217665599e-02  ,8.999625732072e-01  ,8.995161030411e-01  ,1.087414610006e+00  ,7.125105364080e-01  ,9.274671913691e-01  ,8.715650147131e-01  
  7.383556278297e-08  ,3.557837228880e-01  ,6.364734382205e-02  ,8.999625091999e-01  ,8.995365149865e-01  ,1.077854370644e+00  ,7.220706477559e-01  ,9.313601868975e-01  ,8.677128430755e-01  
  7.393556354442e-08  ,3.366071271851e-01  ,7.139871828392e-02  ,8.999624452776e-01  ,8.995573078796e-01  ,1.068266008870e+00  ,7.316588816850e-01  ,9.352566670216e-01  ,8.638579487377e-01  
  7.403556430586e-08  ,3.173783165228e-01  ,7.915500691074e-02  ,8.999623814506e-01  ,8.995784815731e-01  ,1.058651539712e+00  ,7.412732231892e-01  ,9.391559850285e-01  ,8.600009781178e-01  
  7.413556506731e-08  ,2.980993213622e-01  ,8.691555921436e-02  ,8.999623177237e-01  ,8.996000351501e-01  ,1.049011978405e+00  ,7.509126570426e-01  ,9.430578147573e-01  ,8.561422555430e-01  
  7.423556582876e-08  ,2.787737086245e-01  ,9.467923384169e-02  ,8.999622541051e-01  ,8.996219658614e-01  ,1.039349108417e+00  ,7.605753997929e-01  ,9.469615827823e-01  ,8.522823489406e-01  
  7.433556659021e-08  ,2.594050406733e-01  ,1.024448821372e-01  ,8.999621906028e-01  ,8.996442681865e-01  ,1.029664710939e+00  ,7.702596702661e-01  ,9.508667092551e-01  ,8.484218271179e-01  
  7.443556735166e-08  ,2.399960174506e-01  ,1.102116245840e-01  ,8.999621272214e-01  ,8.996669367762e-01  ,1.019960135947e+00  ,7.799641184961e-01  ,9.547727490681e-01  ,8.445611244842e-01  
  7.453556811311e-08  ,2.205488547065e-01  ,1.179787446340e-01  ,8.999620639661e-01  ,8.996899669082e-01  ,1.010236491319e+00  ,7.896876366128e-01  ,9.586793392252e-01  ,8.407005945912e-01  
  7.463556887456e-08  ,2.010678238684e-01  ,1.257448598428e-01  ,8.999620008458e-01  ,8.997133481784e-01  ,1.000495912780e+00  ,7.994280889116e-01  ,9.625857780998e-01  ,8.368409182570e-01  
  7.473556963601e-08  ,1.815556556986e-01  ,1.335090801645e-01  ,8.999619378647e-01  ,8.997370720235e-01  ,9.907397657140e-01  ,8.091841100155e-01  ,9.664916121058e-01  ,8.329825319413e-01  
  7.483557039746e-08  ,1.620146954726e-01  ,1.412706807351e-01  ,8.999618750326e-01  ,8.997611308445e-01  ,9.809692227689e-01  ,8.189545272963e-01  ,9.703964712120e-01  ,8.291257904769e-01  
  7.493557115891e-08  ,1.424488911780e-01  ,1.490284321942e-01  ,8.999618123597e-01  ,8.997855110948e-01  ,9.711862579487e-01  ,8.287373667707e-01  ,9.742997271919e-01  ,8.252712949977e-01  
  7.503557192036e-08  ,1.228612815055e-01  ,1.567813238588e-01  ,8.999617498404e-01  ,8.998102008155e-01  ,9.613923905931e-01  ,8.385311090876e-01  ,9.782008627449e-01  ,8.214195388862e-01  
  7.513557268181e-08  ,1.032552889870e-01  ,1.645281720996e-01  ,8.999616874735e-01  ,8.998351853856e-01  ,9.515893319670e-01  ,8.483340429800e-01  ,9.820992714354e-01  ,8.175710993359e-01  
  7.523557344326e-08  ,8.363359338323e-02  ,1.722680718807e-01  ,8.999616252710e-01  ,8.998604523974e-01  ,9.417784219626e-01  ,8.581448285794e-01  ,9.859944883377e-01  ,8.137264164570e-01  
  7.533557420471e-08  ,6.399907594896e-02  ,1.800000404998e-01  ,8.999615632356e-01  ,8.998859872025e-01  ,9.319611012101e-01  ,8.679620252611e-01  ,9.898860074524e-01  ,8.098859669526e-01  
  7.543557496616e-08  ,4.435402284366e-02  ,1.877233205260e-01  ,8.999615013714e-01  ,8.999117778344e-01  ,9.221385127932e-01  ,8.777844899495e-01  ,9.937734380974e-01  ,8.060501175714e-01  
  7.553557572760e-08  ,2.470225664031e-02  ,1.954366411616e-01  ,8.999614396853e-01  ,8.999378036568e-01  ,9.123125680055e-01  ,8.876103113652e-01  ,9.976561242376e-01  ,8.022194830760e-01  
  7.563557648905e-08  ,5.047381254208e-03  ,2.031388026210e-01  ,8.999613781830e-01  ,8.999640447726e-01  ,9.024850688101e-01  ,8.974376875559e-01  ,1.001533446083e+00  ,7.983946434621e-01  
  7.573557725050e-08  ,-1.460794898116e-02  ,2.108288883125e-01  ,8.999613168629e-01  ,8.999904861602e-01  ,8.926573423723e-01  ,9.072652913535e-01  ,1.005404930316e+00  ,7.945760420039e-01  
  7.583557801195e-08  ,-3.426070767769e-02  ,2.185059035979e-01  ,8.999612557358e-01  ,9.000171111661e-01  ,8.828309018969e-01  ,9.170916095746e-01  ,1.009270062965e+00  ,7.907641593672e-01  
  7.593557877340e-08  ,-5.390771384070e-02  ,2.261688266114e-01  ,8.999611948130e-01  ,9.000439023907e-01  ,8.730073378926e-01  ,9.269150517333e-01  ,1.013128315696e+00  ,7.869594890850e-01  
  7.603557953485e-08  ,-7.354576041401e-02  ,2.338166252612e-01  ,8.999611341023e-01  ,9.000708425256e-01  ,8.631882538952e-01  ,9.367340143093e-01  ,1.016979155156e+00  ,7.831625298950e-01  
  7.613558029630e-08  ,-9.317243838619e-02  ,2.414485222816e-01  ,8.999610736087e-01  ,9.000979190323e-01  ,8.533748544156e-01  ,9.465472928018e-01  ,1.020822180173e+00  ,7.793736578915e-01  
  7.623558105775e-08  ,-1.127832500598e-01  ,2.490630464918e-01  ,8.999610133414e-01  ,9.001251093742e-01  ,8.435693883115e-01  ,9.563526383713e-01  ,1.024656632620e+00  ,7.755935861283e-01  
  7.633558181920e-08  ,-1.323761106293e-01  ,2.566595034609e-01  ,8.999609533046e-01  ,9.001524035609e-01  ,8.337728979900e-01  ,9.661490086193e-01  ,1.028482155291e+00  ,7.718226518304e-01  
  7.643558258065e-08  ,-1.519473843724e-01  ,2.642366770009e-01  ,8.999608935052e-01  ,9.001797837071e-01  ,8.239872013190e-01  ,9.759345856914e-01  ,1.032298122208e+00  ,7.680614452067e-01  
  7.653558334210e-08  ,-1.714934873966e-01  ,2.717933489002e-01  ,8.999608339502e-01  ,9.002072306056e-01  ,8.142140902519e-01  ,9.857075776485e-01  ,1.036103905056e+00  ,7.643105561555e-01  
  7.663558410355e-08  ,-1.910123763516e-01  ,2.793288224121e-01  ,8.999607746451e-01  ,9.002347330745e-01  ,8.044545864693e-01  ,9.954669628209e-01  ,1.039899144281e+00  ,7.605703218685e-01  
  7.673558486500e-08  ,-2.105004672433e-01  ,2.868418776389e-01  ,8.999607155999e-01  ,9.002622721572e-01  ,7.947104819782e-01  ,1.005210949222e+00  ,1.043683210977e+00  ,7.568413333378e-01  
  7.683558562645e-08  ,-2.299541944364e-01  ,2.943312933026e-01  ,8.999606568239e-01  ,9.002898304612e-01  ,7.849835596057e-01  ,1.014937754042e+00  ,1.047455477113e+00  ,7.531241838099e-01  
  7.693558638790e-08  ,-2.493708646866e-01  ,3.017961383511e-01  ,8.999605983242e-01  ,9.003173951497e-01  ,7.752751659809e-01  ,1.024646030668e+00  ,1.051215464325e+00  ,7.494193259742e-01  
  7.703558714934e-08  ,-2.687482727848e-01  ,3.092356562205e-01  ,8.999605401092e-01  ,9.003449559117e-01  ,7.655864037168e-01  ,1.034334676502e+00  ,1.054962784022e+00  ,7.457271278014e-01  
  7.713558791079e-08  ,-2.880821789453e-01  ,3.166483919961e-01  ,8.999604821957e-01  ,9.003724941643e-01  ,7.559193927231e-01  ,1.044001571668e+00  ,1.058696690162e+00  ,7.420482981663e-01  
  7.723558867224e-08  ,-3.073705435027e-01  ,3.240336474021e-01  ,8.999604245924e-01  ,9.004000024858e-01  ,7.462751528411e-01  ,1.053645696344e+00  ,1.062416826187e+00  ,7.383831787848e-01  
  7.733558943369e-08  ,-3.266097975996e-01  ,3.313902006079e-01  ,8.999603673143e-01  ,9.004274693576e-01  ,7.366554685145e-01  ,1.063265266114e+00  ,1.066122569662e+00  ,7.347323690537e-01  
  7.743559019514e-08  ,-3.457964074028e-01  ,3.387168302797e-01  ,8.999603103765e-01  ,9.004548855678e-01  ,7.270621066751e-01  ,1.072858514078e+00  ,1.069813300708e+00  ,7.310964704280e-01  
  7.753559095659e-08  ,-3.649277099993e-01  ,3.460126064421e-01  ,8.999602537902e-01  ,9.004822440960e-01  ,7.174963987906e-01  ,1.082424108790e+00  ,1.073488547317e+00  ,7.274759408750e-01  
  7.763559171804e-08  ,-3.840008233553e-01  ,3.532765222511e-01  ,8.999601975686e-01  ,9.005095373787e-01  ,7.079597858910e-01  ,1.091960609246e+00  ,1.077147798504e+00  ,7.238712762531e-01  
  7.773559247949e-08  ,-4.030127909896e-01  ,3.605075458542e-01  ,8.999601417258e-01  ,9.005367580225e-01  ,6.984537462310e-01  ,1.101466537221e+00  ,1.080790530950e+00  ,7.202829850954e-01  
  7.783559324094e-08  ,-4.219606321755e-01  ,3.677046377460e-01  ,8.999600862760e-01  ,9.005638990795e-01  ,6.889797701882e-01  ,1.110940402364e+00  ,1.084416217952e+00  ,7.167115802065e-01  
  7.793559400239e-08  ,-4.408420906091e-01  ,3.748670168080e-01  ,8.999600312306e-01  ,9.005909556311e-01  ,6.795389859260e-01  ,1.120381076535e+00  ,1.088024464035e+00  ,7.131574472271e-01  
  7.803559476384e-08  ,-4.596533979852e-01  ,3.819933814623e-01  ,8.999599766088e-01  ,9.006179198624e-01  ,6.701332776163e-01  ,1.129786675601e+00  ,1.091614610594e+00  ,7.096212291313e-01  
  7.813559552529e-08  ,-4.783915523141e-01  ,3.890826915756e-01  ,8.999599224255e-01  ,9.006447863484e-01  ,6.607641462684e-01  ,1.139155698583e+00  ,1.095186132136e+00  ,7.061034405606e-01  
  7.823559628674e-08  ,-4.970535871544e-01  ,3.961339087111e-01  ,8.999598686943e-01  ,9.006715507198e-01  ,6.514330751171e-01  ,1.148486662272e+00  ,1.098738505075e+00  ,7.026045963643e-01  
  7.833559704819e-08  ,-5.156360885901e-01  ,4.031458239789e-01  ,8.999598154332e-01  ,9.006982098255e-01  ,6.421417711381e-01  ,1.157777859728e+00  ,1.102271121815e+00  ,6.991252978361e-01  
  7.843559780964e-08  ,-5.341371111931e-01  ,4.101177479600e-01  ,8.999597626525e-01  ,9.007247626439e-01  ,6.328912070559e-01  ,1.167028318249e+00  ,1.105783636624e+00  ,6.956658886639e-01  
  7.853559857108e-08  ,-5.525527793330e-01  ,4.170483040351e-01  ,8.999597103725e-01  ,9.007512075995e-01  ,6.236833207060e-01  ,1.176236100039e+00  ,1.109275359617e+00  ,6.922270555820e-01  
  7.863559933253e-08  ,-5.708811577352e-01  ,4.239368058141e-01  ,8.999596586037e-01  ,9.007775441332e-01  ,6.145190797361e-01  ,1.185400237471e+00  ,1.112745947040e+00  ,6.888091412262e-01  
  7.873560009398e-08  ,-5.891188610702e-01  ,4.307820537859e-01  ,8.999596073637e-01  ,9.008037712794e-01  ,6.054001768286e-01  ,1.194519037899e+00  ,1.116194798172e+00  ,6.854127443865e-01  
  7.883560085543e-08  ,-6.072625424186e-01  ,4.375828527843e-01  ,8.999595566679e-01  ,9.008298880422e-01  ,5.963282854586e-01  ,1.203590827877e+00  ,1.119621314434e+00  ,6.820384616500e-01  
  7.893560161688e-08  ,-6.253096858925e-01  ,4.443382951293e-01  ,8.999595065273e-01  ,9.008558934354e-01  ,5.873046635810e-01  ,1.212614349474e+00  ,1.123025041000e+00  ,6.786867458708e-01  
  7.903560237833e-08  ,-6.432575740691e-01  ,4.510473998868e-01  ,8.999594569546e-01  ,9.008817861886e-01  ,5.783306699201e-01  ,1.221588243989e+00  ,1.126405486132e+00  ,6.753580862452e-01  
  7.913560313978e-08  ,-6.611034258206e-01  ,4.577091638359e-01  ,8.999594079631e-01  ,9.009075650156e-01  ,5.694076950529e-01  ,1.230511120873e+00  ,1.129762146934e+00  ,6.720529830976e-01  
  7.923560390123e-08  ,-6.788451270731e-01  ,4.643228302599e-01  ,8.999593595632e-01  ,9.009332291197e-01  ,5.605367960267e-01  ,1.239381923100e+00  ,1.133094644250e+00  ,6.687718139898e-01  
  7.933560466268e-08  ,-6.964786950905e-01  ,4.708869712568e-01  ,8.999593117725e-01  ,9.009587776589e-01  ,5.517199642272e-01  ,1.248198659318e+00  ,1.136402263287e+00  ,6.655152920305e-01  
  7.943560542413e-08  ,-7.140022637166e-01  ,4.774009169207e-01  ,8.999592645981e-01  ,9.009842107921e-01  ,5.429581327398e-01  ,1.256960396456e+00  ,1.139684669252e+00  ,6.622837523318e-01  
  7.953560618558e-08  ,-7.314125800949e-01  ,4.838634975262e-01  ,8.999592180523e-01  ,9.010095290640e-01  ,5.342529280048e-01  ,1.265665508100e+00  ,1.142941277827e+00  ,6.590777803009e-01  
  7.963560694703e-08  ,-7.487064493042e-01  ,4.902735500578e-01  ,8.999591721450e-01  ,9.010347332303e-01  ,5.256059474930e-01  ,1.274312396797e+00  ,1.146171508259e+00  ,6.558979582014e-01  
  7.973560770848e-08  ,-7.658820595846e-01  ,4.966304127555e-01  ,8.999591268818e-01  ,9.010598235081e-01  ,5.170180970896e-01  ,1.282900156674e+00  ,1.149375029886e+00  ,6.527446171304e-01  
  7.983560846993e-08  ,-7.829362443101e-01  ,5.029329304619e-01  ,8.999590822724e-01  ,9.010847999105e-01  ,5.084909601174e-01  ,1.291427204427e+00  ,1.152551265141e+00  ,6.496183346796e-01  
  7.993560923138e-08  ,-7.998663087364e-01  ,5.091801186690e-01  ,8.999590383243e-01  ,9.011096616529e-01  ,5.000258839561e-01  ,1.299892192693e+00  ,1.155699720987e+00  ,6.465196023184e-01  
  8.003560999282e-08  ,-8.166691602537e-01  ,5.153708351318e-01  ,8.999589950428e-01  ,9.011344067810e-01  ,4.916244149159e-01  ,1.308293575170e+00  ,1.158819824347e+00  ,6.434489892151e-01  
  8.013561075427e-08  ,-8.333430419533e-01  ,5.215044303508e-01  ,8.999589524314e-01  ,9.011590337081e-01  ,4.832874314548e-01  ,1.316630473408e+00  ,1.161911248883e+00  ,6.404068185327e-01  
  8.023561151572e-08  ,-8.498844622368e-01  ,5.275796103810e-01  ,8.999589104961e-01  ,9.011835387968e-01  ,4.750166793777e-01  ,1.324901141614e+00  ,1.164973343987e+00  ,6.373937336063e-01  
  8.033561227717e-08  ,-8.662911267341e-01  ,5.335955191598e-01  ,8.999588692391e-01  ,9.012079192718e-01  ,4.668133058720e-01  ,1.333104432606e+00  ,1.168005678852e+00  ,6.344101596919e-01  
  8.043561303862e-08  ,-8.825605651833e-01  ,5.395512336566e-01  ,8.999588286626e-01  ,9.012321721507e-01  ,4.586785460710e-01  ,1.341239111254e+00  ,1.171007788979e+00  ,6.314565553224e-01  
  8.053561380007e-08  ,-8.986908723713e-01  ,5.454460469650e-01  ,8.999587887694e-01  ,9.012562951751e-01  ,4.506133525837e-01  ,1.349304224955e+00  ,1.173979318658e+00  ,6.285332716925e-01  
  8.063561456152e-08  ,-9.146784517169e-01  ,5.512786227794e-01  ,8.999587495624e-01  ,9.012802840351e-01  ,4.426195237040e-01  ,1.357297975421e+00  ,1.176919595425e+00  ,6.256409726454e-01  
  8.073561532297e-08  ,-9.305216157258e-01  ,5.570483337148e-01  ,8.999587110422e-01  ,9.013041365578e-01  ,4.346979031793e-01  ,1.365219518905e+00  ,1.179828303415e+00  ,6.227799697004e-01  
  8.083561608442e-08  ,-9.462174265142e-01  ,5.627540859290e-01  ,8.999586732092e-01  ,9.013278485838e-01  ,4.268499599521e-01  ,1.373067386466e+00  ,1.182704891548e+00  ,6.199508056193e-01  
  8.093561684587e-08  ,-9.617630079838e-01  ,5.683947959579e-01  ,8.999586360626e-01  ,9.013514148021e-01  ,4.190771320707e-01  ,1.380840140055e+00  ,1.185548812781e+00  ,6.171540168232e-01  
  8.103561760732e-08  ,-9.771567337825e-01  ,5.739698489546e-01  ,8.999585996018e-01  ,9.013748315949e-01  ,4.113802327105e-01  ,1.388536966493e+00  ,1.188359756072e+00  ,6.143899071176e-01  
  8.113561836877e-08  ,-9.923957662731e-01  ,5.794781733011e-01  ,8.999585638257e-01  ,9.013980920467e-01  ,4.037606806892e-01  ,1.396156446962e+00  ,1.191137178697e+00  ,6.116590053961e-01  
  8.123561913022e-08  ,-1.007477318134e+00  ,5.849187084655e-01  ,8.999585287325e-01  ,9.014211878189e-01  ,3.962198696653e-01  ,1.403697187800e+00  ,1.193880542052e+00  ,6.089618335862e-01  
  8.133561989167e-08  ,-1.022399812860e+00  ,5.902908530090e-01  ,8.999584943204e-01  ,9.014441136566e-01  ,3.887585878903e-01  ,1.411158400750e+00  ,1.196589540161e+00  ,6.062986871521e-01  
  8.143562065312e-08  ,-1.037160500336e+00  ,5.955935591251e-01  ,8.999584605875e-01  ,9.014668600504e-01  ,3.813782104193e-01  ,1.418538710756e+00  ,1.199263639613e+00  ,6.036700804879e-01  
  8.153562141456e-08  ,-1.051756681118e+00  ,6.008257910156e-01  ,8.999584275312e-01  ,9.014894170176e-01  ,3.740800869724e-01  ,1.425836768090e+00  ,1.201902312525e+00  ,6.010765215098e-01  
  8.163562217601e-08  ,-1.066186829587e+00  ,6.059869617662e-01  ,8.999583951497e-01  ,9.015117788110e-01  ,3.668649803562e-01  ,1.433051809943e+00  ,1.204505259694e+00  ,5.985182979279e-01  
  8.173562293746e-08  ,-1.080448285727e+00  ,6.110760493648e-01  ,8.999583634409e-01  ,9.015339352791e-01  ,3.597342205774e-01  ,1.440182506304e+00  ,1.207071959962e+00  ,5.959959105967e-01  
  8.183562369891e-08  ,-1.094538798428e+00  ,6.160921875334e-01  ,8.999583324042e-01  ,9.015558774451e-01  ,3.526889331902e-01  ,1.447227731618e+00  ,1.209601971212e+00  ,5.935097836783e-01  
  8.193562446036e-08  ,-1.108455797958e+00  ,6.210343763955e-01  ,8.999583020363e-01  ,9.015775943108e-01  ,3.457304030571e-01  ,1.454186201016e+00  ,1.212094782509e+00  ,5.910604061131e-01  
  8.203562522181e-08  ,-1.122197831763e+00  ,6.259020499576e-01  ,8.999582723370e-01  ,9.015990792609e-01  ,3.388593564555e-01  ,1.461057188219e+00  ,1.214550104240e+00  ,5.886480542821e-01  
  8.213562598326e-08  ,-1.135762368072e+00  ,6.306942231847e-01  ,8.999582433061e-01  ,9.016203202656e-01  ,3.320770592700e-01  ,1.467839427342e+00  ,1.216967431858e+00  ,5.862732086732e-01  
  8.223562674471e-08  ,-1.149146927601e+00  ,6.354099248431e-01  ,8.999582149421e-01  ,9.016413040883e-01  ,3.253847511417e-01  ,1.474531678742e+00  ,1.219346266510e+00  ,5.839363416667e-01  
  8.233562750616e-08  ,-1.162349663192e+00  ,6.400484237626e-01  ,8.999581872442e-01  ,9.016620200200e-01  ,3.187833556480e-01  ,1.481133018840e+00  ,1.221686231901e+00  ,5.816378081387e-01  
  8.243562826761e-08  ,-1.175368593340e+00  ,6.446089347115e-01  ,8.999581602131e-01  ,9.016824562441e-01  ,3.122738635429e-01  ,1.487642456883e+00  ,1.223986923600e+00  ,5.793779888883e-01  
  8.253562902906e-08  ,-1.188202195869e+00  ,6.490908585279e-01  ,8.999581338498e-01  ,9.017026035938e-01  ,3.058570359153e-01  ,1.494059231784e+00  ,1.226248032858e+00  ,5.771571743298e-01  
  8.263562979051e-08  ,-1.200847932830e+00  ,6.534931987573e-01  ,8.999581081562e-01  ,9.017224466814e-01  ,2.995341417414e-01  ,1.500382074571e+00  ,1.228469046060e+00  ,5.749758473027e-01  
  8.273563055196e-08  ,-1.213303480649e+00  ,6.578150355804e-01  ,8.999580831339e-01  ,9.017419710649e-01  ,2.933063428096e-01  ,1.506609823458e+00  ,1.230649488855e+00  ,5.728344532747e-01  
  8.283563131341e-08  ,-1.225567118455e+00  ,6.620556778829e-01  ,8.999580587845e-01  ,9.017611659080e-01  ,2.871744995572e-01  ,1.512741618012e+00  ,1.232789004849e+00  ,5.707333269665e-01  
  8.293563207486e-08  ,-1.237637452938e+00  ,6.662145686171e-01  ,8.999580351105e-01  ,9.017800225206e-01  ,2.811393086414e-01  ,1.518776761580e+00  ,1.234887306829e+00  ,5.686727382121e-01  
  8.303563283631e-08  ,-1.249512140438e+00  ,6.702907723248e-01  ,8.999580121168e-01  ,9.017985263397e-01  ,2.752019418978e-01  ,1.524714082336e+00  ,1.236943912502e+00  ,5.666531401773e-01  
  8.313563359775e-08  ,-1.261189302282e+00  ,6.742835370727e-01  ,8.999579898071e-01  ,9.018166655504e-01  ,2.693633386663e-01  ,1.530552640948e+00  ,1.238958434087e+00  ,5.646748970140e-01  
  8.323563435920e-08  ,-1.272666810513e+00  ,6.781919990356e-01  ,8.999579681855e-01  ,9.018344260724e-01  ,2.636245629290e-01  ,1.536291373442e+00  ,1.240930425590e+00  ,5.627384265547e-01  
  8.333563512065e-08  ,-1.283943086204e+00  ,6.820155104530e-01  ,8.999579472567e-01  ,9.018517970911e-01  ,2.579864041545e-01  ,1.541929490359e+00  ,1.242859552318e+00  ,5.608440418646e-01  
  8.343563588210e-08  ,-1.295016440901e+00  ,6.857533776241e-01  ,8.999579270256e-01  ,9.018687670440e-01  ,2.524497065750e-01  ,1.547466147476e+00  ,1.244745455856e+00  ,5.589920782320e-01  
  8.353563664355e-08  ,-1.305885166322e+00  ,6.894048983496e-01  ,8.999579074978e-01  ,9.018853242894e-01  ,2.470153243369e-01  ,1.552900490659e+00  ,1.246587773464e+00  ,5.571828751147e-01  
  8.363563740500e-08  ,-1.316547978048e+00  ,6.929695477735e-01  ,8.999578886780e-01  ,9.019014601876e-01  ,2.416838996540e-01  ,1.558231877702e+00  ,1.248386234074e+00  ,5.554166863008e-01  
  8.373563816645e-08  ,-1.327002749855e+00  ,6.964464583479e-01  ,8.999578705746e-01  ,9.019171606414e-01  ,2.364564956469e-01  ,1.563459245502e+00  ,1.250140389815e+00  ,5.536939314675e-01  
  8.383563892790e-08  ,-1.337247822853e+00  ,6.998349501095e-01  ,8.999578531942e-01  ,9.019324151811e-01  ,2.313339417679e-01  ,1.568581764621e+00  ,1.251849890236e+00  ,5.520149401264e-01  
  8.393563968935e-08  ,-1.347281329823e+00  ,7.031342446338e-01  ,8.999578365437e-01  ,9.019472129647e-01  ,2.263171716322e-01  ,1.573598501455e+00  ,1.253514335282e+00  ,5.503800906478e-01  
  8.403564045080e-08  ,-1.357102226499e+00  ,7.063439044711e-01  ,8.999578206281e-01  ,9.019615484290e-01  ,2.214067073784e-01  ,1.578508933878e+00  ,1.255133500665e+00  ,5.487895961934e-01  
  8.413564121225e-08  ,-1.366708703059e+00  ,7.094631715436e-01  ,8.999578054558e-01  ,9.019754122329e-01  ,2.166034539263e-01  ,1.583312156985e+00  ,1.256706998005e+00  ,5.472438264611e-01  
  8.423564197370e-08  ,-1.376099248050e+00  ,7.124914102864e-01  ,8.999577910340e-01  ,9.019887969886e-01  ,2.119081670091e-01  ,1.588007415059e+00  ,1.258234502132e+00  ,5.457430918454e-01  
  8.433564273515e-08  ,-1.385272156443e+00  ,7.154278947971e-01  ,8.999577773705e-01  ,9.020016948206e-01  ,2.073216991488e-01  ,1.592593855592e+00  ,1.259715642219e+00  ,5.442877474221e-01  
  8.443564349660e-08  ,-1.394226475169e+00  ,7.182722179718e-01  ,8.999577644699e-01  ,9.020141017597e-01  ,2.028445268852e-01  ,1.597071002055e+00  ,1.261150210746e+00  ,5.428779927738e-01  
  8.453564425805e-08  ,-1.402960554159e+00  ,7.210236751441e-01  ,8.999577523403e-01  ,9.020260113575e-01  ,1.984774752609e-01  ,1.601438029420e+00  ,1.262537848930e+00  ,5.415141737855e-01  
  8.463564501949e-08  ,-1.411473019079e+00  ,7.236816771152e-01  ,8.999577409877e-01  ,9.020374188431e-01  ,1.942212314483e-01  ,1.605694250527e+00  ,1.263878257401e+00  ,5.401965802855e-01  
  8.473564578094e-08  ,-1.419762324471e+00  ,7.262455527914e-01  ,8.999577304189e-01  ,9.020483193719e-01  ,1.900765681835e-01  ,1.609838892654e+00  ,1.265171095768e+00  ,5.389255429762e-01  
  8.483564654239e-08  ,-1.427827334318e+00  ,7.287148034703e-01  ,8.999577206393e-01  ,9.020587103503e-01  ,1.860440534804e-01  ,1.613871387798e+00  ,1.266416112085e+00  ,5.377013086152e-01  
  8.493564730384e-08  ,-1.435667135233e+00  ,7.310890297471e-01  ,8.999577116533e-01  ,9.020685903569e-01  ,1.821241440368e-01  ,1.617791279270e+00  ,1.267613105230e+00  ,5.365240754833e-01  
  8.503564806529e-08  ,-1.443280007951e+00  ,7.333674773614e-01  ,8.999577034685e-01  ,9.020779580664e-01  ,1.783176994928e-01  ,1.621597707444e+00  ,1.268761696747e+00  ,5.353942193857e-01  
  8.513564882674e-08  ,-1.450665156434e+00  ,7.355497956401e-01  ,8.999576960882e-01  ,9.020868138013e-01  ,1.746251178710e-01  ,1.625290274305e+00  ,1.269861711621e+00  ,5.343119159813e-01  
  8.523564958819e-08  ,-1.457821210707e+00  ,7.376353793181e-01  ,8.999576895177e-01  ,9.020951585430e-01  ,1.710470841641e-01  ,1.628868294871e+00  ,1.270912848202e+00  ,5.332774688840e-01  
  8.533565034964e-08  ,-1.464746868431e+00  ,7.396236442955e-01  ,8.999576837616e-01  ,9.021029944776e-01  ,1.675842495463e-01  ,1.632331117977e+00  ,1.271914816625e+00  ,5.322911723299e-01  
  8.543565111109e-08  ,-1.471441181178e+00  ,7.415141588536e-01  ,8.999576788223e-01  ,9.021103241674e-01  ,1.642370882333e-01  ,1.635678269411e+00  ,1.272867403594e+00  ,5.313532447406e-01  
  8.553565187254e-08  ,-1.477903390435e+00  ,7.433065783191e-01  ,8.999576747020e-01  ,9.021171500090e-01  ,1.610059794843e-01  ,1.638909369920e+00  ,1.273770439169e+00  ,5.304638608495e-01  
  8.563565263399e-08  ,-1.484132235391e+00  ,7.450003292190e-01  ,8.999576714041e-01  ,9.021234763775e-01  ,1.578915537089e-01  ,1.642023789099e+00  ,1.274623640987e+00  ,5.296233117680e-01  
  8.573565339544e-08  ,-1.490126732964e+00  ,7.465949605464e-01  ,8.999576689306e-01  ,9.021293073237e-01  ,1.548943024488e-01  ,1.645021035412e+00  ,1.275426787597e+00  ,5.288318270505e-01  
  8.583565415689e-08  ,-1.495885795973e+00  ,7.480899641857e-01  ,8.999576672824e-01  ,9.021346482523e-01  ,1.520147692958e-01  ,1.647900565269e+00  ,1.276179630345e+00  ,5.280896661595e-01  
  8.593565491834e-08  ,-1.501408638391e+00  ,7.494849668936e-01  ,8.999576664600e-01  ,9.021395041547e-01  ,1.492533472646e-01  ,1.650661985655e+00  ,1.276881987602e+00  ,5.273970207080e-01  
  8.603565567979e-08  ,-1.506694436418e+00  ,7.507795750011e-01  ,8.999576664633e-01  ,9.021438809792e-01  ,1.466104482541e-01  ,1.653304884672e+00  ,1.277533668480e+00  ,5.267540934786e-01  
  8.613565644123e-08  ,-1.511742572193e+00  ,7.519734931939e-01  ,8.999576672923e-01  ,9.021477835643e-01  ,1.440863811956e-01  ,1.655828953389e+00  ,1.278134530161e+00  ,5.261610369674e-01  
  8.623565720268e-08  ,-1.516551914281e+00  ,7.530661764953e-01  ,8.999576689463e-01  ,9.021512214677e-01  ,1.416817118055e-01  ,1.658233626087e+00  ,1.278684309715e+00  ,5.256181332200e-01  
  8.633565796413e-08  ,-1.521121803145e+00  ,7.540573002441e-01  ,8.999576714237e-01  ,9.021542011281e-01  ,1.393967698514e-01  ,1.660518572996e+00  ,1.279182851250e+00  ,5.251255510061e-01  
  8.643565872558e-08  ,-1.525451719004e+00  ,7.549466072215e-01  ,8.999576747235e-01  ,9.021567278890e-01  ,1.372318152214e-01  ,1.662683534226e+00  ,1.279630031500e+00  ,5.246834242783e-01  
  8.653565948703e-08  ,-1.529540809429e+00  ,7.557336726877e-01  ,8.999576788432e-01  ,9.021588108787e-01  ,1.351872741289e-01  ,1.664728083558e+00  ,1.280025647222e+00  ,5.242919745348e-01  
  8.663566024848e-08  ,-1.533388332708e+00  ,7.564181167223e-01  ,8.999576837794e-01  ,9.021604586352e-01  ,1.332635174255e-01  ,1.666651850133e+00  ,1.280369516996e+00  ,5.239514002740e-01  
  8.673566100993e-08  ,-1.536993766598e+00  ,7.569996645483e-01  ,8.999576895290e-01  ,9.021616772146e-01  ,1.314608062300e-01  ,1.668454572828e+00  ,1.280661509489e+00  ,5.236618449405e-01  
  8.683566177138e-08  ,-1.540356702782e+00  ,7.574780996450e-01  ,8.999576960897e-01  ,9.021624713681e-01  ,1.297793446989e-01  ,1.670136047480e+00  ,1.280901521191e+00  ,5.234234215456e-01  
  8.693566253283e-08  ,-1.543476477322e+00  ,7.578530664249e-01  ,8.999577034570e-01  ,9.021628489549e-01  ,1.282194647959e-01  ,1.671695942118e+00  ,1.281089382167e+00  ,5.232363157425e-01  
  8.703566329428e-08  ,-1.546352526567e+00  ,7.581242516530e-01  ,8.999577116258e-01  ,9.021628170900e-01  ,1.267814483424e-01  ,1.673133974909e+00  ,1.281224942917e+00  ,5.231006912635e-01  
  8.713566405573e-08  ,-1.548984554563e+00  ,7.582914860156e-01  ,8.999577205928e-01  ,9.021623796405e-01  ,1.254654433115e-01  ,1.674449997874e+00  ,1.281308122648e+00  ,5.230166366327e-01  
  8.723566481718e-08  ,-1.551372068444e+00  ,7.583544829551e-01  ,8.999577303525e-01  ,9.021615430481e-01  ,1.242716961304e-01  ,1.675643764575e+00  ,1.281338784526e+00  ,5.229843015705e-01  
  8.733566557863e-08  ,-1.553514639777e+00  ,7.583129803728e-01  ,8.999577408989e-01  ,9.021603129354e-01  ,1.232004210105e-01  ,1.676715060787e+00  ,1.281316803122e+00  ,5.230038227490e-01  
  8.743566634008e-08  ,-1.555412049464e+00  ,7.581668383523e-01  ,8.999577522283e-01  ,9.021586922057e-01  ,1.222517274963e-01  ,1.677663776960e+00  ,1.281242111382e+00  ,5.230752730295e-01  
  8.753566710153e-08  ,-1.557063939421e+00  ,7.579158219381e-01  ,8.999577643345e-01  ,9.021566855788e-01  ,1.214257946239e-01  ,1.678489734045e+00  ,1.281114596548e+00  ,5.231987746097e-01  
  8.763566786297e-08  ,-1.558470051168e+00  ,7.575597485152e-01  ,8.999577772117e-01  ,9.021542962520e-01  ,1.207227516277e-01  ,1.679192802796e+00  ,1.280934170510e+00  ,5.233744219943e-01  
  8.773566862442e-08  ,-1.559630135500e+00  ,7.570984254139e-01  ,8.999577908529e-01  ,9.021515266932e-01  ,1.201427231029e-01  ,1.679772858603e+00  ,1.280700739400e+00  ,5.236023139863e-01  
  8.783566938587e-08  ,-1.560544041825e+00  ,7.565317214499e-01  ,8.999578052530e-01  ,9.021483778755e-01  ,1.196857843406e-01  ,1.680229826165e+00  ,1.280414238600e+00  ,5.238825171506e-01  
  8.793567014732e-08  ,-1.561211666422e+00  ,7.558595371779e-01  ,8.999578204073e-01  ,9.021448502359e-01  ,1.193519871963e-01  ,1.680563653618e+00  ,1.280074618825e+00  ,5.242150816469e-01  
  8.803567090877e-08  ,-1.561632852609e+00  ,7.550816983495e-01  ,8.999578363071e-01  ,9.021409438284e-01  ,1.191414100025e-01  ,1.680774262612e+00  ,1.279681793003e+00  ,5.246000946536e-01  
  8.813567167022e-08  ,-1.561807551958e+00  ,7.541981142873e-01  ,8.999578529469e-01  ,9.021366577460e-01  ,1.190540769680e-01  ,1.680861628926e+00  ,1.279235714890e+00  ,5.250376006023e-01  
  8.823567243167e-08  ,-1.561735742191e+00  ,7.532086988714e-01  ,8.999578703204e-01  ,9.021319904927e-01  ,1.190899992251e-01  ,1.680825741416e+00  ,1.278736339928e+00  ,5.255276410569e-01  
  8.833567319312e-08  ,-1.561417429092e+00  ,7.521133943504e-01  ,8.999578884229e-01  ,9.021269405786e-01  ,1.192491738770e-01  ,1.680666602969e+00  ,1.278183637754e+00  ,5.260702434034e-01  
  8.843567395457e-08  ,-1.560852669052e+00  ,7.509121091588e-01  ,8.999579072451e-01  ,9.021215045101e-01  ,1.195315727191e-01  ,1.680384241771e+00  ,1.277577559090e+00  ,5.266654499308e-01  
  8.853567471602e-08  ,-1.560041526481e+00  ,7.496048146520e-01  ,8.999579267827e-01  ,9.021156801101e-01  ,1.199371635420e-01  ,1.679978690023e+00  ,1.276918087436e+00  ,5.273132727841e-01  
  8.863567547747e-08  ,-1.558984167033e+00  ,7.481914690769e-01  ,8.999579470271e-01  ,9.021094624697e-01  ,1.204658635105e-01  ,1.679450030544e+00  ,1.276205197008e+00  ,5.280137279313e-01  
  8.873567623892e-08  ,-1.557680706156e+00  ,7.466720645211e-01  ,8.999579679739e-01  ,9.021028486630e-01  ,1.211176148961e-01  ,1.678798321052e+00  ,1.275438880924e+00  ,5.287668164024e-01  
  8.883567700037e-08  ,-1.556131411645e+00  ,7.450466007752e-01  ,8.999579896146e-01  ,9.020958323112e-01  ,1.218922837922e-01  ,1.678023695437e+00  ,1.274619132699e+00  ,5.295725319236e-01  
  8.893567776182e-08  ,-1.554336507864e+00  ,7.433150973982e-01  ,8.999580119434e-01  ,9.020884085937e-01  ,1.227897580115e-01  ,1.677126265875e+00  ,1.273745957293e+00  ,5.304308598946e-01  
  8.903567852327e-08  ,-1.552296198070e+00  ,7.414775776926e-01  ,8.999580349558e-01  ,9.020805734485e-01  ,1.238099359210e-01  ,1.676106133991e+00  ,1.272819362295e+00  ,5.313417846022e-01  
  8.913567928471e-08  ,-1.550010915931e+00  ,7.395341040788e-01  ,8.999580586429e-01  ,9.020723188203e-01  ,1.249526006772e-01  ,1.674963516609e+00  ,1.271839370860e+00  ,5.323052667809e-01  
  8.923568004616e-08  ,-1.547480988888e+00  ,7.374847380710e-01  ,8.999580829993e-01  ,9.020636393691e-01  ,1.262175885551e-01  ,1.673698577443e+00  ,1.270806008405e+00  ,5.333212703336e-01  
  8.933568080761e-08  ,-1.544706704139e+00  ,7.353295371150e-01  ,8.999581080205e-01  ,9.020545307711e-01  ,1.276047559509e-01  ,1.672311460090e+00  ,1.269719299329e+00  ,5.343897622136e-01  
  8.943568156906e-08  ,-1.541688579705e+00  ,7.330686104002e-01  ,8.999581336988e-01  ,9.020449857856e-01  ,1.291138438463e-01  ,1.670802423551e+00  ,1.268579290986e+00  ,5.355106805855e-01  
  8.953568233051e-08  ,-1.538427094176e+00  ,7.307020693510e-01  ,8.999581600284e-01  ,9.020349987019e-01  ,1.307446129405e-01  ,1.669171707116e+00  ,1.267386033377e+00  ,5.366839640264e-01  
  8.963568309196e-08  ,-1.534922761100e+00  ,7.282300412780e-01  ,8.999581870037e-01  ,9.020245640687e-01  ,1.324968064536e-01  ,1.667419567554e+00  ,1.266139584708e+00  ,5.379095434297e-01  
  8.973568385341e-08  ,-1.531176130587e+00  ,7.256526693995e-01  ,8.999582146189e-01  ,9.020136767016e-01  ,1.343701493254e-01  ,1.665546279913e+00  ,1.264840011401e+00  ,5.391873420018e-01  
  8.983568461486e-08  ,-1.527187790059e+00  ,7.229701128605e-01  ,8.999582428686e-01  ,9.020023316985e-01  ,1.363643478390e-01  ,1.663552137898e+00  ,1.263487388129e+00  ,5.405172752682e-01  
  8.993568537631e-08  ,-1.522958364566e+00  ,7.201825467465e-01  ,8.999582717476e-01  ,9.019905245219e-01  ,1.384790894648e-01  ,1.661437454030e+00  ,1.262081797895e+00  ,5.418992511486e-01  
  9.003568613776e-08  ,-1.518488516885e+00  ,7.172901620919e-01  ,8.999583012505e-01  ,9.019782511162e-01  ,1.407140428079e-01  ,1.659202559693e+00  ,1.260623332162e+00  ,5.433331700702e-01  
  9.013568689921e-08  ,-1.513779065674e+00  ,7.142932034968e-01  ,8.999583313719e-01  ,9.019655075145e-01  ,1.430687985347e-01  ,1.656847864209e+00  ,1.259112109263e+00  ,5.448189057661e-01  
  9.023568766066e-08  ,-1.508830505659e+00  ,7.111918213850e-01  ,8.999583621087e-01  ,9.019522918584e-01  ,1.455431092791e-01  ,1.654373614938e+00  ,1.257548202551e+00  ,5.463563811659e-01  
  9.033568842211e-08  ,-1.503643731947e+00  ,7.079862896602e-01  ,8.999583934551e-01  ,9.019386013695e-01  ,1.481365274817e-01  ,1.651780259428e+00  ,1.255931746200e+00  ,5.479454565394e-01  
  9.043568918356e-08  ,-1.498219562265e+00  ,7.046768632804e-01  ,8.999584254066e-01  ,9.019244346522e-01  ,1.508486442744e-01  ,1.649068206539e+00  ,1.254262866292e+00  ,5.495860030120e-01  
  9.053568994501e-08  ,-1.492558849067e+00  ,7.012638131975e-01  ,8.999584579595e-01  ,9.019097912130e-01  ,1.536790334261e-01  ,1.646237882493e+00  ,1.252541697812e+00  ,5.512778846142e-01  
  9.063569070646e-08  ,-1.486662480731e+00  ,6.977474263586e-01  ,8.999584911093e-01  ,9.018946714069e-01  ,1.566272507440e-01  ,1.643289731475e+00  ,1.250768384586e+00  ,5.530209582276e-01  
  9.073569146790e-08  ,-1.480531382083e+00  ,6.941280057131e-01  ,8.999585248522e-01  ,9.018790763429e-01  ,1.596928338105e-01  ,1.640224215894e+00  ,1.248943079199e+00  ,5.548150734863e-01  
  9.083569222935e-08  ,-1.474166514579e+00  ,6.904058702119e-01  ,8.999585591848e-01  ,9.018630079130e-01  ,1.628753018952e-01  ,1.637041816474e+00  ,1.247065943019e+00  ,5.566600728070e-01  
  9.093569299080e-08  ,-1.467568876311e+00  ,6.865813547891e-01  ,8.999585941034e-01  ,9.018464689005e-01  ,1.661741559476e-01  ,1.633743032259e+00  ,1.245137146295e+00  ,5.585557915060e-01  
  9.103569375225e-08  ,-1.460739501931e+00  ,6.826548103407e-01  ,8.999586296046e-01  ,9.018294629640e-01  ,1.695888786393e-01  ,1.630328380570e+00  ,1.243156868134e+00  ,5.605020577937e-01  
  9.113569451370e-08  ,-1.453679640027e+00  ,6.786266679621e-01  ,8.999586656854e-01  ,9.018119953542e-01  ,1.731188456722e-01  ,1.626798485699e+00  ,1.241125329335e+00  ,5.624986613732e-01  
  9.123569527515e-08  ,-1.446390030803e+00  ,6.744971846288e-01  ,8.999587023436e-01  ,9.017940695519e-01  ,1.767636869421e-01  ,1.623153717745e+00  ,1.239042661866e+00  ,5.645454772375e-01  
  9.133569603660e-08  ,-1.438871999587e+00  ,6.702668206702e-01  ,8.999587395754e-01  ,9.017756922368e-01  ,1.805227397820e-01  ,1.619394739369e+00  ,1.236909102572e+00  ,5.666422819017e-01  
  9.143569679805e-08  ,-1.431126732142e+00  ,6.659359907396e-01  ,8.999587773781e-01  ,9.017568702967e-01  ,1.843954113073e-01  ,1.615522143449e+00  ,1.234724865667e+00  ,5.687888749269e-01  
  9.153569755950e-08  ,-1.423155446385e+00  ,6.615051253675e-01  ,8.999588157491e-01  ,9.017376114578e-01  ,1.883810925564e-01  ,1.611536538942e+00  ,1.232490174142e+00  ,5.709850487740e-01  
  9.163569832095e-08  ,-1.414959394062e+00  ,6.569746709468e-01  ,8.999588546856e-01  ,9.017179240349e-01  ,1.924791576545e-01  ,1.607438551717e+00  ,1.230205259508e+00  ,5.732305885615e-01  
  9.173569908240e-08  ,-1.406539861479e+00  ,6.523450897214e-01  ,8.999588941849e-01  ,9.016978168515e-01  ,1.966889634454e-01  ,1.603228824924e+00  ,1.227870361712e+00  ,5.755252719908e-01  
  9.183569984385e-08  ,-1.397898169758e+00  ,6.476168597542e-01  ,8.999589342446e-01  ,9.016772993713e-01  ,2.010098493656e-01  ,1.598908019124e+00  ,1.225485729248e+00  ,5.778688694942e-01  
  9.193570060530e-08  ,-1.389035897917e+00  ,6.427905602317e-01  ,8.999589748616e-01  ,9.016563835106e-01  ,2.054410259032e-01  ,1.594476923820e+00  ,1.223051663626e+00  ,5.802611033948e-01  
  9.203570136675e-08  ,-1.379953974489e+00  ,6.378665325932e-01  ,8.999590160338e-01  ,9.016350763404e-01  ,2.099820287895e-01  ,1.589936003278e+00  ,1.220568342637e+00  ,5.827018100438e-01  
  9.213570212820e-08  ,-1.370654054550e+00  ,6.328453848180e-01  ,8.999590577577e-01  ,9.016133903411e-01  ,2.146320304825e-01  ,1.585286085033e+00  ,1.218036082750e+00  ,5.851906979321e-01  
  9.223570288964e-08  ,-1.361137845527e+00  ,6.277277510012e-01  ,8.999591000298e-01  ,9.015913383888e-01  ,2.193901772662e-01  ,1.580528022793e+00  ,1.215455213889e+00  ,5.877274628882e-01  
  9.233570365109e-08  ,-1.351406346449e+00  ,6.225140038913e-01  ,8.999591428482e-01  ,9.015689281168e-01  ,2.242559696239e-01  ,1.575662316073e+00  ,1.212825930062e+00  ,5.903119261712e-01  
  9.243570441254e-08  ,-1.341461334471e+00  ,6.172048061640e-01  ,8.999591862085e-01  ,9.015461731302e-01  ,2.292285189728e-01  ,1.570689853444e+00  ,1.210148576212e+00  ,5.929437700482e-01  
  9.253570517399e-08  ,-1.331304379240e+00  ,6.118007454140e-01  ,8.999592301063e-01  ,9.015230853504e-01  ,2.343070404861e-01  ,1.565611419726e+00  ,1.207423458057e+00  ,5.956227126434e-01  
  9.263570593544e-08  ,-1.320937078791e+00  ,6.063024246988e-01  ,8.999592745383e-01  ,9.014996765929e-01  ,2.394907351426e-01  ,1.560427813934e+00  ,1.204650888942e+00  ,5.983484642435e-01  
  9.273570669689e-08  ,-1.310361061954e+00  ,6.007104624969e-01  ,8.999593194998e-01  ,9.014759586147e-01  ,2.447787885228e-01  ,1.555139850477e+00  ,1.201831189863e+00  ,6.011207273663e-01  
  9.283570745834e-08  ,-1.299578261080e+00  ,5.950256012606e-01  ,8.999593649852e-01  ,9.014519451989e-01  ,2.501702344452e-01  ,1.549748495525e+00  ,1.198964745829e+00  ,6.039391445686e-01  
  9.293570821979e-08  ,-1.288589805550e+00  ,5.892482754344e-01  ,8.999594109912e-01  ,9.014276441767e-01  ,2.556645082164e-01  ,1.544254313766e+00  ,1.196051781894e+00  ,6.068035064595e-01  
  9.303570898124e-08  ,-1.277397701691e+00  ,5.833792554354e-01  ,8.999594575108e-01  ,9.014030690644e-01  ,2.612606066655e-01  ,1.538658308356e+00  ,1.193092696782e+00  ,6.097134413467e-01  
  9.313570974269e-08  ,-1.266003715962e+00  ,5.774192207716e-01  ,8.999595045375e-01  ,9.013782310462e-01  ,2.669576465563e-01  ,1.532961362519e+00  ,1.190087841432e+00  ,6.126686206604e-01  
  9.323571050414e-08  ,-1.254409641572e+00  ,5.713688660483e-01  ,8.999595520657e-01  ,9.013531410236e-01  ,2.727547312797e-01  ,1.527164372852e+00  ,1.187037574048e+00  ,6.156687079994e-01  
  9.333571126559e-08  ,-1.242617300900e+00  ,5.652289009073e-01  ,8.999596000878e-01  ,9.013278096833e-01  ,2.786509496379e-01  ,1.521268250538e+00  ,1.183942260137e+00  ,6.187133592296e-01  
  9.343571202704e-08  ,-1.230628848827e+00  ,5.590001736132e-01  ,8.999596485952e-01  ,9.013022490325e-01  ,2.846452241816e-01  ,1.515274073009e+00  ,1.180802335839e+00  ,6.218021622259e-01  
  9.353571278849e-08  ,-1.218445541159e+00  ,5.526831787974e-01  ,8.999596975828e-01  ,9.012764656458e-01  ,2.907369270032e-01  ,1.509182468162e+00  ,1.177618055045e+00  ,6.249348762471e-01  
  9.363571354994e-08  ,-1.206069605151e+00  ,5.462787919137e-01  ,8.999597470397e-01  ,9.012504707670e-01  ,2.969249444642e-01  ,1.502994549615e+00  ,1.174389866724e+00  ,6.281110748101e-01  
  9.373571431138e-08  ,-1.193502995067e+00  ,5.397877819419e-01  ,8.999597969561e-01  ,9.012242735492e-01  ,3.032082994224e-01  ,1.496711294490e+00  ,1.171118164520e+00  ,6.313303825782e-01  
  9.383571507283e-08  ,-1.180747689683e+00  ,5.332109324990e-01  ,8.999598473234e-01  ,9.011978826908e-01  ,3.095860024817e-01  ,1.490333692165e+00  ,1.167803348940e+00  ,6.345924164413e-01  
  9.393571583428e-08  ,-1.167806021506e+00  ,5.265491776067e-01  ,8.999598981296e-01  ,9.011713075369e-01  ,3.160568873765e-01  ,1.483862908883e+00  ,1.164445896340e+00  ,6.378967187336e-01  
  9.403571659573e-08  ,-1.154679346670e+00  ,5.198030606256e-01  ,8.999599493675e-01  ,9.011445530715e-01  ,3.226202760326e-01  ,1.477299622702e+00  ,1.161046083384e+00  ,6.412430227587e-01  
  9.413571735718e-08  ,-1.141370067398e+00  ,5.129735419949e-01  ,8.999600010241e-01  ,9.011176277725e-01  ,3.292749673249e-01  ,1.470645034723e+00  ,1.157604398770e+00  ,6.446308567750e-01  
  9.423571811863e-08  ,-1.127880627245e+00  ,5.060616059355e-01  ,8.999600530857e-01  ,9.010905394833e-01  ,3.360197394632e-01  ,1.463900366708e+00  ,1.154121342451e+00  ,6.480597365156e-01  
  9.433571888008e-08  ,-1.114212442314e+00  ,4.990678242980e-01  ,8.999601055445e-01  ,9.010632923485e-01  ,3.428538843873e-01  ,1.457066326702e+00  ,1.150597204498e+00  ,6.515293801995e-01  
  9.443571964153e-08  ,-1.100368018031e+00  ,4.919932072123e-01  ,8.999601583856e-01  ,9.010358932043e-01  ,3.497761493702e-01  ,1.450144167401e+00  ,1.147032496811e+00  ,6.550392895982e-01  
  9.453572040298e-08  ,-1.086349542343e+00  ,4.848386382171e-01  ,8.999602115960e-01  ,9.010083472045e-01  ,3.567854404247e-01  ,1.443134982767e+00  ,1.143427666313e+00  ,6.585890280960e-01  
  9.463572116443e-08  ,-1.072159582482e+00  ,4.776051669794e-01  ,8.999602651621e-01  ,9.009806599561e-01  ,3.638804739209e-01  ,1.436040056403e+00  ,1.139783243446e+00  ,6.621780764664e-01  
  9.473572192588e-08  ,-1.057800109827e+00  ,4.702936074659e-01  ,8.999603190723e-01  ,9.009528354565e-01  ,3.710602641589e-01  ,1.428860373986e+00  ,1.136099639189e+00  ,6.658060317235e-01  
  9.483572268733e-08  ,-1.043272754386e+00  ,4.629046274521e-01  ,8.999603733160e-01  ,9.009248767289e-01  ,3.783239961231e-01  ,1.421596750509e+00  ,1.132377190455e+00  ,6.694725630029e-01  
  9.493572344878e-08  ,-1.028580309979e+00  ,4.554393672756e-01  ,8.999604278758e-01  ,9.008967884896e-01  ,3.856702728863e-01  ,1.414250582865e+00  ,1.128616472127e+00  ,6.731771048518e-01  
  9.503572421023e-08  ,-1.013725485215e+00  ,4.478989399845e-01  ,8.999604827368e-01  ,9.008685744573e-01  ,3.930977401293e-01  ,1.406823225344e+00  ,1.124818044449e+00  ,6.769191044650e-01  
  9.513572497168e-08  ,-9.987103490563e-01  ,4.402842073885e-01  ,8.999605378878e-01  ,9.008402372579e-01  ,4.006053633596e-01  ,1.399315712416e+00  ,1.120982340952e+00  ,6.806981335637e-01  
  9.523572573312e-08  ,-9.835371644978e-01  ,4.325961134884e-01  ,8.999605933158e-01  ,9.008117795509e-01  ,4.081920110669e-01  ,1.391729175565e+00  ,1.117109836295e+00  ,6.845137228067e-01  
  9.533572649457e-08  ,-9.682077040256e-01  ,4.248353916561e-01  ,8.999606490098e-01  ,9.007832032178e-01  ,4.158567969970e-01  ,1.384064501023e+00  ,1.113200899046e+00  ,6.883655073898e-01  
  9.543572725602e-08  ,-9.527253672233e-01  ,4.170034505536e-01  ,8.999607049507e-01  ,9.007545115250e-01  ,4.235980213390e-01  ,1.376323388562e+00  ,1.109256236802e+00  ,6.922527862482e-01  
  9.553572801747e-08  ,-9.370917937936e-01  ,4.091009697213e-01  ,8.999607611297e-01  ,9.007257058272e-01  ,4.314148642329e-01  ,1.368506658027e+00  ,1.105276190688e+00  ,6.961752209665e-01  
  9.563572877892e-08  ,-9.213098701032e-01  ,4.011291468134e-01  ,8.999608175317e-01  ,9.006967884307e-01  ,4.393058824801e-01  ,1.360615752583e+00  ,1.101261361837e+00  ,7.001322150240e-01  
  9.573572954037e-08  ,-9.053824973213e-01  ,3.930892004855e-01  ,8.999608741423e-01  ,9.006677613878e-01  ,4.472696254816e-01  ,1.352652122803e+00  ,1.097212361631e+00  ,7.041231611451e-01  
  9.583573030182e-08  ,-8.893113476608e-01  ,3.849818354010e-01  ,8.999609309536e-01  ,9.006386257378e-01  ,4.553052571232e-01  ,1.344616604784e+00  ,1.093129543438e+00  ,7.081477080373e-01  
  9.593573106327e-08  ,-8.730993716873e-01  ,3.768082929111e-01  ,8.999609879514e-01  ,9.006093832786e-01  ,4.634113021077e-01  ,1.336510673795e+00  ,1.089013529734e+00  ,7.122052368230e-01  
  9.603573182472e-08  ,-8.567491319558e-01  ,3.685696524274e-01  ,8.999610451236e-01  ,9.005800356552e-01  ,4.715864791457e-01  ,1.328335611102e+00  ,1.084864861869e+00  ,7.162952094415e-01  
  9.613573258617e-08  ,-8.402636221314e-01  ,3.602671895747e-01  ,8.999611024589e-01  ,9.005505849550e-01  ,4.798292913932e-01  ,1.320092913525e+00  ,1.080684179742e+00  ,7.204169901677e-01  
  9.623573334762e-08  ,-8.236451312956e-01  ,3.519018885363e-01  ,8.999611599483e-01  ,9.005210326628e-01  ,4.881385943005e-01  ,1.311783725596e+00  ,1.076471976931e+00  ,7.245700883947e-01  
  9.633573410907e-08  ,-8.068955471882e-01  ,3.434745544902e-01  ,8.999612175839e-01  ,9.004913799531e-01  ,4.965134439898e-01  ,1.303408991178e+00  ,1.072228657198e+00  ,7.287541027080e-01  
  9.643573487052e-08  ,-7.900180977262e-01  ,3.349865588219e-01  ,8.999612753526e-01  ,9.004616289271e-01  ,5.049522264894e-01  ,1.294970324216e+00  ,1.067954908338e+00  ,7.329683495161e-01  
  9.653573563197e-08  ,-7.730158952066e-01  ,3.264392314714e-01  ,8.999613332449e-01  ,9.004317821000e-01  ,5.134533856416e-01  ,1.286469280848e+00  ,1.063651397836e+00  ,7.372121663643e-01  
  9.663573639342e-08  ,-7.558913076287e-01  ,3.178335973467e-01  ,8.999613912540e-01  ,9.004018415971e-01  ,5.220157374396e-01  ,1.277907045068e+00  ,1.059318640270e+00  ,7.414850429237e-01  
  9.673573715486e-08  ,-7.386462844310e-01  ,3.091704944175e-01  ,8.999614493731e-01  ,9.003718090815e-01  ,5.306383071576e-01  ,1.269284591589e+00  ,1.054957056290e+00  ,7.457865618728e-01  
  9.683573791631e-08  ,-7.212845977390e-01  ,3.004515464485e-01  ,8.999615075906e-01  ,9.003416877018e-01  ,5.393192087211e-01  ,1.260603806460e+00  ,1.050567460926e+00  ,7.501159144776e-01  
  9.693573867776e-08  ,-7.038086766098e-01  ,2.916778074955e-01  ,8.999615659010e-01  ,9.003114797226e-01  ,5.480572275962e-01  ,1.251865904206e+00  ,1.046150383470e+00  ,7.544725759749e-01  
  9.703573943921e-08  ,-6.862205164830e-01  ,2.828501389745e-01  ,8.999616242991e-01  ,9.002811872374e-01  ,5.568513660576e-01  ,1.243071882541e+00  ,1.041706256725e+00  ,7.588561177501e-01  
  9.713574020066e-08  ,-6.685235201832e-01  ,2.739700065868e-01  ,8.999616827753e-01  ,9.002508141086e-01  ,5.656999226837e-01  ,1.234223442867e+00  ,1.037235817402e+00  ,7.632658108152e-01  
  9.723574096211e-08  ,-6.507209522582e-01  ,2.650388282815e-01  ,8.999617413234e-01  ,9.002203644544e-01  ,5.746012651942e-01  ,1.225322217452e+00  ,1.032739778595e+00  ,7.677009503136e-01  
  9.733574172356e-08  ,-6.328146855847e-01  ,2.560574210873e-01  ,8.999617999404e-01  ,9.001898406633e-01  ,5.835544571480e-01  ,1.216369142733e+00  ,1.028218551207e+00  ,7.721611301196e-01  
  9.743574248501e-08  ,-6.148080172522e-01  ,2.470272214716e-01  ,8.999618586194e-01  ,9.001592471743e-01  ,5.925578499934e-01  ,1.207365867246e+00  ,1.023672857910e+00  ,7.766456364385e-01  
  9.753574324646e-08  ,-5.967042564009e-01  ,2.379496823363e-01  ,8.999619173547e-01  ,9.001285893613e-01  ,6.016097891542e-01  ,1.198314045555e+00  ,1.019103430529e+00  ,7.811537481931e-01  
  9.763574400791e-08  ,-5.785053047721e-01  ,2.288256403154e-01  ,8.999619761433e-01  ,9.000978706772e-01  ,6.107093237573e-01  ,1.189214628529e+00  ,1.014510690835e+00  ,7.856850505195e-01  
  9.773574476936e-08  ,-5.602145112550e-01  ,2.196565658118e-01  ,8.999620349790e-01  ,9.000670972858e-01  ,6.198547793515e-01  ,1.180069290607e+00  ,1.009895380192e+00  ,7.902388143799e-01  
  9.783574553081e-08  ,-5.418352377371e-01  ,2.104439447887e-01  ,8.999620938564e-01  ,9.000362755867e-01  ,6.290444749879e-01  ,1.170879712725e+00  ,1.005258247981e+00  ,7.948143031924e-01  
  9.793574629226e-08  ,-5.233700408508e-01  ,2.011889188374e-01  ,8.999621527730e-01  ,9.000054108260e-01  ,6.382771323476e-01  ,1.161647173198e+00  ,1.000599870245e+00  ,7.994109514073e-01  
  9.803574705371e-08  ,-5.048210229598e-01  ,1.918924196967e-01  ,8.999622117248e-01  ,8.999745075519e-01  ,6.475517002449e-01  ,1.152372723205e+00  ,9.959207174003e-01  ,8.040282977036e-01  
  9.813574781516e-08  ,-4.861917701543e-01  ,1.825560307748e-01  ,8.999622707043e-01  ,8.999435738668e-01  ,6.568663856271e-01  ,1.143058155781e+00  ,9.912215892542e-01  ,8.086655584794e-01  
  9.823574857660e-08  ,-4.674852456098e-01  ,1.731810596361e-01  ,8.999623297068e-01  ,8.999126169714e-01  ,6.662197069019e-01  ,1.133704952512e+00  ,9.865031467895e-01  ,8.133220871534e-01  
  9.833574933805e-08  ,-4.487048855389e-01  ,1.637690431412e-01  ,8.999623887288e-01  ,8.998816454728e-01  ,6.756099459594e-01  ,1.124314831498e+00  ,9.817661670434e-01  ,8.179971239022e-01  
  9.843575009950e-08  ,-4.298526630568e-01  ,1.543208649633e-01  ,8.999624477659e-01  ,8.998506644591e-01  ,6.850361162375e-01  ,1.114888779294e+00  ,9.770110969408e-01  ,8.226902319775e-01  
  9.853575086095e-08  ,-4.109320503641e-01  ,1.448380768754e-01  ,8.999625068107e-01  ,8.998196831642e-01  ,6.944964816286e-01  ,1.105428531993e+00  ,9.722387216019e-01  ,8.274006447265e-01  
  9.863575162240e-08  ,-3.919460451863e-01  ,1.353220189400e-01  ,8.999625658582e-01  ,8.997887101772e-01  ,7.039895432651e-01  ,1.095935588451e+00  ,9.674497196472e-01  ,8.321277007072e-01  
  9.873575238385e-08  ,-3.728981301858e-01  ,1.257742648854e-01  ,8.999626249027e-01  ,8.997577561105e-01  ,7.135135598098e-01  ,1.086411689996e+00  ,9.626448885532e-01  ,8.368706236679e-01  
  9.883575314530e-08  ,-3.537903059132e-01  ,1.161957189192e-01  ,8.999626839395e-01  ,8.997268271541e-01  ,7.230675309829e-01  ,1.076857836896e+00  ,9.578246866137e-01  ,8.416289676945e-01  
  9.893575390675e-08  ,-3.346260924129e-01  ,1.065879682401e-01  ,8.999627429602e-01  ,8.996959341971e-01  ,7.326496967538e-01  ,1.067275789167e+00  ,9.529899183172e-01  ,8.464019500771e-01  
  9.903575466820e-08  ,-3.154085273861e-01  ,9.695238233454e-02  ,8.999628019585e-01  ,8.996650868404e-01  ,7.422585382654e-01  ,1.057667065652e+00  ,9.481412780077e-01  ,8.511888956732e-01  
  9.913575542965e-08  ,-2.961411375459e-01  ,8.729056822959e-02  ,8.999628609273e-01  ,8.996342970222e-01  ,7.518922921544e-01  ,1.048033429700e+00  ,9.432795811370e-01  ,8.559890129074e-01  
  9.923575619110e-08  ,-2.768259473749e-01  ,7.760344861015e-02  ,8.999629198610e-01  ,8.996035718309e-01  ,7.615499461736e-01  ,1.038375893548e+00  ,9.384052961359e-01  ,8.608018475258e-01  
  9.933575695255e-08  ,-2.574665175712e-01  ,6.789264243412e-02  ,8.999629787488e-01  ,8.995729235778e-01  ,7.712297199632e-01  ,1.028696237534e+00  ,9.335192447949e-01  ,8.656266023608e-01  
  9.943575771400e-08  ,-2.380659182148e-01  ,5.815954534349e-02  ,8.999630375823e-01  ,8.995423625553e-01  ,7.809300784749e-01  ,1.018995996690e+00  ,9.286221352270e-01  ,8.704625898835e-01  
  9.953575847545e-08  ,-2.186277108581e-01  ,4.840579381347e-02  ,8.999630963529e-01  ,8.995119009366e-01  ,7.906492409239e-01  ,1.009276951782e+00  ,9.237147978434e-01  ,8.753090040299e-01  
  9.963575923690e-08  ,-1.991539385649e-01  ,3.863232684214e-02  ,8.999631550537e-01  ,8.994815459768e-01  ,8.003861857712e-01  ,9.995401243362e-01  ,9.187977093979e-01  ,8.801653825557e-01  
  9.973575999835e-08  ,-1.796486903584e-01  ,2.884102796409e-02  ,8.999632136712e-01  ,8.994513122121e-01  ,8.101388684920e-01  ,9.897875588504e-01  ,9.138718261942e-01  ,8.850307982301e-01  
  9.983576075979e-08  ,-1.601141409035e-01  ,1.903284347774e-02  ,8.999632721932e-01  ,8.994212067624e-01  ,8.199062017415e-01  ,9.800203426449e-01  ,9.089376285013e-01  ,8.899047850235e-01  
  9.993576152124e-08  ,-1.405540608289e-01  ,9.209432869396e-03  ,8.999633306052e-01  ,8.993912418847e-01  ,8.296863001907e-01  ,9.702403610196e-01  ,9.039959583194e-01  ,8.947865254500e-01  
  1.000357622827e-07  ,-1.209719475766e-01  ,-6.275359375135e-04  ,8.999633889073e-01  ,8.993614296271e-01  ,8.394774151189e-01  ,9.604493626956e-01  ,8.990476616583e-01  ,8.996751975958e-01  
  1.001357630441e-07  ,-1.013704192069e-01  ,-1.047678720077e-02  ,8.999634470914e-01  ,8.993317790996e-01  ,8.492782374880e-01  ,9.506486566949e-01  ,8.940933854992e-01  ,9.045701727000e-01  
  1.002357638056e-07  ,-8.175239169442e-02  ,-2.033693531782e-02  ,8.999635051419e-01  ,8.993023000104e-01  ,8.590873092947e-01  ,9.408397009891e-01  ,8.891338323515e-01  ,9.094707676693e-01  
  1.003357645670e-07  ,-6.212013134901e-02  ,-3.020691205011e-02  ,8.999635630490e-01  ,8.992729997929e-01  ,8.689034973745e-01  ,9.310236287235e-01  ,8.841695437679e-01  ,9.143764558180e-01  
  1.004357653285e-07  ,-4.247735279720e-02  ,-4.008492479903e-02  ,8.999636208047e-01  ,8.992438909909e-01  ,8.787249444061e-01  ,9.212022972033e-01  ,8.792014285914e-01  ,9.192863533904e-01  
  1.005357660899e-07  ,-2.282754765361e-02  ,-4.996928050620e-02  ,8.999636783961e-01  ,8.992149853446e-01  ,8.885499045693e-01  ,9.113774522229e-01  ,8.742303450915e-01  ,9.241996255977e-01  
  1.006357668514e-07  ,-3.173435847117e-03  ,-5.985868546907e-02  ,8.999637358091e-01  ,8.991862910311e-01  ,8.983770178856e-01  ,9.015504537327e-01  ,8.692569482965e-01  ,9.291156337656e-01  
  1.007357676128e-07  ,1.648192460974e-02  ,-6.975173549973e-02  ,8.999637930284e-01  ,8.991578162222e-01  ,9.082047553333e-01  ,8.917228307236e-01  ,8.642819484723e-01  ,9.340336839720e-01  
  1.008357683743e-07  ,3.613612920698e-02  ,-7.964734868150e-02  ,8.999638500431e-01  ,8.991295669229e-01  ,9.180319146466e-01  ,8.818957854396e-01  ,8.593058925821e-01  ,9.389532412636e-01  
  1.009357691357e-07  ,5.578514099847e-02  ,-8.954371041308e-02  ,8.999639068353e-01  ,8.991015529428e-01  ,9.278564773345e-01  ,8.720713363360e-01  ,8.543296977363e-01  ,9.438734081494e-01  
  1.010357698972e-07  ,7.542574476950e-02  ,-9.943935401680e-02  ,8.999639633934e-01  ,8.990737813543e-01  ,9.376768357781e-01  ,8.622510910086e-01  ,8.493541043459e-01  ,9.487934583627e-01  
  1.011357706586e-07  ,9.505429970034e-02  ,-1.093325648262e-01  ,8.999640197044e-01  ,8.990462581175e-01  ,9.474911695546e-01  ,8.524368698543e-01  ,8.443799757044e-01  ,9.537125405306e-01  
  1.012357714201e-07  ,1.146680747279e-01  ,-1.192220338653e-01  ,8.999640757581e-01  ,8.990189864810e-01  ,9.572981131220e-01  ,8.426300383941e-01  ,8.394079695483e-01  ,9.586300034136e-01  
  1.013357721815e-07  ,1.342641142308e-01  ,-1.291063413940e-01  ,8.999641315437e-01  ,8.989919703328e-01  ,9.670961886591e-01  ,8.328320744283e-01  ,8.344387996358e-01  ,9.635451410299e-01  
  1.014357729430e-07  ,1.538401255653e-01  ,-1.389843942410e-01  ,8.999641870523e-01  ,8.989652130820e-01  ,9.768842498350e-01  ,8.230441242697e-01  ,8.294730159615e-01  ,9.684574102024e-01  
  1.015357737044e-07  ,1.733917529368e-01  ,-1.488541133701e-01  ,8.999642422679e-01  ,8.989387214658e-01  ,9.866601187364e-01  ,8.132683657995e-01  ,8.245116647808e-01  ,9.733657781509e-01  
  1.016357744659e-07  ,1.929169287490e-01  ,-1.587145124383e-01  ,8.999642971841e-01  ,8.989124983929e-01  ,9.964227615586e-01  ,8.035058328096e-01  ,8.195552421737e-01  ,9.782697546120e-01  
  1.017357752273e-07  ,2.124120356176e-01  ,-1.685638644396e-01  ,8.999643517901e-01  ,8.988865482162e-01  ,1.006170369599e+00  ,7.937583339813e-01  ,8.146046159964e-01  ,9.831684804360e-01  
  1.018357759888e-07  ,2.318734901233e-01  ,-1.784004404377e-01  ,8.999644060757e-01  ,8.988608743534e-01  ,1.015901151137e+00  ,7.840276610140e-01  ,8.096606541345e-01  ,9.880610945723e-01  
  1.019357767502e-07  ,2.512985888154e-01  ,-1.882229224760e-01  ,8.999644600315e-01  ,8.988354794189e-01  ,1.025613754439e+00  ,7.743151656238e-01  ,8.047240181809e-01  ,9.929469406570e-01  
  1.020357775117e-07  ,2.706851189356e-01  ,-1.980302395730e-01  ,8.999645136484e-01  ,8.988103651403e-01  ,1.035307073116e+00  ,7.646219541806e-01  ,7.997952453538e-01  ,9.978254849268e-01  
  1.021357782731e-07  ,2.900293218310e-01  ,-2.078205791571e-01  ,8.999645669103e-01  ,8.987855331895e-01  ,1.044979227826e+00  ,7.549499059948e-01  ,7.948752436109e-01  ,1.002695822768e+00  
  1.022357790346e-07  ,3.093276285109e-01  ,-2.175922108915e-01  ,8.999646198058e-01  ,8.987609819185e-01  ,1.054628434061e+00  ,7.453008055504e-01  ,7.899648764728e-01  ,1.007557087364e+00  
  1.023357797960e-07  ,3.285773523008e-01  ,-2.273438166266e-01  ,8.999646723280e-01  ,8.987367092208e-01  ,1.064253348478e+00  ,7.356759961776e-01  ,7.850648009075e-01  ,1.012408617534e+00  
  1.024357805575e-07  ,3.477755857574e-01  ,-2.370739687715e-01  ,8.999647244680e-01  ,8.987127131999e-01  ,1.073852517347e+00  ,7.260769315893e-01  ,7.801757288142e-01  ,1.017249697586e+00  
  1.025357813189e-07  ,3.669200752676e-01  ,-2.467815695582e-01  ,8.999647762184e-01  ,8.986889926858e-01  ,1.083424813852e+00  ,7.165047385846e-01  ,7.752982079067e-01  ,1.022079777465e+00  
  1.026357820804e-07  ,3.860065446113e-01  ,-2.564645342779e-01  ,8.999648275670e-01  ,8.986655457826e-01  ,1.092968099873e+00  ,7.069615552614e-01  ,7.704332786437e-01  ,1.026897812922e+00  
  1.027357828418e-07  ,4.050323179977e-01  ,-2.661215477360e-01  ,8.999648785080e-01  ,8.986423714812e-01  ,1.102481037507e+00  ,6.974487195092e-01  ,7.655815976132e-01  ,1.031703145349e+00  
  1.028357836033e-07  ,4.239952140071e-01  ,-2.757515419579e-01  ,8.999649290353e-01  ,8.986194689809e-01  ,1.111962536039e+00  ,6.879673220318e-01  ,7.607436980019e-01  ,1.036495239960e+00  
  1.029357843647e-07  ,4.428910540163e-01  ,-2.853524648333e-01  ,8.999649791375e-01  ,8.985968368408e-01  ,1.121410506146e+00  ,6.785194521294e-01  ,7.559206044241e-01  ,1.041273069257e+00  
  1.030357851262e-07  ,4.617178379790e-01  ,-2.949233328759e-01  ,8.999650288094e-01  ,8.985744743695e-01  ,1.130823947799e+00  ,6.691061098199e-01  ,7.511128079316e-01  ,1.046036140807e+00  
  1.031357858876e-07  ,4.804720701629e-01  ,-3.044624263932e-01  ,8.999650780424e-01  ,8.985523800686e-01  ,1.140201113124e+00  ,6.597290429610e-01  ,7.463211668720e-01  ,1.050783593265e+00  
  1.032357866491e-07  ,4.991502973356e-01  ,-3.139680295293e-01  ,8.999651268289e-01  ,8.985305513447e-01  ,1.149540275497e+00  ,6.503899781612e-01  ,7.415465365800e-01  ,1.055514566109e+00  
  1.033357874105e-07  ,5.177505548782e-01  ,-3.234391635291e-01  ,8.999651751647e-01  ,8.985089862140e-01  ,1.158840452604e+00  ,6.410898977256e-01  ,7.367894044495e-01  ,1.060228567979e+00  
  1.034357881720e-07  ,5.362694028828e-01  ,-3.328741174163e-01  ,8.999652230416e-01  ,8.984876810699e-01  ,1.168099924483e+00  ,6.318305216002e-01  ,7.320506223617e-01  ,1.064924739778e+00  
  1.035357889334e-07  ,5.547034340321e-01  ,-3.422711850780e-01  ,8.999652704530e-01  ,8.984666327634e-01  ,1.177316987469e+00  ,6.226135534369e-01  ,7.273310402244e-01  ,1.069602225302e+00  
  1.036357896949e-07  ,5.730507094426e-01  ,-3.516293937427e-01  ,8.999653173952e-01  ,8.984458401263e-01  ,1.186490672116e+00  ,6.134399626739e-01  ,7.226311432550e-01  ,1.074260536998e+00  
  1.037357904563e-07  ,5.913078347492e-01  ,-3.609470433746e-01  ,8.999653638609e-01  ,8.984253017521e-01  ,1.195619281235e+00  ,6.043114464863e-01  ,7.179517800648e-01  ,1.078898823439e+00  
  1.038357912178e-07  ,6.094714494460e-01  ,-3.702224399453e-01  ,8.999654098435e-01  ,8.984050175867e-01  ,1.204701134566e+00  ,5.952296851205e-01  ,7.132937976141e-01  ,1.083516237559e+00  
  1.039357919792e-07  ,6.275390263812e-01  ,-3.794542967967e-01  ,8.999654553397e-01  ,8.983849882356e-01  ,1.213734968530e+00  ,5.861959421491e-01  ,7.086578398373e-01  ,1.088112136634e+00  
  1.040357927407e-07  ,6.455078354797e-01  ,-3.886412233472e-01  ,8.999655003443e-01  ,8.983652147721e-01  ,1.222719418084e+00  ,5.772115826045e-01  ,7.040446030986e-01  ,1.092685826446e+00  
  1.041357935021e-07  ,6.633757647685e-01  ,-3.977821523250e-01  ,8.999655448525e-01  ,8.983456982310e-01  ,1.231653427237e+00  ,5.682776624682e-01  ,6.994546220685e-01  ,1.097236774393e+00  
  1.042357942636e-07  ,6.811388157245e-01  ,-4.068750613537e-01  ,8.999655888564e-01  ,8.983264407146e-01  ,1.240534996719e+00  ,5.593961809942e-01  ,6.948889100378e-01  ,1.101763971391e+00  
  1.043357950250e-07  ,6.987944973060e-01  ,-4.159186799795e-01  ,8.999656323527e-01  ,8.983074435305e-01  ,1.249362881006e+00  ,5.505683836997e-01  ,6.903481035407e-01  ,1.106266783520e+00  
  1.044357957865e-07  ,7.163407829876e-01  ,-4.249119784110e-01  ,8.999656753377e-01  ,8.982887077072e-01  ,1.258136066832e+00  ,5.417952838439e-01  ,6.858327185017e-01  ,1.110744696913e+00  
  1.045357965479e-07  ,7.337738002237e-01  ,-4.338529822714e-01  ,8.999657178047e-01  ,8.982702354817e-01  ,1.266852617917e+00  ,5.330788176928e-01  ,6.813437443460e-01  ,1.115196726617e+00  
  1.046357973094e-07  ,7.510917033601e-01  ,-4.427407488671e-01  ,8.999657597505e-01  ,8.982520283475e-01  ,1.275511611430e+00  ,5.244199080704e-01  ,6.768816539140e-01  ,1.119622402781e+00  
  1.047357980708e-07  ,7.682912722857e-01  ,-4.515736323449e-01  ,8.999658011699e-01  ,8.982340895632e-01  ,1.284111437313e+00  ,5.158201650271e-01  ,6.724472733907e-01  ,1.124020905736e+00  
  1.048357988323e-07  ,7.853697743442e-01  ,-4.603502294306e-01  ,8.999658420585e-01  ,8.982164231793e-01  ,1.292650729231e+00  ,5.072809548864e-01  ,6.680413084639e-01  ,1.128391537895e+00  
  1.049357995937e-07  ,8.023240749540e-01  ,-4.690689114289e-01  ,8.999658824125e-01  ,8.981990351303e-01  ,1.301127919889e+00  ,4.988038449354e-01  ,6.636645794159e-01  ,1.132733490845e+00  
  1.050358003552e-07  ,8.191518198048e-01  ,-4.777284441140e-01  ,8.999659222289e-01  ,8.981819306490e-01  ,1.309541832131e+00  ,4.903900123265e-01  ,6.593177085920e-01  ,1.137046152706e+00  
  1.051358011166e-07  ,8.358510888677e-01  ,-4.863278278346e-01  ,8.999659615044e-01  ,8.981651142586e-01  ,1.317891505938e+00  ,4.820404170705e-01  ,6.550012003413e-01  ,1.141329028176e+00  
  1.052358018781e-07  ,8.524186320906e-01  ,-4.948653760697e-01  ,8.999660002330e-01  ,8.981485939596e-01  ,1.326175316278e+00  ,4.737566841877e-01  ,6.507159059248e-01  ,1.145581281994e+00  
  1.053358026395e-07  ,8.688513899298e-01  ,-5.033394918500e-01  ,8.999660384112e-01  ,8.981323777836e-01  ,1.334391733376e+00  ,4.655403434463e-01  ,6.464626318586e-01  ,1.149802123709e+00  
  1.054358034010e-07  ,8.851476313483e-01  ,-5.117492676101e-01  ,8.999660760368e-01  ,8.981164701251e-01  ,1.342539891711e+00  ,4.573922603627e-01  ,6.422418363200e-01  ,1.153991103930e+00  
  1.055358041624e-07  ,9.013039216782e-01  ,-5.200928959496e-01  ,8.999661131045e-01  ,8.981008794179e-01  ,1.350618073944e+00  ,4.493141522653e-01  ,6.380544314431e-01  ,1.158147327393e+00  
  1.056358049239e-07  ,9.173185569156e-01  ,-5.283694797027e-01  ,8.999661496112e-01  ,8.980856097482e-01  ,1.358625428069e+00  ,4.413068711534e-01  ,6.339008698969e-01  ,1.162270349600e+00  
  1.057358056853e-07  ,9.331885639936e-01  ,-5.365774542473e-01  ,8.999661855523e-01  ,8.980706685137e-01  ,1.366560467549e+00  ,4.333719035555e-01  ,6.297819413901e-01  ,1.166359395637e+00  
  1.058358064468e-07  ,9.489110213632e-01  ,-5.447152687729e-01  ,8.999662209235e-01  ,8.980560638549e-01  ,1.374421731605e+00  ,4.255107102419e-01  ,6.256984294685e-01  ,1.170413698241e+00  
  1.059358072082e-07  ,9.644837432713e-01  ,-5.527817506108e-01  ,8.999662557216e-01  ,8.980418022733e-01  ,1.382208127357e+00  ,4.177243840859e-01  ,6.216509269678e-01  ,1.174432677579e+00  
  1.060358079697e-07  ,9.799043770853e-01  ,-5.607756363114e-01  ,8.999662899430e-01  ,8.980278908765e-01  ,1.389918478486e+00  ,4.100141014003e-01  ,6.176400727209e-01  ,1.178415709032e+00  
  1.061358087311e-07  ,9.951711093363e-01  ,-5.686959589142e-01  ,8.999663235841e-01  ,8.980143352128e-01  ,1.397551878252e+00  ,4.023807689159e-01  ,6.136663557556e-01  ,1.182362314670e+00  
  1.062358094926e-07  ,1.010280519372e+00  ,-5.765408919488e-01  ,8.999663566390e-01  ,8.980011460225e-01  ,1.405106616325e+00  ,3.948260969531e-01  ,6.097307000481e-01  ,1.186271591997e+00  
  1.063358102540e-07  ,1.025231004829e+00  ,-5.843095790945e-01  ,8.999663891052e-01  ,8.979883284435e-01  ,1.412581891520e+00  ,3.873508866904e-01  ,6.058335388962e-01  ,1.190143117991e+00  
  1.064358110155e-07  ,1.040019778269e+00  ,-5.920005282508e-01  ,8.999664209778e-01  ,8.979758911155e-01  ,1.419976310112e+00  ,3.799565318435e-01  ,6.019756269901e-01  ,1.193976155241e+00  
  1.065358117769e-07  ,1.054644116241e+00  ,-5.996122637162e-01  ,8.999664522521e-01  ,8.979638413258e-01  ,1.427288510373e+00  ,3.726443941316e-01  ,5.981577094677e-01  ,1.197769973184e+00  
  1.066358125383e-07  ,1.069102481007e+00  ,-6.071439489723e-01  ,8.999664829254e-01  ,8.979521826128e-01  ,1.434517723429e+00  ,3.654152424219e-01  ,5.943802081267e-01  ,1.201524157099e+00  
  1.067358132998e-07  ,1.083392191928e+00  ,-6.145941269957e-01  ,8.999665129923e-01  ,8.979409208927e-01  ,1.441662608956e+00  ,3.582704170286e-01  ,5.906438573949e-01  ,1.205237984391e+00  
  1.068358140612e-07  ,1.097510621577e+00  ,-6.219613582369e-01  ,8.999665424472e-01  ,8.979300616976e-01  ,1.448721853236e+00  ,3.512112316588e-01  ,5.869493825791e-01  ,1.208910740816e+00  
  1.069358148227e-07  ,1.111455809623e+00  ,-6.292445570760e-01  ,8.999665712866e-01  ,8.979196089760e-01  ,1.455694476098e+00  ,3.442386664749e-01  ,5.832973304380e-01  ,1.212541887514e+00  
  1.070358155841e-07  ,1.125225650656e+00  ,-6.364425560883e-01  ,8.999665995060e-01  ,8.979095666493e-01  ,1.462579424834e+00  ,3.373537741781e-01  ,5.796882886051e-01  ,1.216130844693e+00  
  1.071358163456e-07  ,1.138818003783e+00  ,-6.435541679276e-01  ,8.999666271003e-01  ,8.978999384695e-01  ,1.469375628992e+00  ,3.305576252088e-01  ,5.761228545057e-01  ,1.219677022433e+00  
  1.072358171070e-07  ,1.152230730824e+00  ,-6.505782061588e-01  ,8.999666540646e-01  ,8.978907280537e-01  ,1.476082019477e+00  ,3.238512886524e-01  ,5.726016249743e-01  ,1.223179831133e+00  
  1.073358178685e-07  ,1.165461711066e+00  ,-6.575134923798e-01  ,8.999666803936e-01  ,8.978819387691e-01  ,1.482697535927e+00  ,3.172358248606e-01  ,5.691251925792e-01  ,1.226638684959e+00  
  1.074358186299e-07  ,1.178508847808e+00  ,-6.643588587538e-01  ,8.999667060818e-01  ,8.978735734405e-01  ,1.489221129986e+00  ,3.107122821778e-01  ,5.656941440636e-01  ,1.230053002817e+00  
  1.075358193914e-07  ,1.191370574921e+00  ,-6.711134365494e-01  ,8.999667311245e-01  ,8.978656336890e-01  ,1.495652018585e+00  ,3.042814436640e-01  ,5.623089154143e-01  ,1.233422351964e+00  
  1.076358201528e-07  ,1.204043973887e+00  ,-6.777755995166e-01  ,8.999667555135e-01  ,8.978581214101e-01  ,1.501988742457e+00  ,2.979447685697e-01  ,5.589703216518e-01  ,1.236745921168e+00  
  1.077358209143e-07  ,1.216527700828e+00  ,-6.843445942991e-01  ,8.999667792450e-01  ,8.978510366061e-01  ,1.508230629659e+00  ,2.917029288310e-01  ,5.556787394566e-01  ,1.240023333756e+00  
  1.078358216757e-07  ,1.228819425901e+00  ,-6.908191109157e-01  ,8.999668023124e-01  ,8.978443788434e-01  ,1.514376515263e+00  ,2.855570893618e-01  ,5.524348233855e-01  ,1.243253934301e+00  
  1.079358224372e-07  ,1.240916890110e+00  ,-6.971978605897e-01  ,8.999668247091e-01  ,8.978381467941e-01  ,1.520425269764e+00  ,2.795083796539e-01  ,5.492392164992e-01  ,1.246437077089e+00  
  1.080358231986e-07  ,1.252818417311e+00  ,-7.034798748629e-01  ,8.999668464306e-01  ,8.978323390574e-01  ,1.526376055086e+00  ,2.735576377752e-01  ,5.460924016259e-01  ,1.249572276489e+00  
  1.081358239601e-07  ,1.264522649940e+00  ,-7.096643730720e-01  ,8.999668674723e-01  ,8.978269543721e-01  ,1.532228192442e+00  ,2.677055425022e-01  ,5.429947678361e-01  ,1.252659140908e+00  
  1.082358247215e-07  ,1.276027304212e+00  ,-7.157500441213e-01  ,8.999668878264e-01  ,8.978219905092e-01  ,1.537980539932e+00  ,2.619532357203e-01  ,5.399469684485e-01  ,1.255697012570e+00  
  1.083358254830e-07  ,1.287330549545e+00  ,-7.217358339190e-01  ,8.999669074873e-01  ,8.978174455694e-01  ,1.543632182260e+00  ,2.563016327149e-01  ,5.369495286099e-01  ,1.258685362529e+00  
  1.084358262444e-07  ,1.298430313680e+00  ,-7.276205313198e-01  ,8.999669264496e-01  ,8.978133171661e-01  ,1.549182083290e+00  ,2.507517696094e-01  ,5.340030515062e-01  ,1.261623582826e+00  
  1.085358270059e-07  ,1.309325060167e+00  ,-7.334032279933e-01  ,8.999669447081e-01  ,8.978096029762e-01  ,1.554629474791e+00  ,2.453044146249e-01  ,5.311079889795e-01  ,1.264511216973e+00  
  1.086358277673e-07  ,1.320013546081e+00  ,-7.390831925975e-01  ,8.999669622584e-01  ,8.978063008105e-01  ,1.559973735299e+00  ,2.399601892181e-01  ,5.282647045117e-01  ,1.267347897109e+00  
  1.087358285288e-07  ,1.330493414748e+00  ,-7.446590347215e-01  ,8.999669790924e-01  ,8.978034058610e-01  ,1.565213686467e+00  ,2.347202717182e-01  ,5.254738885002e-01  ,1.270132923222e+00  
  1.088358292902e-07  ,1.340763560169e+00  ,-7.501301001680e-01  ,8.999669952064e-01  ,8.978009153946e-01  ,1.570348775291e+00  ,2.295852151218e-01  ,5.227358653106e-01  ,1.272865965479e+00  
  1.089358300517e-07  ,1.350821810455e+00  ,-7.554950952656e-01  ,8.999670105933e-01  ,8.977988235828e-01  ,1.575377915821e+00  ,2.245561053659e-01  ,5.200512759501e-01  ,1.275546371216e+00  
  1.090358308131e-07  ,1.360667106891e+00  ,-7.607533855131e-01  ,8.999670252498e-01  ,8.977971272177e-01  ,1.580300578695e+00  ,2.196334718042e-01  ,5.174204344612e-01  ,1.278173819974e+00  
  1.091358315746e-07  ,1.370297616405e+00  ,-7.659038705280e-01  ,8.999670391700e-01  ,8.977958205712e-01  ,1.585115847373e+00  ,2.148182309674e-01  ,5.148438853072e-01  ,1.280747755835e+00  
  1.092358323360e-07  ,1.379711570805e+00  ,-7.709454751029e-01  ,8.999670523494e-01  ,8.977948980945e-01  ,1.589822837752e+00  ,2.101112669469e-01  ,5.123221605430e-01  ,1.283267635646e+00  
  1.093358330975e-07  ,1.388907667145e+00  ,-7.758773959534e-01  ,8.999670647849e-01  ,8.977943560538e-01  ,1.594420898358e+00  ,2.055132312122e-01  ,5.098556580771e-01  ,1.285733054030e+00  
  1.094358338589e-07  ,1.397884855314e+00  ,-7.806989877402e-01  ,8.999670764733e-01  ,8.977941915695e-01  ,1.598909504130e+00  ,2.010246488162e-01  ,5.074446976993e-01  ,1.288143685440e+00  
  1.095358346204e-07  ,1.406641152636e+00  ,-7.854090269436e-01  ,8.999670874094e-01  ,8.977943992062e-01  ,1.603287663727e+00  ,1.966465110914e-01  ,5.050898857344e-01  ,1.290498912678e+00  
  1.096358353818e-07  ,1.415175635686e+00  ,-7.900069406835e-01  ,8.999670975914e-01  ,8.977949763668e-01  ,1.607554915435e+00  ,1.923792797482e-01  ,5.027915060251e-01  ,1.292798446709e+00  
  1.097358361433e-07  ,1.423486710831e+00  ,-7.944917370864e-01  ,8.999671070162e-01  ,8.977959184808e-01  ,1.611710462432e+00  ,1.882237516008e-01  ,5.005500499376e-01  ,1.295041787024e+00  
  1.098358369047e-07  ,1.431572852393e+00  ,-7.988624511700e-01  ,8.999671156814e-01  ,8.977972209797e-01  ,1.615753541878e+00  ,1.841806894849e-01  ,4.983659953947e-01  ,1.297228446565e+00  
  1.099358376662e-07  ,1.439433212777e+00  ,-8.031185424293e-01  ,8.999671235861e-01  ,8.977988812282e-01  ,1.619683729974e+00  ,1.802505171978e-01  ,4.962396100136e-01  ,1.299358152443e+00  
  1.100358384276e-07  ,1.447066134052e+00  ,-8.072589463946e-01  ,8.999671307283e-01  ,8.978008938450e-01  ,1.623500197754e+00  ,1.764340637023e-01  ,4.941714206477e-01  ,1.301430367042e+00  
  1.101358391891e-07  ,1.454470814722e+00  ,-8.112831446709e-01  ,8.999671371073e-01  ,8.978032561265e-01  ,1.627202544469e+00  ,1.727317297461e-01  ,4.921616837910e-01  ,1.303444828462e+00  
  1.102358399505e-07  ,1.461645873834e+00  ,-8.151902412518e-01  ,8.999671427223e-01  ,8.978059635623e-01  ,1.630790079639e+00  ,1.691442058054e-01  ,4.902108429364e-01  ,1.305401084188e+00  
  1.103358407120e-07  ,1.468589995930e+00  ,-8.189793682534e-01  ,8.999671475735e-01  ,8.978090124439e-01  ,1.634262145538e+00  ,1.656721496088e-01  ,4.883193283172e-01  ,1.307298696571e+00  
  1.104358414734e-07  ,1.475302222470e+00  ,-8.226498821374e-01  ,8.999671516617e-01  ,8.978124004992e-01  ,1.637618262897e+00  ,1.623160404268e-01  ,4.864874594305e-01  ,1.309137341568e+00  
  1.105358422349e-07  ,1.481781786708e+00  ,-8.262012681556e-01  ,8.999671549874e-01  ,8.978161260539e-01  ,1.640858048341e+00  ,1.590762616335e-01  ,4.847154919761e-01  ,1.310916760132e+00  
  1.106358429963e-07  ,1.488027413975e+00  ,-8.296326682795e-01  ,8.999671575516e-01  ,8.978201865221e-01  ,1.643980864539e+00  ,1.559534505642e-01  ,4.830038523824e-01  ,1.312636520662e+00  
  1.107358437578e-07  ,1.494037956680e+00  ,-8.329432951738e-01  ,8.999671593569e-01  ,8.978245800095e-01  ,1.646986137697e+00  ,1.529481810169e-01  ,4.813529324226e-01  ,1.314296227596e+00  
  1.108358445192e-07  ,1.499812585472e+00  ,-8.361325672729e-01  ,8.999671604053e-01  ,8.978293052802e-01  ,1.649873453141e+00  ,1.500608676695e-01  ,4.797630216438e-01  ,1.315895588917e+00  
  1.109358452807e-07  ,1.505350640163e+00  ,-8.392000204595e-01  ,8.999671606984e-01  ,8.978343613380e-01  ,1.652642480780e+00  ,1.472918406168e-01  ,4.782343511082e-01  ,1.317434371568e+00  
  1.110358460421e-07  ,1.510650892260e+00  ,-8.421447822448e-01  ,8.999671602397e-01  ,8.978397462491e-01  ,1.655292606369e+00  ,1.446417141099e-01  ,4.767673551267e-01  ,1.318912137372e+00  
  1.111358468036e-07  ,1.515712784851e+00  ,-8.449664502907e-01  ,8.999671590314e-01  ,8.978454591216e-01  ,1.657823551457e+00  ,1.421107666060e-01  ,4.753622339763e-01  ,1.320328684267e+00  
  1.112358475650e-07  ,1.520535368207e+00  ,-8.476643326116e-01  ,8.999671570775e-01  ,8.978514985583e-01  ,1.660234841181e+00  ,1.396994729739e-01  ,4.740193322525e-01  ,1.321683664864e+00  
  1.113358483265e-07  ,1.525117760413e+00  ,-8.502377676131e-01  ,8.999671543820e-01  ,8.978578636797e-01  ,1.662526034588e+00  ,1.374082741756e-01  ,4.727389798731e-01  ,1.322976747486e+00  
  1.114358490879e-07  ,1.529459332452e+00  ,-8.526862702888e-01  ,8.999671509487e-01  ,8.978645541809e-01  ,1.664696817175e+00  ,1.352374847226e-01  ,4.715214190365e-01  ,1.324207689325e+00  
  1.115358498494e-07  ,1.533559431927e+00  ,-8.550093298363e-01  ,8.999671467814e-01  ,8.978715700107e-01  ,1.666746862745e+00  ,1.331874308179e-01  ,4.703669050926e-01  ,1.325376234929e+00  
  1.116358506108e-07  ,1.537417574855e+00  ,-8.572065635968e-01  ,8.999671418830e-01  ,8.978789113375e-01  ,1.668675929311e+00  ,1.312583544553e-01  ,4.692756295391e-01  ,1.326482193136e+00  
  1.117358513723e-07  ,1.541032885714e+00  ,-8.592772665240e-01  ,8.999671362593e-01  ,8.978865788913e-01  ,1.670483579116e+00  ,1.294506934025e-01  ,4.682479456293e-01  ,1.327525212153e+00  
  1.118358521337e-07  ,1.544404985578e+00  ,-8.612211225243e-01  ,8.999671299131e-01  ,8.978945732808e-01  ,1.672169622702e+00  ,1.277646371243e-01  ,4.672840120187e-01  ,1.328505134543e+00  
  1.119358528952e-07  ,1.547533157398e+00  ,-8.630375183645e-01  ,8.999671228503e-01  ,8.979028957135e-01  ,1.673733701549e+00  ,1.262005441513e-01  ,4.663841365312e-01  ,1.329421654896e+00  
  1.120358536566e-07  ,1.550416973995e+00  ,-8.647260691841e-01  ,8.999671150746e-01  ,8.979115468993e-01  ,1.675175602072e+00  ,1.247586280769e-01  ,4.655485123072e-01  ,1.330274581491e+00  
  1.121358544181e-07  ,1.553056105475e+00  ,-8.662864713346e-01  ,8.999671065892e-01  ,8.979205273776e-01  ,1.676495159327e+00  ,1.234390538516e-01  ,4.647772917102e-01  ,1.331063763045e+00  
  1.122358551795e-07  ,1.555450021981e+00  ,-8.677182254956e-01  ,8.999670973989e-01  ,8.979298380618e-01  ,1.677692108390e+00  ,1.222420864083e-01  ,4.640707253140e-01  ,1.331788950810e+00  
  1.123358559410e-07  ,1.557598289007e+00  ,-8.690208901813e-01  ,8.999670875085e-01  ,8.979394799155e-01  ,1.678766232012e+00  ,1.211679430049e-01  ,4.634290348248e-01  ,1.332449925006e+00  
  1.124358567024e-07  ,1.559500684716e+00  ,-8.701942260652e-01  ,8.999670769205e-01  ,8.979494535519e-01  ,1.679717419278e+00  ,1.202167345626e-01  ,4.628523405193e-01  ,1.333046566584e+00  
  1.125358574639e-07  ,1.561156804243e+00  ,-8.712377739988e-01  ,8.999670656398e-01  ,8.979597602887e-01  ,1.680545467761e+00  ,1.193886635184e-01  ,4.623408732893e-01  ,1.333578647288e+00  
  1.126358582253e-07  ,1.562566477575e+00  ,-8.721513206943e-01  ,8.999670536688e-01  ,8.979704008933e-01  ,1.681250292456e+00  ,1.186838148813e-01  ,4.618947405462e-01  ,1.334046061240e+00  
  1.127358589868e-07  ,1.563729403399e+00  ,-8.729344592399e-01  ,8.999670410120e-01  ,8.979813771026e-01  ,1.681831742712e+00  ,1.181023393123e-01  ,4.615141474827e-01  ,1.334448606723e+00  
  1.128358597482e-07  ,1.564645463712e+00  ,-8.735870026061e-01  ,8.999670276714e-01  ,8.979926899162e-01  ,1.682289759528e+00  ,1.176442958152e-01  ,4.611991886131e-01  ,1.334786191219e+00  
  1.129358605097e-07  ,1.565314478381e+00  ,-8.741086367071e-01  ,8.999670136504e-01  ,8.980043410568e-01  ,1.682624252841e+00  ,1.173097744601e-01  ,4.609500227033e-01  ,1.335058659410e+00  
  1.130358612711e-07  ,1.565736342638e+00  ,-8.744991173903e-01  ,8.999669989517e-01  ,8.980163318236e-01  ,1.682835170271e+00  ,1.170988276325e-01  ,4.607667731284e-01  ,1.335265890519e+00  
  1.131358620326e-07  ,1.565910990696e+00  ,-8.747582204594e-01  ,8.999669835776e-01  ,8.980286632376e-01  ,1.682922478925e+00  ,1.170114882298e-01  ,4.606495530079e-01  ,1.335407773467e+00  
  1.132358627940e-07  ,1.565838395731e+00  ,-8.748857417485e-01  ,8.999669675305e-01  ,8.980413361061e-01  ,1.682886165396e+00  ,1.170477696648e-01  ,4.605984652319e-01  ,1.335484206980e+00  
  1.133358635555e-07  ,1.565518577637e+00  ,-8.748814704412e-01  ,8.999669508122e-01  ,8.980543511390e-01  ,1.682726239631e+00  ,1.172076619936e-01  ,4.606136159183e-01  ,1.335495086360e+00  
  1.134358643169e-07  ,1.564951590299e+00  ,-8.747452668418e-01  ,8.999669334243e-01  ,8.980677086728e-01  ,1.682442728574e+00  ,1.174911382746e-01  ,4.606950752519e-01  ,1.335440342094e+00  
  1.135358650784e-07  ,1.564137522992e+00  ,-8.744769955928e-01  ,8.999669153680e-01  ,8.980814089407e-01  ,1.682035676864e+00  ,1.178981538721e-01  ,4.608429111444e-01  ,1.335319906737e+00  
  1.136358658398e-07  ,1.563076502990e+00  ,-8.740765361269e-01  ,8.999668966447e-01  ,8.980954520918e-01  ,1.681505148140e+00  ,1.184286451497e-01  ,4.610571840283e-01  ,1.335133720155e+00  
  1.137358666013e-07  ,1.561768652596e+00  ,-8.735438092990e-01  ,8.999668772555e-01  ,8.981098382041e-01  ,1.680851203554e+00  ,1.190825509573e-01  ,4.613379335546e-01  ,1.334881742854e+00  
  1.138358673627e-07  ,1.560214210557e+00  ,-8.728786996385e-01  ,8.999668572017e-01  ,8.981245673589e-01  ,1.680073962480e+00  ,1.198597519234e-01  ,4.616852175396e-01  ,1.334563917178e+00  
  1.139358681242e-07  ,1.558413427539e+00  ,-8.720811446998e-01  ,8.999668364844e-01  ,8.981396394673e-01  ,1.679173550254e+00  ,1.207601227150e-01  ,4.620990671174e-01  ,1.334180211817e+00  
  1.140358688856e-07  ,1.556366590607e+00  ,-8.711511024680e-01  ,8.999668151042e-01  ,8.981550541822e-01  ,1.678150110408e+00  ,1.217835198005e-01  ,4.625795029482e-01  ,1.333730605416e+00  
  1.141358696471e-07  ,1.554074024482e+00  ,-8.700885514016e-01  ,8.999667930618e-01  ,8.981708108149e-01  ,1.677003805303e+00  ,1.229297808208e-01  ,4.631265351141e-01  ,1.333215086516e+00  
  1.142358704085e-07  ,1.551536156183e+00  ,-8.688934942957e-01  ,8.999667703581e-01  ,8.981869080612e-01  ,1.675734848449e+00  ,1.241986922668e-01  ,4.637401609133e-01  ,1.332633655209e+00  
  1.143358711699e-07  ,1.548753347930e+00  ,-8.675659545991e-01  ,8.999667469934e-01  ,8.982033445161e-01  ,1.674343420959e+00  ,1.255900730283e-01  ,4.644203672166e-01  ,1.331986321816e+00  
  1.144358719314e-07  ,1.545725916631e+00  ,-8.661059610843e-01  ,8.999667229686e-01  ,8.982201188435e-01  ,1.672829681284e+00  ,1.271037646531e-01  ,4.651671383014e-01  ,1.331273099386e+00  
  1.145358726928e-07  ,1.542454432211e+00  ,-8.645135780242e-01  ,8.999666982850e-01  ,8.982372284890e-01  ,1.671193914391e+00  ,1.287394821793e-01  ,4.659804394769e-01  ,1.330494017501e+00  
  1.146358734543e-07  ,1.538939507048e+00  ,-8.627889042929e-01  ,8.999666729433e-01  ,8.982546704093e-01  ,1.669436426467e+00  ,1.304969194191e-01  ,4.668602182629e-01  ,1.329649122556e+00  
  1.147358742157e-07  ,1.535181641062e+00  ,-8.609320366171e-01  ,8.999666469442e-01  ,8.982724420510e-01  ,1.667557467475e+00  ,1.323758264132e-01  ,4.678064237425e-01  ,1.328738460360e+00  
  1.148358749772e-07  ,1.531181263339e+00  ,-8.589430633332e-01  ,8.999666202887e-01  ,8.982905412343e-01  ,1.665557251958e+00  ,1.343759886195e-01  ,4.688190095677e-01  ,1.327762072901e+00  
  1.149358757386e-07  ,1.526939133773e+00  ,-8.568221495484e-01  ,8.999665929791e-01  ,8.983089640790e-01  ,1.663436159866e+00  ,1.364970260925e-01  ,4.698978893048e-01  ,1.326720038853e+00  
  1.150358765001e-07  ,1.522456044186e+00  ,-8.545694904634e-01  ,8.999665650169e-01  ,8.983277063725e-01  ,1.661194587110e+00  ,1.387385429238e-01  ,4.710429611408e-01  ,1.325612451604e+00  
  1.151358772615e-07  ,1.517732471694e+00  ,-8.521852113979e-01  ,8.999665364035e-01  ,8.983467654938e-01  ,1.658832772250e+00  ,1.411003005567e-01  ,4.722541597948e-01  ,1.324439371193e+00  
  1.152358780230e-07  ,1.512769279586e+00  ,-8.496695454447e-01  ,8.999665071417e-01  ,8.983661366315e-01  ,1.656351146935e+00  ,1.435818673487e-01  ,4.735313639091e-01  ,1.323200909354e+00  
  1.153358787844e-07  ,1.507567257229e+00  ,-8.470227184910e-01  ,8.999664772343e-01  ,8.983858152153e-01  ,1.653750105849e+00  ,1.461828486196e-01  ,4.748744559698e-01  ,1.321897174461e+00  
  1.154358795459e-07  ,1.502127228953e+00  ,-8.442449771041e-01  ,8.999664466834e-01  ,8.984057962680e-01  ,1.651030061160e+00  ,1.489028322070e-01  ,4.762833077159e-01  ,1.320528284820e+00  
  1.155358803073e-07  ,1.496450055440e+00  ,-8.413365885195e-01  ,8.999664154924e-01  ,8.984260743707e-01  ,1.648191443212e+00  ,1.517413877724e-01  ,4.777577801109e-01  ,1.319094368630e+00  
  1.156358810688e-07  ,1.490536784118e+00  ,-8.382978926154e-01  ,8.999663836652e-01  ,8.984466427262e-01  ,1.645234775724e+00  ,1.546979916063e-01  ,4.792976964185e-01  ,1.317595589034e+00  
  1.157358818302e-07  ,1.484388246391e+00  ,-8.351291697431e-01  ,8.999663512050e-01  ,8.984674959710e-01  ,1.642160474400e+00  ,1.577722280097e-01  ,4.809029110995e-01  ,1.316032080843e+00  
  1.158358825917e-07  ,1.478005143213e+00  ,-8.318306574212e-01  ,8.999663181149e-01  ,8.984886296770e-01  ,1.638968889721e+00  ,1.609637465085e-01  ,4.825733009664e-01  ,1.314403958388e+00  
  1.159358833531e-07  ,1.471388696704e+00  ,-8.284027731787e-01  ,8.999662844012e-01  ,8.985100362017e-01  ,1.635660632753e+00  ,1.642719360490e-01  ,4.843086496123e-01  ,1.312711422791e+00  
  1.160358841146e-07  ,1.464539963574e+00  ,-8.248458873052e-01  ,8.999662500685e-01  ,8.985317090231e-01  ,1.632236231856e+00  ,1.676962682815e-01  ,4.861087653705e-01  ,1.310954652676e+00  
  1.161358848760e-07  ,1.457460031286e+00  ,-8.211603906188e-01  ,8.999662151219e-01  ,8.985536415184e-01  ,1.628696230765e+00  ,1.712361994790e-01  ,4.879734462090e-01  ,1.309133836828e+00  
  1.162358856375e-07  ,1.450150206413e+00  ,-8.173467669846e-01  ,8.999661795678e-01  ,8.985758259500e-01  ,1.625041282774e+00  ,1.748910763615e-01  ,4.899024424577e-01  ,1.307249209442e+00  
  1.163358863989e-07  ,1.442611261696e+00  ,-8.134053065497e-01  ,8.999661434104e-01  ,8.985982578468e-01  ,1.621271774259e+00  ,1.786605125622e-01  ,4.918956045720e-01  ,1.305300911122e+00  
  1.164358871604e-07  ,1.434844579385e+00  ,-8.093365306966e-01  ,8.999661066571e-01  ,8.986209292456e-01  ,1.617388396350e+00  ,1.825438169644e-01  ,4.939526638973e-01  ,1.303289194594e+00  
  1.165358879218e-07  ,1.426851393955e+00  ,-8.051409120787e-01  ,8.999660693150e-01  ,8.986438330349e-01  ,1.613391766293e+00  ,1.865403723374e-01  ,4.960733769956e-01  ,1.301214289074e+00  
  1.166358886833e-07  ,1.418633180557e+00  ,-8.008190298086e-01  ,8.999660313916e-01  ,8.986669608246e-01  ,1.609282621670e+00  ,1.906494411131e-01  ,4.982574459202e-01  ,1.299076475729e+00  
  1.167358894447e-07  ,1.410190807756e+00  ,-7.963712283464e-01  ,8.999659928918e-01  ,8.986903079328e-01  ,1.605061396770e+00  ,1.948705890139e-01  ,5.005046937596e-01  ,1.296875922106e+00  
  1.168358902062e-07  ,1.401525825452e+00  ,-7.917981240073e-01  ,8.999659538245e-01  ,8.987138662740e-01  ,1.600728866551e+00  ,1.992030410985e-01  ,5.028148042703e-01  ,1.294612928278e+00  
  1.169358909676e-07  ,1.392639611073e+00  ,-7.871002705842e-01  ,8.999659141975e-01  ,8.987376289818e-01  ,1.596285719734e+00  ,2.036461086611e-01  ,5.051874936897e-01  ,1.292287764274e+00  
  1.170358917291e-07  ,1.383533572900e+00  ,-7.822782419879e-01  ,8.999658740181e-01  ,8.987615891435e-01  ,1.591732660468e+00  ,2.081990875683e-01  ,5.076224681495e-01  ,1.289900710137e+00  
  1.171358924905e-07  ,1.374209152068e+00  ,-7.773326321801e-01  ,8.999658332953e-01  ,8.987857401045e-01  ,1.587070409329e+00  ,2.128612572614e-01  ,5.101194240145e-01  ,1.287452056195e+00  
  1.172358932520e-07  ,1.364668065500e+00  ,-7.722641613465e-01  ,8.999657920381e-01  ,8.988100748105e-01  ,1.582299824788e+00  ,2.176317592879e-01  ,5.126779941372e-01  ,1.284942155484e+00  
  1.173358940134e-07  ,1.354911320309e+00  ,-7.670732543250e-01  ,8.999657502522e-01  ,8.988345894516e-01  ,1.577421410407e+00  ,2.225100900978e-01  ,5.152979622891e-01  ,1.282371216614e+00  
  1.174358947749e-07  ,1.344940709254e+00  ,-7.617606678233e-01  ,8.999657079481e-01  ,8.988592773481e-01  ,1.572436062575e+00  ,2.274953533210e-01  ,5.179789434364e-01  ,1.279739611260e+00  
  1.175358955363e-07  ,1.334757817399e+00  ,-7.563270754416e-01  ,8.999656651352e-01  ,8.988841327631e-01  ,1.567344573835e+00  ,2.325867564357e-01  ,5.207205950423e-01  ,1.277047670484e+00  
  1.176358962978e-07  ,1.324364522768e+00  ,-7.507732898383e-01  ,8.999656218225e-01  ,8.989091494854e-01  ,1.562147883207e+00  ,2.377833604383e-01  ,5.235225045662e-01  ,1.274295794405e+00  
  1.177358970592e-07  ,1.313761922994e+00  ,-7.450997884803e-01  ,8.999655780164e-01  ,8.989343243785e-01  ,1.556846539513e+00  ,2.430846165195e-01  ,5.263844301384e-01  ,1.271484218619e+00  
  1.178358978207e-07  ,1.302951968598e+00  ,-7.393074199792e-01  ,8.999655337279e-01  ,8.989596521868e-01  ,1.551441518027e+00  ,2.484895494288e-01  ,5.293059421972e-01  ,1.268613362176e+00  
  1.179358985821e-07  ,1.291936378243e+00  ,-7.333969363311e-01  ,8.999654889657e-01  ,8.989851286074e-01  ,1.545933678087e+00  ,2.539972998444e-01  ,5.322866604419e-01  ,1.265683596773e+00  
  1.180358993436e-07  ,1.280716898000e+00  ,-7.273691088780e-01  ,8.999654437387e-01  ,8.990107494017e-01  ,1.540323892739e+00  ,2.596069947387e-01  ,5.353261949627e-01  ,1.262695303841e+00  
  1.181359001050e-07  ,1.269295303814e+00  ,-7.212247282052e-01  ,8.999653980566e-01  ,8.990365109031e-01  ,1.534613049964e+00  ,2.653177461494e-01  ,5.384241468005e-01  ,1.259648875006e+00  
  1.182359008665e-07  ,1.257673697595e+00  ,-7.149647427556e-01  ,8.999653519290e-01  ,8.990624099391e-01  ,1.528802200726e+00  ,2.711285031317e-01  ,5.415800385613e-01  ,1.256544781317e+00  
  1.183359016279e-07  ,1.245853704652e+00  ,-7.085898949271e-01  ,8.999653053634e-01  ,8.990884444470e-01  ,1.522892157690e+00  ,2.770384530372e-01  ,5.447934969834e-01  ,1.253383391911e+00  
  1.184359023894e-07  ,1.233837114513e+00  ,-7.021010039255e-01  ,8.999652583684e-01  ,8.991146121751e-01  ,1.516883815625e+00  ,2.830467011121e-01  ,5.480641102124e-01  ,1.250165114138e+00  
  1.185359031508e-07  ,1.221625336918e+00  ,-6.954987103154e-01  ,8.999652109517e-01  ,8.991409114530e-01  ,1.510777879411e+00  ,2.891525424925e-01  ,5.513915562953e-01  ,1.246890266611e+00  
  1.186359039123e-07  ,1.209220771772e+00  ,-6.887841020396e-01  ,8.999651631252e-01  ,8.991673397600e-01  ,1.504575549011e+00  ,2.953547772390e-01  ,5.547752887403e-01  ,1.243559390780e+00  
  1.187359046737e-07  ,1.196625726327e+00  ,-6.819582374284e-01  ,8.999651148983e-01  ,8.991938955640e-01  ,1.498277978062e+00  ,3.016522517348e-01  ,5.582147768497e-01  ,1.240173014278e+00  
  1.188359054352e-07  ,1.183841534739e+00  ,-6.750217335921e-01  ,8.999650662767e-01  ,8.992205782394e-01  ,1.491885833646e+00  ,3.080442989074e-01  ,5.617097114434e-01  ,1.236731445035e+00  
  1.189359061966e-07  ,1.170870557298e+00  ,-6.679756827403e-01  ,8.999650172709e-01  ,8.992473867254e-01  ,1.485400295920e+00  ,3.145297386221e-01  ,5.652595453552e-01  ,1.233235228095e+00  
  1.190359069581e-07  ,1.157714856192e+00  ,-6.608210441714e-01  ,8.999649678903e-01  ,8.992743201775e-01  ,1.478822395986e+00  ,3.211075397940e-01  ,5.688637980918e-01  ,1.229684842263e+00  
  1.191359077195e-07  ,1.144376515835e+00  ,-6.535587953109e-01  ,8.999649181424e-01  ,8.993013779840e-01  ,1.472153176060e+00  ,3.277766602249e-01  ,5.725219803286e-01  ,1.226080775639e+00  
  1.192359084810e-07  ,1.130857989561e+00  ,-6.461901009708e-01  ,8.999648680373e-01  ,8.993285599728e-01  ,1.465393862818e+00  ,3.345358732567e-01  ,5.762335094874e-01  ,1.222423610458e+00  
  1.193359092424e-07  ,1.117161165399e+00  ,-6.387158671534e-01  ,8.999648175819e-01  ,8.993558662021e-01  ,1.458545400281e+00  ,3.413842348826e-01  ,5.799979326254e-01  ,1.218713799779e+00  
  1.194359100039e-07  ,1.103287606126e+00  ,-6.311368383605e-01  ,8.999647667826e-01  ,8.993832966755e-01  ,1.451608569846e+00  ,3.483209637194e-01  ,5.838148774952e-01  ,1.214951715856e+00  
  1.195359107653e-07  ,1.089239992767e+00  ,-6.234542878539e-01  ,8.999647156504e-01  ,8.994108512623e-01  ,1.444584712034e+00  ,3.553447192671e-01  ,5.876837073353e-01  ,1.211137995189e+00  
  1.196359115268e-07  ,1.075020567405e+00  ,-6.156692818324e-01  ,8.999646641934e-01  ,8.994385296090e-01  ,1.437474947896e+00  ,3.624543804908e-01  ,5.916038886928e-01  ,1.207273170525e+00  
  1.197359122882e-07  ,1.060631587361e+00  ,-6.077829037869e-01  ,8.999646124187e-01  ,8.994663313433e-01  ,1.430280406099e+00  ,3.696488187382e-01  ,5.955748794498e-01  ,1.203357783237e+00  
  1.198359130497e-07  ,1.046075700910e+00  ,-5.997964411452e-01  ,8.999645603360e-01  ,8.994942562104e-01  ,1.423002410791e+00  ,3.769267098812e-01  ,5.995960356378e-01  ,1.199392476783e+00  
  1.199359138111e-07  ,1.031354442339e+00  ,-5.917106409370e-01  ,8.999645079507e-01  ,8.995223040301e-01  ,1.415641729120e+00  ,3.842872867811e-01  ,6.036669835616e-01  ,1.195377624499e+00  
  1.200359145726e-07  ,1.016470524426e+00  ,-5.835268217011e-01  ,8.999644552724e-01  ,8.995504742370e-01  ,1.408199717485e+00  ,3.917291930596e-01  ,6.077870633864e-01  ,1.191313885088e+00  
  1.201359153340e-07  ,1.001426695138e+00  ,-5.752463298332e-01  ,8.999644023106e-01  ,8.995787656756e-01  ,1.400677749880e+00  ,3.992510547418e-01  ,6.119556007590e-01  ,1.187201930592e+00  
  1.202359160955e-07  ,9.862250579963e-01  ,-5.668702082327e-01  ,8.999643490716e-01  ,8.996071773613e-01  ,1.393076878070e+00  ,4.068518200735e-01  ,6.161720732449e-01  ,1.183042281478e+00  
  1.203359168569e-07  ,9.708673497325e-01  ,-5.583993119744e-01  ,8.999642955614e-01  ,8.996357085111e-01  ,1.385397970428e+00  ,4.145306206951e-01  ,6.204360525238e-01  ,1.178835364498e+00  
  1.204359176184e-07  ,9.553565435157e-01  ,-5.498351004077e-01  ,8.999642417906e-01  ,8.996643576676e-01  ,1.377642513548e+00  ,4.222859700327e-01  ,6.247468074637e-01  ,1.174581907871e+00  
  1.205359183798e-07  ,9.396951151958e-01  ,-5.411787900782e-01  ,8.999641877664e-01  ,8.996931230638e-01  ,1.369811745364e+00  ,4.301166301686e-01  ,6.291037280247e-01  ,1.170282518103e+00  
  1.206359191413e-07  ,9.238855510902e-01  ,-5.324316134053e-01  ,8.999641334955e-01  ,8.997220021065e-01  ,1.361906909041e+00  ,4.380213579504e-01  ,6.335061954039e-01  ,1.165937808809e+00  
  1.207359199027e-07  ,9.079307600240e-01  ,-5.235950295127e-01  ,8.999640789874e-01  ,8.997509912597e-01  ,1.353929458999e+00  ,4.459986989754e-01  ,6.379534765033e-01  ,1.161548506016e+00  
  1.208359206642e-07  ,8.918324231149e-01  ,-5.146698825271e-01  ,8.999640242473e-01  ,8.997800885272e-01  ,1.345880235805e+00  ,4.540478126898e-01  ,6.424451472637e-01  ,1.157115029791e+00  
  1.209359214256e-07  ,8.755935086008e-01  ,-5.056576599150e-01  ,8.999639692841e-01  ,8.998092902521e-01  ,1.337760723584e+00  ,4.621672149837e-01  ,6.469804602946e-01  ,1.152638120210e+00  
  1.210359221871e-07  ,8.592170135368e-01  ,-4.965598745016e-01  ,8.999639141065e-01  ,8.998385917893e-01  ,1.329572420875e+00  ,4.703554073381e-01  ,6.515586545385e-01  ,1.148118529040e+00  
  1.211359229485e-07  ,8.427046659887e-01  ,-4.873774007083e-01  ,8.999638587196e-01  ,8.998679899706e-01  ,1.321316191714e+00  ,4.786115257253e-01  ,6.561792896165e-01  ,1.143556690325e+00  
  1.212359237100e-07  ,8.260599392221e-01  ,-4.781120020858e-01  ,8.999638031334e-01  ,8.998974783521e-01  ,1.312993772744e+00  ,4.869338335223e-01  ,6.608414773092e-01  ,1.138953479395e+00  
  1.213359244714e-07  ,8.092845945851e-01  ,-4.687645725992e-01  ,8.999637473530e-01  ,8.999270536966e-01  ,1.304606044646e+00  ,4.953214500605e-01  ,6.655447673970e-01  ,1.134309339996e+00  
  1.214359252329e-07  ,7.923817355423e-01  ,-4.593366862961e-01  ,8.999636913873e-01  ,8.999567101222e-01  ,1.296154559158e+00  ,5.037728236161e-01  ,6.702883669741e-01  ,1.129625053270e+00  
  1.215359259943e-07  ,7.753544835965e-01  ,-4.498299409867e-01  ,8.999636352441e-01  ,8.999864406289e-01  ,1.287640877042e+00  ,5.122863934458e-01  ,6.750714701355e-01  ,1.124901411122e+00  
  1.216359267558e-07  ,7.582052179438e-01  ,-4.402455685028e-01  ,8.999635789299e-01  ,9.000162391924e-01  ,1.279066187902e+00  ,5.208609699580e-01  ,6.798934549410e-01  ,1.120139023444e+00  
  1.217359275172e-07  ,7.409358980575e-01  ,-4.305845761967e-01  ,8.999635224510e-01  ,9.000461009000e-01  ,1.270431471480e+00  ,5.294955734223e-01  ,6.847538128017e-01  ,1.115338388998e+00  
  1.218359282786e-07  ,7.235498710713e-01  ,-4.208486791303e-01  ,8.999634658181e-01  ,9.000760174796e-01  ,1.261738401354e+00  ,5.381885302825e-01  ,6.896516779145e-01  ,1.110500357045e+00  
  1.219359290401e-07  ,7.060499113499e-01  ,-4.110392993901e-01  ,8.999634090384e-01  ,9.001059820146e-01  ,1.252988364713e+00  ,5.469384533635e-01  ,6.945863323196e-01  ,1.105625631710e+00  
  1.220359298015e-07  ,6.884387963983e-01  ,-4.011578722762e-01  ,8.999633521182e-01  ,9.001359869705e-01  ,1.244182750317e+00  ,5.557439539190e-01  ,6.995570508324e-01  ,1.100714923109e+00  
  1.221359305630e-07  ,6.707197645183e-01  ,-3.912060899281e-01  ,8.999632950667e-01  ,9.001660229923e-01  ,1.235323177326e+00  ,5.646034128076e-01  ,7.045629780282e-01  ,1.095769067956e+00  
  1.222359313244e-07  ,6.528946814955e-01  ,-3.811849277778e-01  ,8.999632378891e-01  ,9.001960848594e-01  ,1.226410578637e+00  ,5.735158971414e-01  ,7.096036209705e-01  ,1.090788548748e+00  
  1.223359320859e-07  ,6.349668357888e-01  ,-3.710961011925e-01  ,8.999631805944e-01  ,9.002261635652e-01  ,1.217446598489e+00  ,5.824797627000e-01  ,7.146781129689e-01  ,1.085774214161e+00  
  1.224359328473e-07  ,6.169395340992e-01  ,-3.609413461713e-01  ,8.999631231914e-01  ,9.002562497629e-01  ,1.208432890241e+00  ,5.914933561418e-01  ,7.197855766772e-01  ,1.080726922849e+00  
  1.225359336088e-07  ,5.988152931134e-01  ,-3.507219978672e-01  ,8.999630656866e-01  ,9.002863358207e-01  ,1.199370712243e+00  ,6.005554191299e-01  ,7.249253368871e-01  ,1.075647334754e+00  
  1.226359343702e-07  ,5.805961832348e-01  ,-3.404391466795e-01  ,8.999630080864e-01  ,9.003164155577e-01  ,1.190261099704e+00  ,6.096649164690e-01  ,7.300968422179e-01  ,1.070535988897e+00  
  1.227359351317e-07  ,5.622857373650e-01  ,-3.300946467539e-01  ,8.999629504021e-01  ,9.003464787395e-01  ,1.181105819085e+00  ,6.188200817196e-01  ,7.352991553626e-01  ,1.065393802116e+00  
  1.228359358931e-07  ,5.438873460115e-01  ,-3.196902889672e-01  ,8.999628926419e-01  ,9.003765159684e-01  ,1.171906565648e+00  ,6.280192196362e-01  ,7.405313714848e-01  ,1.060221660452e+00  
  1.229359366546e-07  ,5.254029522533e-01  ,-3.092271041316e-01  ,8.999628348109e-01  ,9.004065217682e-01  ,1.162664310938e+00  ,6.372613586843e-01  ,7.457929697024e-01  ,1.055020073834e+00  
  1.230359374160e-07  ,5.068359742996e-01  ,-2.987069034581e-01  ,8.999627769202e-01  ,9.004364864451e-01  ,1.153380764070e+00  ,6.465447897704e-01  ,7.510830347161e-01  ,1.049789938174e+00  
  1.231359381775e-07  ,4.881893624255e-01  ,-2.881312530691e-01  ,8.999627189795e-01  ,9.004664018717e-01  ,1.144057400192e+00  ,6.558680377668e-01  ,7.564007753371e-01  ,1.044532028406e+00  
  1.232359389389e-07  ,4.694665458314e-01  ,-2.775019944103e-01  ,8.999626609965e-01  ,9.004962593913e-01  ,1.134695933912e+00  ,6.652293880808e-01  ,7.617452621862e-01  ,1.039247256597e+00  
  1.233359397004e-07  ,4.506701336874e-01  ,-2.668205410874e-01  ,8.999626029791e-01  ,9.005260526006e-01  ,1.125297669823e+00  ,6.746275361354e-01  ,7.671157820570e-01  ,1.033936323144e+00  
  1.234359404618e-07  ,4.318022711321e-01  ,-2.560880463559e-01  ,8.999625449349e-01  ,9.005557762202e-01  ,1.115863680501e+00  ,6.840614093688e-01  ,7.725117530422e-01  ,1.028599799398e+00  
  1.235359412233e-07  ,4.128666161133e-01  ,-2.453064692956e-01  ,8.999624868766e-01  ,9.005854213115e-01  ,1.106395794933e+00  ,6.935291788200e-01  ,7.779321866637e-01  ,1.023238655959e+00  
  1.236359419847e-07  ,3.938661887352e-01  ,-2.344774262807e-01  ,8.999624288132e-01  ,9.006149808190e-01  ,1.096895523181e+00  ,7.030293344456e-01  ,7.833762676787e-01  ,1.017853693959e+00  
  1.237359427462e-07  ,3.748044881026e-01  ,-2.236028157430e-01  ,8.999623707539e-01  ,9.006444471736e-01  ,1.087364614805e+00  ,7.125601267026e-01  ,7.888430393022e-01  ,1.012445855045e+00  
  1.238359435076e-07  ,3.556841712850e-01  ,-2.126840934603e-01  ,8.999623127071e-01  ,9.006738148916e-01  ,1.077804398350e+00  ,7.221202270646e-01  ,7.943317681614e-01  ,1.007015861622e+00  
  1.239359442691e-07  ,3.365081287763e-01  ,-2.017228434081e-01  ,8.999622546828e-01  ,9.007030781508e-01  ,1.068216319071e+00  ,7.317081902946e-01  ,7.998416564467e-01  ,1.001564499855e+00  
  1.240359450305e-07  ,3.172786119024e-01  ,-1.907202887516e-01  ,8.999621966894e-01  ,9.007322325895e-01  ,1.058601502641e+00  ,7.413228907382e-01  ,8.053720882137e-01  ,9.960923769652e-01  
  1.241359457920e-07  ,2.979994181323e-01  ,-1.796784849714e-01  ,8.999621387414e-01  ,9.007612711543e-01  ,1.048961847808e+00  ,7.509624296753e-01  ,8.109220286686e-01  ,9.906005136400e-01  
  1.242359465534e-07  ,2.786736292274e-01  ,-1.685991006633e-01  ,8.999620808490e-01  ,9.007901887442e-01  ,1.039298895463e+00  ,7.606252662353e-01  ,8.164906384125e-01  ,9.850897390758e-01  
  1.243359473149e-07  ,2.593043131670e-01  ,-1.574838122479e-01  ,8.999620230217e-01  ,9.008189808379e-01  ,1.029614179605e+00  ,7.703098664382e-01  ,8.220770747139e-01  ,9.795608869618e-01  
  1.244359480763e-07  ,2.398950277833e-01  ,-1.463345858310e-01  ,8.999619652717e-01  ,9.008476427491e-01  ,1.019909479163e+00  ,7.800144513800e-01  ,8.276803498336e-01  ,9.740149356645e-01  
  1.245359488378e-07  ,2.204478139332e-01  ,-1.351525497544e-01  ,8.999619076060e-01  ,9.008761718884e-01  ,1.010185814573e+00  ,7.897380006395e-01  ,8.332998970112e-01  ,9.684524467656e-01  
  1.246359495992e-07  ,2.009662598321e-01  ,-1.239396832675e-01  ,8.999618500378e-01  ,9.009045636649e-01  ,1.000444979954e+00  ,7.994787201217e-01  ,8.389347220311e-01  ,9.628744052987e-01  
  1.247359503607e-07  ,1.814534570085e-01  ,-1.126976914924e-01  ,8.999617925792e-01  ,9.009328141292e-01  ,9.906885210834e-01  ,8.092350640749e-01  ,8.445839683830e-01  ,9.572816598754e-01  
  1.248359511221e-07  ,1.619129897276e-01  ,-1.014285725668e-01  ,8.999617352417e-01  ,9.009609191975e-01  ,9.809182301055e-01  ,8.190052403779e-01  ,8.502466329141e-01  ,9.516752054809e-01  
  1.249359518836e-07  ,1.423476735755e-01  ,-9.013385534632e-02  ,8.999616780384e-01  ,9.009888762562e-01  ,9.711355148262e-01  ,8.287878412507e-01  ,8.559219485830e-01  ,9.460558039293e-01  
  1.250359526450e-07  ,1.227597641688e-01  ,-7.881478483783e-02  ,8.999616209769e-01  ,9.010166832380e-01  ,9.613415030613e-01  ,8.385817388925e-01  ,8.616092908190e-01  ,9.404240756569e-01  
  1.251359534065e-07  ,1.031529931801e-01  ,-6.747347231941e-02  ,8.999615640654e-01  ,9.010443365892e-01  ,9.515380606555e-01  ,8.483850674754e-01  ,8.673076004295e-01  ,9.347810727489e-01  
  1.252359541679e-07  ,8.353077849012e-02  ,-5.611194314510e-02  ,8.999615073117e-01  ,9.010718329384e-01  ,9.417268965567e-01  ,8.581961180666e-01  ,8.730158613658e-01  ,9.291278045109e-01  
  1.253359549294e-07  ,6.389568179819e-02  ,-4.473174568665e-02  ,8.999614507253e-01  ,9.010991700709e-01  ,9.319092916244e-01  ,8.680136098262e-01  ,8.787332972276e-01  ,9.234650429143e-01  
  1.254359556908e-07  ,4.424993982181e-02  ,-3.333414026805e-02  ,8.999613943204e-01  ,9.011263463131e-01  ,9.220863642313e-01  ,8.778364244095e-01  ,8.844592761790e-01  ,9.177934164471e-01  
  1.255359564523e-07  ,2.459799529117e-02  ,-2.192155571023e-02  ,8.999613381202e-01  ,9.011533583107e-01  ,9.122603357658e-01  ,8.876623404746e-01  ,8.901925804556e-01  ,9.121141361658e-01  
  1.256359572137e-07  ,4.942038667103e-03  ,-1.049516188069e-02  ,8.999612821322e-01  ,9.011802042848e-01  ,9.024323014658e-01  ,8.974902627987e-01  ,8.959326233445e-01  ,9.064277852252e-01  
  1.257359579752e-07  ,-1.471413797247e-02  ,9.429912819698e-04  ,8.999612263662e-01  ,9.012068812997e-01  ,8.926041573800e-01  ,9.073182953524e-01  ,9.016783769407e-01  ,9.007353856587e-01  
  1.258359587366e-07  ,-3.436686340335e-02  ,1.239084737394e-02  ,8.999611708335e-01  ,9.012333876806e-01  ,8.827777391318e-01  ,9.171446025352e-01  ,9.074288113676e-01  ,8.950379639937e-01  
  1.259359594981e-07  ,-5.401339550020e-02  ,2.384683592165e-02  ,8.999611155426e-01  ,9.012597227906e-01  ,8.729544177925e-01  ,9.269678132927e-01  ,9.131831407514e-01  ,8.893363048298e-01  
  1.260359602595e-07  ,-7.365077025859e-02  ,3.530925307903e-02  ,8.999610605028e-01  ,9.012858853631e-01  ,8.631356753735e-01  ,9.367864456321e-01  ,9.189405119026e-01  ,8.836312588236e-01  
  1.261359610210e-07  ,-9.327594628994e-02  ,4.677634869246e-02  ,8.999610057253e-01  ,9.013118733693e-01  ,8.533230325804e-01  ,9.465989788703e-01  ,9.247000477155e-01  ,8.779236990231e-01  
  1.262359617824e-07  ,-1.128866036185e-01  ,5.824679758893e-02  ,8.999609512192e-01  ,9.013376850336e-01  ,8.435176494100e-01  ,9.564042530284e-01  ,9.304610838280e-01  ,8.722142862391e-01  
  1.263359625439e-07  ,-1.324788542279e-01  ,6.971838539268e-02  ,8.999608969976e-01  ,9.013633175177e-01  ,8.337214698836e-01  ,9.662003241115e-01  ,9.362225102140e-01  ,8.665041248213e-01  
  1.264359633053e-07  ,-1.520490818672e-01  ,8.118903562657e-02  ,8.999608430669e-01  ,9.013887684437e-01  ,8.239363021332e-01  ,9.759853840005e-01  ,9.419832862569e-01  ,8.607942506304e-01  
  1.265359640668e-07  ,-1.715945662702e-01  ,9.265716426885e-02  ,8.999607894317e-01  ,9.014140353011e-01  ,8.141635062966e-01  ,9.857580725668e-01  ,9.477426174356e-01  ,8.550854531667e-01  
  1.266359648282e-07  ,-1.911123622149e-01  ,1.041210541979e-01  ,8.999607360997e-01  ,9.014391145495e-01  ,8.044045549922e-01  ,9.955169172071e-01  ,9.534996416485e-01  ,8.493785874505e-01  
  1.267359655897e-07  ,-2.105994455441e-01  ,1.155789432381e-01  ,8.999606830799e-01  ,9.014640023038e-01  ,7.946609603079e-01  ,1.005260405852e+00  ,9.592534739228e-01  ,8.436745306847e-01  
  1.268359663511e-07  ,-2.300535096288e-01  ,1.270294981731e-01  ,8.999606303804e-01  ,9.014886958460e-01  ,7.849338755660e-01  ,1.014987385195e+00  ,9.650034449326e-01  ,8.379739467595e-01  
  1.269359671126e-07  ,-2.494706905297e-01  ,1.384704926635e-01  ,8.999605780139e-01  ,9.015131912787e-01  ,7.752252327491e-01  ,1.024695923279e+00  ,9.707484376105e-01  ,8.322779449469e-01  
  1.270359678740e-07  ,-2.688478922880e-01  ,1.499001402763e-01  ,8.999605259887e-01  ,9.015374864614e-01  ,7.655365798447e-01  ,1.034384472133e+00  ,9.764875565995e-01  ,8.265874163232e-01  
  1.271359686355e-07  ,-2.881820480671e-01  ,1.613166543785e-01  ,8.999604743111e-01  ,9.015615791942e-01  ,7.558694502775e-01  ,1.044051498345e+00  ,9.822199063834e-01  ,8.209032520049e-01  
  1.272359693969e-07  ,-3.074696196049e-01  ,1.727179508464e-01  ,8.999604229887e-01  ,9.015854662424e-01  ,7.462256131862e-01  ,1.053695232791e+00  ,9.879444416656e-01  ,8.152264908192e-01  
  1.273359701584e-07  ,-3.267085863372e-01  ,1.841028390916e-01  ,8.999603720256e-01  ,9.016091455954e-01  ,7.366060788570e-01  ,1.063314665194e+00  ,9.936605651412e-01  ,8.095577260496e-01  
  1.274359709198e-07  ,-3.458954048559e-01  ,1.954692360717e-01  ,8.999603214291e-01  ,9.016326135874e-01  ,7.270126190011e-01  ,1.072908023857e+00  ,9.993672316232e-01  ,8.038979955516e-01  
  1.275359716813e-07  ,-3.650270390714e-01  ,2.068153573837e-01  ,8.999602712059e-01  ,9.016558664487e-01  ,7.174467516702e-01  ,1.082473790742e+00  ,1.005063545141e+00  ,7.982481877569e-01  
  1.276359724427e-07  ,-3.840999860062e-01  ,2.181391228679e-01  ,8.999602213616e-01  ,9.016788984803e-01  ,7.079102283585e-01  ,1.092010214365e+00  ,1.010748459914e+00  ,7.926093370464e-01  
  1.277359732042e-07  ,-4.031122461957e-01  ,2.294393448844e-01  ,8.999601719002e-01  ,9.017017060265e-01  ,6.984040488023e-01  ,1.101516294998e+00  ,1.016421378469e+00  ,7.869820335843e-01  
  1.278359739656e-07  ,-4.220603146370e-01  ,2.407139463184e-01  ,8.999601228293e-01  ,9.017242827585e-01  ,6.889299655108e-01  ,1.110990280148e+00  ,1.022081255918e+00  ,7.813673095993e-01  
  1.279359747271e-07  ,-4.409407116631e-01  ,2.519608535615e-01  ,8.999600741542e-01  ,9.017466227797e-01  ,6.794897183227e-01  ,1.120430429986e+00  ,1.027727049560e+00  ,7.757661959990e-01  
  1.280359754885e-07  ,-4.597514551098e-01  ,2.631788833524e-01  ,8.999600258784e-01  ,9.017687229421e-01  ,6.700842983235e-01  ,1.129835753433e+00  ,1.033358164618e+00  ,7.701792812659e-01  
  1.281359762500e-07  ,-4.784885959303e-01  ,2.743656719537e-01  ,8.999599780098e-01  ,9.017905772181e-01  ,6.607156800446e-01  ,1.139204275975e+00  ,1.038973413195e+00  ,7.646077412413e-01  
  1.282359770114e-07  ,-4.971495261621e-01  ,2.855196472900e-01  ,8.999599305529e-01  ,9.018121818837e-01  ,6.513851674718e-01  ,1.148534693634e+00  ,1.044572005529e+00  ,7.590523582387e-01  
  1.283359777729e-07  ,-5.157321166637e-01  ,2.966395336304e-01  ,8.999598835117e-01  ,9.018335338982e-01  ,6.420938251798e-01  ,1.157825941844e+00  ,1.050153300713e+00  ,7.535137670830e-01  
  1.284359785343e-07  ,-5.342322859372e-01  ,3.077228816568e-01  ,8.999598368939e-01  ,9.018546269872e-01  ,6.328436939253e-01  ,1.167075979862e+00  ,1.055716067816e+00  ,7.479931861588e-01  
  1.285359792958e-07  ,-5.526474510486e-01  ,3.187681289780e-01  ,8.999597907036e-01  ,9.018754564132e-01  ,6.236360651793e-01  ,1.176283516228e+00  ,1.061259520902e+00  ,7.424913919242e-01  
  1.286359800572e-07  ,-5.709755070375e-01  ,3.297740081095e-01  ,8.999597449451e-01  ,9.018960180723e-01  ,6.144719914263e-01  ,1.185447498464e+00  ,1.066783022127e+00  ,7.370090140175e-01  
  1.287359808187e-07  ,-5.892124247068e-01  ,3.407380864398e-01  ,8.999596996259e-01  ,9.019163037237e-01  ,6.053534872725e-01  ,1.194565911979e+00  ,1.072285346944e+00  ,7.315472605038e-01  
  1.288359815801e-07  ,-6.073556595174e-01  ,3.516588133222e-01  ,8.999596547500e-01  ,9.019363078021e-01  ,5.962818249914e-01  ,1.203637484509e+00  ,1.077765714463e+00  ,7.261069011410e-01  
  1.289359823416e-07  ,-6.254024700153e-01  ,3.625345128780e-01  ,8.999596103222e-01  ,9.019560242144e-01  ,5.872583753146e-01  ,1.212660845330e+00  ,1.083223280653e+00  ,7.206887677754e-01  
  1.290359831030e-07  ,-6.433500552235e-01  ,3.733634710348e-01  ,8.999595663482e-01  ,9.019754467474e-01  ,5.782845387364e-01  ,1.221634593960e+00  ,1.088657182265e+00  ,7.152937112300e-01  
  1.291359838645e-07  ,-6.611962878155e-01  ,3.841443947916e-01  ,8.999595228331e-01  ,9.019945708193e-01  ,5.693613789254e-01  ,1.230557666741e+00  ,1.094066768215e+00  ,7.099223734235e-01  
  1.292359846259e-07  ,-6.789376156331e-01  ,3.948751302858e-01  ,8.999594797853e-01  ,9.020133890758e-01  ,5.604906719688e-01  ,1.239428287602e+00  ,1.099450954219e+00  ,7.045758239328e-01  
  1.293359853873e-07  ,-6.965707638087e-01  ,4.055536737048e-01  ,8.999594372104e-01  ,9.020318953473e-01  ,5.516740553060e-01  ,1.248244819115e+00  ,1.104808732200e+00  ,6.992550584949e-01  
  1.294359861488e-07  ,-7.140932840772e-01  ,4.161785050101e-01  ,8.999593951126e-01  ,9.020500850772e-01  ,5.429127530740e-01  ,1.257006037151e+00  ,1.110139337582e+00  ,6.939608325722e-01  
  1.295359869102e-07  ,-7.315031814218e-01  ,4.267483923414e-01  ,8.999593534971e-01  ,9.020679544671e-01  ,5.342077627862e-01  ,1.265710944208e+00  ,1.115442150638e+00  ,6.886937582964e-01  
  1.296359876717e-07  ,-7.487966389222e-01  ,4.372609744974e-01  ,8.999593123734e-01  ,9.020854958254e-01  ,5.255609929123e-01  ,1.274357631835e+00  ,1.120715983074e+00  ,6.834550085767e-01  
  1.297359884331e-07  ,-7.659718349321e-01  ,4.477151245844e-01  ,8.999592717458e-01  ,9.021027051179e-01  ,5.169733542798e-01  ,1.282945189212e+00  ,1.125960267410e+00  ,6.782451428257e-01  
  1.298359891946e-07  ,-7.830255912020e-01  ,4.581088755180e-01  ,8.999592316221e-01  ,9.021195750904e-01  ,5.084464360211e-01  ,1.291472027223e+00  ,1.131174012849e+00  ,6.730651373314e-01  
  1.299359899560e-07  ,-7.999552108240e-01  ,4.684405508202e-01  ,8.999591920094e-01  ,9.021360993638e-01  ,4.999815865974e-01  ,1.299936797421e+00  ,1.136356374774e+00  ,6.679158239537e-01  
  1.300359907175e-07  ,-8.167576010064e-01  ,4.787082054914e-01  ,8.999591529143e-01  ,9.021522708229e-01  ,4.915803524111e-01  ,1.308337953418e+00  ,1.141506373569e+00  ,6.627981680772e-01  
  1.301359914789e-07  ,-8.334304395491e-01  ,4.889103663077e-01  ,8.999591143424e-01  ,9.021680843254e-01  ,4.832438945678e-01  ,1.316674334117e+00  ,1.146623267479e+00  ,6.577129011716e-01  
  1.302359922404e-07  ,-8.499718330171e-01  ,4.990458403845e-01  ,8.999590762995e-01  ,9.021835357912e-01  ,4.749731597909e-01  ,1.324944992808e+00  ,1.151706455983e+00  ,6.526606155990e-01  
  1.303359930018e-07  ,-8.663781587782e-01  ,5.091123437196e-01  ,8.999590387962e-01  ,9.021986177164e-01  ,4.667699594071e-01  ,1.333148118185e+00  ,1.156754789576e+00  ,6.476424458566e-01  
  1.304359937633e-07  ,-8.826476891041e-01  ,5.191087883094e-01  ,8.999590018376e-01  ,9.022133268599e-01  ,4.586351572855e-01  ,1.341282846390e+00  ,1.161767721015e+00  ,6.426589327052e-01  
  1.305359945247e-07  ,-8.987770020368e-01  ,5.290330076393e-01  ,8.999589654330e-01  ,9.022276572036e-01  ,4.505704644146e-01  ,1.349347466451e+00  ,1.166744161023e+00  ,6.377111533839e-01  
  1.306359952862e-07  ,-9.147644037028e-01  ,5.388839264713e-01  ,8.999589295877e-01  ,9.022416060005e-01  ,4.425767277363e-01  ,1.357341131439e+00  ,1.171683569236e+00  ,6.327996427649e-01  
  1.307359960476e-07  ,-9.306069398116e-01  ,5.486596697780e-01  ,8.999588943106e-01  ,9.022551683670e-01  ,4.346554244048e-01  ,1.365262364216e+00  ,1.176585003256e+00  ,6.279253334780e-01  
  1.308359968091e-07  ,-9.463017091739e-01  ,5.583583794554e-01  ,8.999588596095e-01  ,9.022683390840e-01  ,4.268080050225e-01  ,1.373109714196e+00  ,1.181447528812e+00  ,6.230891493563e-01  
  1.309359975705e-07  ,-9.618470698302e-01  ,5.679790007295e-01  ,8.999588254894e-01  ,9.022811150974e-01  ,4.190352905743e-01  ,1.380882360405e+00  ,1.186270615462e+00  ,6.182916147326e-01  
  1.310359983320e-07  ,-9.772401560424e-01  ,5.775196949000e-01  ,8.999587919596e-01  ,9.022934912458e-01  ,4.113387139384e-01  ,1.388578869981e+00  ,1.191053338696e+00  ,6.135336437958e-01  
  1.311359990934e-07  ,-9.924781512134e-01  ,5.869786414343e-01  ,8.999587590280e-01  ,9.023054629732e-01  ,4.037196834212e-01  ,1.396197834635e+00  ,1.195794783690e+00  ,6.088161422561e-01  
  1.312359998549e-07  ,-1.007558949452e+00  ,5.963544649776e-01  ,8.999587266997e-01  ,9.023170271550e-01  ,3.961792519735e-01  ,1.403738201426e+00  ,1.200494259644e+00  ,6.041397946662e-01  
  1.313360006163e-07  ,-1.022480285504e+00  ,6.056456847766e-01  ,8.999586949813e-01  ,9.023281806262e-01  ,3.887185522292e-01  ,1.411198837733e+00  ,1.205151023014e+00  ,5.995053382379e-01  
  1.314360013778e-07  ,-1.037239851870e+00  ,6.148507928194e-01  ,8.999586638798e-01  ,9.023389205026e-01  ,3.813387379449e-01  ,1.418578589815e+00  ,1.209764316912e+00  ,5.949135240929e-01  
  1.315360021392e-07  ,-1.051835339596e+00  ,6.239682801004e-01  ,8.999586334020e-01  ,9.023492443368e-01  ,3.740409636041e-01  ,1.425876303200e+00  ,1.214333384387e+00  ,5.903651042866e-01  
  1.316360029007e-07  ,-1.066265012935e+00  ,6.329970192505e-01  ,8.999586035533e-01  ,9.023591505709e-01  ,3.668260970857e-01  ,1.433091110021e+00  ,1.218857660196e+00  ,5.858606409457e-01  
  1.317360036621e-07  ,-1.080525988912e+00  ,6.419351406028e-01  ,8.999585743425e-01  ,9.023686369001e-01  ,3.596955798867e-01  ,1.440221568798e+00  ,1.223336207201e+00  ,5.814010665987e-01  
  1.318360044236e-07  ,-1.094615998733e+00  ,6.507811659966e-01  ,8.999585457756e-01  ,9.023777018587e-01  ,3.526505464094e-01  ,1.447266545142e+00  ,1.227768284857e+00  ,5.769871188604e-01  
  1.319360051850e-07  ,-1.108532466653e+00  ,6.595333886481e-01  ,8.999585178581e-01  ,9.023863438461e-01  ,3.456922845314e-01  ,1.454224751185e+00  ,1.232153038170e+00  ,5.726196495220e-01  
  1.320360059465e-07  ,-1.122273473431e+00  ,6.681905219563e-01  ,8.999584905948e-01  ,9.023945618063e-01  ,3.388217538792e-01  ,1.461095227310e+00  ,1.236489822784e+00  ,5.682993008281e-01  
  1.321360067079e-07  ,-1.135837460585e+00  ,6.767515269574e-01  ,8.999584639901e-01  ,9.024023549689e-01  ,3.320397336975e-01  ,1.467877194283e+00  ,1.240778118448e+00  ,5.640265914902e-01  
  1.322360074694e-07  ,-1.149221800097e+00  ,6.852146557730e-01  ,8.999584380511e-01  ,9.024097221482e-01  ,3.253475380027e-01  ,1.474569338100e+00  ,1.245017050035e+00  ,5.598023942617e-01  
  1.323360082308e-07  ,-1.162424374283e+00  ,6.935784976212e-01  ,8.999584127824e-01  ,9.024166625989e-01  ,3.187462256411e-01  ,1.481170599924e+00  ,1.249205911409e+00  ,5.556274137883e-01  
  1.324360089923e-07  ,-1.175442775594e+00  ,7.018414260036e-01  ,8.999583881879e-01  ,9.024231758727e-01  ,3.122370003907e-01  ,1.487679775985e+00  ,1.253343888875e+00  ,5.515024628709e-01  
  1.325360097537e-07  ,-1.188275210917e+00  ,7.100022167723e-01  ,8.999583642708e-01  ,9.024292620842e-01  ,3.058207588124e-01  ,1.494095969729e+00  ,1.257430370470e+00  ,5.474281536980e-01  
  1.326360105152e-07  ,-1.200920225420e+00  ,7.180598822932e-01  ,8.999583410343e-01  ,9.024349214771e-01  ,2.994982283244e-01  ,1.500418453744e+00  ,1.261464862624e+00  ,5.434049803305e-01  
  1.327360112766e-07  ,-1.213375051188e+00  ,7.260125400542e-01  ,8.999583184839e-01  ,9.024401546605e-01  ,2.932707928897e-01  ,1.506645844078e+00  ,1.265446424688e+00  ,5.394338846334e-01  
  1.328360120381e-07  ,-1.225638381148e+00  ,7.338593002958e-01  ,8.999582966219e-01  ,9.024449619922e-01  ,2.871391060481e-01  ,1.512777487196e+00  ,1.269374612140e+00  ,5.355153118443e-01  
  1.329360127995e-07  ,-1.237707639917e+00  ,7.415983989819e-01  ,8.999582754529e-01  ,9.024493443399e-01  ,2.811044554943e-01  ,1.518812095412e+00  ,1.273248543831e+00  ,5.316501448490e-01  
  1.330360135610e-07  ,-1.249581564439e+00  ,7.492289670801e-01  ,8.999582549790e-01  ,9.024533023304e-01  ,2.751674727593e-01  ,1.524749037199e+00  ,1.277067785870e+00  ,5.278388187903e-01  
  1.331360143224e-07  ,-1.261257665327e+00  ,7.567492824088e-01  ,8.999582352038e-01  ,9.024568373490e-01  ,2.693294025403e-01  ,1.530587067867e+00  ,1.280831478553e+00  ,5.240821961446e-01  
  1.332360150839e-07  ,-1.272734721638e+00  ,7.641584972223e-01  ,8.999582161287e-01  ,9.024599500456e-01  ,2.635908553096e-01  ,1.536325576948e+00  ,1.284539198657e+00  ,5.203807014344e-01  
  1.333360158453e-07  ,-1.284010613963e+00  ,7.714551388600e-01  ,8.999581977565e-01  ,9.024626413421e-01  ,2.579528907748e-01  ,1.541963504738e+00  ,1.288190210772e+00  ,5.167350719121e-01  
  1.334360166068e-07  ,-1.295083565056e+00  ,7.786379658193e-01  ,8.999581800895e-01  ,9.024649118023e-01  ,2.524163975616e-01  ,1.547499962617e+00  ,1.291783894712e+00  ,5.131459288926e-01  
  1.335360173682e-07  ,-1.305951560692e+00  ,7.857055525095e-01  ,8.999581631289e-01  ,9.024667624461e-01  ,2.469823827831e-01  ,1.552933943475e+00  ,1.295319538701e+00  ,5.096139861913e-01  
  1.336360181297e-07  ,-1.316613107324e+00  ,7.926568303933e-01  ,8.999581468757e-01  ,9.024681942654e-01  ,2.416515932137e-01  ,1.558264700538e+00  ,1.298796609462e+00  ,5.061397790688e-01  
  1.337360188911e-07  ,-1.327066609307e+00  ,7.994906555309e-01  ,8.999581313312e-01  ,9.024692081533e-01  ,2.364248266775e-01  ,1.563491435985e+00  ,1.302214535919e+00  ,5.027238803878e-01  
  1.338360196526e-07  ,-1.337310846094e+00  ,8.062061575921e-01  ,8.999581164967e-01  ,9.024698046278e-01  ,2.313026934499e-01  ,1.568613539544e+00  ,1.305572883424e+00  ,4.993667258317e-01  
  1.339360204140e-07  ,-1.347343534433e+00  ,8.128017036839e-01  ,8.999581023744e-01  ,9.024699844585e-01  ,2.262863351578e-01  ,1.573629869591e+00  ,1.308870836300e+00  ,4.960691326165e-01  
  1.340360211755e-07  ,-1.357163620771e+00  ,8.192765372141e-01  ,8.999580889646e-01  ,9.024697479511e-01  ,2.213762785791e-01  ,1.578539899350e+00  ,1.312108016558e+00  ,4.928314793440e-01  
  1.341360219369e-07  ,-1.366769283947e+00  ,8.256293461391e-01  ,8.999580762685e-01  ,9.024690957163e-01  ,2.165734342950e-01  ,1.583342718242e+00  ,1.315283768786e+00  ,4.896544226468e-01  
  1.342360226984e-07  ,-1.376158772242e+00  ,8.318588486102e-01  ,8.999580642863e-01  ,9.024680282426e-01  ,2.118786781655e-01  ,1.588037450407e+00  ,1.318397452548e+00  ,4.865386039376e-01  
  1.343360234598e-07  ,-1.385330795838e+00  ,8.379640870790e-01  ,8.999580530182e-01  ,9.024665454791e-01  ,2.072926550990e-01  ,1.592623450937e+00  ,1.321448589019e+00  ,4.834845019396e-01  
  1.344360242213e-07  ,-1.394283982626e+00  ,8.439440389554e-01  ,8.999580424646e-01  ,9.024646471026e-01  ,2.028160511517e-01  ,1.597100033778e+00  ,1.324436666580e+00  ,4.804926276250e-01  
  1.345360249827e-07  ,-1.403016952461e+00  ,8.497976723932e-01  ,8.999580326262e-01  ,9.024623326291e-01  ,1.984495563955e-01  ,1.601466508857e+00  ,1.327361168826e+00  ,4.775634964325e-01  
  1.346360257442e-07  ,-1.411528343004e+00  ,8.555239650969e-01  ,8.999580235033e-01  ,9.024596014785e-01  ,1.941938520014e-01  ,1.605722195005e+00  ,1.330221584027e+00  ,4.746976189300e-01  
  1.347360265056e-07  ,-1.419816819598e+00  ,8.611219107369e-01  ,8.999580150960e-01  ,9.024564529367e-01  ,1.900496052968e-01  ,1.609866424895e+00  ,1.333017408305e+00  ,4.718954975682e-01  
  1.348360272671e-07  ,-1.427881395029e+00  ,8.665907658106e-01  ,8.999580074046e-01  ,9.024528863436e-01  ,1.860173098902e-01  ,1.613898704919e+00  ,1.335748269249e+00  ,4.691575034383e-01  
  1.349360280285e-07  ,-1.435720248802e+00  ,8.719291493443e-01  ,8.999580004291e-01  ,9.024489001600e-01  ,1.820978760281e-01  ,1.617818124830e+00  ,1.338413474832e+00  ,4.664843254878e-01  
  1.350360287900e-07  ,-1.443332558897e+00  ,8.771364304593e-01  ,8.999579941694e-01  ,9.024444934494e-01  ,1.782917147210e-01  ,1.621624273618e+00  ,1.341012708679e+00  ,4.638762782198e-01  
  1.351360295514e-07  ,-1.450716724895e+00  ,8.822113672806e-01  ,8.999579886251e-01  ,9.024396642329e-01  ,1.745996261777e-01  ,1.625316351072e+00  ,1.343545347873e+00  ,4.613339805925e-01  
  1.352360303129e-07  ,-1.457871977951e+00  ,8.871533555066e-01  ,8.999579837962e-01  ,9.024344114436e-01  ,1.710219948206e-01  ,1.628893972772e+00  ,1.346011089197e+00  ,4.588577336903e-01  
  1.353360310743e-07  ,-1.464796819895e+00  ,8.919612067214e-01  ,8.999579796825e-01  ,9.024287328099e-01  ,1.675595697352e-01  ,1.632356389630e+00  ,1.348409336171e+00  ,4.564481294492e-01  
  1.354360318358e-07  ,-1.471490530865e+00  ,8.966343436125e-01  ,8.999579762839e-01  ,9.024226270511e-01  ,1.642127108513e-01  ,1.635703241717e+00  ,1.350739798857e+00  ,4.541054552448e-01  
  1.355360325972e-07  ,-1.477951873406e+00  ,9.011717695451e-01  ,8.999579736001e-01  ,9.024160917950e-01  ,1.609820368971e-01  ,1.638933910303e+00  ,1.353001976568e+00  ,4.518302070224e-01  
  1.356360333587e-07  ,-1.484179832528e+00  ,9.055726562325e-01  ,8.999579716306e-01  ,9.024091248229e-01  ,1.578680553666e-01  ,1.642047887895e+00  ,1.355195452939e+00  ,4.496227967066e-01  
  1.357360341201e-07  ,-1.490173432599e+00  ,9.098361961747e-01  ,8.999579703746e-01  ,9.024017238788e-01  ,1.548712540751e-01  ,1.645044686674e+00  ,1.357319821966e+00  ,4.474836257914e-01  
  1.358360348816e-07  ,-1.495931735795e+00  ,9.139616027989e-01  ,8.999579698313e-01  ,9.023938866766e-01  ,1.519921019337e-01  ,1.647923837729e+00  ,1.359374688076e+00  ,4.454130852771e-01  
  1.359360356430e-07  ,-1.501453841451e+00  ,9.179481106012e-01  ,8.999579700005e-01  ,9.023856108549e-01  ,1.492310492751e-01  ,1.650684890726e+00  ,1.361359666155e+00  ,4.434115555543e-01  
  1.360360364045e-07  ,-1.506738885850e+00  ,9.217949752981e-01  ,8.999579708813e-01  ,9.023768940196e-01  ,1.465885279564e-01  ,1.653327413806e+00  ,1.363274381669e+00  ,4.414794063705e-01  
  1.361360371659e-07  ,-1.511786042228e+00  ,9.255014739760e-01  ,8.999579724736e-01  ,9.023677338886e-01  ,1.440649513596e-01  ,1.655850993588e+00  ,1.365118470877e+00  ,4.396169969006e-01  
  1.362360379274e-07  ,-1.516594399461e+00  ,9.290667925333e-01  ,8.999579747764e-01  ,9.023581280747e-01  ,1.416607750459e-01  ,1.658255174507e+00  ,1.366891524341e+00  ,4.378247318080e-01  
  1.363360386888e-07  ,-1.521163460569e+00  ,9.324904802012e-01  ,8.999579777892e-01  ,9.023480753145e-01  ,1.393762475046e-01  ,1.660539708074e+00  ,1.368593315415e+00  ,4.361028352139e-01  
  1.364360394503e-07  ,-1.525492378433e+00  ,9.357717626505e-01  ,8.999579815114e-01  ,9.023375734524e-01  ,1.372117922950e-01  ,1.662704170728e+00  ,1.370223454778e+00  ,4.344516921272e-01  
  1.365360402117e-07  ,-1.529580472618e+00  ,9.389100037396e-01  ,8.999579859423e-01  ,9.023266207621e-01  ,1.351677496333e-01  ,1.664748222251e+00  ,1.371781622632e+00  ,4.328716188923e-01  
  1.366360409731e-07  ,-1.533427101900e+00  ,9.419045893487e-01  ,8.999579910806e-01  ,9.023152156920e-01  ,1.332444401306e-01  ,1.666671542031e+00  ,1.373267510366e+00  ,4.313629210176e-01  
  1.367360417346e-07  ,-1.537031572350e+00  ,9.447548331627e-01  ,8.999579969256e-01  ,9.023033567793e-01  ,1.314422107506e-01  ,1.668473783101e+00  ,1.374680773361e+00  ,4.299259401980e-01  
  1.368360424960e-07  ,-1.540393395646e+00  ,9.474602353798e-01  ,8.999580034763e-01  ,9.022910431311e-01  ,1.297613056534e-01  ,1.670154701299e+00  ,1.376021160821e+00  ,4.285609254412e-01  
  1.369360432575e-07  ,-1.543512190857e+00  ,9.500204004836e-01  ,8.999580107320e-01  ,9.022782741038e-01  ,1.282019153034e-01  ,1.671714106161e+00  ,1.377288474346e+00  ,4.272680738620e-01  
  1.370360440189e-07  ,-1.546387340254e+00  ,9.524346761283e-01  ,8.999580186918e-01  ,9.022650487776e-01  ,1.267643485648e-01  ,1.673151688819e+00  ,1.378482386842e+00  ,4.260477107134e-01  
  1.371360447804e-07  ,-1.549018390618e+00  ,9.547025599718e-01  ,8.999580273546e-01  ,9.022513668002e-01  ,1.254488320454e-01  ,1.674467222664e+00  ,1.379602646786e+00  ,4.249000868143e-01  
  1.372360455418e-07  ,-1.551404868290e+00  ,9.568234968410e-01  ,8.999580367190e-01  ,9.022372283431e-01  ,1.242556025740e-01  ,1.675660470864e+00  ,1.380648976764e+00  ,4.238254799227e-01  
  1.373360463033e-07  ,-1.553546452887e+00  ,9.587970873967e-01  ,8.999580467839e-01  ,9.022226339418e-01  ,1.231848203402e-01  ,1.676731273228e+00  ,1.381621177640e+00  ,4.228240902435e-01  
  1.374360470647e-07  ,-1.555442901498e+00  ,9.606230179894e-01  ,8.999580575485e-01  ,9.022075841763e-01  ,1.222366067993e-01  ,1.677679508298e+00  ,1.382519093171e+00  ,4.218960751816e-01  
  1.375360478262e-07  ,-1.557093789416e+00  ,9.623007111720e-01  ,8.999580690111e-01  ,9.021920804978e-01  ,1.214111743031e-01  ,1.678504963719e+00  ,1.383342436084e+00  ,4.210417249118e-01  
  1.376360485876e-07  ,-1.558498947895e+00  ,9.638299108539e-01  ,8.999580811710e-01  ,9.021761238945e-01  ,1.207086072235e-01  ,1.679207555118e+00  ,1.384091079321e+00  ,4.202611684675e-01  
  1.377360493491e-07  ,-1.559658107738e+00  ,9.652101843150e-01  ,8.999580940265e-01  ,9.021597163494e-01  ,1.201290401578e-01  ,1.679787147895e+00  ,1.384764808507e+00  ,4.195546241919e-01  
  1.378360501105e-07  ,-1.560571087537e+00  ,9.664411899231e-01  ,8.999581075764e-01  ,9.021428600412e-01  ,1.196725638079e-01  ,1.680243651345e+00  ,1.385363455003e+00  ,4.189222650797e-01  
  1.379360508720e-07  ,-1.561237744748e+00  ,9.675226093338e-01  ,8.999581218191e-01  ,9.021255574699e-01  ,1.193392494450e-01  ,1.680576994193e+00  ,1.385886862137e+00  ,4.183642528030e-01  
  1.380360516334e-07  ,-1.561657975498e+00  ,9.684541475636e-01  ,8.999581367531e-01  ,9.021078113807e-01  ,1.191291490040e-01  ,1.680787124502e+00  ,1.386334885162e+00  ,4.178807375989e-01  
  1.381360523949e-07  ,-1.561831709738e+00  ,9.692354923807e-01  ,8.999581523766e-01  ,9.020896253759e-01  ,1.190422975074e-01  ,1.680874007246e+00  ,1.386707371566e+00  ,4.174718791855e-01  
  1.382360531563e-07  ,-1.561758932721e+00  ,9.698664302914e-01  ,8.999581686883e-01  ,9.020710025938e-01  ,1.190787023277e-01  ,1.680837635049e+00  ,1.387004217740e+00  ,4.171377874481e-01  
  1.383360539178e-07  ,-1.561439652156e+00  ,9.703467989680e-01  ,8.999581856867e-01  ,9.020519457607e-01  ,1.192383596088e-01  ,1.680678011765e+00  ,1.387225345245e+00  ,4.168785462768e-01  
  1.384360546792e-07  ,-1.560873926000e+00  ,9.706763126959e-01  ,8.999582033695e-01  ,9.020324604615e-01  ,1.195212403697e-01  ,1.680395166369e+00  ,1.387370616809e+00  ,4.166943041135e-01  
  1.385360554407e-07  ,-1.560061818399e+00  ,9.708548559939e-01  ,8.999582217353e-01  ,9.020125496204e-01  ,1.199273125356e-01  ,1.679989130935e+00  ,1.387439977617e+00  ,4.165851216235e-01  
  1.386360562021e-07  ,-1.559003468188e+00  ,9.708822425997e-01  ,8.999582407819e-01  ,9.019922184951e-01  ,1.204565066878e-01  ,1.679459974876e+00  ,1.387433339795e+00  ,4.165510971953e-01  
  1.387360569636e-07  ,-1.557699075890e+00  ,9.707583258818e-01  ,8.999582605068e-01  ,9.019714727161e-01  ,1.211087225618e-01  ,1.678807798452e+00  ,1.387350635657e+00  ,4.165923097752e-01  
  1.388360577250e-07  ,-1.556148781947e+00  ,9.704830379403e-01  ,8.999582809085e-01  ,9.019503156465e-01  ,1.218838899349e-01  ,1.678032671882e+00  ,1.387191834617e+00  ,4.167087966763e-01  
  1.389360584865e-07  ,-1.554352859479e+00  ,9.700562758600e-01  ,8.999583019843e-01  ,9.019287532712e-01  ,1.227818722450e-01  ,1.677134731724e+00  ,1.386956891201e+00  ,4.169006153412e-01  
  1.390360592479e-07  ,-1.552311592271e+00  ,9.694779815629e-01  ,8.999583237316e-01  ,9.019067908670e-01  ,1.238025275961e-01  ,1.676114119867e+00  ,1.386645781648e+00  ,4.171678000855e-01  
  1.391360600094e-07  ,-1.550025358543e+00  ,9.687481198575e-01  ,8.999583461477e-01  ,9.018844347000e-01  ,1.249456668761e-01  ,1.674971025419e+00  ,1.386258494629e+00  ,4.175103747712e-01  
  1.392360607708e-07  ,-1.547494482839e+00  ,9.678666887806e-01  ,8.999583692300e-01  ,9.018616896586e-01  ,1.262111278104e-01  ,1.673705610650e+00  ,1.385795034049e+00  ,4.179283452683e-01  
  1.393360615323e-07  ,-1.544719250903e+00  ,9.668336980643e-01  ,8.999583929763e-01  ,9.018385597672e-01  ,1.275987675249e-01  ,1.672318018428e+00  ,1.385255408799e+00  ,4.184217107350e-01  
  1.394360622937e-07  ,-1.541700179266e+00  ,9.656491823309e-01  ,8.999584173826e-01  ,9.018150519043e-01  ,1.291083277493e-01  ,1.670808507016e+00  ,1.384639643070e+00  ,4.189904607389e-01  
  1.395360630552e-07  ,-1.538437746574e+00  ,9.643132033706e-01  ,8.999584424456e-01  ,9.017911717953e-01  ,1.307395691587e-01  ,1.669177315733e+00  ,1.383947773481e+00  ,4.196345701100e-01  
  1.396360638166e-07  ,-1.534932466596e+00  ,9.628258470028e-01  ,8.999584681621e-01  ,9.017669251820e-01  ,1.324922348641e-01  ,1.667424701460e+00  ,1.383179848683e+00  ,4.203540016806e-01  
  1.397360645781e-07  ,-1.531184889728e+00  ,9.611872230926e-01  ,8.999584945282e-01  ,9.017423177791e-01  ,1.343660496641e-01  ,1.665550939392e+00  ,1.382335929325e+00  ,4.211487062328e-01  
  1.398360653395e-07  ,-1.527195603693e+00  ,9.593974655622e-01  ,8.999585215400e-01  ,9.017173552356e-01  ,1.363607196937e-01  ,1.663556323386e+00  ,1.381416088017e+00  ,4.220186224545e-01  
  1.399360661010e-07  ,-1.522965233830e+00  ,9.574567323855e-01  ,8.999585491937e-01  ,9.016920431460e-01  ,1.384759322785e-01  ,1.661441166109e+00  ,1.380420409339e+00  ,4.229636769532e-01  
  1.400360668624e-07  ,-1.518494443195e+00  ,9.553652055715e-01  ,8.999585774846e-01  ,9.016663870736e-01  ,1.407113558869e-01  ,1.659205799082e+00  ,1.379348989859e+00  ,4.239837842879e-01  
  1.401360676239e-07  ,-1.513783932539e+00  ,9.531230911533e-01  ,8.999586064081e-01  ,9.016403924913e-01  ,1.430666401387e-01  ,1.656850572678e+00  ,1.378201938068e+00  ,4.250788469146e-01  
  1.402360683853e-07  ,-1.508834564472e+00  ,9.507306621998e-01  ,8.999586359591e-01  ,9.016140655606e-01  ,1.455413537230e-01  ,1.654375918195e+00  ,1.376979396661e+00  ,4.262487344607e-01  
  1.403360691468e-07  ,-1.503647030550e+00  ,9.481881516618e-01  ,8.999586661331e-01  ,9.015874108753e-01  ,1.481351508580e-01  ,1.651782181408e+00  ,1.375681486706e+00  ,4.274933350444e-01  
  1.404360699082e-07  ,-1.498221917136e+00  ,9.454957601362e-01  ,8.999586969261e-01  ,9.015604321630e-01  ,1.508477383579e-01  ,1.649069655494e+00  ,1.374308312231e+00  ,4.288125520949e-01  
  1.405360706697e-07  ,-1.492560251537e+00  ,9.426538452196e-01  ,8.999587283311e-01  ,9.015331357122e-01  ,1.536786025626e-01  ,1.646238854100e+00  ,1.372860058322e+00  ,4.302062131024e-01  
  1.406360714311e-07  ,-1.486663079426e+00  ,9.396627918478e-01  ,8.999587603415e-01  ,9.015055273678e-01  ,1.566272206284e-01  ,1.643290300055e+00  ,1.371336923292e+00  ,4.316741314439e-01  
  1.407360721926e-07  ,-1.480531226125e+00  ,9.365229180974e-01  ,8.999587929526e-01  ,9.014776113765e-01  ,1.596931798902e-01  ,1.640224406015e+00  ,1.369739070425e+00  ,4.332161523278e-01  
  1.408360729540e-07  ,-1.474165386399e+00  ,9.332344936825e-01  ,8.999588261594e-01  ,9.014493911044e-01  ,1.628761329597e-01  ,1.637041519359e+00  ,1.368066637946e+00  ,4.348321442632e-01  
  1.409360737155e-07  ,-1.467566770469e+00  ,9.297979930850e-01  ,8.999588599536e-01  ,9.014208721560e-01  ,1.661754747193e-01  ,1.633742245188e+00  ,1.366319868699e+00  ,4.365218756135e-01  
  1.410360744769e-07  ,-1.460736423355e+00  ,9.262138377260e-01  ,8.999588943288e-01  ,9.013920589926e-01  ,1.695906826512e-01  ,1.630327106006e+00  ,1.364498977856e+00  ,4.382851401296e-01  
  1.411360752384e-07  ,-1.453675420379e+00  ,9.224824727692e-01  ,8.999589292785e-01  ,9.013629559973e-01  ,1.731212190892e-01  ,1.626796639468e+00  ,1.362604192382e+00  ,4.401217196127e-01  
  1.412360759998e-07  ,-1.446385053538e+00  ,9.186044498189e-01  ,8.999589647946e-01  ,9.013335680222e-01  ,1.767664380254e-01  ,1.623151491564e+00  ,1.360635792932e+00  ,4.420313431127e-01  
  1.413360767613e-07  ,-1.438866087008e+00  ,9.145800998477e-01  ,8.999590008722e-01  ,9.013038977119e-01  ,1.805259573681e-01  ,1.619392044376e+00  ,1.358593947636e+00  ,4.440138477880e-01  
  1.414360775227e-07  ,-1.431119887780e+00  ,9.104100177918e-01  ,8.999590375029e-01  ,9.012739496898e-01  ,1.843990936131e-01  ,1.615518981393e+00  ,1.356478958586e+00  ,4.460689407939e-01  
  1.415360782842e-07  ,-1.423147877713e+00  ,9.060948378263e-01  ,8.999590746782e-01  ,9.012437287055e-01  ,1.883851358217e-01  ,1.611533013535e+00  ,1.354291147619e+00  ,4.481963097923e-01  
  1.416360790456e-07  ,-1.414950893574e+00  ,9.016349379665e-01  ,8.999591123930e-01  ,9.012132375076e-01  ,1.924836656061e-01  ,1.607434559180e+00  ,1.352030706491e+00  ,4.503957685243e-01  
  1.417360798071e-07  ,-1.406530641658e+00  ,8.970310976211e-01  ,8.999591506371e-01  ,9.011824814061e-01  ,1.966938298080e-01  ,1.603224471466e+00  ,1.349698030217e+00  ,4.526669325956e-01  
  1.418360805685e-07  ,-1.397888008377e+00  ,8.922837259518e-01  ,8.999591894052e-01  ,9.011514629060e-01  ,2.010151852166e-01  ,1.598903193594e+00  ,1.347293325882e+00  ,4.550095999301e-01  
  1.419360813300e-07  ,-1.389024572493e+00  ,8.873935544964e-01  ,8.999592286881e-01  ,9.011201863870e-01  ,2.054469424416e-01  ,1.594471514935e+00  ,1.344816963635e+00  ,4.574234091388e-01  
  1.420360820914e-07  ,-1.379941961761e+00  ,8.823613534309e-01  ,8.999592684769e-01  ,9.010886563653e-01  ,2.099882875963e-01  ,1.589930249358e+00  ,1.342269333081e+00  ,4.599079796498e-01  
  1.421360828529e-07  ,-1.370641129487e+00  ,8.771875782236e-01  ,8.999593087662e-01  ,9.010568754517e-01  ,2.146387440226e-01  ,1.585279873510e+00  ,1.339650664563e+00  ,4.624630863399e-01  
  1.422360836143e-07  ,-1.361123772701e+00  ,8.718730412574e-01  ,8.999593495462e-01  ,9.010248480842e-01  ,2.193974631956e-01  ,1.580521235897e+00  ,1.336961368713e+00  ,4.650883274555e-01  
  1.423360843758e-07  ,-1.351391392623e+00  ,8.664184678025e-01  ,8.999593908089e-01  ,9.009925778400e-01  ,2.242636944972e-01  ,1.575655087121e+00  ,1.334201811741e+00  ,4.677833439387e-01  
  1.424360851372e-07  ,-1.341445519586e+00  ,8.608246059571e-01  ,8.999594325469e-01  ,9.009600683586e-01  ,2.292366727540e-01  ,1.570682192340e+00  ,1.331372371337e+00  ,4.705477653801e-01  
  1.425360858987e-07  ,-1.331287715375e+00  ,8.550922265316e-01  ,8.999594747522e-01  ,9.009273236156e-01  ,2.343156170650e-01  ,1.565603332439e+00  ,1.328473436881e+00  ,4.733812103498e-01  
  1.426360866601e-07  ,-1.320919835330e+00  ,8.492222595357e-01  ,8.999595174158e-01  ,9.008943484387e-01  ,2.394995997506e-01  ,1.560419435081e+00  ,1.325505478207e+00  ,4.762832186709e-01  
  1.427360874216e-07  ,-1.310342965101e+00  ,8.432152513929e-01  ,8.999595605327e-01  ,9.008611455106e-01  ,2.447880779821e-01  ,1.555131043083e+00  ,1.322468771207e+00  ,4.792535198142e-01  
  1.428360881830e-07  ,-1.299559034602e+00  ,8.370721732705e-01  ,8.999596040936e-01  ,9.008277195337e-01  ,2.501800867928e-01  ,1.549739121395e+00  ,1.319363806169e+00  ,4.822916328985e-01  
  1.429360889445e-07  ,-1.288569745338e+00  ,8.307938857673e-01  ,8.999596480905e-01  ,9.007940747640e-01  ,2.556747754217e-01  ,1.544244520759e+00  ,1.316191017648e+00  ,4.853971318804e-01  
  1.430360897059e-07  ,-1.277376826320e+00  ,8.243812716359e-01  ,8.999596925165e-01  ,9.007602157961e-01  ,2.612712793564e-01  ,1.538648105677e+00  ,1.312950851614e+00  ,4.885695799781e-01  
  1.431360904674e-07  ,-1.265982323617e+00  ,8.178353907063e-01  ,8.999597373629e-01  ,9.007261479385e-01  ,2.669685755542e-01  ,1.532950899172e+00  ,1.309643843292e+00  ,4.918084525853e-01  
  1.432360912288e-07  ,-1.254387430891e+00  ,8.111568631879e-01  ,8.999597826248e-01  ,9.006918740953e-01  ,2.727660671791e-01  ,1.527153498070e+00  ,1.306270305689e+00  ,4.951134425013e-01  
  1.433360919903e-07  ,-1.242594266663e+00  ,8.043467889538e-01  ,8.999598282936e-01  ,9.006573994218e-01  ,2.786626949621e-01  ,1.521256961625e+00  ,1.302830793899e+00  ,4.984840049449e-01  
  1.434360927517e-07  ,-1.230604995469e+00  ,7.974063039740e-01  ,8.999598743609e-01  ,9.006227295335e-01  ,2.846573766264e-01  ,1.515262372096e+00  ,1.299325881521e+00  ,5.019195775465e-01  
  1.435360935132e-07  ,-1.218420875578e+00  ,7.903360716890e-01  ,8.999599208222e-01  ,9.005878678413e-01  ,2.907494830333e-01  ,1.509170358611e+00  ,1.295755903686e+00  ,5.054198319968e-01  
  1.436360942746e-07  ,-1.206044137074e+00  ,7.831372673500e-01  ,8.999599676687e-01  ,9.005528202864e-01  ,2.969378991319e-01  ,1.502982036206e+00  ,1.292121453961e+00  ,5.089841866114e-01  
  1.437360950361e-07  ,-1.193477052213e+00  ,7.758111016351e-01  ,8.999600148930e-01  ,9.005175927534e-01  ,3.032214887866e-01  ,1.496698540999e+00  ,1.288423143571e+00  ,5.126120419358e-01  
  1.438360957975e-07  ,-1.180720939990e+00  ,7.683582804087e-01  ,8.999600624909e-01  ,9.004821887543e-01  ,3.095995924959e-01  ,1.490320532486e+00  ,1.284661328959e+00  ,5.163030485499e-01  
  1.439360965590e-07  ,-1.167778136366e+00  ,7.607800528666e-01  ,8.999601104541e-01  ,9.004466147737e-01  ,3.160710422713e-01  ,1.483849178637e+00  ,1.280836641207e+00  ,5.200565883404e-01  
  1.440360973204e-07  ,-1.154651017474e+00  ,7.530777028505e-01  ,8.999601587749e-01  ,9.004108778224e-01  ,3.226346500382e-01  ,1.477285667512e+00  ,1.276949729248e+00  ,5.238720263971e-01  
  1.441360980818e-07  ,-1.141340961054e+00  ,7.452519777129e-01  ,8.999602074493e-01  ,9.003749818411e-01  ,3.292897269224e-01  ,1.470630687976e+00  ,1.273000970698e+00  ,5.277489929846e-01  
  1.442360988433e-07  ,-1.127850405550e+00  ,7.373041989527e-01  ,8.999602564694e-01  ,9.003389336338e-01  ,3.360350536943e-01  ,1.463885459244e+00  ,1.268991033110e+00  ,5.316868341575e-01  
  1.443360996047e-07  ,-1.114181482136e+00  ,7.292355249716e-01  ,8.999603058279e-01  ,9.003027391255e-01  ,3.428695647598e-01  ,1.457051046896e+00  ,1.264920501611e+00  ,5.356849766397e-01  
  1.444361003662e-07  ,-1.100336693277e+00  ,7.210473345814e-01  ,8.999603555190e-01  ,9.002664057958e-01  ,3.497920088807e-01  ,1.450128702157e+00  ,1.260790073086e+00  ,5.397427385051e-01  
  1.445361011276e-07  ,-1.086317490289e+00  ,7.127404289463e-01  ,8.999604055380e-01  ,9.002299380607e-01  ,3.568016603936e-01  ,1.443119150682e+00  ,1.256600152534e+00  ,5.438597235875e-01  
  1.446361018891e-07  ,-1.072126440983e+00  ,7.043162232690e-01  ,8.999604558762e-01  ,9.001933435852e-01  ,3.638972353846e-01  ,1.436023676368e+00  ,1.252351455220e+00  ,5.480352319507e-01  
  1.447361026505e-07  ,-1.057765787471e+00  ,6.957759553935e-01  ,8.999605065275e-01  ,9.001566288916e-01  ,3.710776127922e-01  ,1.428843400263e+00  ,1.248044606588e+00  ,5.522686511948e-01  
  1.448361034120e-07  ,-1.043238159266e+00  ,6.871210958831e-01  ,8.999605574855e-01  ,9.001198020048e-01  ,3.783414778527e-01  ,1.421579637118e+00  ,1.243680349946e+00  ,5.565592540632e-01  
  1.449361041734e-07  ,-1.028545079585e+00  ,6.783524978613e-01  ,8.999606087450e-01  ,9.000828678010e-01  ,3.856880689524e-01  ,1.414233148538e+00  ,1.239259116732e+00  ,5.609066188703e-01  
  1.450361049349e-07  ,-1.013689241577e+00  ,6.694716669681e-01  ,8.999606602974e-01  ,9.000458348970e-01  ,3.931160395087e-01  ,1.406805281086e+00  ,1.234781668381e+00  ,5.653100014130e-01  
  1.451361056963e-07  ,-9.986729933231e-01  ,6.604799176220e-01  ,8.999607121362e-01  ,9.000087106534e-01  ,4.006242154746e-01  ,1.399297208798e+00  ,1.230248669464e+00  ,5.697687518424e-01  
  1.452361064578e-07  ,-9.834990851084e-01  ,6.513788086800e-01  ,8.999607642545e-01  ,8.999715036673e-01  ,4.082112217003e-01  ,1.391710306809e+00  ,1.225660908007e+00  ,5.742820993273e-01  
  1.453361072192e-07  ,-9.681691083001e-01  ,6.421692432028e-01  ,8.999608166470e-01  ,8.999342190517e-01  ,4.158762624969e-01  ,1.384045370797e+00  ,1.221018840653e+00  ,5.788495974503e-01  
  1.454361079807e-07  ,-9.526858747031e-01  ,6.328528136954e-01  ,8.999608693045e-01  ,8.998968658940e-01  ,4.236179319529e-01  ,1.376303806656e+00  ,1.216323272742e+00  ,5.834704590463e-01  
  1.455361087421e-07  ,-9.370518324829e-01  ,6.234309080276e-01  ,8.999609222197e-01  ,8.998594520476e-01  ,4.314350059782e-01  ,1.368486838461e+00  ,1.211574906061e+00  ,5.881439980338e-01  
  1.456361095036e-07  ,-9.212698457906e-01  ,6.139051696336e-01  ,8.999609753852e-01  ,8.998219866140e-01  ,4.393260524899e-01  ,1.360595898281e+00  ,1.206774571431e+00  ,5.928694017972e-01  
  1.457361102650e-07  ,-9.053415701480e-01  ,6.042765493535e-01  ,8.999610287955e-01  ,8.997844749273e-01  ,4.472902437215e-01  ,1.352631813869e+00  ,1.201922749604e+00  ,5.976462002505e-01  
  1.458361110265e-07  ,-8.892703371032e-01  ,5.945469662262e-01  ,8.999610824397e-01  ,8.997469278651e-01  ,4.553259138881e-01  ,1.344596250991e+00  ,1.197020410978e+00  ,6.024734447521e-01  
  1.459361117879e-07  ,-8.730583877989e-01  ,5.847177212834e-01  ,8.999611363113e-01  ,8.997093528238e-01  ,4.634319424118e-01  ,1.336490330211e+00  ,1.192068213466e+00  ,6.073504921821e-01  
  1.460361125494e-07  ,-8.567075687338e-01  ,5.747898796057e-01  ,8.999611904040e-01  ,8.996717558286e-01  ,4.716074060371e-01  ,1.328314974771e+00  ,1.187066695631e+00  ,6.122768160257e-01  
  1.461361133108e-07  ,-8.402210358238e-01  ,5.647652563280e-01  ,8.999612447066e-01  ,8.996341471322e-01  ,4.798507267947e-01  ,1.320071762619e+00  ,1.182016775296e+00  ,6.172515189682e-01  
  1.462361140723e-07  ,-8.236018305209e-01  ,5.546456143261e-01  ,8.999612992096e-01  ,8.995965366474e-01  ,4.881603839492e-01  ,1.311762214470e+00  ,1.176919343810e+00  ,6.222737294844e-01  
  1.463361148337e-07  ,-8.068522679873e-01  ,5.444323135912e-01  ,8.999613539065e-01  ,8.995589319075e-01  ,4.965352199128e-01  ,1.303387487900e+00  ,1.171775088703e+00  ,6.273427751119e-01  
  1.464361155952e-07  ,-7.899742548713e-01  ,5.341264666822e-01  ,8.999614087899e-01  ,8.995213389907e-01  ,5.049742813542e-01  ,1.294948536226e+00  ,1.166584572332e+00  ,6.324581056496e-01  
  1.465361163566e-07  ,-7.729710484964e-01  ,5.237299683965e-01  ,8.999614638475e-01  ,8.994837681473e-01  ,5.134759395993e-01  ,1.286446988096e+00  ,1.161348752346e+00  ,6.376187839491e-01  
  1.466361171181e-07  ,-7.558453501566e-01  ,5.132443909558e-01  ,8.999615190703e-01  ,8.994462277753e-01  ,5.220388439920e-01  ,1.277884194149e+00  ,1.156068423253e+00  ,6.428240322974e-01  
  1.467361178795e-07  ,-7.385998660560e-01  ,5.026713219490e-01  ,8.999615744499e-01  ,8.994087263551e-01  ,5.306616414219e-01  ,1.269261507478e+00  ,1.150744387330e+00  ,6.480730653806e-01  
  1.468361186410e-07  ,-7.212377539839e-01  ,4.920126341219e-01  ,8.999616299748e-01  ,8.993712736422e-01  ,5.393427529828e-01  ,1.260580506967e+00  ,1.145377590703e+00  ,6.533649565813e-01  
  1.469361194024e-07  ,-7.037614250282e-01  ,4.812697697241e-01  ,8.999616856375e-01  ,8.993338769029e-01  ,5.480809731234e-01  ,1.251842398152e+00  ,1.139968761765e+00  ,6.586989920409e-01  
  1.470361201639e-07  ,-6.861728655736e-01  ,4.704439074720e-01  ,8.999617414307e-01  ,8.992965420797e-01  ,5.568753086439e-01  ,1.243048174218e+00  ,1.134518495816e+00  ,6.640745883437e-01  
  1.471361209253e-07  ,-6.684759207095e-01  ,4.595373302066e-01  ,8.999617973400e-01  ,8.992592808187e-01  ,5.657238369852e-01  ,1.234199757695e+00  ,1.129027945922e+00  ,6.694906157155e-01  
  1.472361216868e-07  ,-6.506724618567e-01  ,4.485511467001e-01  ,8.999618533583e-01  ,8.992220988159e-01  ,5.746256224300e-01  ,1.225298084287e+00  ,1.123497672166e+00  ,6.749465254659e-01  
  1.473361224482e-07  ,-6.327657790867e-01  ,4.374873065298e-01  ,8.999619094740e-01  ,8.991850058424e-01  ,5.835790199306e-01  ,1.216344799017e+00  ,1.117928659107e+00  ,6.804413525774e-01  
  1.474361232097e-07  ,-6.147587105645e-01  ,4.263474980820e-01  ,8.999619656766e-01  ,8.991480097402e-01  ,5.925826103943e-01  ,1.207341320959e+00  ,1.112321758781e+00  ,6.859742606992e-01  
  1.475361239711e-07  ,-5.966545583576e-01  ,4.151337093344e-01  ,8.999620219559e-01  ,8.991111192807e-01  ,6.016347427770e-01  ,1.198289301135e+00  ,1.106677973948e+00  ,6.915442646134e-01  
  1.476361247326e-07  ,-5.784558382420e-01  ,4.038474684351e-01  ,8.999620783032e-01  ,8.990743412620e-01  ,6.107341591822e-01  ,1.189189997424e+00  ,1.100998075480e+00  ,6.971506070444e-01  
  1.477361254940e-07  ,-5.601652927784e-01  ,3.924904408949e-01  ,8.999621347084e-01  ,8.990376830075e-01  ,6.198794883192e-01  ,1.180044781098e+00  ,1.095282903455e+00  ,7.027924625600e-01  
  1.478361262555e-07  ,-5.417857574874e-01  ,3.810643461887e-01  ,8.999621911609e-01  ,8.990011517909e-01  ,6.290693124172e-01  ,1.170855069905e+00  ,1.089533324885e+00  ,7.084689786966e-01  
  1.479361270169e-07  ,-5.233194079454e-01  ,3.695704919816e-01  ,8.999622476520e-01  ,8.989647529296e-01  ,6.383025436793e-01  ,1.161621951625e+00  ,1.083749998920e+00  ,7.141795069388e-01  
  1.480361277784e-07  ,-5.047699049804e-01  ,3.580110712560e-01  ,8.999623041680e-01  ,8.989284951263e-01  ,6.475773516778e-01  ,1.152347256658e+00  ,1.077934030754e+00  ,7.199229594983e-01  
  1.481361285398e-07  ,-4.861406840757e-01  ,3.463881587786e-01  ,8.999623606986e-01  ,8.988923863618e-01  ,6.568920186608e-01  ,1.143032702737e+00  ,1.072086465751e+00  ,7.256983069725e-01  
  1.482361293013e-07  ,-4.674337088725e-01  ,3.347029477664e-01  ,8.999624172377e-01  ,8.988564312079e-01  ,6.662455628014e-01  ,1.133679271674e+00  ,1.066207905091e+00  ,7.315049573247e-01  
  1.483361300627e-07  ,-4.486524309430e-01  ,3.229575337916e-01  ,8.999624737727e-01  ,8.988206374986e-01  ,6.756362583012e-01  ,1.124288689244e+00  ,1.060299404394e+00  ,7.373418706028e-01  
  1.484361308242e-07  ,-4.297998252862e-01  ,3.111537269674e-01  ,8.999625302932e-01  ,8.987850115302e-01  ,6.850626176501e-01  ,1.114862442936e+00  ,1.054361875014e+00  ,7.432081480465e-01  
  1.485361315856e-07  ,-4.108793479328e-01  ,2.992936535519e-01  ,8.999625867895e-01  ,8.987495602889e-01  ,6.945229128232e-01  ,1.105402260756e+00  ,1.048396387065e+00  ,7.491027335130e-01  
  1.486361323471e-07  ,-3.918936274012e-01  ,2.873789442248e-01  ,8.999626432530e-01  ,8.987142890040e-01  ,7.040158295524e-01  ,1.095909456954e+00  ,1.042403761116e+00  ,7.550248168916e-01  
  1.487361331085e-07  ,-3.728448242658e-01  ,2.754109286376e-01  ,8.999626996756e-01  ,8.986792018383e-01  ,7.135402875428e-01  ,1.086385111809e+00  ,1.036384666157e+00  ,7.609737375195e-01  
  1.488361338700e-07  ,-3.537366220813e-01  ,2.633918643990e-01  ,8.999627560447e-01  ,8.986443056564e-01  ,7.230944450041e-01  ,1.076831067085e+00  ,1.030340237856e+00  ,7.669483734570e-01  
  1.489361346314e-07  ,-3.345720608308e-01  ,2.513236121038e-01  ,8.999628123517e-01  ,8.986096058195e-01  ,7.326767819363e-01  ,1.067248842767e+00  ,1.024271411871e+00  ,7.729477997676e-01  
  1.490361353929e-07  ,-3.153546614966e-01  ,2.392083549176e-01  ,8.999628685875e-01  ,8.985751086100e-01  ,7.422855378393e-01  ,1.057640199336e+00  ,1.018179286069e+00  ,7.789709311512e-01  
  1.491361361543e-07  ,-2.960864435417e-01  ,2.270473462838e-01  ,8.999629247454e-01  ,8.985408175903e-01  ,7.519197029746e-01  ,1.048006146516e+00  ,1.012064490732e+00  ,7.850171444484e-01  
  1.492361369158e-07  ,-2.767709583005e-01  ,2.148427854694e-01  ,8.999629808135e-01  ,8.985067387926e-01  ,7.615775016632e-01  ,1.038348459964e+00  ,1.005928131527e+00  ,7.910853460579e-01  
  1.493361376772e-07  ,-2.574117589425e-01  ,2.025968857368e-01  ,8.999630367820e-01  ,8.984728778522e-01  ,7.712571573107e-01  ,1.028668916253e+00  ,9.997713207206e-01  ,7.971744349838e-01  
  1.494361384387e-07  ,-2.380115398978e-01  ,1.903113416046e-01  ,8.999630926440e-01  ,8.984392390665e-01  ,7.809573226951e-01  ,1.018968862593e+00  ,9.935949098688e-01  ,8.032835682642e-01  
  1.495361392001e-07  ,-2.185732298441e-01  ,1.779879947840e-01  ,8.999631483906e-01  ,8.984058270586e-01  ,7.906765334685e-01  ,1.009249763313e+00  ,9.873998244506e-01  ,8.094118296666e-01  
  1.496361399616e-07  ,-1.990991080855e-01  ,1.656282660687e-01  ,8.999632040142e-01  ,8.983726452826e-01  ,8.004136499714e-01  ,9.995127580570e-01  ,9.811867783169e-01  ,8.155585122482e-01  
  1.497361407230e-07  ,-1.795930169135e-01  ,1.532345410490e-01  ,8.999632595028e-01  ,8.983396993424e-01  ,8.101667510461e-01  ,9.897597679596e-01  ,9.749569698669e-01  ,8.217224288178e-01  
  1.498361414845e-07  ,-1.600580703890e-01  ,1.408087526673e-01  ,8.999633148491e-01  ,8.983069935705e-01  ,8.199342796546e-01  ,9.799923500436e-01  ,9.687113699042e-01  ,8.279026172369e-01  
  1.499361422459e-07  ,-1.404979681702e-01  ,1.283531648460e-01  ,8.999633700406e-01  ,8.982745332657e-01  ,8.297143859555e-01  ,9.702123541257e-01  ,9.624511156887e-01  ,8.340979508426e-01  
  1.500361430074e-07  ,-1.209147933513e-01  ,1.158690753722e-01  ,8.999634250726e-01  ,8.982423215183e-01  ,8.395060283970e-01  ,9.604208217482e-01  ,9.561768592044e-01  ,8.403077838322e-01  
  1.501361437688e-07  ,-1.013120914874e-01  ,1.033587593057e-01  ,8.999634799408e-01  ,8.982103636012e-01  ,8.493074341971e-01  ,9.506195256845e-01  ,9.498897432540e-01  ,8.465309839484e-01  
  1.502361445303e-07  ,-8.169326995157e-02  ,9.082450119437e-02  ,8.999635346411e-01  ,8.981786646050e-01  ,8.591168996653e-01  ,9.408101696169e-01  ,9.435909152022e-01  ,8.527664140078e-01  
  1.503361452917e-07  ,-6.206091017447e-02  ,7.826804705446e-02  ,8.999635891656e-01  ,8.981472287572e-01  ,8.689331340784e-01  ,9.309940442529e-01  ,9.372812522845e-01  ,8.590132052300e-01  
  1.504361460532e-07  ,-4.241724583431e-02  ,6.569081781250e-02  ,8.999636435033e-01  ,8.981160597819e-01  ,8.787550205862e-01  ,9.211722664205e-01  ,9.309614686882e-01  ,8.652706508757e-01  
  1.505361468146e-07  ,-2.276668063193e-02  ,5.309555114448e-02  ,8.999636976374e-01  ,8.980851652617e-01  ,8.885803573214e-01  ,9.113470379534e-01  ,9.246329408340e-01  ,8.715373896895e-01  
  1.506361475761e-07  ,-3.112077436608e-03  ,4.048400513354e-02  ,8.999637515621e-01  ,8.980545500924e-01  ,8.984077128438e-01  ,9.015197902804e-01  ,9.182965526592e-01  ,8.778125475256e-01  
  1.507361483375e-07  ,1.654424355907e-02  ,2.785761009481e-02  ,8.999638052728e-01  ,8.980242179736e-01  ,9.082359270524e-01  ,8.916916834933e-01  ,9.119530230210e-01  ,8.840954129262e-01  
  1.508361490990e-07  ,3.619837492421e-02  ,1.521878943899e-02  ,8.999638587600e-01  ,8.979941747418e-01  ,9.180630462221e-01  ,8.818646712978e-01  ,9.056035694613e-01  ,8.903847800223e-01  
  1.509361498604e-07  ,5.584666698996e-02  ,2.569862915454e-03  ,8.999639120148e-01  ,8.979644255356e-01  ,9.278872455098e-01  ,8.720405785199e-01  ,8.992493569933e-01  ,8.966794940778e-01  
  1.510361506219e-07  ,7.548705026615e-02  ,-1.008784187778e-02  ,8.999639650326e-01  ,8.979349736027e-01  ,9.377074901657e-01  ,8.622204398996e-01  ,8.928910526638e-01  ,9.029788945416e-01  
  1.511361513833e-07  ,9.511540095518e-02  ,-2.275166710386e-02  ,8.999640178015e-01  ,8.979058258269e-01  ,9.475217182790e-01  ,8.524063173239e-01  ,8.865299922750e-01  ,9.092816593788e-01  
  1.512361521448e-07  ,1.147296554845e-01  ,-3.542028174225e-02  ,8.999640703149e-01  ,8.978769857114e-01  ,9.573288980571e-01  ,8.425992425727e-01  ,8.801668448403e-01  ,9.155871265825e-01  
  1.513361529062e-07  ,1.343261960179e-01  ,-4.809135500271e-02  ,8.999641225645e-01  ,8.978484591887e-01  ,9.671272205734e-01  ,8.328010245555e-01  ,8.738027816873e-01  ,9.218941366900e-01  
  1.514361536677e-07  ,1.539014252298e-01  ,-6.076255269045e-02  ,8.999641745454e-01  ,8.978202526654e-01  ,9.769148871603e-01  ,8.230134619305e-01  ,8.674389763202e-01  ,9.282015290106e-01  
  1.515361544291e-07  ,1.734526252171e-01  ,-7.343209484947e-02  ,8.999642262536e-01  ,8.977923723949e-01  ,9.866905388622e-01  ,8.132379136450e-01  ,8.610763249701e-01  ,9.345084198196e-01  
  1.516361551905e-07  ,1.929775699018e-01  ,-8.609853478844e-02  ,8.999642776838e-01  ,8.977648239504e-01  ,9.964530626346e-01  ,8.034754927329e-01  ,8.547155565562e-01  ,9.408140913446e-01  
  1.517361559520e-07  ,2.124724759181e-01  ,-9.875942365047e-02  ,8.999643288255e-01  ,8.977376169126e-01  ,1.006200566785e+00  ,7.937280908665e-01  ,8.483579050874e-01  ,9.471173287379e-01  
  1.518361567134e-07  ,2.319342415946e-01  ,-1.114127569028e-01  ,8.999643796702e-01  ,8.977107585993e-01  ,1.015931500467e+00  ,7.839972588729e-01  ,8.420043801479e-01  ,9.534171370507e-01  
  1.519361574749e-07  ,2.513592923626e-01  ,-1.240561956257e-01  ,8.999644302101e-01  ,8.976842562237e-01  ,1.025644076391e+00  ,7.742847840288e-01  ,8.356561584108e-01  ,9.597123540365e-01  
  1.520361582363e-07  ,2.707449284298e-01  ,-1.366879579885e-01  ,8.999644804375e-01  ,8.976581150982e-01  ,1.035336944652e+00  ,7.645920162227e-01  ,8.293141361040e-01  ,9.660020940925e-01  
  1.521361589978e-07  ,2.900889396879e-01  ,-1.493065965424e-01  ,8.999645303460e-01  ,8.976323395763e-01  ,1.045009000190e+00  ,7.549200605021e-01  ,8.229790413051e-01  ,9.722856378475e-01  
  1.522361597592e-07  ,3.093875718991e-01  ,-1.619096623869e-01  ,8.999645799250e-01  ,8.976069369351e-01  ,1.054658365875e+00  ,7.452707939754e-01  ,8.166521057417e-01  ,9.785617681286e-01  
  1.523361605207e-07  ,3.286372607550e-01  ,-1.744948198126e-01  ,8.999646291675e-01  ,8.975819138338e-01  ,1.064283259545e+00  ,7.356459987900e-01  ,8.103345039275e-01  ,9.848293237401e-01  
  1.524361612821e-07  ,3.478359780684e-01  ,-1.870607350598e-01  ,8.999646780696e-01  ,8.975572741506e-01  ,1.073882667104e+00  ,7.260466890354e-01  ,8.040269066207e-01  ,9.910876416805e-01  
  1.525361620436e-07  ,3.669801708547e-01  ,-1.996050751402e-01  ,8.999647266225e-01  ,8.975330251559e-01  ,1.083454812050e+00  ,7.164746411952e-01  ,7.977304875858e-01  ,9.973355627260e-01  
  1.526361628050e-07  ,3.860668001557e-01  ,-2.121258426445e-01  ,8.999647748185e-01  ,8.975091741490e-01  ,1.092998174896e+00  ,7.069313747406e-01  ,7.914462528268e-01  ,1.003572095471e+00  
  1.527361635665e-07  ,4.050923617107e-01  ,-2.246207104986e-01  ,8.999648226514e-01  ,8.974857304470e-01  ,1.102511003507e+00  ,6.974186417960e-01  ,7.851753751977e-01  ,1.009796085696e+00  
  1.528361643279e-07  ,4.240542106234e-01  ,-2.370879086049e-01  ,8.999648701147e-01  ,8.974627009062e-01  ,1.111991975426e+00  ,6.879377648030e-01  ,7.789187466038e-01  ,1.016006655209e+00  
  1.529361650894e-07  ,4.429494836427e-01  ,-2.495255218424e-01  ,8.999649172012e-01  ,8.974400923508e-01  ,1.121439659022e+00  ,6.784901753798e-01  ,7.726773314296e-01  ,1.022202853272e+00  
  1.530361658508e-07  ,4.617759615749e-01  ,-2.619320788754e-01  ,8.999649639044e-01  ,8.974179096120e-01  ,1.130852944692e+00  ,6.690769831169e-01  ,7.664518701743e-01  ,1.028383949050e+00  
  1.531361666123e-07  ,4.805299167079e-01  ,-2.743051180648e-01  ,8.999650102143e-01  ,8.973961602910e-01  ,1.140229968568e+00  ,6.597000518604e-01  ,7.602436012586e-01  ,1.034548719323e+00  
  1.532361673737e-07  ,4.992078748849e-01  ,-2.866423319907e-01  ,8.999650561240e-01  ,8.973748506655e-01  ,1.149568993566e+00  ,6.503611186815e-01  ,7.540536846702e-01  ,1.040696016661e+00  
  1.533361681352e-07  ,5.178078653609e-01  ,-2.989424050556e-01  ,8.999651016290e-01  ,8.973539841467e-01  ,1.158869034309e+00  ,6.410611689485e-01  ,7.478827816189e-01  ,1.046825186675e+00  
  1.534361688966e-07  ,5.363264404692e-01  ,-3.112030380810e-01  ,8.999651467203e-01  ,8.973335665112e-01  ,1.168128366955e+00  ,6.318019264857e-01  ,7.417320474706e-01  ,1.052935085552e+00  
  1.535361696581e-07  ,5.547601901997e-01  ,-3.234219399577e-01  ,8.999651913897e-01  ,8.973136033680e-01  ,1.177345286490e+00  ,6.225850962899e-01  ,7.356026333892e-01  ,1.059024573347e+00  
  1.536361704195e-07  ,5.731071748600e-01  ,-3.355978049352e-01  ,8.999652356332e-01  ,8.972940981657e-01  ,1.186518823063e+00  ,6.134116482032e-01  ,7.294951956981e-01  ,1.065093000633e+00  
  1.537361711810e-07  ,5.913635331840e-01  ,-3.477280270865e-01  ,8.999652794410e-01  ,8.972750582682e-01  ,1.195647046033e+00  ,6.042835128490e-01  ,7.234110447250e-01  ,1.071139071811e+00  
  1.538361719424e-07  ,6.095267188329e-01  ,-3.598108764492e-01  ,8.999653228068e-01  ,8.972564887557e-01  ,1.204728682223e+00  ,5.952019633903e-01  ,7.173510505311e-01  ,1.077161926980e+00  
  1.539361727039e-07  ,6.275946543373e-01  ,-3.718449503750e-01  ,8.999653657253e-01  ,8.972383935362e-01  ,1.213762692894e+00  ,5.861680385567e-01  ,7.113159183487e-01  ,1.083160868724e+00  
  1.540361734653e-07  ,6.455633601871e-01  ,-3.838275587332e-01  ,8.999654081871e-01  ,8.972207795187e-01  ,1.222747088281e+00  ,5.771837280936e-01  ,7.053070001521e-01  ,1.089134558885e+00  
  1.541361742268e-07  ,6.634309334025e-01  ,-3.957574163763e-01  ,8.999654501875e-01  ,8.972036495511e-01  ,1.231680916889e+00  ,5.682499834863e-01  ,6.993249413629e-01  ,1.095082357739e+00  
  1.542361749882e-07  ,6.811940515099e-01  ,-4.076322790869e-01  ,8.999654917185e-01  ,8.971870082932e-01  ,1.240562517473e+00  ,5.593684659635e-01  ,6.933708687497e-01  ,1.101003147837e+00  
  1.543361757497e-07  ,6.988498909228e-01  ,-4.194502325479e-01  ,8.999655327726e-01  ,8.971708589955e-01  ,1.249390478234e+00  ,5.505405873112e-01  ,6.874457427215e-01  ,1.106895975269e+00  
  1.544361765111e-07  ,7.163952091777e-01  ,-4.312090540566e-01  ,8.999655733425e-01  ,8.971552044586e-01  ,1.258163177931e+00  ,5.417679687537e-01  ,6.815506774303e-01  ,1.112759731487e+00  
  1.545361772726e-07  ,7.338275682626e-01  ,-4.429070585918e-01  ,8.999656134227e-01  ,8.971400465137e-01  ,1.266879397554e+00  ,5.330518292914e-01  ,6.756865172178e-01  ,1.118593575810e+00  
  1.546361780340e-07  ,7.511449785030e-01  ,-4.545428810616e-01  ,8.999656530073e-01  ,8.971253867813e-01  ,1.275538142259e+00  ,5.243931637558e-01  ,6.698539462505e-01  ,1.124396827312e+00  
  1.547361787955e-07  ,7.683440697933e-01  ,-4.661142178384e-01  ,8.999656920865e-01  ,8.971112282867e-01  ,1.284137726983e+00  ,5.157936571899e-01  ,6.640541193675e-01  ,1.130168337206e+00  
  1.548361795569e-07  ,7.854216646492e-01  ,-4.776188861101e-01  ,8.999657306534e-01  ,8.970975743240e-01  ,1.292676562978e+00  ,5.072548983288e-01  ,6.582881312689e-01  ,1.135907017379e+00  
  1.549361803184e-07  ,8.023759634221e-01  ,-4.890556447462e-01  ,8.999657687041e-01  ,8.970844266482e-01  ,1.301153750415e+00  ,4.987777869931e-01  ,6.525566042751e-01  ,1.141612249021e+00  
  1.550361810798e-07  ,8.192033925117e-01  ,-5.004220211317e-01  ,8.999658062300e-01  ,8.970717884229e-01  ,1.309567502486e+00  ,4.903641099742e-01  ,6.468607778570e-01  ,1.147282798989e+00  
  1.551361818413e-07  ,8.359021765350e-01  ,-5.117167871455e-01  ,8.999658432264e-01  ,8.970596610024e-01  ,1.317916931494e+00  ,4.820147549589e-01  ,6.412012674296e-01  ,1.152918054575e+00  
  1.552361826027e-07  ,8.524692158671e-01  ,-5.229378004226e-01  ,8.999658796855e-01  ,8.970480466350e-01  ,1.326200487619e+00  ,4.737312717519e-01  ,6.355791464236e-01  ,1.158516946846e+00  
  1.553361833642e-07  ,8.689018782507e-01  ,-5.340832378407e-01  ,8.999659156004e-01  ,8.970369468493e-01  ,1.334416854726e+00  ,4.655149764750e-01  ,6.299953279289e-01  ,1.164078565770e+00  
  1.554361841256e-07  ,8.851971465497e-01  ,-5.451509872822e-01  ,8.999659509642e-01  ,8.970263624326e-01  ,1.342564524239e+00  ,4.573673776894e-01  ,6.244508687914e-01  ,1.169601856074e+00  
  1.555361848871e-07  ,9.013533084456e-01  ,-5.561398492752e-01  ,8.999659857729e-01  ,8.970162933567e-01  ,1.350642639996e+00  ,4.492893315501e-01  ,6.189463687191e-01  ,1.175086217994e+00  
  1.556361856485e-07  ,9.173669632565e-01  ,-5.670474363717e-01  ,8.999660200181e-01  ,8.970067395710e-01  ,1.358649501646e+00  ,4.412825383898e-01  ,6.134830213851e-01  ,1.180530457757e+00  
  1.557361864100e-07  ,9.332364221161e-01  ,-5.778725645630e-01  ,8.999660536955e-01  ,8.969977013039e-01  ,1.366584264754e+00  ,4.333478426375e-01  ,6.080614190224e-01  ,1.185933983585e+00  
  1.558361871714e-07  ,9.489587383043e-01  ,-5.886131698655e-01  ,8.999660867983e-01  ,8.969891793345e-01  ,1.374445455950e+00  ,4.254867176461e-01  ,6.026825944018e-01  ,1.191295764267e+00  
  1.559361879329e-07  ,9.645310164561e-01  ,-5.992672086794e-01  ,8.999661193198e-01  ,8.969811748162e-01  ,1.382231627548e+00  ,4.177006110918e-01  ,5.973475704765e-01  ,1.196614779156e+00  
  1.560361886943e-07  ,9.799516179843e-01  ,-6.098335216060e-01  ,8.999661512565e-01  ,8.969736882356e-01  ,1.389941960249e+00  ,4.099903422644e-01  ,5.920569274326e-01  ,1.201890449039e+00  
  1.561361894558e-07  ,9.952172933721e-01  ,-6.203098027375e-01  ,8.999661826014e-01  ,8.969667204868e-01  ,1.397574829287e+00  ,4.023575359153e-01  ,5.868118191181e-01  ,1.207121621856e+00  
  1.562361902172e-07  ,1.010326432489e+00  ,-6.306949100134e-01  ,8.999662133505e-01  ,8.969602720578e-01  ,1.405129429595e+00  ,3.948029971061e-01  ,5.816128170511e-01  ,1.212307727064e+00  
  1.563361909787e-07  ,1.025276228372e+00  ,-6.409868538427e-01  ,8.999662434973e-01  ,8.969543438202e-01  ,1.412604357683e+00  ,3.873281293115e-01  ,5.764609168989e-01  ,1.217447770742e+00  
  1.564361917401e-07  ,1.040063928419e+00  ,-6.511836675209e-01  ,8.999662730363e-01  ,8.969489361197e-01  ,1.419998237246e+00  ,3.799343088270e-01  ,5.713571023592e-01  ,1.222540769880e+00  
  1.565361925016e-07  ,1.054687476978e+00  ,-6.612838672486e-01  ,8.999663019641e-01  ,8.969440485350e-01  ,1.427310040453e+00  ,3.726225634751e-01  ,5.663021149107e-01  ,1.227585982159e+00  
  1.566361932630e-07  ,1.069145202838e+00  ,-6.712862542178e-01  ,8.999663302769e-01  ,8.969396806122e-01  ,1.434538931696e+00  ,3.653937288577e-01  ,5.612965535033e-01  ,1.232582807721e+00  
  1.567361940245e-07  ,1.083433918657e+00  ,-6.811885393469e-01  ,8.999663579682e-01  ,8.969358317410e-01  ,1.441683317296e+00  ,3.582493986399e-01  ,5.563415620676e-01  ,1.237530101414e+00  
  1.568361947859e-07  ,1.097552112551e+00  ,-6.909896373679e-01  ,8.999663850350e-01  ,8.969325019813e-01  ,1.448742441311e+00  ,3.511903287595e-01  ,5.514376832974e-01  ,1.242427320665e+00  
  1.569361955474e-07  ,1.111496798133e+00  ,-7.006873929235e-01  ,8.999664114724e-01  ,8.969296917695e-01  ,1.455714810539e+00  ,3.442180124059e-01  ,5.465859953078e-01  ,1.247273388231e+00  
  1.570361963088e-07  ,1.125266504158e+00  ,-7.102807410856e-01  ,8.999664372775e-01  ,8.969274014167e-01  ,1.462599689356e+00  ,3.373331851986e-01  ,5.417870308739e-01  ,1.252067771959e+00  
  1.571361970703e-07  ,1.138858323079e+00  ,-7.197675676391e-01  ,8.999664624457e-01  ,8.969256314780e-01  ,1.469395623985e+00  ,3.305373009063e-01  ,5.370418476584e-01  ,1.256809415298e+00  
  1.572361978317e-07  ,1.152270362291e+00  ,-7.291464830535e-01  ,8.999664869746e-01  ,8.969243824349e-01  ,1.476101668120e+00  ,3.238313058289e-01  ,5.323511409081e-01  ,1.261497623962e+00  
  1.573361985932e-07  ,1.165500593422e+00  ,-7.384159948675e-01  ,8.999665108613e-01  ,8.969236549258e-01  ,1.482716807572e+00  ,3.172162141501e-01  ,5.277156574920e-01  ,1.266131652360e+00  
  1.574361993546e-07  ,1.178547458972e+00  ,-7.475749641329e-01  ,8.999665341027e-01  ,8.969234494088e-01  ,1.489240263588e+00  ,3.106928046169e-01  ,5.231359673423e-01  ,1.270710931475e+00  
  1.575362001161e-07  ,1.191408032032e+00  ,-7.566212465237e-01  ,8.999665566943e-01  ,8.969237663843e-01  ,1.495670572711e+00  ,3.042625406781e-01  ,5.186131431224e-01  ,1.275234389646e+00  
  1.576362008775e-07  ,1.204080950255e+00  ,-7.655538423648e-01  ,8.999665786346e-01  ,8.969246057543e-01  ,1.502007053762e+00  ,2.979261035073e-01  ,5.141476845719e-01  ,1.279701526937e+00  
  1.577362016390e-07  ,1.216563849416e+00  ,-7.743710137060e-01  ,8.999665999209e-01  ,8.969259672308e-01  ,1.508248524629e+00  ,2.916846752130e-01  ,5.097404603778e-01  ,1.284111474084e+00  
  1.578362024004e-07  ,1.228854433106e+00  ,-7.830710515809e-01  ,8.999666205508e-01  ,8.969278506420e-01  ,1.514393837104e+00  ,2.855394039976e-01  ,5.053923248516e-01  ,1.288463376432e+00  
  1.579362031619e-07  ,1.240951410369e+00  ,-7.916529912436e-01  ,8.999666405231e-01  ,8.969302561034e-01  ,1.520442345707e+00  ,2.794909353387e-01  ,5.011037604816e-01  ,1.292756751725e+00  
  1.580362039233e-07  ,1.252852536655e+00  ,-8.001151563578e-01  ,8.999666598349e-01  ,8.969331839361e-01  ,1.526392928162e+00  ,2.735403915075e-01  ,4.968756057572e-01  ,1.296990762115e+00  
  1.581362046848e-07  ,1.264555923893e+00  ,-8.084561328680e-01  ,8.999666784841e-01  ,8.969366345628e-01  ,1.532244640431e+00  ,2.676887165376e-01  ,4.927085681289e-01  ,1.301164700997e+00  
  1.582362054462e-07  ,1.276059427866e+00  ,-8.166742960833e-01  ,8.999666964697e-01  ,8.969406085826e-01  ,1.537996410403e+00  ,2.619369825367e-01  ,4.886034605409e-01  ,1.305277756624e+00  
  1.583362062077e-07  ,1.287361455580e+00  ,-8.247684275103e-01  ,8.999667137907e-01  ,8.969451065355e-01  ,1.543647441581e+00  ,2.562859860007e-01  ,4.845608927803e-01  ,1.309329320291e+00  
  1.584362069691e-07  ,1.298460717195e+00  ,-8.327375460669e-01  ,8.999667304455e-01  ,8.969501288368e-01  ,1.549197089043e+00  ,2.507363718481e-01  ,4.805813558033e-01  ,1.313318901870e+00  
  1.585362077306e-07  ,1.309355043978e+00  ,-8.405800059156e-01  ,8.999667464319e-01  ,8.969556760661e-01  ,1.554644268421e+00  ,2.452892244428e-01  ,4.766656731083e-01  ,1.317245679024e+00  
  1.586362084920e-07  ,1.320042427511e+00  ,-8.482942711586e-01  ,8.999667617492e-01  ,8.969617483666e-01  ,1.559987975505e+00  ,2.399455479937e-01  ,4.728146127873e-01  ,1.321108883946e+00  
  1.587362092535e-07  ,1.330521744064e+00  ,-8.558794772346e-01  ,8.999667763965e-01  ,8.969683456375e-01  ,1.565227648428e+00  ,2.347059043646e-01  ,4.690286070202e-01  ,1.324908084255e+00  
  1.588362100149e-07  ,1.340790782536e+00  ,-8.633339148868e-01  ,8.999667903722e-01  ,8.969754674901e-01  ,1.570362181640e+00  ,2.295713991039e-01  ,4.653085100467e-01  ,1.328642424934e+00  
  1.589362107763e-07  ,1.350848116618e+00  ,-8.706564698061e-01  ,8.999668036753e-01  ,8.969831135361e-01  ,1.575390861984e+00  ,2.245427453661e-01  ,4.616548786330e-01  ,1.332311348439e+00  
  1.590362115378e-07  ,1.360692595662e+00  ,-8.778462461932e-01  ,8.999668163049e-01  ,8.969912834965e-01  ,1.580313114136e+00  ,2.196205184740e-01  ,4.580681603999e-01  ,1.335914406593e+00  
  1.591362122992e-07  ,1.370322290813e+00  ,-8.849017435266e-01  ,8.999668282590e-01  ,8.969999770007e-01  ,1.585127973665e+00  ,2.148056828527e-01  ,4.545491052373e-01  ,1.339450848764e+00  
  1.592362130607e-07  ,1.379735427805e+00  ,-8.918215669393e-01  ,8.999668395368e-01  ,8.970091938764e-01  ,1.589834553439e+00  ,2.100991256343e-01  ,4.510984104068e-01  ,1.342919977346e+00  
  1.593362138221e-07  ,1.388931017684e+00  ,-8.986049332668e-01  ,8.999668501379e-01  ,8.970189339954e-01  ,1.594432358980e+00  ,2.055013412959e-01  ,4.477164673619e-01  ,1.346321400629e+00  
  1.594362145836e-07  ,1.397907119952e+00  ,-9.052502972540e-01  ,8.999668600611e-01  ,8.970291969581e-01  ,1.598920420037e+00  ,2.010133000852e-01  ,4.444040483311e-01  ,1.349654345585e+00  
  1.595362153450e-07  ,1.406662489650e+00  ,-9.117566554661e-01  ,8.999668693058e-01  ,8.970399823577e-01  ,1.603298114131e+00  ,1.966356244806e-01  ,4.411616546247e-01  ,1.352918310091e+00  
  1.596362161065e-07  ,1.415195804952e+00  ,-9.181229378857e-01  ,8.999668778711e-01  ,8.970512896637e-01  ,1.607564780347e+00  ,1.923689753951e-01  ,4.379898207208e-01  ,1.356112758606e+00  
  1.597362168679e-07  ,1.423506060557e+00  ,-9.243483334096e-01  ,8.999668857561e-01  ,8.970631183624e-01  ,1.611719916034e+00  ,1.882138554777e-01  ,4.348889516576e-01  ,1.359237285067e+00  
  1.598362176294e-07  ,1.431591594277e+00  ,-9.304315008996e-01  ,8.999668929586e-01  ,8.970754673611e-01  ,1.615762690097e+00  ,1.841710958199e-01  ,4.318597169113e-01  ,1.362291217811e+00  
  1.599362183908e-07  ,1.439450915069e+00  ,-9.363712208175e-01  ,8.999668994781e-01  ,8.970883350379e-01  ,1.619692357012e+00  ,1.802414419436e-01  ,4.289027246291e-01  ,1.365273945447e+00  
  1.600362191523e-07  ,1.447083197623e+00  ,-9.421668110905e-01  ,8.999669053140e-01  ,8.971017203153e-01  ,1.623508504126e+00  ,1.764253065024e-01  ,4.260183147700e-01  ,1.368185125861e+00  
  1.601362199137e-07  ,1.454487019338e+00  ,-9.478170930147e-01  ,8.999669104649e-01  ,8.971156213086e-01  ,1.627210420134e+00  ,1.727234007957e-01  ,4.232070748012e-01  ,1.371024167816e+00  
  1.602362206752e-07  ,1.461661023341e+00  ,-9.533209254127e-01  ,8.999669149296e-01  ,8.971300362010e-01  ,1.630797426600e+00  ,1.691364032590e-01  ,4.204695734947e-01  ,1.373790498907e+00  
  1.603362214366e-07  ,1.468604458634e+00  ,-9.586776713471e-01  ,8.999669187077e-01  ,8.971449639536e-01  ,1.634269148025e+00  ,1.656646893908e-01  ,4.178061282801e-01  ,1.376483799627e+00  
  1.604362221981e-07  ,1.475315860711e+00  ,-9.638860798660e-01  ,8.999669217977e-01  ,8.971604023477e-01  ,1.637624852153e+00  ,1.623089914422e-01  ,4.152173624147e-01  ,1.379103442281e+00  
  1.605362229595e-07  ,1.481794301937e+00  ,-9.689453460048e-01  ,8.999669241988e-01  ,8.971763497190e-01  ,1.640864075167e+00  ,1.590697732303e-01  ,4.127036767166e-01  ,1.381649022721e+00  
  1.606362237210e-07  ,1.488038805699e+00  ,-9.738546161086e-01  ,8.999669259101e-01  ,8.971928041536e-01  ,1.643986328760e+00  ,1.559475230605e-01  ,4.102654960993e-01  ,1.384120112208e+00  
  1.607362244824e-07  ,1.494048401427e+00  ,-9.786130357446e-01  ,8.999669269309e-01  ,8.972097635379e-01  ,1.646991127644e+00  ,1.529427262176e-01  ,4.079032456656e-01  ,1.386516281410e+00  
  1.608362252439e-07  ,1.499822371770e+00  ,-9.832199727085e-01  ,8.999669272601e-01  ,8.972272261466e-01  ,1.649878113145e+00  ,1.500557413753e-01  ,4.056172397923e-01  ,1.388837212501e+00  
  1.609362260053e-07  ,1.505359545955e+00  ,-9.876743909766e-01  ,8.999669268965e-01  ,8.972451888749e-01  ,1.652646699874e+00  ,1.472871539189e-01  ,4.034079933867e-01  ,1.391082384363e+00  
  1.610362267668e-07  ,1.510658904659e+00  ,-9.919753669107e-01  ,8.999669258394e-01  ,8.972636482482e-01  ,1.655296378169e+00  ,1.446374735097e-01  ,4.012759647929e-01  ,1.393251331704e+00  
  1.611362275282e-07  ,1.515719717508e+00  ,-9.961222216808e-01  ,8.999669240884e-01  ,8.972826013650e-01  ,1.657826782842e+00  ,1.421070653343e-01  ,3.992214905246e-01  ,1.395343712205e+00  
  1.612362282897e-07  ,1.520541405950e+00  ,-1.000114415135e+00  ,8.999669216428e-01  ,8.973020458129e-01  ,1.660237624618e+00  ,1.396962186678e-01  ,3.972448382453e-01  ,1.397359253380e+00  
  1.613362290511e-07  ,1.525122899460e+00  ,-1.003950935670e+00  ,8.999669185017e-01  ,8.973219768809e-01  ,1.662528368232e+00  ,1.374054687715e-01  ,3.953465090458e-01  ,1.399297444716e+00  
  1.614362298126e-07  ,1.529463717847e+00  ,-1.007631319986e+00  ,8.999669146649e-01  ,8.973423922557e-01  ,1.664698773589e+00  ,1.352350557413e-01  ,3.935267322625e-01  ,1.401158052249e+00  
  1.615362305740e-07  ,1.533563045979e+00  ,-1.011154773655e+00  ,8.999669101321e-01  ,8.973632878333e-01  ,1.666748433122e+00  ,1.331853871425e-01  ,3.917859010057e-01  ,1.402940674661e+00  
  1.616362313355e-07  ,1.537420234428e+00  ,-1.014520646752e+00  ,8.999669049030e-01  ,8.973846599434e-01  ,1.668677022117e+00  ,1.312567876889e-01  ,3.901243365673e-01  ,1.404644983320e+00  
  1.617362320969e-07  ,1.541034581844e+00  ,-1.017728214713e+00  ,8.999668989782e-01  ,8.974065040557e-01  ,1.670484189900e+00  ,1.294496080563e-01  ,3.885423966991e-01  ,1.406270611412e+00  
  1.618362328584e-07  ,1.544405595090e+00  ,-1.020776951306e+00  ,8.999668923581e-01  ,8.974288165438e-01  ,1.672169689903e+00  ,1.277640948129e-01  ,3.870403408909e-01  ,1.407817292197e+00  
  1.619362336198e-07  ,1.547532769113e+00  ,-1.023666306233e+00  ,8.999668850428e-01  ,8.974515933334e-01  ,1.673733269599e+00  ,1.262005004862e-01  ,3.856184402170e-01  ,1.409284746450e+00  
  1.620362343813e-07  ,1.550415619037e+00  ,-1.026395737743e+00  ,8.999668770329e-01  ,8.974748300351e-01  ,1.675174686551e+00  ,1.247590675145e-01  ,3.842769611638e-01  ,1.410672698906e+00  
  1.621362351427e-07  ,1.553053799136e+00  ,-1.028964851081e+00  ,8.999668683287e-01  ,8.974985231739e-01  ,1.676493767897e+00  ,1.234399687608e-01  ,3.830160976334e-01  ,1.411980948714e+00  
  1.622362359042e-07  ,1.555446762831e+00  ,-1.031373007947e+00  ,8.999668589310e-01  ,8.975226667393e-01  ,1.677690240347e+00  ,1.222434775153e-01  ,3.818361627659e-01  ,1.413209170713e+00  
  1.623362366656e-07  ,1.557594129380e+00  ,-1.033619733955e+00  ,8.999668488411e-01  ,8.975472555920e-01  ,1.678763913531e+00  ,1.211697841514e-01  ,3.807373886144e-01  ,1.414357122570e+00  
  1.624362374271e-07  ,1.559495559113e+00  ,-1.035704580194e+00  ,8.999668380604e-01  ,8.975722845127e-01  ,1.679714617617e+00  ,1.202190585037e-01  ,3.797199944155e-01  ,1.415424574610e+00  
  1.625362381885e-07  ,1.561150709835e+00  ,-1.037627057753e+00  ,8.999668265905e-01  ,8.975977473744e-01  ,1.680542181508e+00  ,1.193914716732e-01  ,3.787842184977e-01  ,1.416411276251e+00  
  1.626362389500e-07  ,1.562559411998e+00  ,-1.039386904366e+00  ,8.999668144326e-01  ,8.976236406376e-01  ,1.681246520432e+00  ,1.186871084334e-01  ,3.779301884545e-01  ,1.417317092821e+00  
  1.627362397114e-07  ,1.563721394817e+00  ,-1.040983678225e+00  ,8.999668015889e-01  ,8.976499580443e-01  ,1.681827498998e+00  ,1.181061041803e-01  ,3.771581189316e-01  ,1.418141797157e+00  
  1.628362404729e-07  ,1.564636451806e+00  ,-1.042416980502e+00  ,8.999667880619e-01  ,8.976766931743e-01  ,1.682285013965e+00  ,1.176485621590e-01  ,3.764682029232e-01  ,1.418885183426e+00  
  1.629362412343e-07  ,1.565304491124e+00  ,-1.043686600550e+00  ,8.999667738532e-01  ,8.977038422980e-01  ,1.682619019415e+00  ,1.173145282913e-01  ,3.758605420232e-01  ,1.419547142573e+00  
  1.630362419958e-07  ,1.565725367494e+00  ,-1.044792143045e+00  ,8.999667589660e-01  ,8.977313978377e-01  ,1.682829442713e+00  ,1.171040752191e-01  ,3.753353263152e-01  ,1.420127469360e+00  
  1.631362427572e-07  ,1.565899041172e+00  ,-1.045733432001e+00  ,8.999667434024e-01  ,8.977593558852e-01  ,1.682916263989e+00  ,1.170172228162e-01  ,3.748926398846e-01  ,1.420626071886e+00  
  1.632362435187e-07  ,1.565825469310e+00  ,-1.046510176831e+00  ,8.999667271656e-01  ,8.977877094873e-01  ,1.682879461820e+00  ,1.170539925107e-01  ,3.745326210719e-01  ,1.421042797903e+00  
  1.633362442801e-07  ,1.565504672765e+00  ,-1.047122130481e+00  ,8.999667102593e-01  ,8.978164514816e-01  ,1.682719046642e+00  ,1.172143738770e-01  ,3.742553862413e-01  ,1.421377516722e+00  
  1.634362450416e-07  ,1.564936689704e+00  ,-1.047569169230e+00  ,8.999666926855e-01  ,8.978455777471e-01  ,1.682435037537e+00  ,1.174983478335e-01  ,3.740609931323e-01  ,1.421630162362e+00  
  1.635362458030e-07  ,1.564121614116e+00  ,-1.047851094051e+00  ,8.999666744483e-01  ,8.978750810685e-01  ,1.682027481506e+00  ,1.179058673905e-01  ,3.739495340428e-01  ,1.421800628094e+00  
  1.636362465645e-07  ,1.563059576664e+00  ,-1.047967767476e+00  ,8.999666555512e-01  ,8.979049552636e-01  ,1.681496443883e+00  ,1.184368672191e-01  ,3.739210715259e-01  ,1.421888839001e+00  
  1.637362473259e-07  ,1.561750746292e+00  ,-1.047919078334e+00  ,8.999666359979e-01  ,8.979351941802e-01  ,1.680842009144e+00  ,1.190912628520e-01  ,3.739756550131e-01  ,1.421894733347e+00  
  1.638362480874e-07  ,1.560195369668e+00  ,-1.047704932780e+00  ,8.999666157930e-01  ,8.979657907002e-01  ,1.680064300627e+00  ,1.198689309588e-01  ,3.741133243103e-01  ,1.421818257090e+00  
  1.639362488488e-07  ,1.558393614476e+00  ,-1.047325294760e+00  ,8.999665949391e-01  ,8.979967407808e-01  ,1.679163402177e+00  ,1.207697877013e-01  ,3.743340934006e-01  ,1.421659388161e+00  
  1.640362496103e-07  ,1.556345854158e+00  ,-1.046780118563e+00  ,8.999665734418e-01  ,8.980280363342e-01  ,1.678139500521e+00  ,1.217936463627e-01  ,3.746379770526e-01  ,1.421418095616e+00  
  1.641362503717e-07  ,1.554052384457e+00  ,-1.046069406969e+00  ,8.999665513048e-01  ,8.980596719399e-01  ,1.676992743533e+00  ,1.229403590762e-01  ,3.750249684554e-01  ,1.421094375424e+00  
  1.642362511332e-07  ,1.551513467350e+00  ,-1.045193174719e+00  ,8.999665285313e-01  ,8.980916431784e-01  ,1.675723262206e+00  ,1.242097948563e-01  ,3.754950558192e-01  ,1.420688230538e+00  
  1.643362518946e-07  ,1.548729578903e+00  ,-1.044151466759e+00  ,8.999665051271e-01  ,8.981239425667e-01  ,1.674331294579e+00  ,1.256017156755e-01  ,3.760482091873e-01  ,1.420199675946e+00  
  1.644362526561e-07  ,1.545701241508e+00  ,-1.042944374143e+00  ,8.999664810972e-01  ,8.981565629938e-01  ,1.672817101851e+00  ,1.271158603434e-01  ,3.766843759221e-01  ,1.419628750065e+00  
  1.645362534175e-07  ,1.542428887249e+00  ,-1.041571993679e+00  ,8.999664564456e-01  ,8.981894991033e-01  ,1.671180900070e+00  ,1.287520128210e-01  ,3.774035022638e-01  ,1.418975495943e+00  
  1.646362541790e-07  ,1.538912889723e+00  ,-1.040034416512e+00  ,8.999664311758e-01  ,8.982227465805e-01  ,1.669422876037e+00  ,1.305099863144e-01  ,3.782055383243e-01  ,1.418239954837e+00  
  1.647362549404e-07  ,1.535154010643e+00  ,-1.038331847535e+00  ,8.999664052947e-01  ,8.982562972321e-01  ,1.667543410616e+00  ,1.323893999731e-01  ,3.790903734646e-01  ,1.417422221000e+00  
  1.648362557019e-07  ,1.531152653105e+00  ,-1.036464409304e+00  ,8.999663788055e-01  ,8.982901472168e-01  ,1.665542705358e+00  ,1.343900522528e-01  ,3.800579425649e-01  ,1.416522351869e+00  
  1.649362564633e-07  ,1.526909549482e+00  ,-1.034432333908e+00  ,8.999663517140e-01  ,8.983242898833e-01  ,1.663421126455e+00  ,1.365115769732e-01  ,3.811081229295e-01  ,1.415540456837e+00  
  1.650362572248e-07  ,1.522425375450e+00  ,-1.032235853611e+00  ,8.999663240253e-01  ,8.983587196608e-01  ,1.661179011750e+00  ,1.387536363005e-01  ,3.822407928553e-01  ,1.414476646466e+00  
  1.651362579862e-07  ,1.517700841909e+00  ,-1.029875227069e+00  ,8.999662957443e-01  ,8.983934310632e-01  ,1.658816716699e+00  ,1.411158747898e-01  ,3.834558175287e-01  ,1.413331044598e+00  
  1.652362587477e-07  ,1.512736822097e+00  ,-1.027350791929e+00  ,8.999662668763e-01  ,8.984284177341e-01  ,1.656334677925e+00  ,1.435978558281e-01  ,3.847530217696e-01  ,1.412103813699e+00  
  1.653362595091e-07  ,1.507533841843e+00  ,-1.024662758686e+00  ,8.999662374251e-01  ,8.984636760306e-01  ,1.653733158347e+00  ,1.461993165038e-01  ,3.861322966877e-01  ,1.410795055373e+00  
  1.654362602706e-07  ,1.502092850933e+00  ,-1.021811513234e+00  ,8.999662073969e-01  ,8.984991995665e-01  ,1.651012632863e+00  ,1.489197819304e-01  ,3.875934429495e-01  ,1.409404956183e+00  
  1.655362610320e-07  ,1.496414858382e+00  ,-1.018797485245e+00  ,8.999661767973e-01  ,8.985349819879e-01  ,1.648173605988e+00  ,1.517587476065e-01  ,3.891362393656e-01  ,1.407933724610e+00  
  1.656362617935e-07  ,1.490500664439e+00  ,-1.015621029265e+00  ,8.999661456308e-01  ,8.985710185349e-01  ,1.645216477850e+00  ,1.547158134114e-01  ,3.907605039024e-01  ,1.406381533167e+00  
  1.657362625549e-07  ,1.484350944086e+00  ,-1.012282445719e+00  ,8.999661139012e-01  ,8.986073053731e-01  ,1.642141585944e+00  ,1.577906418583e-01  ,3.924660825134e-01  ,1.404748528233e+00  
  1.658362633164e-07  ,1.477966874841e+00  ,-1.008782262779e+00  ,8.999660816156e-01  ,8.986438360430e-01  ,1.638949519036e+00  ,1.609826441952e-01  ,3.942527046536e-01  ,1.403034967433e+00  
  1.659362640778e-07  ,1.471349644649e+00  ,-1.005121032091e+00  ,8.999660487797e-01  ,8.986806044312e-01  ,1.635640871104e+00  ,1.642912264551e-01  ,3.961200883855e-01  ,1.401241120477e+00  
  1.660362648393e-07  ,1.464499955763e+00  ,-1.001299086209e+00  ,8.999660153969e-01  ,8.987176070712e-01  ,1.632215993278e+00  ,1.677160375155e-01  ,3.980680639668e-01  ,1.399367150176e+00  
  1.661362656007e-07  ,1.457419065574e+00  ,-9.973170243832e-01  ,8.999659814739e-01  ,8.987548379499e-01  ,1.628675514261e+00  ,1.712564486872e-01  ,4.000963257582e-01  ,1.397413350141e+00  
  1.662362663622e-07  ,1.450108099987e+00  ,-9.931753929395e-01  ,8.999659470165e-01  ,8.987922919853e-01  ,1.625019997010e+00  ,1.749118970232e-01  ,4.022045955156e-01  ,1.395379988455e+00  
  1.663362671236e-07  ,1.442568217443e+00  ,-9.888747640120e-01  ,8.999659120293e-01  ,8.988299640405e-01  ,1.621250020751e+00  ,1.786818033078e-01  ,4.043925820345e-01  ,1.393267346047e+00  
  1.664362678850e-07  ,1.434800610836e+00  ,-9.844157354593e-01  ,8.999658765181e-01  ,8.988678488109e-01  ,1.617366181936e+00  ,1.825655711001e-01  ,4.066599810812e-01  ,1.391075716541e+00  
  1.665362686465e-07  ,1.426806508361e+00  ,-9.797989307769e-01  ,8.999658404888e-01  ,8.989059408587e-01  ,1.613369094669e+00  ,1.865625863082e-01  ,4.090064754703e-01  ,1.388805406247e+00  
  1.666362694079e-07  ,1.418587382187e+00  ,-9.750251121521e-01  ,8.999658039467e-01  ,8.989442338340e-01  ,1.609259495040e+00  ,1.906721128532e-01  ,4.114316777579e-01  ,1.386456789910e+00  
  1.667362701694e-07  ,1.410144100221e+00  ,-9.700947321002e-01  ,8.999657668960e-01  ,8.989827240816e-01  ,1.605037817006e+00  ,1.948937167857e-01  ,4.139353580315e-01  ,1.384030090132e+00  
  1.668362709308e-07  ,1.401478211710e+00  ,-9.650085994343e-01  ,8.999657293437e-01  ,8.990214050706e-01  ,1.600704835199e+00  ,1.992266234887e-01  ,4.165171053535e-01  ,1.381525704788e+00  
  1.669362716923e-07  ,1.392591094195e+00  ,-9.597674393568e-01  ,8.999656912952e-01  ,8.990602709526e-01  ,1.596261238393e+00  ,2.036701441979e-01  ,4.191765512742e-01  ,1.378943990631e+00  
  1.670362724537e-07  ,1.383484156211e+00  ,-9.543720022348e-01  ,8.999656527563e-01  ,8.990993158217e-01  ,1.591707730862e+00  ,2.082235746508e-01  ,4.219133147043e-01  ,1.376285316939e+00  
  1.671362732152e-07  ,1.374158839202e+00  ,-9.488230635055e-01  ,8.999656137330e-01  ,8.991385338640e-01  ,1.587045033334e+00  ,2.128861941320e-01  ,4.247270021113e-01  ,1.373550065617e+00  
  1.672362739766e-07  ,1.364616618345e+00  ,-9.431214235744e-01  ,8.999655742307e-01  ,8.991779192421e-01  ,1.582273883403e+00  ,2.176572650582e-01  ,4.276172074549e-01  ,1.370738631029e+00  
  1.673362747381e-07  ,1.354859002822e+00  ,-9.372679076952e-01  ,8.999655342556e-01  ,8.992174658785e-01  ,1.577395035667e+00  ,2.225360328444e-01  ,4.305835120309e-01  ,1.367851419726e+00  
  1.674362754995e-07  ,1.344887788853e+00  ,-9.312635122746e-01  ,8.999654938145e-01  ,8.992571663362e-01  ,1.572409388241e+00  ,2.275215993877e-01  ,4.336254101989e-01  ,1.364888922473e+00  
  1.675362762610e-07  ,1.334704028874e+00  ,-9.251088230685e-01  ,8.999654529114e-01  ,8.992970162905e-01  ,1.567317467349e+00  ,2.326134384743e-01  ,4.367426047562e-01  ,1.361851427825e+00  
  1.676362770224e-07  ,1.324309594994e+00  ,-9.188048814587e-01  ,8.999654115539e-01  ,8.993370081492e-01  ,1.562120209051e+00  ,2.378106140569e-01  ,4.399345674198e-01  ,1.358739448879e+00  
  1.677362777839e-07  ,1.313706139947e+00  ,-9.123526108485e-01  ,8.999653697483e-01  ,8.993771352479e-01  ,1.556818439722e+00  ,2.431122997749e-01  ,4.432008298237e-01  ,1.355553440672e+00  
  1.678362785453e-07  ,1.302895344753e+00  ,-9.057529588654e-01  ,8.999653275000e-01  ,8.994173905711e-01  ,1.551412999877e+00  ,2.485176551235e-01  ,4.465409111384e-01  ,1.352293870004e+00  
  1.679362793068e-07  ,1.291878920973e+00  ,-8.990068972042e-01  ,8.999652848157e-01  ,8.994577668032e-01  ,1.545904745302e+00  ,2.540258243293e-01  ,4.499543182011e-01  ,1.348961215405e+00  
  1.680362800682e-07  ,1.280658896534e+00  ,-8.921155920453e-01  ,8.999652417026e-01  ,8.994982554523e-01  ,1.540294689970e+00  ,2.596357934356e-01  ,4.534404594297e-01  ,1.345556051475e+00  
  1.681362808297e-07  ,1.269236455329e+00  ,-8.850797256244e-01  ,8.999651981646e-01  ,8.995388516979e-01  ,1.534583425829e+00  ,2.653469705002e-01  ,4.569989888857e-01  ,1.342078714510e+00  
  1.682362815911e-07  ,1.257613699156e+00  ,-8.779005075979e-01  ,8.999651542100e-01  ,8.995795469573e-01  ,1.528772003788e+00  ,2.711583046318e-01  ,4.606292931583e-01  ,1.338529800756e+00  
  1.683362823526e-07  ,1.245792776767e+00  ,-8.705791867886e-01  ,8.999651098464e-01  ,8.996203322373e-01  ,1.522861498230e+00  ,2.770687214627e-01  ,4.643307388430e-01  ,1.334909925632e+00  
  1.684362831140e-07  ,1.233775344378e+00  ,-8.631167388035e-01  ,8.999650650789e-01  ,8.996612005783e-01  ,1.516852737268e+00  ,2.830773928899e-01  ,4.681028311765e-01  ,1.331219569980e+00  
  1.685362838755e-07  ,1.221562775215e+00  ,-8.555139672341e-01  ,8.999650199126e-01  ,8.997021463459e-01  ,1.510746407520e+00  ,2.891836323052e-01  ,4.719451627288e-01  ,1.327459129963e+00  
  1.686362846369e-07  ,1.209157429094e+00  ,-8.477722494074e-01  ,8.999649743570e-01  ,8.997431599797e-01  ,1.504543688904e+00  ,2.953862598100e-01  ,4.758570352760e-01  ,1.323629284683e+00  
  1.687362853984e-07  ,1.196561286981e+00  ,-8.398927441661e-01  ,8.999649284184e-01  ,8.997842334587e-01  ,1.498245571909e+00  ,3.016842849277e-01  ,4.798378613757e-01  ,1.319730605542e+00  
  1.688362861598e-07  ,1.183776349090e+00  ,-8.318766330041e-01  ,8.999648821031e-01  ,8.998253584389e-01  ,1.491853056648e+00  ,3.080767075583e-01  ,4.838870419368e-01  ,1.315763674941e+00  
  1.689362869213e-07  ,1.170804640361e+00  ,-8.237251198912e-01  ,8.999648354190e-01  ,8.998665264929e-01  ,1.485367155600e+00  ,3.145625152383e-01  ,4.880039665472e-01  ,1.311729086438e+00  
  1.690362876827e-07  ,1.157648547012e+00  ,-8.154396397905e-01  ,8.999647883733e-01  ,8.999077280780e-01  ,1.478789061879e+00  ,3.211405148673e-01  ,4.921879081828e-01  ,1.307627547973e+00  
  1.691362884442e-07  ,1.144309455939e+00  ,-8.070210274161e-01  ,8.999647409706e-01  ,8.999489577715e-01  ,1.472119468940e+00  ,3.278100130013e-01  ,4.964384440634e-01  ,1.303459471480e+00  
  1.692362892056e-07  ,1.130789823357e+00  ,-7.984707581111e-01  ,8.999646932202e-01  ,8.999902058800e-01  ,1.465359604899e+00  ,3.345697815416e-01  ,5.007548268245e-01  ,1.299225584936e+00  
  1.693362899671e-07  ,1.117092146509e+00  ,-7.897903434610e-01  ,8.999646451303e-01  ,9.000314623715e-01  ,1.458510718385e+00  ,3.414185718760e-01  ,5.051362906410e-01  ,1.294926634102e+00  
  1.694362907285e-07  ,1.103218342149e+00  ,-7.809809574153e-01  ,8.999645967062e-01  ,9.000727197847e-01  ,1.451573767781e+00  ,3.483554256315e-01  ,5.095822410770e-01  ,1.290563198492e+00  
  1.695362914900e-07  ,1.089170511833e+00  ,-7.720438885462e-01  ,8.999645479552e-01  ,9.001139701985e-01  ,1.444549803872e+00  ,3.553792920387e-01  ,5.140920259253e-01  ,1.286135914472e+00  
  1.696362922514e-07  ,1.074950304927e+00  ,-7.629801397387e-01  ,8.999644988834e-01  ,9.001552075195e-01  ,1.437439651347e+00  ,3.624893464198e-01  ,5.186651376502e-01  ,1.281645277389e+00  
  1.697362930129e-07  ,1.060560521148e+00  ,-7.537914075894e-01  ,8.999644495014e-01  ,9.001964214061e-01  ,1.430244710075e+00  ,3.696841889274e-01  ,5.233007176114e-01  ,1.277092125201e+00  
  1.698362937743e-07  ,1.046003834883e+00  ,-7.444793267423e-01  ,8.999643998172e-01  ,9.002376019313e-01  ,1.422966317259e+00  ,3.769624823759e-01  ,5.279979385602e-01  ,1.272477265302e+00  
  1.699362945358e-07  ,1.031281786893e+00  ,-7.350448449167e-01  ,8.999643498361e-01  ,9.002787435730e-01  ,1.415605243283e+00  ,3.843234563896e-01  ,5.327563211147e-01  ,1.267801166031e+00  
  1.700362952972e-07  ,1.016397097218e+00  ,-7.254896341377e-01  ,8.999642995678e-01  ,9.003198369864e-01  ,1.408162848177e+00  ,3.917657509590e-01  ,5.375750199175e-01  ,1.263064654055e+00  
  1.701362960587e-07  ,1.001352514434e+00  ,-7.158153999734e-01  ,8.999642490212e-01  ,9.003608732798e-01  ,1.400640506238e+00  ,3.992879918040e-01  ,5.424531732931e-01  ,1.258268573267e+00  
  1.702362968201e-07  ,9.861496261932e-01  ,-7.060231302467e-01  ,8.999641982011e-01  ,9.004018472615e-01  ,1.393039011298e+00  ,4.068893851045e-01  ,5.473902821382e-01  ,1.253413412385e+00  
  1.703362975816e-07  ,9.707912366473e-01  ,-6.961145666854e-01  ,8.999641471176e-01  ,9.004427497051e-01  ,1.385359765441e+00  ,4.145685287939e-01  ,5.523854663624e-01  ,1.248500033048e+00  
  1.704362983430e-07  ,9.552797860520e-01  ,-6.860912267309e-01  ,8.999640957797e-01  ,9.004835727456e-01  ,1.377603988806e+00  ,4.223242027537e-01  ,5.574379593801e-01  ,1.243529186111e+00  
  1.705362991045e-07  ,9.396181294986e-01  ,-6.759549067857e-01  ,8.999640441949e-01  ,9.005243078142e-01  ,1.369773108944e+00  ,4.301549794455e-01  ,5.625468544214e-01  ,1.238501761207e+00  
  1.706362998659e-07  ,9.238079175297e-01  ,-6.657066459831e-01  ,8.999639923688e-01  ,9.005649501189e-01  ,1.361867951134e+00  ,4.380600336039e-01  ,5.677116271274e-01  ,1.233418273110e+00  
  1.707363006274e-07  ,9.078520650928e-01  ,-6.553482752391e-01  ,8.999639403123e-01  ,9.006054910576e-01  ,1.353889972859e+00  ,4.460379077659e-01  ,5.729313534381e-01  ,1.228279628677e+00  
  1.708363013888e-07  ,8.917535171601e-01  ,-6.448816562220e-01  ,8.999638880345e-01  ,9.006459217242e-01  ,1.345840646615e+00  ,4.540871294545e-01  ,5.782050936132e-01  ,1.223086749835e+00  
  1.709363021503e-07  ,8.755139725393e-01  ,-6.343078648180e-01  ,8.999638355411e-01  ,9.006862372397e-01  ,1.337720821811e+00  ,4.622068492715e-01  ,5.835323048307e-01  ,1.217840169649e+00  
  1.710363029117e-07  ,8.591368468508e-01  ,-6.236290706645e-01  ,8.999637828441e-01  ,9.007264284184e-01  ,1.329532206270e+00  ,4.703953594187e-01  ,5.889118930862e-01  ,1.212540963751e+00  
  1.711363036732e-07  ,8.426238732120e-01  ,-6.128463733641e-01  ,8.999637299496e-01  ,9.007664909892e-01  ,1.321275666556e+00  ,4.786517933436e-01  ,5.943433043071e-01  ,1.207189677671e+00  
  1.712363044346e-07  ,8.259781061497e-01  ,-6.019617088264e-01  ,8.999636768680e-01  ,9.008064174134e-01  ,1.312952729943e+00  ,4.869746237932e-01  ,5.998255630002e-01  ,1.201787271827e+00  
  1.713363051961e-07  ,8.092026198409e-01  ,-5.909770416289e-01  ,8.999636236093e-01  ,9.008461999930e-01  ,1.304564933530e+00  ,4.953623136888e-01  ,6.053576791785e-01  ,1.196334720807e+00  
  1.714363059575e-07  ,7.922997585537e-01  ,-5.798938860138e-01  ,8.999635701806e-01  ,9.008858330547e-01  ,1.296113449457e+00  ,5.038136909038e-01  ,6.109388900478e-01  ,1.190832776062e+00  
  1.715363067190e-07  ,7.752720812023e-01  ,-5.687138954676e-01  ,8.999635165905e-01  ,9.009253107135e-01  ,1.287599557192e+00  ,5.123274759894e-01  ,6.165683629797e-01  ,1.185282258447e+00  
  1.716363074804e-07  ,7.581222378213e-01  ,-5.574387805977e-01  ,8.999634628482e-01  ,9.009646270190e-01  ,1.279024581759e+00  ,5.209023439376e-01  ,6.222452367202e-01  ,1.179684017318e+00  
  1.717363082419e-07  ,7.408522650364e-01  ,-5.460698446274e-01  ,8.999634089614e-01  ,9.010037774151e-01  ,1.270389541480e+00  ,5.295372764432e-01  ,6.279688551014e-01  ,1.174038699729e+00  
  1.718363090033e-07  ,7.234655946107e-01  ,-5.346092762262e-01  ,8.999633549426e-01  ,9.010427541619e-01  ,1.261696152248e+00  ,5.382305576373e-01  ,6.337381160488e-01  ,1.168347392275e+00  
  1.719363097648e-07  ,7.059654577275e-01  ,-5.230591533875e-01  ,8.999633008015e-01  ,9.010815500083e-01  ,1.252946029665e+00  ,5.469805719377e-01  ,6.395519733145e-01  ,1.162611126702e+00  
  1.720363105262e-07  ,6.883537051464e-01  ,-5.114206736980e-01  ,8.999632465436e-01  ,9.011201610688e-01  ,1.244140099117e+00  ,5.557863939704e-01  ,6.454098242198e-01  ,1.156830497918e+00  
  1.721363112877e-07  ,6.706340460321e-01  ,-4.996962472724e-01  ,8.999631921812e-01  ,9.011585799092e-01  ,1.235280215197e+00  ,5.646461691652e-01  ,6.513104562730e-01  ,1.151006703545e+00  
  1.722363120491e-07  ,6.528089598295e-01  ,-4.878874994086e-01  ,8.999631377220e-01  ,9.011968016891e-01  ,1.226367617637e+00  ,5.735586578072e-01  ,6.572530519848e-01  ,1.145140551393e+00  
  1.723363128106e-07  ,6.348811462844e-01  ,-4.759962021379e-01  ,8.999630831745e-01  ,9.012348210231e-01  ,1.217403656317e+00  ,5.825225100323e-01  ,6.632367199542e-01  ,1.139232922092e+00  
  1.724363135720e-07  ,6.168527111656e-01  ,-4.640237263605e-01  ,8.999630285465e-01  ,9.012726337308e-01  ,1.208389384129e+00  ,5.915366729638e-01  ,6.692607705506e-01  ,1.133284496911e+00  
  1.725363143335e-07  ,5.987272117140e-01  ,-4.519723794590e-01  ,8.999629738511e-01  ,9.013102328839e-01  ,1.199326579708e+00  ,6.005993679941e-01  ,6.753240431544e-01  ,1.127296422613e+00  
  1.726363150949e-07  ,5.805080093904e-01  ,-4.398443569912e-01  ,8.999629190971e-01  ,9.013476122115e-01  ,1.190216923792e+00  ,6.097089144019e-01  ,6.814254337159e-01  ,1.121269790707e+00  
  1.727363158564e-07  ,5.621970286838e-01  ,-4.276409224060e-01  ,8.999628642900e-01  ,9.013847681347e-01  ,1.181061378632e+00  ,6.188643499481e-01  ,6.875643069316e-01  ,1.115205229338e+00  
  1.728363166178e-07  ,5.437976547238e-01  ,-4.153642953767e-01  ,8.999628094408e-01  ,9.014216942249e-01  ,1.171861636803e+00  ,6.280639820789e-01  ,6.937395465366e-01  ,1.109103841913e+00  
  1.729363173793e-07  ,5.253132791900e-01  ,-4.030167167873e-01  ,8.999627545599e-01  ,9.014583837510e-01  ,1.162619394155e+00  ,6.373061149649e-01  ,6.999500253574e-01  ,1.102966742145e+00  
  1.730363181407e-07  ,5.067458494031e-01  ,-3.905994753507e-01  ,8.999626996527e-01  ,9.014948329106e-01  ,1.153335624354e+00  ,6.465897749511e-01  ,7.061950952352e-01  ,1.096794570586e+00  
  1.731363189022e-07  ,4.880987927457e-01  ,-3.781148343270e-01  ,8.999626447305e-01  ,9.015310352245e-01  ,1.144012041103e+00  ,6.559132483577e-01  ,7.124736180610e-01  ,1.090588452388e+00  
  1.732363196636e-07  ,4.693750696795e-01  ,-3.655647486330e-01  ,8.999625898035e-01  ,9.015669854080e-01  ,1.134650124643e+00  ,6.652750549637e-01  ,7.187846110915e-01  ,1.084349359725e+00  
  1.733363204251e-07  ,4.505781217033e-01  ,-3.529515145645e-01  ,8.999625348789e-01  ,9.016026772696e-01  ,1.125251595731e+00  ,6.746734740272e-01  ,7.251269199874e-01  ,1.078078434552e+00  
  1.734363211865e-07  ,4.317099268887e-01  ,-3.402764516884e-01  ,8.999624799629e-01  ,9.016381071724e-01  ,1.115817443407e+00  ,6.841075165186e-01  ,7.314998813282e-01  ,1.071776333017e+00  
  1.735363219480e-07  ,4.127739669476e-01  ,-3.275418764182e-01  ,8.999624250669e-01  ,9.016732686912e-01  ,1.106349408541e+00  ,6.935754415931e-01  ,7.379023304821e-01  ,1.065444206900e+00  
  1.736363227094e-07  ,3.937732487374e-01  ,-3.147497876184e-01  ,8.999623701988e-01  ,9.017081562817e-01  ,1.096848994568e+00  ,7.030757458301e-01  ,7.443332624725e-01  ,1.059083050091e+00  
  1.737363234709e-07  ,3.747112653773e-01  ,-3.019025311242e-01  ,8.999623153670e-01  ,9.017427634920e-01  ,1.087317948056e+00  ,7.126066826784e-01  ,7.507914979299e-01  ,1.052694029054e+00  
  1.738363242323e-07  ,3.555900232103e-01  ,-2.890014539908e-01  ,8.999622605779e-01  ,9.017770865787e-01  ,1.077757272183e+00  ,7.221672489727e-01  ,7.572763595833e-01  ,1.046277813574e+00  
  1.739363249937e-07  ,3.364130521949e-01  ,-2.760489199261e-01  ,8.999622058423e-01  ,9.018111189139e-01  ,1.068168731940e+00  ,7.317556797448e-01  ,7.637866589508e-01  ,1.039835578877e+00  
  1.740363257552e-07  ,3.171833980413e-01  ,-2.630469667727e-01  ,8.999621511680e-01  ,9.018448547329e-01  ,1.058553850189e+00  ,7.413704521473e-01  ,7.703213713466e-01  ,1.033368338119e+00  
  1.741363265166e-07  ,2.979045961489e-01  ,-2.499979840547e-01  ,8.999620965632e-01  ,9.018782873689e-01  ,1.048914394638e+00  ,7.510097984888e-01  ,7.768792953415e-01  ,1.026877279396e+00  
  1.742363272781e-07  ,2.785793321833e-01  ,-2.369038011503e-01  ,8.999620420348e-01  ,9.019114118472e-01  ,1.039251708126e+00  ,7.606723759431e-01  ,7.834595112720e-01  ,1.020363312422e+00  
  1.743363280395e-07  ,2.592098117963e-01  ,-2.237659082914e-01  ,8.999619875891e-01  ,9.019442241886e-01  ,1.029566893487e+00  ,7.703570816910e-01  ,7.900612700429e-01  ,1.013827178334e+00  
  1.744363288010e-07  ,2.397997923983e-01  ,-2.105868334441e-01  ,8.999619332373e-01  ,9.019767176978e-01  ,1.019861829436e+00  ,7.800620370381e-01  ,7.966833009757e-01  ,1.007270134420e+00  
  1.745363295624e-07  ,2.203523695258e-01  ,-1.973686557991e-01  ,8.999618789869e-01  ,9.020088868143e-01  ,1.010138063750e+00  ,7.897856942240e-01  ,8.033245589147e-01  ,1.000693214714e+00  
  1.746363303239e-07  ,2.008711235457e-01  ,-1.841138108913e-01  ,8.999618248452e-01  ,9.020407247994e-01  ,1.000397386618e+00  ,7.995262630724e-01  ,8.099838193537e-01  ,9.940976302450e-01  
  1.747363310853e-07  ,1.813587685560e-01  ,-1.708241614611e-01  ,8.999617708191e-01  ,9.020722266148e-01  ,9.906411550971e-01  ,8.092823865412e-01  ,8.166601458843e-01  ,9.874843073454e-01  
  1.748363318468e-07  ,1.618176412555e-01  ,-1.575012240786e-01  ,8.999617169202e-01  ,9.021033882630e-01  ,9.808705375479e-01  ,8.190528962924e-01  ,8.233527762237e-01  ,9.808540003023e-01  
  1.749363326082e-07  ,1.422521680760e-01  ,-1.441479222626e-01  ,8.999616631601e-01  ,9.021342020537e-01  ,9.710877471981e-01  ,8.288355791221e-01  ,8.300602409224e-01  ,9.742081631850e-01  
  1.750363333697e-07  ,1.226643676229e-01  ,-1.307656648772e-01  ,8.999616095377e-01  ,9.021646642203e-01  ,9.612937933491e-01  ,8.386294257263e-01  ,8.367818317818e-01  ,9.675474966589e-01  
  1.751363341311e-07  ,1.030582194891e-01  ,-1.173572751764e-01  ,8.999615560566e-01  ,9.021947672767e-01  ,9.514906658012e-01  ,8.484324463120e-01  ,8.435161296885e-01  ,9.608734048650e-01  
  1.752363348926e-07  ,8.343638380339e-02  ,-1.039246419969e-01  ,8.999615027273e-01  ,9.022245064212e-01  ,9.416796946290e-01  ,8.582433108256e-01  ,8.502621854227e-01  ,9.541868274196e-01  
  1.753363356540e-07  ,6.380173281010e-02  ,-9.046981535372e-02  ,8.999614495561e-01  ,9.022538763482e-01  ,9.318623159611e-01  ,8.680605831510e-01  ,8.570189686713e-01  ,9.474887840250e-01  
  1.754363364155e-07  ,4.415730456071e-02  ,-7.699490185677e-02  ,8.999613965517e-01  ,9.022828712405e-01  ,9.220400488321e-01  ,8.778827442714e-01  ,8.637854203121e-01  ,9.407803221689e-01  
  1.755363371769e-07  ,2.450613661273e-02  ,-6.350202964601e-02  ,8.999613437207e-01  ,9.023114849628e-01  ,9.122144120271e-01  ,8.877082754143e-01  ,8.705604701398e-01  ,9.340624997858e-01  
  1.756363379384e-07  ,4.850587356731e-03  ,-4.999280161743e-02  ,8.999612910716e-01  ,9.023397129458e-01  ,9.023865847500e-01  ,8.975359973933e-01  ,8.773433121371e-01  ,9.273361137545e-01  
  1.757363386998e-07  ,-1.480481941737e-02  ,-3.647025179015e-02  ,8.999612386194e-01  ,9.023675471282e-01  ,8.925588289107e-01  ,9.073636483281e-01  ,8.841324212331e-01  ,9.206026730233e-01  
  1.758363394613e-07  ,-3.445725236875e-02  ,-2.293629008583e-02  ,8.999611863696e-01  ,9.023949830912e-01  ,8.827325601852e-01  ,9.171898125539e-01  ,8.909268380482e-01  ,9.138631281341e-01  
  1.759363402227e-07  ,-5.410442222610e-02  ,-9.392469624158e-03  ,8.999611343271e-01  ,9.024220173061e-01  ,8.729089232140e-01  ,9.270133454401e-01  ,8.977257824940e-01  ,9.071182521182e-01  
  1.760363409842e-07  ,-7.374196760639e-02  ,4.158220042331e-03  ,8.999610825034e-01  ,9.024486430818e-01  ,8.630900987002e-01  ,9.368320663066e-01  ,9.045277531030e-01  ,9.003695330606e-01  
  1.761363417456e-07  ,-9.336781194184e-02  ,1.771434181679e-02  ,8.999610309053e-01  ,9.024748573906e-01  ,8.532771249344e-01  ,9.466449368763e-01  ,9.113320282990e-01  ,8.936176864822e-01  
  1.762363425071e-07  ,-1.129783218199e-01  ,3.127337954012e-02  ,8.999609795430e-01  ,9.025006552257e-01  ,8.434718186330e-01  ,9.564501404529e-01  ,9.181373449957e-01  ,8.868639654556e-01  
  1.763363432685e-07  ,-1.325703928453e-01  ,4.483317435577e-02  ,8.999609284233e-01  ,9.025260325855e-01  ,8.336757320007e-01  ,9.662461248460e-01  ,9.249426197634e-01  ,8.801094454076e-01  
  1.764363440300e-07  ,-1.521404394034e-01  ,5.839120595435e-02  ,8.999608775531e-01  ,9.025509840191e-01  ,8.238906578514e-01  ,9.760310972548e-01  ,9.317465869962e-01  ,8.733553810419e-01  
  1.765363447914e-07  ,-1.716864112904e-01  ,7.194603361353e-02  ,8.999608269366e-01  ,9.025755058530e-01  ,8.141176212914e-01  ,9.858040325819e-01  ,9.385485226598e-01  ,8.666024890463e-01  
  1.766363455529e-07  ,-1.912047102264e-01  ,8.549513577448e-02  ,8.999607765826e-01  ,9.025995914242e-01  ,8.043584214694e-01  ,9.955631316958e-01  ,9.453471593115e-01  ,8.598520235370e-01  
  1.767363463143e-07  ,-2.106917533570e-01  ,9.903599056012e-02  ,8.999607264988e-01  ,9.026232339956e-01  ,7.946148498203e-01  ,1.005306603177e+00  ,9.521412292757e-01  ,8.531052387156e-01  
  1.768363470758e-07  ,-2.301448347784e-01  ,1.125666768955e-01  ,8.999606766917e-01  ,9.026464287395e-01  ,7.848882593025e-01  ,1.015033094081e+00  ,9.589297671873e-01  ,8.463630902918e-01  
  1.769363478372e-07  ,-2.495610223344e-01  ,1.260851142291e-01  ,8.999606271700e-01  ,9.026691707648e-01  ,7.751801160028e-01  ,1.024741138337e+00  ,9.657117278794e-01  ,8.396266136502e-01  
  1.770363485987e-07  ,-2.689380409312e-01  ,1.395897026888e-01  ,8.999605779420e-01  ,9.026914566368e-01  ,7.654915574763e-01  ,1.034429598408e+00  ,9.724863079812e-01  ,8.328966052924e-01  
  1.771363493601e-07  ,-2.882720651709e-01  ,1.530777635014e-01  ,8.999605290200e-01  ,9.027132811774e-01  ,7.558244964346e-01  ,1.044096561605e+00  ,9.792521629281e-01  ,8.261743994267e-01  
  1.772363501216e-07  ,-3.075595211308e-01  ,1.665467807225e-01  ,8.999604804127e-01  ,9.027346407453e-01  ,7.461807198473e-01  ,1.053740240978e+00  ,9.860080311066e-01  ,8.194612503841e-01  
  1.773363508830e-07  ,-3.267977235218e-01  ,1.799948396476e-01  ,8.999604321259e-01  ,9.027555328214e-01  ,7.365615703650e-01  ,1.063359293887e+00  ,9.927529526452e-01  ,8.127581129975e-01  
  1.774363516445e-07  ,-3.459844779100e-01  ,1.934203857285e-01  ,8.999603841664e-01  ,9.027759552954e-01  ,7.269681452114e-01  ,1.072952623121e+00  ,9.994861481596e-01  ,8.060657624311e-01  
  1.775363524059e-07  ,-3.651155725419e-01  ,2.068204324547e-01  ,8.999603365458e-01  ,9.027959037479e-01  ,7.174025502749e-01  ,1.082518122817e+00  ,1.006206119975e+00  ,7.993856875206e-01  
  1.776363531674e-07  ,-3.841889863180e-01  ,2.201935489307e-01  ,8.999602892694e-01  ,9.028153756732e-01  ,7.078657961104e-01  ,1.092054782428e+00  ,1.012912150139e+00  ,7.927186012079e-01  
  1.777363539288e-07  ,-4.032011851469e-01  ,2.335372333441e-01  ,8.999602423463e-01  ,9.028343663449e-01  ,6.983596497728e-01  ,1.101560834920e+00  ,1.019602983017e+00  ,7.860657496729e-01  
  1.778363546903e-07  ,-4.221491555507e-01  ,2.468493457841e-01  ,8.999601957849e-01  ,9.028528713049e-01  ,6.888856180095e-01  ,1.111034773560e+00  ,1.026277544197e+00  ,7.794281984128e-01  
  1.779363554517e-07  ,-4.410294267064e-01  ,2.601273952217e-01  ,8.999601495929e-01  ,9.028708857838e-01  ,6.794454362397e-01  ,1.120474862946e+00  ,1.032934583395e+00  ,7.728071881730e-01  
  1.780363562132e-07  ,-4.598400195056e-01  ,2.733699611543e-01  ,8.999601037755e-01  ,9.028884074612e-01  ,6.700400940227e-01  ,1.129880113528e+00  ,1.039573388038e+00  ,7.662034268841e-01  
  1.781363569746e-07  ,-4.785774661357e-01  ,2.865745609078e-01  ,8.999600583426e-01  ,9.029054326061e-01  ,6.606713252747e-01  ,1.139248791410e+00  ,1.046192713060e+00  ,7.596181521521e-01  
  1.782363577361e-07  ,-4.972383270455e-01  ,2.997387202785e-01  ,8.999600133026e-01  ,9.029219582189e-01  ,6.513408497798e-01  ,1.148579176825e+00  ,1.052791318358e+00  ,7.530525980796e-01  
  1.783363584975e-07  ,-5.158206440060e-01  ,3.128610291390e-01  ,8.999599686603e-01  ,9.029379829094e-01  ,6.420496466573e-01  ,1.157870290663e+00  ,1.059368497479e+00  ,7.465074683399e-01  
  1.784363592590e-07  ,-5.343209879510e-01  ,3.259390236645e-01  ,8.999599244257e-01  ,9.029535046112e-01  ,6.327994304502e-01  ,1.167120418401e+00  ,1.065923016443e+00  ,7.399839927790e-01  
  1.785363600204e-07  ,-5.527359621542e-01  ,3.389702501202e-01  ,8.999598806070e-01  ,9.029685216800e-01  ,6.235918995299e-01  ,1.176327861684e+00  ,1.072453646740e+00  ,7.334833966200e-01  
  1.786363607819e-07  ,-5.710630111763e-01  ,3.519528457638e-01  ,8.999598372091e-01  ,9.029830324152e-01  ,6.144283316210e-01  ,1.185491342797e+00  ,1.078959455297e+00  ,7.270066095334e-01  
  1.787363615433e-07  ,-5.893000479398e-01  ,3.648853003699e-01  ,8.999597942382e-01  ,9.029970351505e-01  ,6.053097702683e-01  ,1.194609818208e+00  ,1.085439685335e+00  ,7.205543849656e-01  
  1.788363623048e-07  ,-6.074430711736e-01  ,3.777647176643e-01  ,8.999597517052e-01  ,9.030105263956e-01  ,5.962382161184e-01  ,1.203681287292e+00  ,1.091892885228e+00  ,7.141281675635e-01  
  1.789363630662e-07  ,-6.254901653855e-01  ,3.905897141423e-01  ,8.999597096149e-01  ,9.030235044646e-01  ,5.872146269221e-01  ,1.212704792308e+00  ,1.098318361536e+00  ,7.077286473935e-01  
  1.790363638277e-07  ,-6.434375286250e-01  ,4.033575306459e-01  ,8.999596679754e-01  ,9.030359663833e-01  ,5.782409036630e-01  ,1.221678432288e+00  ,1.104714731706e+00  ,7.013572010604e-01  
  1.791363645891e-07  ,-6.612832717542e-01  ,4.160667942983e-01  ,8.999596267917e-01  ,9.030479109499e-01  ,5.693179909146e-01  ,1.230601262669e+00  ,1.111081308099e+00  ,6.950145138007e-01  
  1.792363653506e-07  ,-6.790240939552e-01  ,4.287151082516e-01  ,8.999595860717e-01  ,9.030593362488e-01  ,5.604475390942e-01  ,1.239471633049e+00  ,1.117416890375e+00  ,6.887017821230e-01  
  1.793363661120e-07  ,-6.966567395096e-01  ,4.413000903126e-01  ,8.999595458223e-01  ,9.030702410298e-01  ,5.516311760675e-01  ,1.248287915577e+00  ,1.123720286186e+00  ,6.824201958735e-01  
  1.794363668735e-07  ,-7.141787643929e-01  ,4.538199351220e-01  ,8.999595060481e-01  ,9.030806248787e-01  ,5.428701238516e-01  ,1.257048888245e+00  ,1.129990592440e+00  ,6.761706573177e-01  
  1.795363676349e-07  ,-7.315881748859e-01  ,4.662731803574e-01  ,8.999594667542e-01  ,9.030904875915e-01  ,5.341653793113e-01  ,1.265753554197e+00  ,1.136227077770e+00  ,6.699538974127e-01  
  1.796363683964e-07  ,-7.488811536396e-01  ,4.786570248684e-01  ,8.999594279498e-01  ,9.030998287099e-01  ,5.255188511300e-01  ,1.274400004770e+00  ,1.142428341144e+00  ,6.637713162757e-01  
  1.797363691578e-07  ,-7.660558772583e-01  ,4.909701332628e-01  ,8.999593896386e-01  ,9.031086478074e-01  ,5.169314510095e-01  ,1.282987328268e+00  ,1.148593714439e+00  ,6.576235811759e-01  
  1.798363699193e-07  ,-7.831087306139e-01  ,5.032098452874e-01  ,8.999593518278e-01  ,9.031169436500e-01  ,5.084049865208e-01  ,1.291513717135e+00  ,1.154721866294e+00  ,6.515120210063e-01  
  1.799363706807e-07  ,-8.000379209183e-01  ,5.153748397359e-01  ,8.999593145213e-01  ,9.031247154274e-01  ,4.999403540621e-01  ,1.299978274980e+00  ,1.160812135295e+00  ,6.454372955595e-01  
  1.800363714422e-07  ,-8.168403185800e-01  ,5.274628119102e-01  ,8.999592777259e-01  ,9.031319617906e-01  ,4.915391184359e-01  ,1.308379437016e+00  ,1.166863367746e+00  ,6.394005558356e-01  
  1.801363722036e-07  ,-8.335132661514e-01  ,5.394718005998e-01  ,8.999592414470e-01  ,9.031386817662e-01  ,4.832026083713e-01  ,1.316715874523e+00  ,1.172874582066e+00  ,6.334027814663e-01  
  1.802363729651e-07  ,-8.500537168441e-01  ,5.513995337656e-01  ,8.999592056896e-01  ,9.031448744618e-01  ,4.749323472675e-01  ,1.324986064112e+00  ,1.178844641345e+00  ,6.274451075790e-01  
  1.803363737265e-07  ,-8.664593840494e-01  ,5.632442929828e-01  ,8.999591704581e-01  ,9.031505395040e-01  ,4.667294784334e-01  ,1.333188862483e+00  ,1.184772685995e+00  ,6.215283930126e-01  
  1.804363744880e-07  ,-8.827284039965e-01  ,5.750046879530e-01  ,8.999591357569e-01  ,9.031556768022e-01  ,4.585949337586e-01  ,1.341323337755e+00  ,1.190658020779e+00  ,6.156533328257e-01  
  1.805363752494e-07  ,-8.988576235356e-01  ,5.866783754965e-01  ,8.999591015931e-01  ,9.031602864821e-01  ,4.505302898253e-01  ,1.349387913361e+00  ,1.196499474230e+00  ,6.098210987339e-01  
  1.806363760109e-07  ,-9.148444838675e-01  ,5.982634564548e-01  ,8.999590679712e-01  ,9.031643689244e-01  ,4.425368260374e-01  ,1.357381309905e+00  ,1.202296097152e+00  ,6.040326406970e-01  
  1.807363767723e-07  ,-9.306860605742e-01  ,6.097577333806e-01  ,8.999590348951e-01  ,9.031679242366e-01  ,4.346160046080e-01  ,1.365302065182e+00  ,1.208046790927e+00  ,5.982890575463e-01  
  1.808363775338e-07  ,-9.463806967710e-01  ,6.211599597101e-01  ,8.999590023684e-01  ,9.031709523049e-01  ,4.267686539830e-01  ,1.373149350754e+00  ,1.213750932160e+00  ,5.925909724499e-01  
  1.809363782952e-07  ,-9.619254996099e-01  ,6.324679632645e-01  ,8.999589703975e-01  ,9.031734528489e-01  ,4.189962205925e-01  ,1.380921720202e+00  ,1.219407434481e+00  ,5.869394712166e-01  
  1.810363790567e-07  ,-9.773176238661e-01  ,6.436795954941e-01  ,8.999589389865e-01  ,9.031754253030e-01  ,4.113001270534e-01  ,1.388617750920e+00  ,1.225015223050e+00  ,5.813356275560e-01  
  1.811363798181e-07  ,-9.925549415352e-01  ,6.547932345913e-01  ,8.999589081388e-01  ,9.031768690110e-01  ,4.036814373713e-01  ,1.396236378906e+00  ,1.230573486307e+00  ,5.757802517153e-01  
  1.812363805796e-07  ,-1.007635721178e+00  ,6.658075698999e-01  ,8.999588778584e-01  ,9.031777834455e-01  ,3.961410172695e-01  ,1.403776738447e+00  ,1.236081568395e+00  ,5.702739984955e-01  
  1.813363813410e-07  ,-1.022556657661e+00  ,6.767200979353e-01  ,8.999588481519e-01  ,9.031781679099e-01  ,3.886805193213e-01  ,1.411237176982e+00  ,1.241538216878e+00  ,5.648181189423e-01  
  1.814363821024e-07  ,-1.037315677113e+00  ,6.875292375743e-01  ,8.999588190219e-01  ,9.031780224099e-01  ,3.813009804652e-01  ,1.418616657579e+00  ,1.246942641197e+00  ,5.594134036227e-01  
  1.815363828639e-07  ,-1.051911096788e+00  ,6.982337116526e-01  ,8.999587904715e-01  ,9.031773470415e-01  ,3.740032420773e-01  ,1.425914338866e+00  ,1.252294202868e+00  ,5.540604912152e-01  
  1.816363836253e-07  ,-1.066340079587e+00  ,7.088313709738e-01  ,8.999587625064e-01  ,9.031761419865e-01  ,3.667887227128e-01  ,1.433128802300e+00  ,1.257591827473e+00  ,5.487604564997e-01  
  1.817363843868e-07  ,-1.080599976917e+00  ,7.193201936710e-01  ,8.999587351309e-01  ,9.031744073863e-01  ,3.596587466723e-01  ,1.440258723590e+00  ,1.262834504222e+00  ,5.435143105508e-01  
  1.818363851482e-07  ,-1.094688817261e+00  ,7.296986566031e-01  ,8.999587083476e-01  ,9.031721433368e-01  ,3.526142997170e-01  ,1.447303116978e+00  ,1.268021471638e+00  ,5.383228150352e-01  
  1.819363859097e-07  ,-1.108604999848e+00  ,7.399655302231e-01  ,8.999586821598e-01  ,9.031693498906e-01  ,3.456561822357e-01  ,1.454261182084e+00  ,1.273152115002e+00  ,5.331865847791e-01  
  1.820363866711e-07  ,-1.122345825224e+00  ,7.501187467106e-01  ,8.999586565735e-01  ,9.031660269931e-01  ,3.387857439616e-01  ,1.461131569185e+00  ,1.278225400348e+00  ,5.281066536378e-01  
  1.821363874326e-07  ,-1.135908773855e+00  ,7.601563637926e-01  ,8.999586315920e-01  ,9.031621741318e-01  ,3.320042446643e-01  ,1.467913018520e+00  ,1.283240356028e+00  ,5.230839922355e-01  
  1.822363881940e-07  ,-1.149291972384e+00  ,7.700769201032e-01  ,8.999586072178e-01  ,9.031577907889e-01  ,3.253126210257e-01  ,1.474604593410e+00  ,1.288196250840e+00  ,5.181193307373e-01  
  1.823363889555e-07  ,-1.162493900987e+00  ,7.798792368185e-01  ,8.999585834538e-01  ,9.031528766372e-01  ,3.187116329605e-01  ,1.481205533947e+00  ,1.293092495046e+00  ,5.132132582280e-01  
  1.824363897169e-07  ,-1.175511667399e+00  ,7.895610674501e-01  ,8.999585603054e-01  ,9.031474313413e-01  ,3.122027266061e-01  ,1.487714394005e+00  ,1.297927965066e+00  ,5.083668976163e-01  
  1.825363904784e-07  ,-1.188343904754e+00  ,7.991213505766e-01  ,8.999585377746e-01  ,9.031414549394e-01  ,3.057865853976e-01  ,1.494130490152e+00  ,1.302702130228e+00  ,5.035807796511e-01  
  1.826363912398e-07  ,-1.200988238711e+00  ,8.085582412953e-01  ,8.999585158652e-01  ,9.031349475431e-01  ,2.994643965098e-01  ,1.500452635221e+00  ,1.307414068191e+00  ,4.988558268954e-01  
  1.827363920013e-07  ,-1.213442359023e+00  ,8.178699264826e-01  ,8.999584945813e-01  ,9.031279094390e-01  ,2.932373150696e-01  ,1.506679674093e+00  ,1.312062872680e+00  ,4.941929461977e-01  
  1.828363927627e-07  ,-1.225704966204e+00  ,8.270553829964e-01  ,8.999584739248e-01  ,9.031203409545e-01  ,2.871059908228e-01  ,1.512810957027e+00  ,1.316648032453e+00  ,4.895926494563e-01  
  1.829363935242e-07  ,-1.237773494380e+00  ,8.361125842011e-01  ,8.999584539000e-01  ,9.031122429119e-01  ,2.810717067098e-01  ,1.518845201090e+00  ,1.321168535012e+00  ,4.850559508114e-01  
  1.830363942856e-07  ,-1.249646277539e+00  ,8.450402039658e-01  ,8.999584345092e-01  ,9.031036158063e-01  ,2.751352957398e-01  ,1.524781573279e+00  ,1.325623717789e+00  ,4.805835138234e-01  
  1.831363950471e-07  ,-1.261321534164e+00  ,8.538368216004e-01  ,8.999584157554e-01  ,9.030944599736e-01  ,2.692976486734e-01  ,1.530619182837e+00  ,1.330012870774e+00  ,4.761760491734e-01  
  1.832363958085e-07  ,-1.272797899554e+00  ,8.625013555084e-01  ,8.999583976411e-01  ,9.030847756043e-01  ,2.635594478639e-01  ,1.536357347418e+00  ,1.334335453358e+00  ,4.718340978501e-01  
  1.833363965700e-07  ,-1.284073103281e+00  ,8.710320104293e-01  ,8.999583801709e-01  ,9.030745630741e-01  ,2.579218285301e-01  ,1.541994931812e+00  ,1.338590568289e+00  ,4.675585578595e-01  
  1.834363973314e-07  ,-1.295145357738e+00  ,8.794273694907e-01  ,8.999583633470e-01  ,9.030638229357e-01  ,2.523856844779e-01  ,1.547531042216e+00  ,1.342777507681e+00  ,4.633501381903e-01  
  1.835363980929e-07  ,-1.306012644325e+00  ,8.876858083679e-01  ,8.999583471715e-01  ,9.030525561962e-01  ,2.469520250090e-01  ,1.552964669334e+00  ,1.346895460380e+00  ,4.592096520122e-01  
  1.836363988543e-07  ,-1.316673468717e+00  ,8.958061116503e-01  ,8.999583316466e-01  ,9.030407638124e-01  ,2.416215972881e-01  ,1.558295066005e+00  ,1.350943819638e+00  ,4.551377079872e-01  
  1.837363996158e-07  ,-1.327126235229e+00  ,9.037869797596e-01  ,8.999583167751e-01  ,9.030284470225e-01  ,2.363951991605e-01  ,1.563521434390e+00  ,1.354921936902e+00  ,4.511349571428e-01  
  1.838364003772e-07  ,-1.337369331954e+00  ,9.116270994808e-01  ,8.999583025593e-01  ,9.030156073471e-01  ,2.312736365825e-01  ,1.568642968536e+00  ,1.358829157087e+00  ,4.472020576066e-01  
  1.839364011387e-07  ,-1.347401548669e+00  ,9.193254907336e-01  ,8.999582890016e-01  ,9.030022460787e-01  ,2.262575146672e-01  ,1.573659063336e+00  ,1.362664991445e+00  ,4.433395007119e-01  
  1.840364019001e-07  ,-1.357220884272e+00  ,9.268805354989e-01  ,8.999582761056e-01  ,9.029883655078e-01  ,2.213478339696e-01  ,1.578568718242e+00  ,1.366428633257e+00  ,4.395480977583e-01  
  1.841364026616e-07  ,-1.366825781524e+00  ,9.342909691463e-01  ,8.999582638730e-01  ,9.029739676279e-01  ,2.165453731111e-01  ,1.583371154635e+00  ,1.370119452201e+00  ,4.358284830548e-01  
  1.842364034230e-07  ,-1.376214491091e+00  ,9.415553470747e-01  ,8.999582523052e-01  ,9.029590547998e-01  ,2.118510067596e-01  ,1.588065497851e+00  ,1.373736728337e+00  ,4.321813812624e-01  
  1.843364041845e-07  ,-1.385386036496e+00  ,9.486728590260e-01  ,8.999582414037e-01  ,9.029436284192e-01  ,2.072652231557e-01  ,1.592651259652e+00  ,1.377280057932e+00  ,4.286071989062e-01  
  1.844364049459e-07  ,-1.394338727358e+00  ,9.556421024231e-01  ,8.999582311712e-01  ,9.029276909900e-01  ,2.027888674921e-01  ,1.597127594850e+00  ,1.380748742202e+00  ,4.251066397784e-01  
  1.845364057074e-07  ,-1.403071155646e+00  ,9.624619043036e-01  ,8.999582216094e-01  ,9.029112447880e-01  ,1.984226437865e-01  ,1.601493799432e+00  ,1.384142196940e+00  ,4.216802926362e-01  
  1.846364064688e-07  ,-1.411581736828e+00  ,9.691309281696e-01  ,8.999582127199e-01  ,9.028942927777e-01  ,1.941673443058e-01  ,1.605749081134e+00  ,1.387459756862e+00  ,4.183288286928e-01  
  1.847364072303e-07  ,-1.419869587240e+00  ,9.756484260876e-01  ,8.999582045041e-01  ,9.028768369014e-01  ,1.900234108841e-01  ,1.609892998124e+00  ,1.390701049945e+00  ,4.150526238576e-01  
  1.848364079917e-07  ,-1.427932974903e+00  ,9.820129260820e-01  ,8.999581969638e-01  ,9.028588813814e-01  ,1.859917095122e-01  ,1.613924684415e+00  ,1.393865344422e+00  ,4.118524183404e-01  
  1.849364087532e-07  ,-1.435770792018e+00  ,9.882234770999e-01  ,8.999581900998e-01  ,9.028404292865e-01  ,1.820727940909e-01  ,1.617843586109e+00  ,1.396952167836e+00  ,4.087286907365e-01  
  1.850364095146e-07  ,-1.443382149470e+00  ,9.942793178787e-01  ,8.999581839130e-01  ,9.028214831161e-01  ,1.782671091780e-01  ,1.621649258648e+00  ,1.399961142056e+00  ,4.056818241768e-01  
  1.851364102761e-07  ,-1.450765376419e+00  ,1.000179011790e+00  ,8.999581784056e-01  ,9.028020477545e-01  ,1.745754901958e-01  ,1.625340866615e+00  ,1.402891553649e+00  ,4.027125418595e-01  
  1.852364110375e-07  ,-1.457919701196e+00  ,1.005921891684e+00  ,8.999581735782e-01  ,9.027821256605e-01  ,1.709983229804e-01  ,1.628918024176e+00  ,1.405743071502e+00  ,3.998211798185e-01  
  1.853364117990e-07  ,-1.464843621140e+00  ,1.011506648014e+00  ,8.999581694323e-01  ,9.027617219207e-01  ,1.675363588622e-01  ,1.632379980002e+00  ,1.408515045928e+00  ,3.970083979137e-01  
  1.854364125604e-07  ,-1.471536185724e+00  ,1.016932439072e+00  ,8.999581659684e-01  ,9.027408400288e-01  ,1.641900731066e-01  ,1.635726258830e+00  ,1.411207059565e+00  ,3.942746204930e-01  
  1.855364133219e-07  ,-1.477996393698e+00  ,1.022198372866e+00  ,8.999581631873e-01  ,9.027194837613e-01  ,1.609599663384e-01  ,1.638956360036e+00  ,1.413818670195e+00  ,3.916202973281e-01  
  1.856364140833e-07  ,-1.484223489672e+00  ,1.027303777203e+00  ,8.999581610896e-01  ,9.026976560532e-01  ,1.578464162537e-01  ,1.642069905926e+00  ,1.416349544655e+00  ,3.890457674519e-01  
  1.857364148448e-07  ,-1.490216080685e+00  ,1.032247404803e+00  ,8.999581596765e-01  ,9.026753626783e-01  ,1.548501193339e-01  ,1.645066200019e+00  ,1.418799065080e+00  ,3.865516602770e-01  
  1.858364156062e-07  ,-1.495973342495e+00  ,1.037028504088e+00  ,8.999581589479e-01  ,9.026526075740e-01  ,1.519714877002e-01  ,1.647944830196e+00  ,1.421166859618e+00  ,3.841383555300e-01  
  1.859364163677e-07  ,-1.501494412787e+00  ,1.041646281186e+00  ,8.999581589039e-01  ,9.026293951296e-01  ,1.492109525104e-01  ,1.650705365297e+00  ,1.423452535722e+00  ,3.818062545367e-01  
  1.860364171291e-07  ,-1.506778645153e+00  ,1.046100139699e+00  ,8.999581595448e-01  ,9.026057287630e-01  ,1.465688369682e-01  ,1.653347482121e+00  ,1.425655798613e+00  ,3.795556589134e-01  
  1.861364178906e-07  ,-1.511824855355e+00  ,1.050388977048e+00  ,8.999581608709e-01  ,9.025816149808e-01  ,1.440457331932e-01  ,1.655870588548e+00  ,1.427776103505e+00  ,3.773871264570e-01  
  1.862364186520e-07  ,-1.516632517447e+00  ,1.054512295775e+00  ,8.999581628819e-01  ,9.025570568697e-01  ,1.416419041583e-01  ,1.658274421606e+00  ,1.429813204757e+00  ,3.753009089822e-01  
  1.863364194135e-07  ,-1.521200620680e+00  ,1.058469127232e+00  ,8.999581655777e-01  ,9.025320606362e-01  ,1.393578552377e-01  ,1.660558475918e+00  ,1.431766624252e+00  ,3.732974970202e-01  
  1.864364201749e-07  ,-1.525528691556e+00  ,1.062259009029e+00  ,8.999581689580e-01  ,9.025066294199e-01  ,1.371938231801e-01  ,1.662722514736e+00  ,1.433636133934e+00  ,3.713771249055e-01  
  1.865364209364e-07  ,-1.529615822353e+00  ,1.065881042879e+00  ,8.999581730223e-01  ,9.024807695081e-01  ,1.351502618457e-01  ,1.664766084199e+00  ,1.435421290948e+00  ,3.695402480685e-01  
  1.866364216978e-07  ,-1.533461590279e+00  ,1.069334801775e+00  ,8.999581777700e-01  ,9.024544840254e-01  ,1.332273826307e-01  ,1.666688972909e+00  ,1.437121884913e+00  ,3.677870831378e-01  
  1.867364224593e-07  ,-1.537065279895e+00  ,1.072619556273e+00  ,8.999581832004e-01  ,9.024277784098e-01  ,1.314255432530e-01  ,1.668490823148e+00  ,1.438737556547e+00  ,3.661180002731e-01  
  1.868364232207e-07  ,-1.540426325875e+00  ,1.075734714949e+00  ,8.999581893125e-01  ,9.024006573257e-01  ,1.297450263750e-01  ,1.670171352250e+00  ,1.440268014800e+00  ,3.645332998512e-01  
  1.869364239822e-07  ,-1.543544123488e+00  ,1.078679624492e+00  ,8.999581961050e-01  ,9.023731263680e-01  ,1.281861343613e-01  ,1.671730257849e+00  ,1.441712938614e+00  ,3.630333141222e-01  
  1.870364247436e-07  ,-1.546418252409e+00  ,1.081453815204e+00  ,8.999582035768e-01  ,9.023451898864e-01  ,1.267490773724e-01  ,1.673167329781e+00  ,1.443072097488e+00  ,3.616182822844e-01  
  1.871364255051e-07  ,-1.549048387545e+00  ,1.084056918280e+00  ,8.999582117269e-01  ,9.023168514070e-01  ,1.254340179545e-01  ,1.674482405499e+00  ,1.444345310547e+00  ,3.602883922671e-01  
  1.872364262665e-07  ,-1.551434006229e+00  ,1.086488330176e+00  ,8.999582205538e-01  ,9.022881168562e-01  ,1.242412174393e-01  ,1.675675223668e+00  ,1.445532281944e+00  ,3.590439517681e-01  
  1.873364270280e-07  ,-1.553574733427e+00  ,1.088747595099e+00  ,8.999582300559e-01  ,9.022589910099e-01  ,1.231708633424e-01  ,1.676745596769e+00  ,1.446632788559e+00  ,3.578851934603e-01  
  1.874364277894e-07  ,-1.555470233816e+00  ,1.090834284654e+00  ,8.999582402315e-01  ,9.022294786417e-01  ,1.222231233232e-01  ,1.677693357140e+00  ,1.447646620969e+00  ,3.568123363148e-01  
  1.875364285509e-07  ,-1.557120169152e+00  ,1.092747936450e+00  ,8.999582510782e-01  ,9.021995853470e-01  ,1.213981665023e-01  ,1.678518335654e+00  ,1.448573553572e+00  ,3.558256171218e-01  
  1.876364293123e-07  ,-1.558524321309e+00  ,1.094488226777e+00  ,8.999582625942e-01  ,9.021693153383e-01  ,1.206961019398e-01  ,1.679220423249e+00  ,1.449413428727e+00  ,3.549252019498e-01  
  1.877364300738e-07  ,-1.559682483798e+00  ,1.096054826801e+00  ,8.999582747775e-01  ,9.021386731306e-01  ,1.201170328788e-01  ,1.679799516676e+00  ,1.450166086531e+00  ,3.541112597302e-01  
  1.878364308352e-07  ,-1.560594479014e+00  ,1.097447424244e+00  ,8.999582876259e-01  ,9.021076633468e-01  ,1.196610481188e-01  ,1.680255527133e+00  ,1.450831375469e+00  ,3.533839512246e-01  
  1.879364315967e-07  ,-1.561260195997e+00  ,1.098665799414e+00  ,8.999583011374e-01  ,9.020762895029e-01  ,1.193282031390e-01  ,1.680588399136e+00  ,1.451409189210e+00  ,3.527433897959e-01  
  1.880364323581e-07  ,-1.561679481872e+00  ,1.099709608335e+00  ,8.999583153090e-01  ,9.020445575193e-01  ,1.191185743729e-01  ,1.680798056245e+00  ,1.451899361687e+00  ,3.521897533519e-01  
  1.881364331196e-07  ,-1.561852272066e+00  ,1.100578616387e+00  ,8.999583301378e-01  ,9.020124722218e-01  ,1.190321941049e-01  ,1.680884466171e+00  ,1.452301780415e+00  ,3.517231640286e-01  
  1.882364338810e-07  ,-1.561778542009e+00  ,1.101272587849e+00  ,8.999583456207e-01  ,9.019800392336e-01  ,1.190690746162e-01  ,1.680847616625e+00  ,1.452616333158e+00  ,3.513437453090e-01  
  1.883364346425e-07  ,-1.561458303722e+00  ,1.101791406672e+00  ,8.999583617557e-01  ,9.019472617490e-01  ,1.192292098949e-01  ,1.680687513616e+00  ,1.452842965085e+00  ,3.510515584132e-01  
  1.884364354039e-07  ,-1.560891605029e+00  ,1.102134888437e+00  ,8.999583785391e-01  ,9.019141453651e-01  ,1.195125760244e-01  ,1.680404181054e+00  ,1.452981589584e+00  ,3.508467011465e-01  
  1.885364361654e-07  ,-1.560078556596e+00  ,1.102302895444e+00  ,8.999583959675e-01  ,9.018806957243e-01  ,1.199191176694e-01  ,1.679997674266e+00  ,1.453032143446e+00  ,3.507292480025e-01  
  1.886364369268e-07  ,-1.559019247620e+00  ,1.102295367713e+00  ,8.999584140385e-01  ,9.018469160659e-01  ,1.204487902285e-01  ,1.679468037848e+00  ,1.452994599922e+00  ,3.506992322096e-01  
  1.887364376882e-07  ,-1.557713861336e+00  ,1.102112219009e+00  ,8.999584327483e-01  ,9.018128120452e-01  ,1.211015020802e-01  ,1.678815363416e+00  ,1.452868921550e+00  ,3.507567025404e-01  
  1.888364384497e-07  ,-1.556162643207e+00  ,1.101753409951e+00  ,8.999584520928e-01  ,9.017783893086e-01  ,1.218771304895e-01  ,1.678039773696e+00  ,1.452655094284e+00  ,3.509016843334e-01  
  1.889364392111e-07  ,-1.554365759427e+00  ,1.101218936792e+00  ,8.999584720699e-01  ,9.017436511208e-01  ,1.227755923563e-01  ,1.677141351783e+00  ,1.452353119517e+00  ,3.511341827247e-01  
  1.890364399726e-07  ,-1.552323579690e+00  ,1.100508820201e+00  ,8.999584926746e-01  ,9.017086041208e-01  ,1.237967028296e-01  ,1.676120282520e+00  ,1.451963014221e+00  ,3.514541940205e-01  
  1.891364407340e-07  ,-1.550036396409e+00  ,1.099623109406e+00  ,8.999585139038e-01  ,9.016732528493e-01  ,1.249403156991e-01  ,1.674976712109e+00  ,1.451484807552e+00  ,3.518616981463e-01  
  1.892364414955e-07  ,-1.547504468575e+00  ,1.098561857703e+00  ,8.999585357547e-01  ,9.016376010183e-01  ,1.262063014674e-01  ,1.673710770042e+00  ,1.450918529870e+00  ,3.523566721670e-01  
  1.893364422569e-07  ,-1.544728266778e+00  ,1.097325176575e+00  ,8.999585582224e-01  ,9.016016549422e-01  ,1.275944248332e-01  ,1.672322691612e+00  ,1.450264243230e+00  ,3.529390666545e-01  
  1.894364430184e-07  ,-1.541708231398e+00  ,1.095913196478e+00  ,8.999585813030e-01  ,9.015654198578e-01  ,1.291044656041e-01  ,1.670812697002e+00  ,1.449522018097e+00  ,3.536088216187e-01  
  1.895364437798e-07  ,-1.538444838114e+00  ,1.094326076004e+00  ,8.999586049929e-01  ,9.015289010731e-01  ,1.307361859360e-01  ,1.669181024050e+00  ,1.448691939075e+00  ,3.543658630711e-01  
  1.896364445413e-07  ,-1.534938687248e+00  ,1.092564038454e+00  ,8.999586292874e-01  ,9.014921048505e-01  ,1.324892856634e-01  ,1.667427972911e+00  ,1.447774124077e+00  ,3.552100856236e-01  
  1.897364453027e-07  ,-1.531190271419e+00  ,1.090627283100e+00  ,8.999586541832e-01  ,9.014550359903e-01  ,1.343635184736e-01  ,1.665553789893e+00  ,1.446768677540e+00  ,3.561413944404e-01  
  1.898364460642e-07  ,-1.527200014031e+00  ,1.088515985107e+00  ,8.999586796772e-01  ,9.014176984211e-01  ,1.363586726618e-01  ,1.663558686693e+00  ,1.445675690975e+00  ,3.571597058675e-01  
  1.899364468256e-07  ,-1.522968665529e+00  ,1.086230462130e+00  ,8.999587057639e-01  ,9.013800988649e-01  ,1.384743729992e-01  ,1.661443038529e+00  ,1.444495329930e+00  ,3.582648677997e-01  
  1.900364475871e-07  ,-1.518497008827e+00  ,1.083771068424e+00  ,8.999587324388e-01  ,9.013422439338e-01  ,1.407102280254e-01  ,1.659207236852e+00  ,1.443227778146e+00  ,3.594567097220e-01  
  1.901364483485e-07  ,-1.513785515738e+00  ,1.081138025075e+00  ,8.999587596993e-01  ,9.013041374655e-01  ,1.430660018304e-01  ,1.656851517568e+00  ,1.441873150003e+00  ,3.607351249280e-01  
  1.902364491100e-07  ,-1.508835039988e+00  ,1.078331737618e+00  ,8.999587875401e-01  ,9.012657862105e-01  ,1.455412675460e-01  ,1.654376307534e+00  ,1.440431655020e+00  ,3.620999174014e-01  
  1.903364498714e-07  ,-1.503646362235e+00  ,1.075352588884e+00  ,8.999588159570e-01  ,9.012271960420e-01  ,1.481356348393e-01  ,1.651781997075e+00  ,1.438903490484e+00  ,3.635509015999e-01  
  1.904364506329e-07  ,-1.498220434045e+00  ,1.072201063396e+00  ,8.999588449455e-01  ,9.011883739833e-01  ,1.508486279229e-01  ,1.649069061968e+00  ,1.437288905681e+00  ,3.650878422853e-01  
  1.905364513943e-07  ,-1.492557825261e+00  ,1.068877456539e+00  ,8.999588745026e-01  ,9.011493241228e-01  ,1.536799618723e-01  ,1.646237787133e+00  ,1.435588052392e+00  ,3.667105958533e-01  
  1.906364521558e-07  ,-1.486659562316e+00  ,1.065382303717e+00  ,8.999589046226e-01  ,9.011100536274e-01  ,1.566291234645e-01  ,1.643288685781e+00  ,1.433801205486e+00  ,3.684189017687e-01  
  1.907364529172e-07  ,-1.480526729274e+00  ,1.061716186470e+00  ,8.999589353007e-01  ,9.010705696671e-01  ,1.596955706639e-01  ,1.640222299938e+00  ,1.431928662902e+00  ,3.702124764323e-01  
  1.908364536787e-07  ,-1.474159970641e+00  ,1.057879455501e+00  ,8.999589665342e-01  ,9.010308763766e-01  ,1.628789812135e-01  ,1.637038951855e+00  ,1.429970604127e+00  ,3.720911486262e-01  
  1.909364544401e-07  ,-1.467560443229e+00  ,1.053872742887e+00  ,8.999589983175e-01  ,9.009909811014e-01  ,1.661787767029e-01  ,1.633739219932e+00  ,1.427927352545e+00  ,3.740546096577e-01  
  1.910364552016e-07  ,-1.460729187598e+00  ,1.049696625076e+00  ,8.999590306457e-01  ,9.009508903204e-01  ,1.695944368468e-01  ,1.630323624445e+00  ,1.425799202859e+00  ,3.761025777823e-01  
  1.911364559630e-07  ,-1.453667277327e+00  ,1.045351705884e+00  ,8.999590635149e-01  ,9.009106105493e-01  ,1.731254248515e-01  ,1.626792702178e+00  ,1.423586463491e+00  ,3.782347576072e-01  
  1.912364567245e-07  ,-1.446375820660e+00  ,1.040838616423e+00  ,8.999590969201e-01  ,9.008701482922e-01  ,1.767711865900e-01  ,1.623147007250e+00  ,1.421289456504e+00  ,3.804508400807e-01  
  1.913364574859e-07  ,-1.438855961239e+00  ,1.036158015006e+00  ,8.999591308563e-01  ,9.008295101494e-01  ,1.805311502370e-01  ,1.619387111476e+00  ,1.418908517653e+00  ,3.827505026462e-01  
  1.914364582474e-07  ,-1.431109073154e+00  ,1.031310706526e+00  ,8.999591653187e-01  ,9.007887040247e-01  ,1.844046287417e-01  ,1.615513701896e+00  ,1.416444057288e+00  ,3.851333507614e-01  
  1.915364590088e-07  ,-1.423135968135e+00  ,1.026297168904e+00  ,8.999592003036e-01  ,9.007477344842e-01  ,1.883912162363e-01  ,1.611527184371e+00  ,1.413896318936e+00  ,3.875991500321e-01  
  1.916364597703e-07  ,-1.414938096780e+00  ,1.021118256413e+00  ,8.999592358046e-01  ,9.007066095182e-01  ,1.924901874143e-01  ,1.607428284195e+00  ,1.411265737725e+00  ,3.901474813118e-01  
  1.917364605317e-07  ,-1.406516751897e+00  ,1.015774735123e+00  ,8.999592718169e-01  ,9.006653359688e-01  ,1.967008958686e-01  ,1.603217647765e+00  ,1.408552703530e+00  ,3.927779684074e-01  
  1.918364612932e-07  ,-1.397873257625e+00  ,1.010267397783e+00  ,8.999593083357e-01  ,9.006239207186e-01  ,2.010226795234e-01  ,1.598895937148e+00  ,1.405757619610e+00  ,3.954902218269e-01  
  1.919364620546e-07  ,-1.389008971253e+00  ,1.004597063701e+00  ,8.999593453554e-01  ,9.005823707612e-01  ,2.054548597289e-01  ,1.594463830982e+00  ,1.402880902612e+00  ,3.982838389105e-01  
  1.920364628161e-07  ,-1.379925284009e+00  ,9.987645786161e-01  ,8.999593828708e-01  ,9.005406931566e-01  ,2.099967408661e-01  ,1.589922024875e+00  ,1.399922982465e+00  ,4.011584038485e-01  
  1.921364635775e-07  ,-1.370623855475e+00  ,9.927709650041e-01  ,8.999594208760e-01  ,9.004988961247e-01  ,2.146474931384e-01  ,1.585271348613e+00  ,1.396884378627e+00  ,4.041134136226e-01  
  1.922364643390e-07  ,-1.361105660019e+00  ,9.866168245763e-01  ,8.999594593668e-01  ,9.004569844004e-01  ,2.194066293575e-01  ,1.580512289376e+00  ,1.393765396689e+00  ,4.071485721122e-01  
  1.923364651004e-07  ,-1.351372432919e+00  ,9.803032276740e-01  ,8.999594983361e-01  ,9.004149663491e-01  ,2.242732818765e-01  ,1.575645714796e+00  ,1.390566580186e+00  ,4.102633525121e-01  
  1.924364658619e-07  ,-1.341425709855e+00  ,9.738311244784e-01  ,8.999595377779e-01  ,9.003728492303e-01  ,2.292466828507e-01  ,1.570672392705e+00  ,1.387288411470e+00  ,4.134572869912e-01  
  1.925364666233e-07  ,-1.331267055639e+00  ,9.672014909353e-01  ,8.999595776870e-01  ,9.003306402813e-01  ,2.343260498672e-01  ,1.565593105507e+00  ,1.383931385749e+00  ,4.167298948136e-01  
  1.926364673848e-07  ,-1.320898066349e+00  ,9.604153286022e-01  ,8.999596180569e-01  ,9.002883467478e-01  ,2.395105848822e-01  ,1.560408651232e+00  ,1.380496011049e+00  ,4.200806824467e-01  
  1.927364681462e-07  ,-1.310320636738e+00  ,9.534738405784e-01  ,8.999596588811e-01  ,9.002459771523e-01  ,2.447993405121e-01  ,1.555119977250e+00  ,1.376982897441e+00  ,4.235090568631e-01  
  1.928364689077e-07  ,-1.299535874814e+00  ,9.463777312023e-01  ,8.999597001552e-01  ,9.002035363872e-01  ,2.501917627483e-01  ,1.549727637562e+00  ,1.373392401988e+00  ,4.270146707860e-01  
  1.929364696691e-07  ,-1.288545749531e+00  ,9.391282498112e-01  ,8.999597418710e-01  ,9.001610330305e-01  ,2.556868671057e-01  ,1.544232616636e+00  ,1.369725157936e+00  ,4.305969081249e-01  
  1.930364704306e-07  ,-1.277351995517e+00  ,9.317264988515e-01  ,8.999597840217e-01  ,9.001184744453e-01  ,2.612837862631e-01  ,1.538635781780e+00  ,1.365981723871e+00  ,4.342552250196e-01  
  1.931364711920e-07  ,-1.265956374475e+00  ,9.241736055882e-01  ,8.999598266012e-01  ,9.000758679531e-01  ,2.669816393638e-01  ,1.532938013839e+00  ,1.362162670747e+00  ,4.379890651590e-01  
  1.932364719535e-07  ,-1.254360677570e+00  ,9.164707219410e-01  ,8.999598696025e-01  ,9.000332208498e-01  ,2.727795308176e-01  ,1.527140208387e+00  ,1.358268581820e+00  ,4.417978598793e-01  
  1.933364727149e-07  ,-1.242567023810e+00  ,9.086192250872e-01  ,8.999599130179e-01  ,8.999905417066e-01  ,2.786764011128e-01  ,1.521243424923e+00  ,1.354300154250e+00  ,4.456809291630e-01  
  1.934364734764e-07  ,-1.230577051036e+00  ,9.006201894260e-01  ,8.999599568421e-01  ,8.999478371042e-01  ,2.846714313240e-01  ,1.515248482360e+00  ,1.350257931817e+00  ,4.496377423912e-01  
  1.935364742378e-07  ,-1.218392118333e+00  ,8.924744992558e-01  ,8.999600010689e-01  ,8.999051124016e-01  ,2.907639419025e-01  ,1.509156060235e+00  ,1.346142362030e+00  ,4.536678627737e-01  
  1.936364749993e-07  ,-1.206014877374e+00  ,8.841838818919e-01  ,8.999600456878e-01  ,8.998623779036e-01  ,2.969526070010e-01  ,1.502967484375e+00  ,1.341954318850e+00  ,4.577704369576e-01  
  1.937364757607e-07  ,-1.193447060579e+00  ,8.757494753201e-01  ,8.999600906927e-01  ,8.998196401624e-01  ,3.032365604032e-01  ,1.496683620982e+00  ,1.337694377822e+00  ,4.619449025023e-01  
  1.938364765222e-07  ,-1.180690099813e+00  ,8.671722152337e-01  ,8.999601360781e-01  ,8.997769044707e-01  ,3.096150861717e-01  ,1.490305185984e+00  ,1.333363012088e+00  ,4.661907968539e-01  
  1.939364772836e-07  ,-1.167746450266e+00  ,8.584537027669e-01  ,8.999601818340e-01  ,8.997341797538e-01  ,3.160869567011e-01  ,1.483833406967e+00  ,1.328961031137e+00  ,4.705073283703e-01  
  1.940364780451e-07  ,-1.154618497522e+00  ,8.495955084873e-01  ,8.999602279521e-01  ,8.996914744784e-01  ,3.226509791911e-01  ,1.477269476713e+00  ,1.324489228722e+00  ,4.748937202347e-01  
  1.941364788065e-07  ,-1.141307621320e+00  ,8.405985451130e-01  ,8.999602744275e-01  ,8.996487934549e-01  ,3.293064637675e-01  ,1.470614085088e+00  ,1.319948066011e+00  ,4.793495208984e-01  
  1.942364795680e-07  ,-1.127816262021e+00  ,8.314644250151e-01  ,8.999603212507e-01  ,8.996061450357e-01  ,3.360521902400e-01  ,1.463868452261e+00  ,1.315338357543e+00  ,4.838739325282e-01  
  1.943364803294e-07  ,-1.114146550343e+00  ,8.221945587007e-01  ,8.999603684129e-01  ,8.995635362581e-01  ,3.428870932412e-01  ,1.457033643585e+00  ,1.310660815608e+00  ,4.884662569077e-01  
  1.944364810909e-07  ,-1.100300638308e+00  ,8.127903789680e-01  ,8.999604159077e-01  ,8.995209741282e-01  ,3.498100967534e-01  ,1.450110735062e+00  ,1.305916163612e+00  ,4.931257846442e-01  
  1.945364818523e-07  ,-1.086281056475e+00  ,8.032535873923e-01  ,8.999604637258e-01  ,8.994784669065e-01  ,3.568199354884e-01  ,1.443100991963e+00  ,1.301105260603e+00  ,4.978516732103e-01  
  1.946364826138e-07  ,-1.072089273162e+00  ,7.935851708277e-01  ,8.999605118616e-01  ,8.994360193366e-01  ,3.639158752806e-01  ,1.436005148443e+00  ,1.296228604750e+00  ,5.026434339227e-01  
  1.947364833752e-07  ,-1.057727886398e+00  ,7.837868706411e-01  ,8.999605603059e-01  ,8.993936396763e-01  ,3.710966171068e-01  ,1.428824503505e+00  ,1.291287074997e+00  ,5.075002043558e-01  
  1.948364841367e-07  ,-1.043199532107e+00  ,7.738604638572e-01  ,8.999606090496e-01  ,8.993513360947e-01  ,3.783608429962e-01  ,1.421560375103e+00  ,1.286281568023e+00  ,5.124211041661e-01  
  1.949364848981e-07  ,-1.028505735131e+00  ,7.638069799742e-01  ,8.999606580874e-01  ,8.993091132583e-01  ,3.857077905217e-01  ,1.414213525653e+00  ,1.281212603245e+00  ,5.174056232712e-01  
  1.950364856596e-07  ,-1.013649190478e+00  ,7.536282345059e-01  ,8.999607074094e-01  ,8.992669793062e-01  ,3.931361121705e-01  ,1.406785302648e+00  ,1.276081096559e+00  ,5.224528620533e-01  
  1.951364864210e-07  ,-9.986326264627e-01  ,7.433260774133e-01  ,8.999607570061e-01  ,8.992249421541e-01  ,4.006444437747e-01  ,1.399277070237e+00  ,1.270887980861e+00  ,5.275619034474e-01  
  1.952364871825e-07  ,-9.834576196702e-01  ,7.329015793832e-01  ,8.999608068724e-01  ,8.991830061897e-01  ,4.082319970373e-01  ,1.391689616708e+00  ,1.265633795881e+00  ,5.327322164981e-01  
  1.953364879439e-07  ,-9.681269550115e-01  ,7.223566275119e-01  ,8.999608569984e-01  ,8.991411790462e-01  ,4.158973794926e-01  ,1.384024334504e+00  ,1.260319492802e+00  ,5.379628652902e-01  
  1.954364887054e-07  ,-9.526430564230e-01  ,7.116928644953e-01  ,8.999609073748e-01  ,8.990994672272e-01  ,4.236393791633e-01  ,1.376282435586e+00  ,1.254945899475e+00  ,5.432530349795e-01  
  1.955364894668e-07  ,-9.370087600832e-01  ,7.009122334748e-01  ,8.999609579940e-01  ,8.990578782413e-01  ,4.314565779524e-01  ,1.368465338036e+00  ,1.249513994979e+00  ,5.486017615039e-01  
  1.956364902283e-07  ,-9.212257056839e-01  ,6.900158577100e-01  ,8.999610088501e-01  ,8.990164163051e-01  ,4.393481560081e-01  ,1.360573861692e+00  ,1.244024345160e+00  ,5.540084874501e-01  
  1.957364909897e-07  ,-9.052967891001e-01  ,6.790057156233e-01  ,8.999610599325e-01  ,8.989750887950e-01  ,4.473126653825e-01  ,1.352609454483e+00  ,1.238477946607e+00  ,5.594722309834e-01  
  1.958364917512e-07  ,-8.892245292981e-01  ,6.678835268935e-01  ,8.999611112335e-01  ,8.989339021250e-01  ,4.553488465845e-01  ,1.344573375883e+00  ,1.232875665572e+00  ,5.649921386783e-01  
  1.959364925126e-07  ,-8.730118708955e-01  ,6.566513230219e-01  ,8.999611627449e-01  ,8.988928639288e-01  ,4.634552272971e-01  ,1.336467098193e+00  ,1.227218525440e+00  ,5.705672024179e-01  
  1.960364932741e-07  ,-8.566610665454e-01  ,6.453106706982e-01  ,8.999612144594e-01  ,8.988519799136e-01  ,4.716306811867e-01  ,1.328291747732e+00  ,1.221507315263e+00  ,5.761966445645e-01  
  1.961364940355e-07  ,-8.401739744262e-01  ,6.338628513292e-01  ,8.999612663705e-01  ,8.988112546063e-01  ,4.798742791574e-01  ,1.320048253584e+00  ,1.215742680271e+00  ,5.818798289417e-01  
  1.962364947969e-07  ,-8.235537726364e-01  ,6.223100468862e-01  ,8.999613184673e-01  ,8.987706955605e-01  ,4.881844321491e-01  ,1.311738204785e+00  ,1.209925719004e+00  ,5.876156721174e-01  
  1.963364955584e-07  ,-8.068035270815e-01  ,6.106543721062e-01  ,8.999613707410e-01  ,8.987303099448e-01  ,4.965596072002e-01  ,1.303363134282e+00  ,1.204057495998e+00  ,5.934031238917e-01  
  1.964364963198e-07  ,-7.899250003361e-01  ,5.988970468150e-01  ,8.999614231864e-01  ,8.986901018948e-01  ,5.049989230183e-01  ,1.294923923354e+00  ,1.198138625302e+00  ,5.992415784873e-01  
  1.965364970813e-07  ,-7.729212986905e-01  ,5.870402169296e-01  ,8.999614757932e-01  ,8.986500785125e-01  ,5.135008264480e-01  ,1.286422125138e+00  ,1.192170186977e+00  ,6.051299700477e-01  
  1.966364978427e-07  ,-7.557951135689e-01  ,5.750857428775e-01  ,8.999615285527e-01  ,8.986102455593e-01  ,5.220639717683e-01  ,1.277859085337e+00  ,1.186153116998e+00  ,6.110673741206e-01  
  1.967364986042e-07  ,-7.385495837495e-01  ,5.630358173181e-01  ,8.999615814576e-01  ,8.985706097517e-01  ,5.306867895829e-01  ,1.269236373332e+00  ,1.180088518411e+00  ,6.170527010926e-01  
  1.968364993656e-07  ,-7.211871053844e-01  ,5.508921273447e-01  ,8.999616345007e-01  ,8.985311765436e-01  ,5.393680818085e-01  ,1.260555187193e+00  ,1.173977240216e+00  ,6.230851128712e-01  
  1.969365001271e-07  ,-7.037096525797e-01  ,5.386560510865e-01  ,8.999616876748e-01  ,8.984919504369e-01  ,5.481068613850e-01  ,1.251816513965e+00  ,1.167819975980e+00  ,6.291639248937e-01  
  1.970365008885e-07  ,-6.861205979839e-01  ,5.263299324293e-01  ,8.999617409689e-01  ,8.984529390000e-01  ,5.569014419770e-01  ,1.243022039961e+00  ,1.161617905215e+00  ,6.352879727854e-01  
  1.971365016500e-07  ,-6.684227374837e-01  ,5.139157103791e-01  ,8.999617943753e-01  ,8.984141482684e-01  ,5.657504256334e-01  ,1.234173163117e+00  ,1.155372003458e+00  ,6.414562930788e-01  
  1.972365024114e-07  ,-6.506193206828e-01  ,5.014156672096e-01  ,8.999618478862e-01  ,8.983755853208e-01  ,5.746521875448e-01  ,1.225271508228e+00  ,1.149083418926e+00  ,6.476677517160e-01  
  1.973365031729e-07  ,-6.327128230553e-01  ,4.888315567127e-01  ,8.999619014947e-01  ,8.983372556771e-01  ,5.836054899670e-01  ,1.216318313022e+00  ,1.142753034033e+00  ,6.539214773208e-01  
  1.974365039343e-07  ,-6.147059437837e-01  ,4.761652898990e-01  ,8.999619551925e-01  ,8.982991652444e-01  ,5.926089833007e-01  ,1.207314927084e+00  ,1.136381810194e+00  ,6.602165202949e-01  
  1.975365046958e-07  ,-5.966007899318e-01  ,4.634183444149e-01  ,8.999620089728e-01  ,8.982613184982e-01  ,6.016616140069e-01  ,1.198262403939e+00  ,1.129970490706e+00  ,6.665521462908e-01  
  1.976365054572e-07  ,-5.784009222840e-01  ,4.505932061870e-01  ,8.999620628238e-01  ,8.982237228911e-01  ,6.107616016818e-01  ,1.189162523966e+00  ,1.123520325985e+00  ,6.729271197976e-01  
  1.977365062187e-07  ,-5.601092422298e-01  ,4.376918983077e-01  ,8.999621167373e-01  ,8.981863844426e-01  ,6.199074956224e-01  ,1.180016737852e+00  ,1.117032333596e+00  ,6.793404352887e-01  
  1.978365069801e-07  ,-5.417286459344e-01  ,4.247164567829e-01  ,8.999621707063e-01  ,8.981493092206e-01  ,6.290978477391e-01  ,1.170826493673e+00  ,1.110507537612e+00  ,6.857910808291e-01  
  1.979365077416e-07  ,-5.232625022165e-01  ,4.116692740495e-01  ,8.999622247213e-01  ,8.981125041560e-01  ,6.383309736130e-01  ,1.161593475830e+00  ,1.103947141181e+00  ,6.922778671312e-01  
  1.980365085030e-07  ,-5.047133763929e-01  ,3.985521855391e-01  ,8.999622787759e-01  ,8.980759745845e-01  ,6.476055905795e-01  ,1.152318966972e+00  ,1.097352067354e+00  ,6.987998818150e-01  
  1.981365092645e-07  ,-4.860833786382e-01  ,3.853666881177e-01  ,8.999623328638e-01  ,8.980397250061e-01  ,6.569206435447e-01  ,1.143004022183e+00  ,1.090723069065e+00  ,7.053563809472e-01  
  1.982365100259e-07  ,-4.673761089724e-01  ,3.721153237138e-01  ,8.999623869730e-01  ,8.980037632772e-01  ,6.662743324868e-01  ,1.133650441459e+00  ,1.084061425134e+00  ,7.119461014203e-01  
  1.983365107874e-07  ,-4.485945426880e-01  ,3.588001880055e-01  ,8.999624410947e-01  ,8.979680960303e-01  ,6.756651697507e-01  ,1.124259712439e+00  ,1.077368190033e+00  ,7.185680020276e-01  
  1.984365115488e-07  ,-4.297421296716e-01  ,3.454237408043e-01  ,8.999624952216e-01  ,8.979327305450e-01  ,6.850914303858e-01  ,1.114833560057e+00  ,1.070644600947e+00  ,7.252208601428e-01  
  1.985365123103e-07  ,-4.108208506205e-01  ,3.319873947783e-01  ,8.999625493478e-01  ,8.978976708141e-01  ,6.945521240375e-01  ,1.105372974658e+00  ,1.063891368203e+00  ,7.319039734250e-01  
  1.986365130717e-07  ,-3.918346739632e-01  ,3.184939854081e-01  ,8.999626034620e-01  ,8.978629250619e-01  ,7.040452664804e-01  ,1.095879940444e+00  ,1.057109917766e+00  ,7.386159323578e-01  
  1.987365138332e-07  ,-3.727856011562e-01  ,3.049449387156e-01  ,8.999626575585e-01  ,8.978284976254e-01  ,7.135698569804e-01  ,1.086355458137e+00  ,1.050300966983e+00  ,7.453560282676e-01  
  1.988365145946e-07  ,-3.536771497654e-01  ,2.913427565537e-01  ,8.999627116267e-01  ,8.977943960916e-01  ,7.231241367440e-01  ,1.076801286509e+00  ,1.043465774368e+00  ,7.521230178147e-01  
  1.989365153561e-07  ,-3.345123499799e-01  ,2.776895951336e-01  ,8.999627656575e-01  ,8.977606266398e-01  ,7.327065906675e-01  ,1.067218940647e+00  ,1.036605424207e+00  ,7.589158290730e-01  
  1.990365161175e-07  ,-3.152947186737e-01  ,2.639879821459e-01  ,8.999628196427e-01  ,8.977271959606e-01  ,7.423154603058e-01  ,1.057610178979e+00  ,1.029721187034e+00  ,7.657332048876e-01  
  1.991365168790e-07  ,-2.960262746591e-01  ,2.502393676861e-01  ,8.999628735766e-01  ,8.976941079960e-01  ,7.519497362470e-01  ,1.047976010906e+00  ,1.022813791839e+00  ,7.725744241529e-01  
  1.992365176404e-07  ,-2.767110607913e-01  ,2.364466600149e-01  ,8.999629274477e-01  ,8.976613711317e-01  ,7.616073970520e-01  ,1.038318457843e+00  ,1.015884701139e+00  ,7.794380411242e-01  
  1.993365184019e-07  ,-2.573511140726e-01  ,2.226113198177e-01  ,8.999629812501e-01  ,8.976289898029e-01  ,7.712874242138e-01  ,1.028638538286e+00  ,1.008934649712e+00  ,7.863233298941e-01  
  1.994365191633e-07  ,-2.379505070179e-01  ,2.087362758394e-01  ,8.999630349730e-01  ,8.975969725295e-01  ,7.809877814640e-01  ,1.018938288482e+00  ,1.001965110449e+00  ,7.932288346098e-01  
  1.995365199248e-07  ,-2.185119485866e-01  ,1.948234896001e-01  ,8.999630886092e-01  ,8.975653245375e-01  ,7.907071143159e-01  ,1.009219062902e+00  ,9.949770693375e-01  ,8.001535797374e-01  
  1.996365206862e-07  ,-1.990376595568e-01  ,1.808745580196e-01  ,8.999631421521e-01  ,8.975340500353e-01  ,8.004443123738e-01  ,9.994819719305e-01  ,9.879713290451e-01  ,8.070967710256e-01  
  1.997365214477e-07  ,-1.795319175419e-01  ,1.668925592878e-01  ,8.999631955897e-01  ,8.975031572749e-01  ,8.101972368187e-01  ,9.897291543606e-01  ,9.809494369187e-01  ,8.140568776310e-01  
  1.998365222091e-07  ,-1.599975961712e-01  ,1.528794718356e-01  ,8.999632489092e-01  ,8.974726516405e-01  ,8.199644508236e-01  ,9.799620469948e-01  ,9.739123875583e-01  ,8.210329157227e-01  
  1.999365229706e-07  ,-1.404369667301e-01  ,1.388369057739e-01  ,8.999633021060e-01  ,8.974425373758e-01  ,8.297448187410e-01  ,9.701817854711e-01  ,9.668609902627e-01  ,8.280240844888e-01  
  2.000365237320e-07  ,-1.208537631665e-01  ,1.247675899893e-01  ,8.999633551764e-01  ,8.974128212996e-01  ,8.395364735931e-01  ,9.603902367597e-01  ,9.597966162942e-01  ,8.350290263050e-01  
  2.001365244935e-07  ,-1.012514444100e-01  ,1.106741387557e-01  ,8.999634081135e-01  ,8.973835091770e-01  ,8.493376859085e-01  ,9.505891303185e-01  ,9.527205785548e-01  ,8.420464397992e-01  
  2.002365252549e-07  ,-8.163271212411e-02  ,9.655854868556e-02  ,8.999634609055e-01  ,8.973546055653e-01  ,8.591471048434e-01  ,9.407798169676e-01  ,9.456338799081e-01  ,8.490753312226e-01  
  2.003365260164e-07  ,-6.200048373502e-02  ,8.242298601882e-02  ,8.999635135454e-01  ,8.973261158937e-01  ,8.689632716779e-01  ,9.309637554129e-01  ,9.385376089031e-01  ,8.561146228843e-01  
  2.004365267778e-07  ,-4.235699474560e-02  ,6.826911922236e-02  ,8.999635660292e-01  ,8.972980445887e-01  ,8.787850686564e-01  ,9.211420634020e-01  ,9.314326041999e-01  ,8.631634849776e-01  
  2.005365275393e-07  ,-2.270604640620e-02  ,5.409974584988e-02  ,8.999636183450e-01  ,8.972703990751e-01  ,8.886105951419e-01  ,9.113166415481e-01  ,9.243202720000e-01  ,8.702205261501e-01  
  2.006365283007e-07  ,-3.051347379044e-03  ,3.991750279373e-02  ,8.999636704779e-01  ,8.972431856429e-01  ,8.984379967883e-01  ,9.014893441674e-01  ,9.172019370398e-01  ,8.772844342460e-01  
  2.007365290622e-07  ,1.660433330779e-02  ,2.572440200797e-02  ,8.999637224242e-01  ,8.972164085044e-01  ,9.082658890781e-01  ,8.916615557703e-01  ,9.100786095084e-01  ,8.843542075004e-01  
  2.008365298236e-07  ,3.625870328399e-02  ,1.152207932569e-02  ,8.999637741772e-01  ,8.971900710876e-01  ,9.180931258192e-01  ,8.818344225353e-01  ,9.029511107505e-01  ,8.914290314248e-01  
  2.009365305851e-07  ,5.590732646623e-02  ,-2.686317144632e-03  ,8.999638257209e-01  ,8.971641799209e-01  ,9.279174889540e-01  ,8.720101624878e-01  ,8.958210213486e-01  ,8.985073384932e-01  
  2.010365313465e-07  ,7.554807450316e-02  ,-1.689927463547e-02  ,8.999638770481e-01  ,8.971387378353e-01  ,9.377379142997e-01  ,8.621898397965e-01  ,8.886891005176e-01  ,9.055883751530e-01  
  2.011365321080e-07  ,9.517725268380e-02  ,-3.111414489238e-02  ,8.999639281502e-01  ,8.971137491365e-01  ,9.475525544921e-01  ,8.523753018083e-01  ,8.815566766903e-01  ,9.126708215827e-01  
  2.012365328694e-07  ,1.147917438389e-01  ,-4.532865642573e-02  ,8.999639790197e-01  ,8.970892165343e-01  ,9.573598509392e-01  ,8.425681071003e-01  ,8.744248883214e-01  ,9.197535447472e-01  
  2.013365336309e-07  ,1.343879580706e-01  ,-5.954015812179e-02  ,8.999640296479e-01  ,8.970651436344e-01  ,9.671580086832e-01  ,8.327700506126e-01  ,8.672950645735e-01  ,9.268352226953e-01  
  2.014365343923e-07  ,1.539631819055e-01  ,-7.374662981235e-02  ,8.999640800302e-01  ,8.970415341804e-01  ,9.769456709829e-01  ,8.229824890774e-01  ,8.601682192742e-01  ,9.339148490865e-01  
  2.015365351538e-07  ,1.735151921082e-01  ,-8.794643018780e-02  ,8.999641301607e-01  ,8.970183914978e-01  ,9.867217262148e-01  ,8.132065341066e-01  ,8.530451764039e-01  ,9.409916065917e-01  
  2.016365359152e-07  ,1.930397107823e-01  ,-1.021364033754e-01  ,8.999641800284e-01  ,8.969957221410e-01  ,9.964840354196e-01  ,8.034443246373e-01  ,8.459275204533e-01  ,9.480639238287e-01  
  2.017365366767e-07  ,2.125340127502e-01  ,-1.163145305607e-01  ,8.999642296279e-01  ,8.969735302189e-01  ,1.006231236003e+00  ,7.936972232528e-01  ,8.388162649386e-01  ,9.551307954992e-01  
  2.018365374381e-07  ,2.319958711034e-01  ,-1.304791720302e-01  ,8.999642789532e-01  ,8.969518189521e-01  ,1.015962214505e+00  ,7.839663434016e-01  ,8.317122329370e-01  ,9.621914049673e-01  
  2.019365381996e-07  ,2.514215067705e-01  ,-1.446275540088e-01  ,8.999643279932e-01  ,8.969305936121e-01  ,1.025675081378e+00  ,7.742535746079e-01  ,8.246168166077e-01  ,9.692443706165e-01  
  2.020365389610e-07  ,2.708073362441e-01  ,-1.587570320995e-01  ,8.999643767383e-01  ,8.969098585021e-01  ,1.035368044860e+00  ,7.645607086163e-01  ,8.175313424523e-01  ,9.762883745518e-01  
  2.021365397225e-07  ,2.901513195327e-01  ,-1.728660968436e-01  ,8.999644251833e-01  ,8.968896155256e-01  ,1.045040084950e+00  ,7.548887654170e-01  ,8.104565671038e-01  ,9.833226639474e-01  
  2.022365404839e-07  ,3.094498817573e-01  ,-1.869521085341e-01  ,8.999644733173e-01  ,8.968698673726e-01  ,1.054689414196e+00  ,7.452395324387e-01  ,8.033938131055e-01  ,9.903459216396e-01  
  2.023365412454e-07  ,3.286994737192e-01  ,-2.010124324143e-01  ,8.999645211308e-01  ,8.968506157619e-01  ,1.064314257990e+00  ,7.356147842712e-01  ,7.963443995547e-01  ,9.973568319690e-01  
  2.024365420068e-07  ,3.478980716966e-01  ,-2.150455651570e-01  ,8.999645686193e-01  ,8.968318618492e-01  ,1.073913604468e+00  ,7.260155327710e-01  ,7.893090792707e-01  ,1.004354644428e+00  
  2.025365427683e-07  ,3.670421283972e-01  ,-2.290488784367e-01  ,8.999646157737e-01  ,8.968136081675e-01  ,1.083485679972e+00  ,7.164435515751e-01  ,7.822891689492e-01  ,1.011338047386e+00  
  2.026365435297e-07  ,3.861281214166e-01  ,-2.430197506157e-01  ,8.999646625853e-01  ,8.967958583569e-01  ,1.093028723294e+00  ,7.069006018770e-01  ,7.752859830490e-01  ,1.018305733665e+00  
  2.027365442912e-07  ,4.051540431016e-01  ,-2.569566866011e-01  ,8.999647090502e-01  ,8.967786147203e-01  ,1.102541730601e+00  ,6.973876874993e-01  ,7.683002714197e-01  ,1.025256958021e+00  
  2.028365450526e-07  ,4.241163753859e-01  ,-2.708570731783e-01  ,8.999647551596e-01  ,8.967618813431e-01  ,1.112022942853e+00  ,6.879065674666e-01  ,7.613333447539e-01  ,1.032190417932e+00  
  2.029365458141e-07  ,4.430116275124e-01  ,-2.847183055522e-01  ,8.999648009048e-01  ,8.967456623670e-01  ,1.121470614661e+00  ,6.784589871486e-01  ,7.543865095909e-01  ,1.039104815143e+00  
  2.030365465755e-07  ,4.618371696795e-01  ,-2.985384049559e-01  ,8.999648462806e-01  ,8.967299606877e-01  ,1.130883431120e+00  ,6.690462614409e-01  ,7.474607582098e-01  ,1.045999163166e+00  
  2.031365473370e-07  ,4.805908521965e-01  ,-3.123157664999e-01  ,8.999648912810e-01  ,8.967147783531e-01  ,1.140260317379e+00  ,6.596694651828e-01  ,7.405568951032e-01  ,1.052872661603e+00  
  2.032365480984e-07  ,4.992690281294e-01  ,-3.260476789756e-01  ,8.999649358951e-01  ,8.967001182462e-01  ,1.149599449960e+00  ,6.503304218304e-01  ,7.336762787584e-01  ,1.059723957734e+00  
  2.033365488599e-07  ,5.178687194752e-01  ,-3.397319331608e-01  ,8.999649801159e-01  ,8.966859817363e-01  ,1.158899339853e+00  ,6.410306203782e-01  ,7.268200151559e-01  ,1.066551948317e+00  
  2.034365496213e-07  ,5.363865048796e-01  ,-3.533659612012e-01  ,8.999650239373e-01  ,8.966723701256e-01  ,1.168158276377e+00  ,6.317717714975e-01  ,7.199893895250e-01  ,1.073355350726e+00  
  2.035365503828e-07  ,5.548204364365e-01  ,-3.669483006487e-01  ,8.999650673539e-01  ,8.966592843056e-01  ,1.177375285572e+00  ,6.225548491357e-01  ,7.131851339812e-01  ,1.080133434630e+00  
  2.036365511442e-07  ,5.731666351283e-01  ,-3.804760343451e-01  ,8.999651103562e-01  ,8.966467264724e-01  ,1.186548427920e+00  ,6.133817927921e-01  ,7.064087092999e-01  ,1.086884743645e+00  
  2.037365519056e-07  ,5.914225415872e-01  ,-3.939472275716e-01  ,8.999651529392e-01  ,8.966346986731e-01  ,1.195676423733e+00  ,6.042538821456e-01  ,6.996610848873e-01  ,1.093608312459e+00  
  2.038365526671e-07  ,6.095860674038e-01  ,-4.073603123499e-01  ,8.999651950976e-01  ,8.966232028090e-01  ,1.204758228800e+00  ,5.951721613957e-01  ,6.929430466341e-01  ,1.100303358984e+00  
  2.039365534285e-07  ,6.276536744976e-01  ,-4.207126417133e-01  ,8.999652368221e-01  ,8.966122423842e-01  ,1.213792074071e+00  ,5.861383995733e-01  ,6.862559215275e-01  ,1.106968563241e+00  
  2.040365541900e-07  ,6.456220233480e-01  ,-4.340017051983e-01  ,8.999652781060e-01  ,8.966018209336e-01  ,1.222776289780e+00  ,5.771542664320e-01  ,6.796009683344e-01  ,1.113602673533e+00  
  2.041365549514e-07  ,6.634892198673e-01  ,-4.472260745322e-01  ,8.999653189458e-01  ,8.965919401734e-01  ,1.231709928879e+00  ,5.682207090121e-01  ,6.729789029074e-01  ,1.120204977440e+00  
  2.042365557129e-07  ,6.812519521793e-01  ,-4.603832567805e-01  ,8.999653593337e-01  ,8.965826026931e-01  ,1.240591335423e+00  ,5.593393832441e-01  ,6.663909743029e-01  ,1.126774231083e+00  
  2.043365564743e-07  ,6.989073989362e-01  ,-4.734711277977e-01  ,8.999653992630e-01  ,8.965738100353e-01  ,1.249419098731e+00  ,5.505116997949e-01  ,6.598382461365e-01  ,1.133309373934e+00  
  2.044365572358e-07  ,7.164523181925e-01  ,-4.864872238150e-01  ,8.999654387285e-01  ,8.965655635846e-01  ,1.258191597825e+00  ,5.417392796323e-01  ,6.533219516771e-01  ,1.139809175492e+00  
  2.045365579972e-07  ,7.338848659375e-01  ,-4.994301442247e-01  ,8.999654777254e-01  ,8.965578639879e-01  ,1.266907910694e+00  ,5.330230447567e-01  ,6.468427918756e-01  ,1.146272936100e+00  
  2.046365587587e-07  ,7.512018160651e-01  ,-5.122974454114e-01  ,8.999655162454e-01  ,8.965507123174e-01  ,1.275566424278e+00  ,5.243646082128e-01  ,6.404019896117e-01  ,1.152699435023e+00  
  2.047365595201e-07  ,7.684004186289e-01  ,-5.250870471528e-01  ,8.999655542834e-01  ,8.965441096205e-01  ,1.284165763598e+00  ,5.157653449690e-01  ,6.340005860441e-01  ,1.159087633197e+00  
  2.048365602816e-07  ,7.854775153219e-01  ,-5.377965386193e-01  ,8.999655918344e-01  ,8.965380579273e-01  ,1.292704349495e+00  ,5.072268341734e-01  ,6.276397886176e-01  ,1.165436327237e+00  
  2.049365610430e-07  ,8.024307326581e-01  ,-5.504240956760e-01  ,8.999656288933e-01  ,8.965325593113e-01  ,1.301180995222e+00  ,4.987502625643e-01  ,6.213205114733e-01  ,1.171744607149e+00  
  2.050365618045e-07  ,8.192581346346e-01  ,-5.629682421428e-01  ,8.999656654558e-01  ,8.965276154705e-01  ,1.309594732773e+00  ,4.903365981384e-01  ,6.150434943991e-01  ,1.178011736542e+00  
  2.051365625659e-07  ,8.359560156779e-01  ,-5.754261535636e-01  ,8.999657015138e-01  ,8.965232294177e-01  ,1.317943709353e+00  ,4.819876936749e-01  ,6.088101526359e-01  ,1.184236306199e+00  
  2.052365633274e-07  ,8.525220391836e-01  ,-5.877960401956e-01  ,8.999657370634e-01  ,8.965194026854e-01  ,1.326226756655e+00  ,4.737047174716e-01  ,6.026213825877e-01  ,1.190417422783e+00  
  2.053365640888e-07  ,8.689543051053e-01  ,-6.000764543073e-01  ,8.999657721003e-01  ,8.965161363489e-01  ,1.334442924653e+00  ,4.654886195477e-01  ,5.964779091952e-01  ,1.196554363502e+00  
  2.054365648503e-07  ,8.852496035400e-01  ,-6.122649563706e-01  ,8.999658066171e-01  ,8.965134319028e-01  ,1.342590608387e+00  ,4.573410048471e-01  ,5.903809537175e-01  ,1.202645910088e+00  
  2.055365656117e-07  ,9.014049232530e-01  ,-6.243592434052e-01  ,8.999658406084e-01  ,8.965112899013e-01  ,1.350668302235e+00  ,4.492633789819e-01  ,5.843316681988e-01  ,1.208690911604e+00  
  2.056365663732e-07  ,9.174180146810e-01  ,-6.363575759038e-01  ,8.999658740709e-01  ,8.965097104359e-01  ,1.358674881411e+00  ,4.412568667304e-01  ,5.783309224840e-01  ,1.214688498388e+00  
  2.057365671346e-07  ,9.332870470276e-01  ,-6.482585475483e-01  ,8.999659070004e-01  ,8.965086936263e-01  ,1.366609430514e+00  ,4.333223834866e-01  ,5.723794198522e-01  ,1.220637967400e+00  
  2.058365678961e-07  ,9.490089262419e-01  ,-6.600597898189e-01  ,8.999659393896e-01  ,8.965082398979e-01  ,1.374470402511e+00  ,4.254614762686e-01  ,5.664783449885e-01  ,1.226538134807e+00  
  2.059365686575e-07  ,9.645807492731e-01  ,-6.717590696981e-01  ,8.999659712336e-01  ,8.965083502713e-01  ,1.382256345870e+00  ,4.176755965971e-01  ,5.606288154222e-01  ,1.232387885120e+00  
  2.060365694190e-07  ,9.800003491042e-01  ,-6.833547022050e-01  ,8.999660025294e-01  ,8.965090257446e-01  ,1.389966177082e+00  ,4.099658279773e-01  ,5.548316746422e-01  ,1.238186376847e+00  
  2.061365701804e-07  ,9.952659631910e-01  ,-6.948453258871e-01  ,8.999660332730e-01  ,8.965102671241e-01  ,1.397599014869e+00  ,4.023330516775e-01  ,5.490876041805e-01  ,1.243932930068e+00  
  2.062365709419e-07  ,1.010374614573e+00  ,-7.062286490640e-01  ,8.999660634576e-01  ,8.965120757133e-01  ,1.405153370744e+00  ,3.947787561710e-01  ,5.433977511814e-01  ,1.249626400245e+00  
  2.063365717033e-07  ,1.025323895299e+00  ,-7.175028196789e-01  ,8.999660930792e-01  ,8.965144524054e-01  ,1.412628040729e+00  ,3.873041454298e-01  ,5.377630425660e-01  ,1.255265862245e+00  
  2.064365724648e-07  ,1.040111058660e+00  ,-7.286657001806e-01  ,8.999661221337e-01  ,8.965173977885e-01  ,1.420021651464e+00  ,3.799105928035e-01  ,5.321845476982e-01  ,1.260850247879e+00  
  2.065365732262e-07  ,1.054734551132e+00  ,-7.397160806812e-01  ,8.999661506175e-01  ,8.965209118231e-01  ,1.427333426183e+00  ,3.725988750517e-01  ,5.266628714825e-01  ,1.266378952164e+00  
  2.066365739877e-07  ,1.069191663041e+00  ,-7.506518556345e-01  ,8.999661785245e-01  ,8.965249940091e-01  ,1.434562010045e+00  ,3.653703470040e-01  ,5.211990661919e-01  ,1.271850921826e+00  
  2.067365747491e-07  ,1.083479735750e+00  ,-7.614709492080e-01  ,8.999662058506e-01  ,8.965296432328e-01  ,1.441706073726e+00  ,3.582263379756e-01  ,5.157941686288e-01  ,1.277265117837e+00  
  2.068365755106e-07  ,1.097596784743e+00  ,-7.721717987323e-01  ,8.999662325924e-01  ,8.965348588737e-01  ,1.448764624964e+00  ,3.511678402209e-01  ,5.104489595075e-01  ,1.282620758240e+00  
  2.069365762720e-07  ,1.111541197407e+00  ,-7.827531432835e-01  ,8.999662587462e-01  ,8.965406405751e-01  ,1.455736857449e+00  ,3.441956600429e-01  ,5.051640689334e-01  ,1.287917212217e+00  
  2.070365770335e-07  ,1.125309900000e+00  ,-7.932125789632e-01  ,8.999662843054e-01  ,8.965469877800e-01  ,1.462621234305e+00  ,3.373113343055e-01  ,4.999406982984e-01  ,1.293153277262e+00  
  2.071365777949e-07  ,1.138901436175e+00  ,-8.035489691646e-01  ,8.999663092676e-01  ,8.965539002638e-01  ,1.469417027355e+00  ,3.305155911800e-01  ,4.947794156815e-01  ,1.298328384846e+00  
  2.072365785564e-07  ,1.152313273949e+00  ,-8.137603376600e-01  ,8.999663336280e-01  ,8.965613776597e-01  ,1.476122970602e+00  ,3.238096966535e-01  ,4.896812088297e-01  ,1.303441546490e+00  
  2.073365793178e-07  ,1.165543281554e+00  ,-8.238450150368e-01  ,8.999663573824e-01  ,8.965694197544e-01  ,1.482737998159e+00  ,3.171947166054e-01  ,4.846469122360e-01  ,1.308491927273e+00  
  2.074365800793e-07  ,1.178589031710e+00  ,-8.338010806828e-01  ,8.999663805270e-01  ,8.965780260906e-01  ,1.489260896382e+00  ,3.106718646719e-01  ,4.796774857492e-01  ,1.313478566432e+00  
  2.075365808407e-07  ,1.191449155016e+00  ,-8.436274505406e-01  ,8.999664030590e-01  ,8.965871960271e-01  ,1.495690980567e+00  ,3.042418255513e-01  ,4.747734707568e-01  ,1.318400921297e+00  
  2.076365816022e-07  ,1.204121267064e+00  ,-8.533222411260e-01  ,8.999664249732e-01  ,8.965969280113e-01  ,1.502027058505e+00  ,2.979057914410e-01  ,4.699358074483e-01  ,1.323258048574e+00  
  2.077365823636e-07  ,1.216603356384e+00  ,-8.628838639764e-01  ,8.999664462659e-01  ,8.966072201521e-01  ,1.508268124458e+00  ,2.916647680739e-01  ,4.651652881639e-01  ,1.328049152140e+00  
  2.078365831251e-07  ,1.228893134088e+00  ,-8.723104944026e-01  ,8.999664669338e-01  ,8.966180702667e-01  ,1.514413033978e+00  ,2.855198998901e-01  ,4.604628230654e-01  ,1.332773317468e+00  
  2.079365838865e-07  ,1.240988896424e+00  ,-8.816007641812e-01  ,8.999664869739e-01  ,8.966294767287e-01  ,1.520460935186e+00  ,2.794720387618e-01  ,4.558290946381e-01  ,1.337429858819e+00  
  2.080365846480e-07  ,1.252888818098e+00  ,-8.907532080521e-01  ,8.999665063829e-01  ,8.966414377737e-01  ,1.526410915432e+00  ,2.735220973337e-01  ,4.512648337476e-01  ,1.342018041800e+00  
  2.081365854094e-07  ,1.264591048790e+00  ,-8.997663427290e-01  ,8.999665251576e-01  ,8.966539516969e-01  ,1.532262049552e+00  ,2.676710007629e-01  ,4.467707803323e-01  ,1.346537123061e+00  
  2.082365861709e-07  ,1.276093747004e+00  ,-9.086386935178e-01  ,8.999665432945e-01  ,8.966670169493e-01  ,1.538013416797e+00  ,2.619196697925e-01  ,4.423476701904e-01  ,1.350986363708e+00  
  2.083365869323e-07  ,1.287395535466e+00  ,-9.173691648598e-01  ,8.999665607907e-01  ,8.966806324364e-01  ,1.543664328524e+00  ,2.562687930575e-01  ,4.379960500065e-01  ,1.355365214866e+00  
  2.084365876938e-07  ,1.298494136091e+00  ,-9.259559482775e-01  ,8.999665776414e-01  ,8.966947962657e-01  ,1.549213645687e+00  ,2.507195095957e-01  ,4.337168221270e-01  ,1.359672770404e+00  
  2.085365884552e-07  ,1.309387772904e+00  ,-9.343976292996e-01  ,8.999665938439e-01  ,8.967095065517e-01  ,1.554660480296e+00  ,2.452727073917e-01  ,4.295106919019e-01  ,1.363908321201e+00  
  2.086365892167e-07  ,1.320074444247e+00  ,-9.426925888718e-01  ,8.999666093960e-01  ,8.967247603833e-01  ,1.560003831519e+00  ,2.399293872727e-01  ,4.253784659474e-01  ,1.368071054819e+00  
  2.087365899781e-07  ,1.330552669992e+00  ,-9.508396174707e-01  ,8.999666242955e-01  ,8.967405552334e-01  ,1.565242959291e+00  ,2.346902892996e-01  ,4.213207464980e-01  ,1.372160363969e+00  
  2.088365907396e-07  ,1.340821254192e+00  ,-9.588377434189e-01  ,8.999666385401e-01  ,8.967568889935e-01  ,1.570377265636e+00  ,2.295560114444e-01  ,4.173380172840e-01  ,1.376175760703e+00  
  2.089365915010e-07  ,1.350878189474e+00  ,-9.666853401559e-01  ,8.999666521261e-01  ,8.967737580208e-01  ,1.575405746863e+00  ,2.245275573891e-01  ,4.134310879429e-01  ,1.380116428099e+00  
  2.090365922625e-07  ,1.360721875073e+00  ,-9.743811098459e-01  ,8.999666650514e-01  ,8.967911592196e-01  ,1.580327602588e+00  ,2.196057275150e-01  ,4.096006042967e-01  ,1.383981714143e+00  
  2.091365930239e-07  ,1.370350506644e+00  ,-9.819235709869e-01  ,8.999666773145e-01  ,8.968090890150e-01  ,1.585141930636e+00  ,2.147914239928e-01  ,4.058473035215e-01  ,1.387770874508e+00  
  2.092365937854e-07  ,1.379763075136e+00  ,-9.893118931201e-01  ,8.999666889141e-01  ,8.968275454671e-01  ,1.589848226482e+00  ,2.100851513460e-01  ,4.021715989070e-01  ,1.391483492027e+00  
  2.093365945468e-07  ,1.388957597785e+00  ,-9.965444397515e-01  ,8.999666998476e-01  ,8.968465248964e-01  ,1.594445498740e+00  ,2.054879009551e-01  ,3.985743050206e-01  ,1.395118744772e+00  
  2.094365953083e-07  ,1.397933108274e+00  ,-1.003620413091e+00  ,8.999667101141e-01  ,8.968660255736e-01  ,1.598933264251e+00  ,2.010001559769e-01  ,3.950558190282e-01  ,1.398676232119e+00  
  2.095365960697e-07  ,1.406687935419e+00  ,-1.010538433567e+00  ,8.999667197114e-01  ,8.968860443808e-01  ,1.603310687421e+00  ,1.966227520019e-01  ,3.916168275972e-01  ,1.402155261164e+00  
  2.096365968312e-07  ,1.415220689764e+00  ,-1.017297350172e+00  ,8.999667286375e-01  ,8.969065782732e-01  ,1.607577073520e+00  ,1.923563837555e-01  ,3.882579031870e-01  ,1.405555253359e+00  
  2.097365975926e-07  ,1.423529809528e+00  ,-1.023895854397e+00  ,8.999667368916e-01  ,8.969276229968e-01  ,1.611731641656e+00  ,1.882018321274e-01  ,3.849796957985e-01  ,1.408875550195e+00  
  2.098365983541e-07  ,1.431614146856e+00  ,-1.030332975672e+00  ,8.999667444729e-01  ,8.969491750065e-01  ,1.615773817901e+00  ,1.841596710450e-01  ,3.817826871703e-01  ,1.412115662843e+00  
  2.099365991155e-07  ,1.439472778844e+00  ,-1.036607937528e+00  ,8.999667513803e-01  ,8.969712314076e-01  ,1.619703140803e+00  ,1.802303619580e-01  ,3.786672626435e-01  ,1.415275200172e+00  
  2.100365998770e-07  ,1.447104163944e+00  ,-1.042719445430e+00  ,8.999667576123e-01  ,8.969937873125e-01  ,1.623518839584e+00  ,1.764146756402e-01  ,3.756340645977e-01  ,1.418353510027e+00  
  2.101366006384e-07  ,1.454507086815e+00  ,-1.048666476260e+00  ,8.999667631680e-01  ,8.970168387185e-01  ,1.627220306575e+00  ,1.727132197606e-01  ,3.726836005887e-01  ,1.421350076848e+00  
  2.102366013999e-07  ,1.461680191274e+00  ,-1.054447871898e+00  ,8.999667680475e-01  ,8.970403809114e-01  ,1.630806863684e+00  ,1.691266724107e-01  ,3.698164449626e-01  ,1.424264316860e+00  
  2.103366021613e-07  ,1.468622726266e+00  ,-1.060062988042e+00  ,8.999667722503e-01  ,8.970644112476e-01  ,1.634278135383e+00  ,1.656554091174e-01  ,3.670329172264e-01  ,1.427095905269e+00  
  2.104366029228e-07  ,1.475333226934e+00  ,-1.065510562521e+00  ,8.999667757758e-01  ,8.970889246710e-01  ,1.637633389243e+00  ,1.623001623086e-01  ,3.643336434107e-01  ,1.429844205931e+00  
  2.105366036842e-07  ,1.481810989027e+00  ,-1.070789986356e+00  ,8.999667786240e-01  ,8.971139188050e-01  ,1.640872273138e+00  ,1.590612841102e-01  ,3.617189256269e-01  ,1.432508911983e+00  
  2.106366044457e-07  ,1.488054642961e+00  ,-1.075900068396e+00  ,8.999667807946e-01  ,8.971393887493e-01  ,1.643994102275e+00  ,1.559394593140e-01  ,3.591893545514e-01  ,1.435089422947e+00  
  2.107366052071e-07  ,1.494063325591e+00  ,-1.080840048407e+00  ,8.999667822877e-01  ,8.971653308436e-01  ,1.646998445083e+00  ,1.529351194924e-01  ,3.567453066402e-01  ,1.437585355047e+00  
  2.108366059686e-07  ,1.499836130710e+00  ,-1.085609124212e+00  ,8.999667831037e-01  ,8.971917408261e-01  ,1.649884848459e+00  ,1.500487177487e-01  ,3.543871787202e-01  ,1.439996302932e+00  
  2.109366067300e-07  ,1.505372160612e+00  ,-1.090206497594e+00  ,8.999667832427e-01  ,8.972186141566e-01  ,1.652652863549e+00  ,1.472807029365e-01  ,3.521153653595e-01  ,1.442321862954e+00  
  2.110366074914e-07  ,1.510670543938e+00  ,-1.094631389845e+00  ,8.999667827050e-01  ,8.972459462164e-01  ,1.655302054674e+00  ,1.446315107360e-01  ,3.499302512940e-01  ,1.444561641139e+00  
  2.111366082529e-07  ,1.515730442389e+00  ,-1.098883047079e+00  ,8.999667814911e-01  ,8.972737323824e-01  ,1.657832002686e+00  ,1.421015602965e-01  ,3.478322088429e-01  ,1.446715255922e+00  
  2.112366090143e-07  ,1.520551053575e+00  ,-1.102960742097e+00  ,8.999667796013e-01  ,8.973019680321e-01  ,1.660242306389e+00  ,1.396912528140e-01  ,3.458215969835e-01  ,1.448782339081e+00  
  2.113366097758e-07  ,1.525131612362e+00  ,-1.106863775076e+00  ,8.999667770363e-01  ,8.973306485569e-01  ,1.662532583217e+00  ,1.374009708551e-01  ,3.438987610189e-01  ,1.450762536095e+00  
  2.114366105372e-07  ,1.529471391568e+00  ,-1.110591473870e+00  ,8.999667737967e-01  ,8.973597694037e-01  ,1.664702469581e+00  ,1.352310780124e-01  ,3.420640324686e-01  ,1.452655506339e+00  
  2.115366112987e-07  ,1.533569867393e+00  ,-1.114143351764e+00  ,8.999667698830e-01  ,8.973893272120e-01  ,1.666751703580e+00  ,1.331818361865e-01  ,3.403176513299e-01  ,1.454461003094e+00  
  2.116366120601e-07  ,1.537426098705e+00  ,-1.117518523613e+00  ,8.999667652965e-01  ,8.974193157137e-01  ,1.668679814649e+00  ,1.312537159439e-01  ,3.386600539073e-01  ,1.456178577520e+00  
  2.117366128216e-07  ,1.541039681083e+00  ,-1.120716600393e+00  ,8.999667600380e-01  ,8.974497319701e-01  ,1.670486600579e+00  ,1.294469194966e-01  ,3.370914317739e-01  ,1.457808032166e+00  
  2.118366135830e-07  ,1.544409933411e+00  ,-1.123736920157e+00  ,8.999667541087e-01  ,8.974805707242e-01  ,1.672171720814e+00  ,1.277617874031e-01  ,3.356121106455e-01  ,1.459349030803e+00  
  2.119366143445e-07  ,1.547536322787e+00  ,-1.126578951261e+00  ,8.999667475099e-01  ,8.975118272057e-01  ,1.673734908903e+00  ,1.261985861166e-01  ,3.342223515751e-01  ,1.460801302836e+00  
  2.120366151059e-07  ,1.550418356537e+00  ,-1.129242190500e+00  ,8.999667402430e-01  ,8.975434964373e-01  ,1.675175918512e+00  ,1.247575619745e-01  ,3.329224011873e-01  ,1.462164591687e+00  
  2.121366158674e-07  ,1.553055581164e+00  ,-1.131726163203e+00  ,8.999667323096e-01  ,8.975755733679e-01  ,1.676494522892e+00  ,1.234389417274e-01  ,3.317124917663e-01  ,1.463438654969e+00  
  2.122366166288e-07  ,1.555447520960e+00  ,-1.134030354567e+00  ,8.999667237112e-01  ,8.976080521104e-01  ,1.677690484191e+00  ,1.222429632312e-01  ,3.305928748268e-01  ,1.464623229394e+00  
  2.123366173903e-07  ,1.557593929431e+00  ,-1.136154489559e+00  ,8.999667144488e-01  ,8.976409292954e-01  ,1.678763679164e+00  ,1.211697497332e-01  ,3.295636845159e-01  ,1.465718174075e+00  
  2.124366181517e-07  ,1.559494351677e+00  ,-1.138098046892e+00  ,8.999667045247e-01  ,8.976741982093e-01  ,1.679713880363e+00  ,1.202195286863e-01  ,3.286251747635e-01  ,1.466723221655e+00  
  2.125366189132e-07  ,1.561148532678e+00  ,-1.139860715334e+00  ,8.999666939403e-01  ,8.977078544571e-01  ,1.680540960279e+00  ,1.193924276012e-01  ,3.277774967899e-01  ,1.467638212124e+00  
  2.126366196746e-07  ,1.562556283382e+00  ,-1.141442255664e+00  ,8.999666826969e-01  ,8.977418945049e-01  ,1.681244824388e+00  ,1.186885410059e-01  ,3.270207666731e-01  ,1.468463022337e+00  
  2.127366204361e-07  ,1.563717313248e+00  ,-1.142842284939e+00  ,8.999666707966e-01  ,8.977763123812e-01  ,1.681825327421e+00  ,1.181080141725e-01  ,3.263551699116e-01  ,1.469197454851e+00  
  2.128366211975e-07  ,1.564631415502e+00  ,-1.144060490433e+00  ,8.999666582417e-01  ,8.978111022623e-01  ,1.682282365993e+00  ,1.176509504906e-01  ,3.257808570458e-01  ,1.469841347479e+00  
  2.129366219590e-07  ,1.565298498315e+00  ,-1.145096712839e+00  ,8.999666450335e-01  ,8.978462606904e-01  ,1.682615894191e+00  ,1.173173958760e-01  ,3.252979042711e-01  ,1.470394617110e+00  
  2.130366227204e-07  ,1.565718416543e+00  ,-1.145950662692e+00  ,8.999666311748e-01  ,8.978817805747e-01  ,1.682825839446e+00  ,1.171074229034e-01  ,3.249064492289e-01  ,1.470857111921e+00  
  2.131366234819e-07  ,1.565891130573e+00  ,-1.146622219567e+00  ,8.999666166671e-01  ,8.979176582493e-01  ,1.682912181954e+00  ,1.170210513804e-01  ,3.246065484658e-01  ,1.471228768033e+00  
  2.132366242433e-07  ,1.565816599442e+00  ,-1.147111171837e+00  ,8.999666015134e-01  ,8.979538862956e-01  ,1.682874901235e+00  ,1.170583017923e-01  ,3.243983003773e-01  ,1.471509472214e+00  
  2.133366250048e-07  ,1.565494835746e+00  ,-1.147417438050e+00  ,8.999665857153e-01  ,8.979904609406e-01  ,1.682714003589e+00  ,1.172191678421e-01  ,3.242817419154e-01  ,1.471699179966e+00  
  2.134366257662e-07  ,1.564925888434e+00  ,-1.147540895182e+00  ,8.999665692757e-01  ,8.980273755578e-01  ,1.682429513493e+00  ,1.175036250587e-01  ,3.242569279668e-01  ,1.471797823149e+00  
  2.135366265277e-07  ,1.564109849272e+00  ,-1.147481474719e+00  ,8.999665521972e-01  ,8.980646244639e-01  ,1.682021476833e+00  ,1.179116275614e-01  ,3.243238871042e-01  ,1.471805361824e+00  
  2.136366272891e-07  ,1.563046848368e+00  ,-1.147239137440e+00  ,8.999665344824e-01  ,8.981022020353e-01  ,1.681489958666e+00  ,1.184431102983e-01  ,3.244826333151e-01  ,1.471721770755e+00  
  2.137366280506e-07  ,1.561737054493e+00  ,-1.146813873425e+00  ,8.999665161340e-01  ,8.981401026754e-01  ,1.680835043381e+00  ,1.190979888874e-01  ,3.247331659627e-01  ,1.471547039388e+00  
  2.138366288120e-07  ,1.560180675228e+00  ,-1.146205702077e+00  ,8.999664971548e-01  ,8.981783207121e-01  ,1.680056834769e+00  ,1.198761595406e-01  ,3.250754696737e-01  ,1.471281171750e+00  
  2.139366295735e-07  ,1.558377957028e+00  ,-1.145414672130e+00  ,8.999664775478e-01  ,8.982168503086e-01  ,1.679155456062e+00  ,1.207774990340e-01  ,3.255095142437e-01  ,1.470924186373e+00  
  2.140366303349e-07  ,1.556329236849e+00  ,-1.144440880375e+00  ,8.999664573164e-01  ,8.982556844083e-01  ,1.678131075741e+00  ,1.218018388921e-01  ,3.260352442208e-01  ,1.470476124596e+00  
  2.141366310964e-07  ,1.554034808917e+00  ,-1.143284430975e+00  ,8.999664364631e-01  ,8.982948174674e-01  ,1.676983840922e+00  ,1.229490320046e-01  ,3.266526019797e-01  ,1.469937032955e+00  
  2.142366318578e-07  ,1.551494934470e+00  ,-1.141945422408e+00  ,8.999664149905e-01  ,8.983342449064e-01  ,1.675713882226e+00  ,1.242189477555e-01  ,3.273615337025e-01  ,1.469306956110e+00  
  2.143366326193e-07  ,1.548710088854e+00  ,-1.140424043492e+00  ,8.999663929029e-01  ,8.983739588652e-01  ,1.674321437330e+00  ,1.256113484756e-01  ,3.281619371192e-01  ,1.468585980611e+00  
  2.144366333807e-07  ,1.545680794602e+00  ,-1.138720527787e+00  ,8.999663702039e-01  ,8.984139516324e-01  ,1.672806767505e+00  ,1.271259729027e-01  ,3.290536877388e-01  ,1.467774215526e+00  
  2.145366341422e-07  ,1.542407483983e+00  ,-1.136835083565e+00  ,8.999663468965e-01  ,8.984542173134e-01  ,1.671170088888e+00  ,1.287626049048e-01  ,3.300366755309e-01  ,1.466871759096e+00  
  2.146366349036e-07  ,1.538890530756e+00  ,-1.134767893838e+00  ,8.999663229834e-01  ,8.984947511337e-01  ,1.669411588362e+00  ,1.305210576053e-01  ,3.311108042149e-01  ,1.465878698052e+00  
  2.147366356651e-07  ,1.535130600892e+00  ,-1.132519290392e+00  ,8.999662984696e-01  ,8.985355450236e-01  ,1.667531598916e+00  ,1.324009980237e-01  ,3.322758998277e-01  ,1.464795190220e+00  
  2.148366364265e-07  ,1.531128295484e+00  ,-1.130089585341e+00  ,8.999662733588e-01  ,8.985765923541e-01  ,1.665530421101e+00  ,1.344021256167e-01  ,3.335317996835e-01  ,1.463621385025e+00  
  2.149366371880e-07  ,1.526884250211e+00  ,-1.127479119906e+00  ,8.999662476546e-01  ,8.986178863863e-01  ,1.663408372760e+00  ,1.365241225492e-01  ,3.348783264331e-01  ,1.462357446339e+00  
  2.150366379494e-07  ,1.522399250738e+00  ,-1.124688331733e+00  ,8.999662213618e-01  ,8.986594190936e-01  ,1.661165846731e+00  ,1.387665959927e-01  ,3.363152532271e-01  ,1.461003584960e+00  
  2.151366387109e-07  ,1.517673930165e+00  ,-1.121717584349e+00  ,8.999661944837e-01  ,8.987011842433e-01  ,1.658803159566e+00  ,1.411292294012e-01  ,3.378423920688e-01  ,1.459559976418e+00  
  2.152366394723e-07  ,1.512708827094e+00  ,-1.118567186793e+00  ,8.999661670235e-01  ,8.987431766932e-01  ,1.656320580571e+00  ,1.436117534764e-01  ,3.394595832965e-01  ,1.458026770090e+00  
  2.153366402338e-07  ,1.507505020997e+00  ,-1.115237765719e+00  ,8.999661389873e-01  ,8.987853863358e-01  ,1.653718649486e+00  ,1.462136284889e-01  ,3.411665034762e-01  ,1.456404269195e+00  
  2.154366409952e-07  ,1.502063068058e+00  ,-1.111729648335e+00  ,8.999661103781e-01  ,8.988278081642e-01  ,1.650997644407e+00  ,1.489345763489e-01  ,3.429629839967e-01  ,1.454692632332e+00  
  2.155366417567e-07  ,1.496383968422e+00  ,-1.108043426418e+00  ,8.999660812013e-01  ,8.988704333975e-01  ,1.648158065412e+00  ,1.517740969903e-01  ,3.448487201885e-01  ,1.452892146606e+00  
  2.156366425181e-07  ,1.490468626183e+00  ,-1.104179643430e+00  ,8.999660514614e-01  ,8.989132545633e-01  ,1.645200364553e+00  ,1.547317383699e-01  ,3.468234328485e-01  ,1.451003076278e+00  
  2.157366432796e-07  ,1.484317979063e+00  ,-1.100138871442e+00  ,8.999660211628e-01  ,8.989562642928e-01  ,1.642125010695e+00  ,1.578070316311e-01  ,3.488868285719e-01  ,1.449025700014e+00  
  2.158366440410e-07  ,1.477933000283e+00  ,-1.095921711043e+00  ,8.999659903102e-01  ,8.989994551846e-01  ,1.638932490452e+00  ,1.609994901688e-01  ,3.510385996630e-01  ,1.446960310706e+00  
  2.159366448025e-07  ,1.471314699399e+00  ,-1.091528791240e+00  ,8.999659589089e-01  ,8.990428197368e-01  ,1.635623308608e+00  ,1.643086092096e-01  ,3.532784241168e-01  ,1.444807215357e+00  
  2.160366455639e-07  ,1.464464122621e+00  ,-1.086960769369e+00  ,8.999659269637e-01  ,8.990863504469e-01  ,1.632197988274e+00  ,1.677338656534e-01  ,3.556059657623e-01  ,1.442566735132e+00  
  2.161366463254e-07  ,1.457382352867e+00  ,-1.082218331021e+00  ,8.999658944796e-01  ,8.991300398766e-01  ,1.628657070913e+00  ,1.712747180460e-01  ,3.580208743658e-01  ,1.440239205387e+00  
  2.162366470868e-07  ,1.450070509699e+00  ,-1.077302189951e+00  ,8.999658614619e-01  ,8.991738805135e-01  ,1.625001116311e+00  ,1.749306066126e-01  ,3.605227855382e-01  ,1.437824975489e+00  
  2.163366478483e-07  ,1.442529749172e+00  ,-1.072213087956e+00  ,8.999658279154e-01  ,8.992178645971e-01  ,1.621230702501e+00  ,1.787009533292e-01  ,3.631113206191e-01  ,1.435324408575e+00  
  2.164366486097e-07  ,1.434761263668e+00  ,-1.066951794753e+00  ,8.999657938455e-01  ,8.992619841677e-01  ,1.617346425680e+00  ,1.825851620113e-01  ,3.657860867914e-01  ,1.432737881544e+00  
  2.165366493712e-07  ,1.426766281697e+00  ,-1.061519107851e+00  ,8.999657592578e-01  ,8.993062313127e-01  ,1.613348900106e+00  ,1.865826184094e-01  ,3.685466773872e-01  ,1.430065785238e+00  
  2.166366501326e-07  ,1.418546067691e+00  ,-1.055915852446e+00  ,8.999657241575e-01  ,8.993505982707e-01  ,1.609238758003e+00  ,1.906926903122e-01  ,3.713926720476e-01  ,1.427308524494e+00  
  2.167366508941e-07  ,1.410101921796e+00  ,-1.050142881296e+00  ,8.999656885504e-01  ,8.993950773254e-01  ,1.605016649449e+00  ,1.949147276522e-01  ,3.743236366775e-01  ,1.424466517973e+00  
  2.168366516555e-07  ,1.401435179661e+00  ,-1.044201074578e+00  ,8.999656524423e-01  ,8.994396607170e-01  ,1.600683242273e+00  ,1.992480626119e-01  ,3.773391234279e-01  ,1.421540198006e+00  
  2.169366524170e-07  ,1.392547212208e+00  ,-1.038091339744e+00  ,8.999656158389e-01  ,8.994843407509e-01  ,1.596239221943e+00  ,2.036920097347e-01  ,3.804386708788e-01  ,1.418530010623e+00  
  2.170366531784e-07  ,1.383439425418e+00  ,-1.031814611385e+00  ,8.999655787462e-01  ,8.995291099272e-01  ,1.591685291455e+00  ,2.082458660372e-01  ,3.836218042350e-01  ,1.415436415619e+00  
  2.171366539399e-07  ,1.374113260095e+00  ,-1.025371851102e+00  ,8.999655411699e-01  ,8.995739608340e-01  ,1.587022171218e+00  ,2.129089111222e-01  ,3.868880352831e-01  ,1.412259886385e+00  
  2.172366547013e-07  ,1.364570191639e+00  ,-1.018764047376e+00  ,8.999655031161e-01  ,8.996188859519e-01  ,1.582250598936e+00  ,2.176804072965e-01  ,3.902368622641e-01  ,1.409000909640e+00  
  2.173366554628e-07  ,1.354811729806e+00  ,-1.011992215406e+00  ,8.999654645912e-01  ,8.996638775727e-01  ,1.577371329494e+00  ,2.225595996883e-01  ,3.936677698697e-01  ,1.405659985276e+00  
  2.174366562242e-07  ,1.344839418465e+00  ,-1.005057396946e+00  ,8.999654256010e-01  ,8.997089279479e-01  ,1.572385134833e+00  ,2.275457163684e-01  ,3.971802294750e-01  ,1.402237626421e+00  
  2.175366569857e-07  ,1.334654835356e+00  ,-9.979606601387e-01  ,8.999653861520e-01  ,8.997540294200e-01  ,1.567292803830e+00  ,2.326379684742e-01  ,4.007736993506e-01  ,1.398734359489e+00  
  2.176366577471e-07  ,1.324259591832e+00  ,-9.907030993597e-01  ,8.999653462505e-01  ,8.997991743689e-01  ,1.562095142167e+00  ,2.378355503344e-01  ,4.044476246891e-01  ,1.395150724049e+00  
  2.177366585086e-07  ,1.313655332610e+00  ,-9.832858350445e-01  ,8.999653059029e-01  ,8.998443551289e-01  ,1.556792972208e+00  ,2.431376395978e-01  ,4.082014376067e-01  ,1.391487272651e+00  
  2.178366592700e-07  ,1.302843735504e+00  ,-9.757100135080e-01  ,8.999652651159e-01  ,8.998895640843e-01  ,1.551387132868e+00  ,2.485433973639e-01  ,4.120345573303e-01  ,1.387744570838e+00  
  2.179366600315e-07  ,1.291826511162e+00  ,-9.679768067588e-01  ,8.999652238960e-01  ,8.999347938186e-01  ,1.545878479477e+00  ,2.540519683152e-01  ,4.159463904392e-01  ,1.383923197198e+00  
  2.180366607929e-07  ,1.280605402791e+00  ,-9.600874123168e-01  ,8.999651822498e-01  ,8.999800370812e-01  ,1.540267883646e+00  ,2.596624808541e-01  ,4.199363309229e-01  ,1.380023743240e+00  
  2.181366615544e-07  ,1.269182185888e+00  ,-9.520430530363e-01  ,8.999651401843e-01  ,9.000252866423e-01  ,1.534556233128e+00  ,2.653740472403e-01  ,4.240037601241e-01  ,1.376046813160e+00  
  2.182366623158e-07  ,1.257558963139e+00  ,-9.438451897727e-01  ,8.999650977068e-01  ,9.000705339592e-01  ,1.528744579276e+00  ,2.711856161375e-01  ,4.281479390728e-01  ,1.371993128845e+00  
  2.183366630773e-07  ,1.245737360778e+00  ,-9.354949613723e-01  ,8.999650548231e-01  ,9.001157725015e-01  ,1.522833735212e+00  ,2.770963744343e-01  ,4.323682918153e-01  ,1.367863253188e+00  
  2.184366638387e-07  ,1.233718728619e+00  ,-9.269933048067e-01  ,8.999650115390e-01  ,9.001609969699e-01  ,1.516824375849e+00  ,2.831056472294e-01  ,4.366643445666e-01  ,1.363657649373e+00  
  2.185366646001e-07  ,1.221505700945e+00  ,-9.183420494016e-01  ,8.999649678645e-01  ,9.002061971366e-01  ,1.510717818337e+00  ,2.892121173921e-01  ,4.410351724358e-01  ,1.359377221837e+00  
  2.186366653616e-07  ,1.209099577599e+00  ,-9.095420955774e-01  ,8.999649238045e-01  ,9.002513680442e-01  ,1.504514712604e+00  ,2.954151350052e-01  ,4.454803202555e-01  ,1.355022415833e+00  
  2.187366661230e-07  ,1.196502656453e+00  ,-9.005950351334e-01  ,8.999648793675e-01  ,9.002965010096e-01  ,1.498216207594e+00  ,3.017135511409e-01  ,4.499989834429e-01  ,1.350594018576e+00  
  2.188366668845e-07  ,1.183716943195e+00  ,-8.915022627352e-01  ,8.999648345610e-01  ,9.003415886800e-01  ,1.491823306159e+00  ,3.081063629634e-01  ,4.545904573125e-01  ,1.346092720048e+00  
  2.189366676459e-07  ,1.170744465436e+00  ,-8.822651967556e-01  ,8.999647893916e-01  ,9.003866239119e-01  ,1.485337022110e+00  ,3.145925566735e-01  ,4.592540255341e-01  ,1.341519222290e+00  
  2.190366684074e-07  ,1.157587610749e+00  ,-8.728855238670e-01  ,8.999647438676e-01  ,9.004315985026e-01  ,1.478758549242e+00  ,3.211709384929e-01  ,4.639888365691e-01  ,1.336874360436e+00  
  2.191366691688e-07  ,1.144247766394e+00  ,-8.633642233528e-01  ,8.999646979941e-01  ,9.004765077309e-01  ,1.472088581191e+00  ,3.278408147971e-01  ,4.687943960545e-01  ,1.332158619407e+00  
  2.192366699303e-07  ,1.130727389019e+00  ,-8.537030242784e-01  ,8.999646517805e-01  ,9.005213432890e-01  ,1.465328346290e+00  ,3.346009572708e-01  ,4.736698311498e-01  ,1.327372855428e+00  
  2.193366706917e-07  ,1.117028975971e+00  ,-8.439036937534e-01  ,8.999646052350e-01  ,9.005660968377e-01  ,1.458479093221e+00  ,3.414501172495e-01  ,4.786142499610e-01  ,1.322517943714e+00  
  2.194366714532e-07  ,1.103153973946e+00  ,-8.339672565772e-01  ,8.999645583624e-01  ,9.006107636156e-01  ,1.451541545335e+00  ,3.483875713894e-01  ,4.836271353270e-01  ,1.317594391904e+00  
  2.195366722146e-07  ,1.089104941911e+00  ,-8.238955210069e-01  ,8.999645111716e-01  ,9.006553352231e-01  ,1.444516982127e+00  ,3.554120402163e-01  ,4.887075747197e-01  ,1.312603095727e+00  
  2.196366729761e-07  ,1.074884113487e+00  ,-8.136900649270e-01  ,8.999644636707e-01  ,9.006998042909e-01  ,1.437406520414e+00  ,3.625224069274e-01  ,4.938547718274e-01  ,1.307544836754e+00  
  2.197366737375e-07  ,1.060494108375e+00  ,-8.033527588308e-01  ,8.999644158671e-01  ,9.007441621120e-01  ,1.430211470055e+00  ,3.697173616794e-01  ,4.990677826966e-01  ,1.302420541527e+00  
  2.198366744990e-07  ,1.045936444287e+00  ,-7.928846859151e-01  ,8.999643677664e-01  ,9.007884037700e-01  ,1.422932589910e+00  ,3.769961456228e-01  ,5.043460608125e-01  ,1.297230746728e+00  
  2.199366752604e-07  ,1.031213804872e+00  ,-7.822877559527e-01  ,8.999643193788e-01  ,9.008325207895e-01  ,1.415571221815e+00  ,3.843574169426e-01  ,5.096886428131e-01  ,1.291976398766e+00  
  2.200366760219e-07  ,1.016328530388e+00  ,-7.715636325585e-01  ,8.999642707119e-01  ,9.008765061054e-01  ,1.408128535906e+00  ,3.918000055180e-01  ,5.150946898261e-01  ,1.286658322385e+00  
  2.201366767833e-07  ,1.001283362440e+00  ,-7.607142848436e-01  ,8.999642217733e-01  ,9.009203514770e-01  ,1.400605902993e+00  ,3.993225405535e-01  ,5.205632090552e-01  ,1.281277493899e+00  
  2.202366775448e-07  ,9.860798876218e-01  ,-7.497408516563e-01  ,8.999641725690e-01  ,9.009640521596e-01  ,1.393004116380e+00  ,4.069242287581e-01  ,5.260936263314e-01  ,1.275834477988e+00  
  2.203366783062e-07  ,9.707209095559e-01  ,-7.386453394498e-01  ,8.999641231085e-01  ,9.010075998738e-01  ,1.385324577886e+00  ,4.146036683305e-01  ,5.316849301489e-01  ,1.270330269599e+00  
  2.204366790677e-07  ,9.552088697385e-01  ,-7.274294933665e-01  ,8.999640733994e-01  ,9.010509875638e-01  ,1.377568508269e+00  ,4.223596385302e-01  ,5.373362408805e-01  ,1.264765734247e+00  
  2.205366798291e-07  ,9.395466249550e-01  ,-7.160953761866e-01  ,8.999640234497e-01  ,9.010942068203e-01  ,1.369737335927e+00  ,4.301907109721e-01  ,5.430465187270e-01  ,1.259141894914e+00  
  2.206366805906e-07  ,9.237358266857e-01  ,-7.046441795658e-01  ,8.999639732648e-01  ,9.011372526876e-01  ,1.361831886608e+00  ,4.380960599219e-01  ,5.488151629047e-01  ,1.253459342471e+00  
  2.207366813520e-07  ,9.077793914186e-01  ,-6.930780016355e-01  ,8.999639228550e-01  ,9.011801164671e-01  ,1.353853618564e+00  ,4.460742271457e-01  ,5.546411156494e-01  ,1.247719117285e+00  
  2.208366821135e-07  ,8.916798556430e-01  ,-6.813986647089e-01  ,8.999638722281e-01  ,9.012227907875e-01  ,1.345803800050e+00  ,4.541239444066e-01  ,5.605234584331e-01  ,1.241922123142e+00  
  2.209366828749e-07  ,8.754401840033e-01  ,-6.696083200296e-01  ,8.999638213917e-01  ,9.012652672010e-01  ,1.337683913393e+00  ,4.622437293900e-01  ,5.664611071862e-01  ,1.236069427216e+00  
  2.210366836364e-07  ,8.590626441110e-01  ,-6.577086254835e-01  ,8.999637703527e-01  ,9.013075392743e-01  ,1.329495092408e+00  ,4.704324482972e-01  ,5.724532265326e-01  ,1.230161852016e+00  
  2.211366843978e-07  ,8.425497145306e-01  ,-6.457013911994e-01  ,8.999637191187e-01  ,9.013496001038e-01  ,1.321238576384e+00  ,4.786888618534e-01  ,5.784989045041e-01  ,1.224200295703e+00  
  2.212366851593e-07  ,8.259039651855e-01  ,-6.335884895825e-01  ,8.999636676978e-01  ,9.013914426895e-01  ,1.312915650291e+00  ,4.870116851051e-01  ,5.845971978983e-01  ,1.218185687481e+00  
  2.213366859207e-07  ,8.091273729864e-01  ,-6.213713469543e-01  ,8.999636160967e-01  ,9.014330617582e-01  ,1.304527302590e+00  ,4.953999296035e-01  ,5.907473882810e-01  ,1.212118735235e+00  
  2.214366866822e-07  ,7.922237059383e-01  ,-6.090526832919e-01  ,8.999635643271e-01  ,9.014744472805e-01  ,1.296075417296e+00  ,5.038517113580e-01  ,5.969481056346e-01  ,1.206000788926e+00  
  2.215366874436e-07  ,7.751953475232e-01  ,-5.966342332632e-01  ,8.999635123952e-01  ,9.015155929069e-01  ,1.287561186157e+00  ,5.123658386336e-01  ,6.031984762753e-01  ,1.199832709538e+00  
  2.216366882051e-07  ,7.580442539370e-01  ,-5.841174140220e-01  ,8.999634603070e-01  ,9.015564935025e-01  ,1.278985587276e+00  ,5.209413333385e-01  ,6.094977864915e-01  ,1.193615200513e+00  
  2.217366889665e-07  ,7.407737596218e-01  ,-5.715046360773e-01  ,8.999634080735e-01  ,9.015971404333e-01  ,1.270350287884e+00  ,5.295765282626e-01  ,6.158448223946e-01  ,1.187349458472e+00  
  2.218366897280e-07  ,7.233870624032e-01  ,-5.587982294278e-01  ,8.999633557031e-01  ,9.016375255023e-01  ,1.261656886905e+00  ,5.382698245015e-01  ,6.222384107884e-01  ,1.181036640216e+00  
  2.219366904894e-07  ,7.058859978478e-01  ,-5.459995358195e-01  ,8.999633032007e-01  ,9.016776439785e-01  ,1.252906302125e+00  ,5.470203042768e-01  ,6.286778760687e-01  ,1.174677411888e+00  
  2.220366912509e-07  ,6.882737985505e-01  ,-5.331109134084e-01  ,8.999632505766e-01  ,9.017174875890e-01  ,1.244100149852e+00  ,5.558263513013e-01  ,6.351620308848e-01  ,1.168272944293e+00  
  2.221366920123e-07  ,6.705532612897e-01  ,-5.201344023861e-01  ,8.999631978396e-01  ,9.017570493900e-01  ,1.235239828484e+00  ,5.646865671948e-01  ,6.416898481970e-01  ,1.161824250583e+00  
  2.222366927738e-07  ,6.527276440023e-01  ,-5.070724027556e-01  ,8.999631449966e-01  ,9.017963215323e-01  ,1.226326966998e+00  ,5.735993229954e-01  ,6.482601201544e-01  ,1.155332522910e+00  
  2.223366935352e-07  ,6.347994310109e-01  ,-4.939267577485e-01  ,8.999630920543e-01  ,9.018352979618e-01  ,1.217362807560e+00  ,5.825633765488e-01  ,6.548719190875e-01  ,1.148798676836e+00  
  2.224366942967e-07  ,6.167713319516e-01  ,-4.806994750429e-01  ,8.999630390208e-01  ,9.018739720064e-01  ,1.208348704997e+00  ,5.915773730451e-01  ,6.615242344850e-01  ,1.142223709528e+00  
  2.225366950581e-07  ,5.986454623919e-01  ,-4.673921064812e-01  ,8.999629859031e-01  ,9.019123385118e-01  ,1.199285717099e+00  ,6.006402547072e-01  ,6.682162852712e-01  ,1.135608391752e+00  
  2.226366958196e-07  ,5.804253977099e-01  ,-4.540072620285e-01  ,8.999629327127e-01  ,9.019503888975e-01  ,1.190175631568e+00  ,6.097502338578e-01  ,6.749467578833e-01  ,1.128954019912e+00  
  2.227366965810e-07  ,5.621140513429e-01  ,-4.405470643007e-01  ,8.999628794577e-01  ,9.019881163925e-01  ,1.181019905129e+00  ,6.189058537863e-01  ,6.817145842422e-01  ,1.122261648543e+00  
  2.228366973425e-07  ,5.437143312376e-01  ,-4.270136484897e-01  ,8.999628261453e-01  ,9.020255143630e-01  ,1.171819991764e+00  ,6.281056605265e-01  ,6.885186901181e-01  ,1.115532338608e+00  
  2.229366981039e-07  ,5.252296195192e-01  ,-4.134095222292e-01  ,8.999627727853e-01  ,9.020625752784e-01  ,1.162577582545e+00  ,6.373479630257e-01  ,6.953578141638e-01  ,1.108767336393e+00  
  2.230366988654e-07  ,5.066618613545e-01  ,-3.997361263369e-01  ,8.999627193835e-01  ,9.020992949414e-01  ,1.153293650061e+00  ,6.466317887063e-01  ,7.022312317729e-01  ,1.101967358110e+00  
  2.231366996268e-07  ,4.880149574302e-01  ,-3.859963538518e-01  ,8.999626659508e-01  ,9.021356649701e-01  ,1.143970144666e+00  ,6.559551872357e-01  ,7.091374880442e-01  ,1.095133841896e+00  
  2.232367003883e-07  ,4.692915148065e-01  ,-3.721921475170e-01  ,8.999626124944e-01  ,9.021716797562e-01  ,1.134608369898e+00  ,6.653168550912e-01  ,7.160756059976e-01  ,1.088267753515e+00  
  2.233367011497e-07  ,4.504936745009e-01  ,-3.583250908758e-01  ,8.999625590211e-01  ,9.022073347600e-01  ,1.125209396272e+00  ,6.747157217707e-01  ,7.230447893221e-01  ,1.081369880198e+00  
  2.234367019112e-07  ,4.316255682598e-01  ,-3.443982409202e-01  ,8.999625055429e-01  ,9.022426213521e-01  ,1.115775289673e+00  ,6.841497214131e-01  ,7.300435008920e-01  ,1.074441741812e+00  
  2.235367026726e-07  ,4.126898437389e-01  ,-3.304135680955e-01  ,8.999624520662e-01  ,9.022775340634e-01  ,1.106307373936e+00  ,6.936175301968e-01  ,7.370707500156e-01  ,1.067484318111e+00  
  2.236367034341e-07  ,3.936886711903e-01  ,-3.163726779557e-01  ,8.999623985973e-01  ,9.023120684021e-01  ,1.096806734192e+00  ,7.031180630021e-01  ,7.441257294242e-01  ,1.060498407380e+00  
  2.237367041955e-07  ,3.746257441724e-01  ,-3.022782947278e-01  ,8.999623451476e-01  ,9.023462167004e-01  ,1.087275217234e+00  ,7.126494730614e-01  ,7.512070693365e-01  ,1.053485364064e+00  
  2.238367049570e-07  ,3.555041025294e-01  ,-2.881326601975e-01  ,8.999622917263e-01  ,9.023799727119e-01  ,1.077714342991e+00  ,7.222102404616e-01  ,7.583136426132e-01  ,1.046446302811e+00  
  2.239367057184e-07  ,3.363272657200e-01  ,-2.739384015725e-01  ,8.999622383416e-01  ,9.024133296508e-01  ,1.068125871202e+00  ,7.317986054817e-01  ,7.654441288645e-01  ,1.039382530437e+00  
  2.240367064799e-07  ,3.170972521023e-01  ,-2.596970256671e-01  ,8.999621850001e-01  ,9.024462839004e-01  ,1.058510811051e+00  ,7.414135589490e-01  ,7.725977710668e-01  ,1.032294796734e+00  
  2.241367072413e-07  ,2.978181025648e-01  ,-2.454115540024e-01  ,8.999621317135e-01  ,9.024788282894e-01  ,1.048871182996e+00  ,7.510530804311e-01  ,7.797730512882e-01  ,1.025184605291e+00  
  2.242367080028e-07  ,2.784918525768e-01  ,-2.310835037402e-01  ,8.999620784875e-01  ,9.025109591872e-01  ,1.039208004776e+00  ,7.607161521991e-01  ,7.869692073171e-01  ,1.018052711057e+00  
  2.243367087642e-07  ,2.591220775170e-01  ,-2.167155347000e-01  ,8.999620253322e-01  ,9.025426701533e-01  ,1.029523064091e+00  ,7.704009865737e-01  ,7.941849028034e-01  ,1.010900437503e+00  
  2.244367095257e-07  ,2.397118537450e-01  ,-2.023099355575e-01  ,8.999619722567e-01  ,9.025739556660e-01  ,1.019817899129e+00  ,7.801060453842e-01  ,8.014189878872e-01  ,1.003728923445e+00  
  2.245367102871e-07  ,2.202647480264e-01  ,-1.878693852970e-01  ,8.999619192688e-01  ,9.026048095708e-01  ,1.010094293282e+00  ,7.898295452556e-01  ,8.086701169223e-01  ,9.965395022193e-01  
  2.246367110486e-07  ,2.007834674792e-01  ,-1.733959313741e-01  ,8.999618663757e-01  ,9.026352271860e-01  ,1.000353600115e+00  ,7.995701326361e-01  ,8.159372614989e-01  ,9.893331928731e-01  
  2.247367118100e-07  ,1.812709547823e-01  ,-1.588917963100e-01  ,8.999618135858e-01  ,9.026652032857e-01  ,9.905972909769e-01  ,8.093263361946e-01  ,8.232193051306e-01  ,9.821111014407e-01  
  2.248367125715e-07  ,1.617296093662e-01  ,-1.443586927089e-01  ,8.999617609117e-01  ,9.026947337998e-01  ,9.808265655948e-01  ,8.190969562286e-01  ,8.305153874453e-01  ,9.748740801542e-01  
  2.249367133329e-07  ,1.421639270864e-01  ,-1.297998804576e-01  ,8.999617083672e-01  ,9.027238112440e-01  ,9.710436719104e-01  ,8.288797448239e-01  ,8.378238710152e-01  ,9.676237514728e-01  
  2.250367140944e-07  ,1.225759313480e-01  ,-1.152169083316e-01  ,8.999616559514e-01  ,9.027524324505e-01  ,9.612496216254e-01  ,8.386736902774e-01  ,8.451439782847e-01  ,9.603608866163e-01  
  2.251367148558e-07  ,1.029696071835e-01  ,-1.006128781367e-01  ,8.999616036689e-01  ,9.027805916615e-01  ,9.514464072606e-01  ,8.484768000771e-01  ,8.524741525932e-01  ,9.530870307299e-01  
  2.252367156173e-07  ,8.334761461609e-02  ,-8.598986275774e-02  ,8.999615515304e-01  ,9.028082853077e-01  ,9.416353588384e-01  ,8.582877442224e-01  ,8.598133539288e-01  ,9.458032166866e-01  
  2.253367163787e-07  ,6.371282489742e-02  ,-7.135011047162e-02  ,8.999614995431e-01  ,9.028355090864e-01  ,9.318179119919e-01  ,8.681050870944e-01  ,8.671604538505e-01  ,9.385105643222e-01  
  2.254367171402e-07  ,4.406752423423e-02  ,-5.669535242760e-02  ,8.999614477150e-01  ,9.028622593442e-01  ,9.219952098321e-01  ,8.779276855979e-01  ,8.745145831304e-01  ,9.312099355580e-01  
  2.255367179016e-07  ,2.441605244313e-02  ,-4.202888104468e-02  ,8.999613960583e-01  ,9.028885288551e-01  ,9.121694222798e-01  ,8.877533698367e-01  ,8.818740883328e-01  ,9.239029693774e-01  
  2.256367186631e-07  ,4.760518057042e-03  ,-2.735225833602e-02  ,8.999613445803e-01  ,9.029143143184e-01  ,9.023416036088e-01  ,8.975810855518e-01  ,8.892381851504e-01  ,9.165904434864e-01  
  2.257367194245e-07  ,-1.489534559698e-02  ,-1.266821921607e-02  ,8.999612932925e-01  ,9.029396105011e-01  ,8.925136204940e-01  ,9.074089660910e-01  ,8.966055008931e-01  ,9.092737201092e-01  
  2.258367201860e-07  ,-3.454833061134e-02  ,2.020889720935e-03  ,8.999612422034e-01  ,9.029644135851e-01  ,8.826870768977e-01  ,9.172354075091e-01  ,9.039748584455e-01  ,9.019539687246e-01  
  2.259367209474e-07  ,-5.419479101353e-02  ,1.671232910579e-02  ,8.999611913187e-01  ,9.029887187725e-01  ,8.728637958119e-01  ,9.270585868254e-01  ,9.113448833254e-01  ,8.946325542196e-01  
  2.260367217088e-07  ,-7.383198795628e-02  ,3.140401105127e-02  ,8.999611406468e-01  ,9.030125225429e-01  ,8.630451466686e-01  ,9.368771346249e-01  ,9.187145280685e-01  ,8.873105170173e-01  
  2.261367224703e-07  ,-9.345768122457e-02  ,4.609423894381e-02  ,8.999610901959e-01  ,9.030358225098e-01  ,8.532322495836e-01  ,9.466899308082e-01  ,9.260829419817e-01  ,8.799887030379e-01  
  2.262367232317e-07  ,-1.130675655173e-01  ,6.077974981320e-02  ,8.999610399779e-01  ,9.030586149054e-01  ,8.434272572192e-01  ,9.564948227365e-01  ,9.334484898120e-01  ,8.726687399988e-01  
  2.263367239932e-07  ,-1.326595694139e-01  ,7.545897740454e-02  ,8.999609899969e-01  ,9.030808981044e-01  ,8.336312052900e-01  ,9.662907747039e-01  ,9.408103868067e-01  ,8.653514094021e-01  
  2.264367247546e-07  ,-1.522295677239e-01  ,9.012878984237e-02  ,8.999609402613e-01  ,9.031026677769e-01  ,8.238461563993e-01  ,9.760757241232e-01  ,9.481670626981e-01  ,8.580382728557e-01  
  2.265367255161e-07  ,-1.717748336225e-01  ,1.047871003978e-01  ,8.999608907762e-01  ,9.031239200066e-01  ,8.140734739650e-01  ,9.858483075875e-01  ,9.555174702055e-01  ,8.507303698077e-01  
  2.266367262775e-07  ,-1.912931371180e-01  ,1.194322142894e-01  ,8.999608415469e-01  ,9.031446516139e-01  ,8.043142729879e-01  ,9.956074101059e-01  ,9.628607587586e-01  ,8.434285444692e-01  
  2.267367270390e-07  ,-2.107801942336e-01  ,1.340608742418e-01  ,8.999607925835e-01  ,9.031648567727e-01  ,7.945706954667e-01  ,1.005350889700e+00  ,9.701952938936e-01  ,8.361344196518e-01  
  2.268367278004e-07  ,-2.302339456428e-01  ,1.486715185186e-01  ,8.999607438914e-01  ,9.031845328681e-01  ,7.848437710700e-01  ,1.015077716713e+00  ,9.775202921274e-01  ,8.288487736089e-01  
  2.269367285619e-07  ,-2.496507875198e-01  ,1.632614157443e-01  ,8.999606954804e-01  ,9.032036753436e-01  ,7.751353017206e-01  ,1.024786089240e+00  ,9.848343832158e-01  ,8.215729674714e-01  
  2.270367293233e-07  ,-2.690271496482e-01  ,1.778278392094e-01  ,8.999606473603e-01  ,9.032222801701e-01  ,7.654470725363e-01  ,1.034474222184e+00  ,9.921361997748e-01  ,8.143083605654e-01  
  2.271367300848e-07  ,-2.883603401844e-01  ,1.923687149401e-01  ,8.999605995370e-01  ,9.032403452602e-01  ,7.557804294448e-01  ,1.044140769629e+00  ,9.994247027302e-01  ,8.070559877901e-01  
  2.272367308462e-07  ,-3.076481568733e-01  ,2.068823596039e-01  ,8.999605520162e-01  ,9.032578693094e-01  ,7.461364735796e-01  ,1.053784630453e+00  ,1.006699049111e+00  ,7.998166895075e-01  
  2.273367316077e-07  ,-3.268863690036e-01  ,2.213655405372e-01  ,8.999605048084e-01  ,9.032748499646e-01  ,7.365173203066e-01  ,1.063403689310e+00  ,1.013957620233e+00  ,7.925920796960e-01  
  2.274367323691e-07  ,-3.460722892649e-01  ,2.358161947183e-01  ,8.999604579188e-01  ,9.032912853402e-01  ,7.269243132864e-01  ,1.072996602551e+00  ,1.021199382699e+00  ,7.853831879811e-01  
  2.275367331306e-07  ,-3.652037243937e-01  ,2.502326482192e-01  ,8.999604113529e-01  ,9.033071735999e-01  ,7.173585491560e-01  ,1.082562273550e+00  ,1.028423497709e+00  ,7.781908494903e-01  
  2.276367338920e-07  ,-3.842769565106e-01  ,2.646120720493e-01  ,8.999603651202e-01  ,9.033225113440e-01  ,7.078218868649e-01  ,1.092098843375e+00  ,1.035628547369e+00  ,7.710164753193e-01  
  2.277367346535e-07  ,-4.032889523660e-01  ,2.789521588729e-01  ,8.999603192277e-01  ,9.033372954471e-01  ,6.983158430447e-01  ,1.101604795411e+00  ,1.042813374883e+00  ,7.638612160106e-01  
  2.278367354149e-07  ,-4.222362244497e-01  ,2.932502247398e-01  ,8.999602736813e-01  ,9.033515220908e-01  ,6.888421614565e-01  ,1.111078385906e+00  ,1.049976634461e+00  ,7.567264097209e-01  
  2.279367361764e-07  ,-4.411161443541e-01  ,3.075042312681e-01  ,8.999602284874e-01  ,9.033651883164e-01  ,6.794021563103e-01  ,1.120518300664e+00  ,1.057117303950e+00  ,7.496130726824e-01  
  2.280367369378e-07  ,-4.599265631472e-01  ,3.217125254345e-01  ,8.999601836520e-01  ,9.033782919221e-01  ,6.699969020784e-01  ,1.129923465226e+00  ,1.064234554639e+00  ,7.425220292049e-01  
  2.281367376993e-07  ,-4.786638346904e-01  ,3.358723150621e-01  ,8.999601391848e-01  ,9.033908297169e-01  ,6.606282218396e-01  ,1.139292056530e+00  ,1.071326987248e+00  ,7.354546721858e-01  
  2.282367384607e-07  ,-4.973245066049e-01  ,3.499809480252e-01  ,8.999600950926e-01  ,9.034027999063e-01  ,6.512978417901e-01  ,1.148622348395e+00  ,1.078393273919e+00  ,7.284123258937e-01  
  2.283367392222e-07  ,-5.159059858090e-01  ,3.640364117743e-01  ,8.999600513800e-01  ,9.034142014091e-01  ,6.420070584755e-01  ,1.157913044284e+00  ,1.085432407296e+00  ,7.213959955219e-01  
  2.284367399836e-07  ,-5.344061549137e-01  ,3.780370749765e-01  ,8.999600080526e-01  ,9.034250332891e-01  ,6.327569305957e-01  ,1.167163085509e+00  ,1.092443570777e+00  ,7.144064958009e-01  
  2.285367407451e-07  ,-5.528209544512e-01  ,3.919798099140e-01  ,8.999599651202e-01  ,9.034352935300e-01  ,6.235494878946e-01  ,1.176370442346e+00  ,1.099425198487e+00  ,7.074453885730e-01  
  2.286367415065e-07  ,-5.711484404783e-01  ,4.058631231950e-01  ,8.999599225872e-01  ,9.034449809491e-01  ,6.143857023480e-01  ,1.185534142826e+00  ,1.106376542547e+00  ,7.005134193516e-01  
  2.287367422680e-07  ,-5.893847530018e-01  ,4.196840372447e-01  ,8.999598804617e-01  ,9.034540928618e-01  ,6.052675039608e-01  ,1.194652256963e+00  ,1.113296111484e+00  ,6.936120742394e-01  
  2.288367430294e-07  ,-6.075279726226e-01  ,4.334410711018e-01  ,8.999598387487e-01  ,9.034626276994e-01  ,5.961958524374e-01  ,1.203723825060e+00  ,1.120183163250e+00  ,6.867420921485e-01  
  2.289367437909e-07  ,-6.255747444336e-01  ,4.471316396393e-01  ,8.999597974564e-01  ,9.034705826901e-01  ,5.871724252397e-01  ,1.212747169673e+00  ,1.127036402510e+00  ,6.799047628704e-01  
  2.290367445523e-07  ,-6.435222116558e-01  ,4.607535396820e-01  ,8.999597565911e-01  ,9.034779555786e-01  ,5.781986507632e-01  ,1.221720862419e+00  ,1.133854725420e+00  ,6.731011857376e-01  
  2.291367453138e-07  ,-6.613670907370e-01  ,4.743042152659e-01  ,8.999597161585e-01  ,9.034847441891e-01  ,5.692761707900e-01  ,1.230643261527e+00  ,1.140636851822e+00  ,6.663326365562e-01  
  2.292367460752e-07  ,-6.791075132569e-01  ,4.877822131669e-01  ,8.999596761630e-01  ,9.034909475410e-01  ,5.604059195346e-01  ,1.239513432791e+00  ,1.147382054124e+00  ,6.595998409575e-01  
  2.293367468367e-07  ,-6.967402095357e-01  ,5.011849978185e-01  ,8.999596366130e-01  ,9.034965642490e-01  ,5.515895318451e-01  ,1.248329741381e+00  ,1.154089063158e+00  ,6.529040653398e-01  
  2.294367475981e-07  ,-7.142619465071e-01  ,5.145100529777e-01  ,8.999595975147e-01  ,9.035015936475e-01  ,5.428286242612e-01  ,1.257090570768e+00  ,1.160756620136e+00  ,6.462465671587e-01  
  2.295367483596e-07  ,-7.316708876728e-01  ,5.277559488074e-01  ,8.999595588719e-01  ,9.035060354326e-01  ,5.341241150355e-01  ,1.265795002708e+00  ,1.167384009836e+00  ,6.396280610289e-01  
  2.296367491210e-07  ,-7.489633817128e-01  ,5.409198380522e-01  ,8.999595206927e-01  ,9.035098887005e-01  ,5.254778298363e-01  ,1.274441211549e+00  ,1.173969807727e+00  ,6.330499696744e-01  
  2.297367498825e-07  ,-7.661370266642e-01  ,5.539998384761e-01  ,8.999594829821e-01  ,9.035131524760e-01  ,5.168909696500e-01  ,1.283027996314e+00  ,1.180513071714e+00  ,6.265132332379e-01  
  2.298367506439e-07  ,-7.831898654859e-01  ,5.669944269381e-01  ,8.999594457448e-01  ,9.035158258898e-01  ,5.083645130018e-01  ,1.291554378488e+00  ,1.187013039359e+00  ,6.200186124208e-01  
  2.299367514054e-07  ,-8.001185872113e-01  ,5.799010358597e-01  ,8.999594089890e-01  ,9.035179074331e-01  ,4.999001153833e-01  ,1.300018702595e+00  ,1.193468425363e+00  ,6.135673895032e-01  
  2.300367521668e-07  ,-8.169205035985e-01  ,5.927175832619e-01  ,8.999593727206e-01  ,9.035193958843e-01  ,4.914991209214e-01  ,1.308419624520e+00  ,1.199878187515e+00  ,6.071606042533e-01  
  2.301367529283e-07  ,-8.335925384121e-01  ,6.054416592665e-01  ,8.999593369446e-01  ,9.035202900907e-01  ,4.831630677386e-01  ,1.316755606151e+00  ,1.206241119724e+00  ,6.007994604574e-01  
  2.302367536897e-07  ,-8.501329464983e-01  ,6.180718963952e-01  ,8.999593016653e-01  ,9.035205896401e-01  ,4.748928284161e-01  ,1.325025774914e+00  ,1.212556537838e+00  ,5.944846414425e-01  
  2.303367544512e-07  ,-8.665382616320e-01  ,6.306055745050e-01  ,8.999592668904e-01  ,9.035202941790e-01  ,4.666901360744e-01  ,1.333228397706e+00  ,1.218823081432e+00  ,5.882175069265e-01  
  2.304367552126e-07  ,-8.828067617975e-01  ,6.430413460245e-01  ,8.999592326233e-01  ,9.035194038615e-01  ,4.585558517245e-01  ,1.341362613522e+00  ,1.225040076874e+00  ,5.819987308493e-01  
  2.305367559741e-07  ,-8.989354415461e-01  ,6.553768629979e-01  ,8.999591988705e-01  ,9.035179190603e-01  ,4.504914780975e-01  ,1.349426919644e+00  ,1.231206350559e+00  ,5.758294875613e-01  
  2.306367567355e-07  ,-9.149217506780e-01  ,6.676101325803e-01  ,8.999591656380e-01  ,9.035158402034e-01  ,4.424982902989e-01  ,1.357420040977e+00  ,1.237320906494e+00  ,5.697107739133e-01  
  2.307367574970e-07  ,-9.307627686840e-01  ,6.797388516054e-01  ,8.999591329303e-01  ,9.035131678169e-01  ,4.345777485883e-01  ,1.365340517272e+00  ,1.243382593620e+00  ,5.636437420142e-01  
  2.308367582584e-07  ,-9.464563065453e-01  ,6.917612822583e-01  ,8.999591007515e-01  ,9.035099022321e-01  ,4.267309474788e-01  ,1.373187254024e+00  ,1.249390543361e+00  ,5.576292611029e-01  
  2.309367590199e-07  ,-9.620005815551e-01  ,7.036760204490e-01  ,8.999590691058e-01  ,9.035060435943e-01  ,4.189587783282e-01  ,1.380959359883e+00  ,1.255344053819e+00  ,5.516680333698e-01  
  2.310367597813e-07  ,-9.773921876671e-01  ,7.154803849962e-01  ,8.999590380007e-01  ,9.035015919507e-01  ,4.112629441671e-01  ,1.388655131834e+00  ,1.261241784449e+00  ,5.457613994526e-01  
  2.311367605428e-07  ,-9.926295044627e-01  ,7.271731046276e-01  ,8.999590074396e-01  ,9.034965472825e-01  ,4.036442552083e-01  ,1.396273759671e+00  ,1.267083099596e+00  ,5.399099949687e-01  
  2.312367613042e-07  ,-1.007709710097e+00  ,7.387519663507e-01  ,8.999589774285e-01  ,9.034909098697e-01  ,3.961041223799e-01  ,1.403813832477e+00  ,1.272866893045e+00  ,5.341149266943e-01  
  2.313367620657e-07  ,-1.022630042179e+00  ,7.502147868657e-01  ,8.999589479723e-01  ,9.034846809079e-01  ,3.886439268826e-01  ,1.411273969062e+00  ,1.278592074341e+00  ,5.283772874750e-01  
  2.314367628271e-07  ,-1.037388438294e+00  ,7.615599216710e-01  ,8.999589190743e-01  ,9.034778616982e-01  ,3.812646999272e-01  ,1.418653138221e+00  ,1.284257822534e+00  ,5.226979008627e-01  
  2.315367635886e-07  ,-1.051983221709e+00  ,7.727860434057e-01  ,8.999588907381e-01  ,9.034704533277e-01  ,3.739672798836e-01  ,1.425950501592e+00  ,1.289863475031e+00  ,5.170774316248e-01  
  2.316367643500e-07  ,-1.066411561911e+00  ,7.838909200035e-01  ,8.999588629704e-01  ,9.034624576696e-01  ,3.667530820147e-01  ,1.433164643926e+00  ,1.295407917671e+00  ,5.115169976679e-01  
  2.317367651115e-07  ,-1.080670810989e+00  ,7.948724554862e-01  ,8.999588357758e-01  ,9.034538767082e-01  ,3.596234302813e-01  ,1.440294241270e+00  ,1.300890104451e+00  ,5.060176489651e-01  
  2.318367658729e-07  ,-1.094758997375e+00  ,8.057290730748e-01  ,8.999588091571e-01  ,9.034447121131e-01  ,3.525793104697e-01  ,1.447338307845e+00  ,1.306309248651e+00  ,5.005801755757e-01  
  2.319367666344e-07  ,-1.108674004809e+00  ,8.164590801870e-01  ,8.999587831183e-01  ,9.034349656297e-01  ,3.456217807140e-01  ,1.454295785523e+00  ,1.311664505723e+00  ,4.952054255362e-01  
  2.320367673958e-07  ,-1.122413682089e+00  ,8.270607588469e-01  ,8.999587576635e-01  ,9.034246388604e-01  ,3.387519166192e-01  ,1.461165598708e+00  ,1.316955018284e+00  ,4.898942594370e-01  
  2.321367681573e-07  ,-1.135975880980e+00  ,8.375323961304e-01  ,8.999587327968e-01  ,9.034137332695e-01  ,3.319707923069e-01  ,1.467946673287e+00  ,1.322179931335e+00  ,4.846475352043e-01  
  2.322367689187e-07  ,-1.149358989334e+00  ,8.478727163221e-01  ,8.999587085217e-01  ,9.034022499568e-01  ,3.252792138549e-01  ,1.474638203189e+00  ,1.327338608118e+00  ,4.794658917957e-01  
  2.323367696802e-07  ,-1.162560332980e+00  ,8.580796092001e-01  ,8.999586848439e-01  ,9.033901909487e-01  ,3.186785183539e-01  ,1.481238851334e+00  ,1.332429995549e+00  ,4.743503863487e-01  
  2.324367704416e-07  ,-1.175577813547e+00  ,8.681514163404e-01  ,8.999586617669e-01  ,9.033775584042e-01  ,3.121697549935e-01  ,1.487747568540e+00  ,1.337453266574e+00  ,4.693018502340e-01  
  2.325367712031e-07  ,-1.188409053847e+00  ,8.780862319865e-01  ,8.999586392936e-01  ,9.033643554650e-01  ,3.057541123698e-01  ,1.494163166217e+00  ,1.342407471458e+00  ,4.643212394717e-01  
  2.326367719645e-07  ,-1.201052286552e+00  ,8.878826266277e-01  ,8.999586174268e-01  ,9.033505846880e-01  ,2.994324741506e-01  ,1.500484760703e+00  ,1.347291898002e+00  ,4.594092713741e-01  
  2.327367727260e-07  ,-1.213506078625e+00  ,8.975394491642e-01  ,8.999585961698e-01  ,9.033362481445e-01  ,2.932055568570e-01  ,1.506711635482e+00  ,1.352105972727e+00  ,4.545665235624e-01  
  2.328367734874e-07  ,-1.225768016854e+00  ,9.070547683215e-01  ,8.999585755272e-01  ,9.033213493343e-01  ,2.870745671004e-01  ,1.512842583954e+00  ,1.356848733495e+00  ,4.497939651736e-01  
  2.329367742489e-07  ,-1.237835857118e+00  ,9.164267812041e-01  ,8.999585555023e-01  ,9.033058916071e-01  ,2.810406269434e-01  ,1.518876484061e+00  ,1.361519282209e+00  ,4.450925010051e-01  
  2.330367750103e-07  ,-1.249708339724e+00  ,9.256544726634e-01  ,8.999585360968e-01  ,9.032898768678e-01  ,2.751043662349e-01  ,1.524812705959e+00  ,1.366117113200e+00  ,4.404626405361e-01  
  2.331367757718e-07  ,-1.261383275746e+00  ,9.347360814181e-01  ,8.999585173144e-01  ,9.032733083774e-01  ,2.692668794415e-01  ,1.530650155187e+00  ,1.370641349086e+00  ,4.359052676684e-01  
  2.332367765332e-07  ,-1.272858535911e+00  ,9.436698845766e-01  ,8.999584991580e-01  ,9.032561891620e-01  ,2.635292312026e-01  ,1.536387767113e+00  ,1.375091131450e+00  ,4.314212468738e-01  
  2.333367772946e-07  ,-1.284132541078e+00  ,9.524545937719e-01  ,8.999584816292e-01  ,9.032385214762e-01  ,2.578922110903e-01  ,1.542024752168e+00  ,1.379465818362e+00  ,4.270112245903e-01  
  2.334367780561e-07  ,-1.295204013282e+00  ,9.610891734009e-01  ,8.999584647305e-01  ,9.032203072506e-01  ,2.523564580896e-01  ,1.547560471372e+00  ,1.383764893951e+00  ,4.226757205502e-01  
  2.335367788175e-07  ,-1.306070804488e+00  ,9.695718889397e-01  ,8.999584484664e-01  ,9.032015500297e-01  ,2.469230462225e-01  ,1.552993850710e+00  ,1.387987494500e+00  ,4.184156055598e-01  
  2.336367795790e-07  ,-1.316730926606e+00  ,9.779011284054e-01  ,8.999584328392e-01  ,9.031822539171e-01  ,2.415929695364e-01  ,1.558323896142e+00  ,1.392132818120e+00  ,4.142316897144e-01  
  2.337367803404e-07  ,-1.327182911479e+00  ,9.860756888948e-01  ,8.999584178503e-01  ,9.031624222696e-01  ,2.363669621106e-01  ,1.563549873590e+00  ,1.396200266717e+00  ,4.101245778222e-01  
  2.338367811019e-07  ,-1.337425193054e+00  ,9.940942867400e-01  ,8.999584035019e-01  ,9.031420586963e-01  ,2.312458069747e-01  ,1.568671000029e+00  ,1.400189202066e+00  ,4.060949153263e-01  
  2.339367818633e-07  ,-1.347456190901e+00  ,1.001955627731e+00  ,8.999583897963e-01  ,9.031211668443e-01  ,2.262302943455e-01  ,1.573686485247e+00  ,1.404098980710e+00  ,4.021433529787e-01  
  2.340367826248e-07  ,-1.357274719348e+00  ,1.009658747922e+00  ,8.999583767353e-01  ,9.030997494374e-01  ,2.213210170611e-01  ,1.578595736410e+00  ,1.407929123399e+00  ,3.982703754763e-01  
  2.341367833862e-07  ,-1.366878573951e+00  ,1.017201853238e+00  ,8.999583643221e-01  ,9.030778115550e-01  ,2.165190773467e-01  ,1.583397651297e+00  ,1.411678738174e+00  ,3.944768849359e-01  
  2.342367841477e-07  ,-1.376266745917e+00  ,1.024584122035e+00  ,8.999583525577e-01  ,9.030553555255e-01  ,2.118249795993e-01  ,1.588091725516e+00  ,1.415347416543e+00  ,3.907632945082e-01  
  2.343367849091e-07  ,-1.385437261027e+00  ,1.031803936618e+00  ,8.999583414441e-01  ,9.030323859632e-01  ,2.072397109305e-01  ,1.592676971958e+00  ,1.418934354272e+00  ,3.871304176543e-01  
  2.344367856706e-07  ,-1.394388856584e+00  ,1.038860250953e+00  ,8.999583309825e-01  ,9.030089059681e-01  ,2.027639026906e-01  ,1.597152759275e+00  ,1.422439031444e+00  ,3.835787804918e-01  
  2.345367864320e-07  ,-1.403120516910e+00  ,1.045752227430e+00  ,8.999583211741e-01  ,9.029849181245e-01  ,1.983980627191e-01  ,1.601518579629e+00  ,1.425861031840e+00  ,3.801088044094e-01  
  2.346367871935e-07  ,-1.411630327612e+00  ,1.052478284596e+00  ,8.999583120210e-01  ,9.029604276157e-01  ,1.941431482150e-01  ,1.605773475827e+00  ,1.429199569914e+00  ,3.767212853176e-01  
  2.347367879549e-07  ,-1.419917115915e+00  ,1.059037446369e+00  ,8.999583035240e-01  ,9.029354380528e-01  ,1.899997455664e-01  ,1.609916861482e+00  ,1.432454161237e+00  ,3.734167148684e-01  
  2.348367887164e-07  ,-1.427979639999e+00  ,1.065428676361e+00  ,8.999582956840e-01  ,9.029099535115e-01  ,1.859684756847e-01  ,1.613948115683e+00  ,1.435624291692e+00  ,3.701956153311e-01  
  2.349367894778e-07  ,-1.435816656354e+00  ,1.071650935730e+00  ,8.999582885021e-01  ,9.028839782839e-01  ,1.820499603253e-01  ,1.617866616679e+00  ,1.438709446149e+00  ,3.670585104191e-01  
  2.350367902393e-07  ,-1.443427238608e+00  ,1.077703454788e+00  ,8.999582819792e-01  ,9.028575156369e-01  ,1.782446626750e-01  ,1.621671901283e+00  ,1.441709243031e+00  ,3.640057882428e-01  
  2.351367910007e-07  ,-1.450809864353e+00  ,1.083584970736e+00  ,8.999582761169e-01  ,9.028305709770e-01  ,1.745533439402e-01  ,1.625363208294e+00  ,1.444623056345e+00  ,3.610380856089e-01  
  2.352367917622e-07  ,-1.457963184020e+00  ,1.089294354216e+00  ,8.999582709154e-01  ,9.028031492092e-01  ,1.709766789053e-01  ,1.628939862926e+00  ,1.447450326317e+00  ,3.581559721009e-01  
  2.353367925236e-07  ,-1.464886453532e+00  ,1.094830978136e+00  ,8.999582663752e-01  ,9.027752531113e-01  ,1.675150396090e-01  ,1.632401493141e+00  ,1.450190742179e+00  ,3.553597640436e-01  
  2.354367932851e-07  ,-1.471578393067e+00  ,1.100193763429e+00  ,8.999582624971e-01  ,9.027468876061e-01  ,1.641690659637e-01  ,1.635747459030e+00  ,1.452843769321e+00  ,3.526500058916e-01  
  2.355367940465e-07  ,-1.478037788343e+00  ,1.105381677087e+00  ,8.999582592815e-01  ,9.027180577823e-01  ,1.609393651101e-01  ,1.638977153453e+00  ,1.455408896326e+00  ,3.500272192389e-01  
  2.356367948080e-07  ,-1.484263757193e+00  ,1.110393960962e+00  ,8.999582567283e-01  ,9.026887675985e-01  ,1.578263781315e-01  ,1.642090135325e+00  ,1.457885748079e+00  ,3.474917871175e-01  
  2.357367955694e-07  ,-1.490255371231e+00  ,1.115229815902e+00  ,8.999582548376e-01  ,9.026590214379e-01  ,1.548305692223e-01  ,1.645085940453e+00  ,1.460273929389e+00  ,3.450441134869e-01  
  2.358367963309e-07  ,-1.496011708568e+00  ,1.119888447657e+00  ,8.999582536098e-01  ,9.026288239680e-01  ,1.519523993258e-01  ,1.647964107894e+00  ,1.462573047797e+00  ,3.426846001394e-01  
  2.359367970923e-07  ,-1.501531872274e+00  ,1.124369082414e+00  ,8.999582530448e-01  ,9.025981800824e-01  ,1.491923169077e-01  ,1.650724189182e+00  ,1.464782721289e+00  ,3.404136388755e-01  
  2.360367978538e-07  ,-1.506815205780e+00  ,1.128671155563e+00  ,8.999582531426e-01  ,9.025670935495e-01  ,1.465506502528e-01  ,1.653365856032e+00  ,1.466902671331e+00  ,3.382315157679e-01  
  2.361367986152e-07  ,-1.511860642101e+00  ,1.132793749138e+00  ,8.999582539033e-01  ,9.025355706986e-01  ,1.440279328528e-01  ,1.655888574954e+00  ,1.468932445268e+00  ,3.361386961296e-01  
  2.362367993767e-07  ,-1.516667383065e+00  ,1.136736170762e+00  ,8.999582553266e-01  ,9.025036166108e-01  ,1.416245637941e-01  ,1.658291946859e+00  ,1.470871701992e+00  ,3.341355312299e-01  
  2.363368001381e-07  ,-1.521234673695e+00  ,1.140497756790e+00  ,8.999582574120e-01  ,9.024712363424e-01  ,1.393409205647e-01  ,1.660575594259e+00  ,1.472720114737e+00  ,3.322223579474e-01  
  2.364368008996e-07  ,-1.525561689930e+00  ,1.144077772240e+00  ,8.999582601589e-01  ,9.024384358961e-01  ,1.371774151941e-01  ,1.662739105124e+00  ,1.474477322016e+00  ,3.303995497763e-01  
  2.365368016610e-07  ,-1.529647985562e+00  ,1.147475816421e+00  ,8.999582635672e-01  ,9.024052187528e-01  ,1.351342707865e-01  ,1.664782256348e+00  ,1.476143126963e+00  ,3.286673105423e-01  
  2.366368024225e-07  ,-1.533492803057e+00  ,1.150691207503e+00  ,8.999582676362e-01  ,9.023715910165e-01  ,1.332118661079e-01  ,1.666704669164e+00  ,1.477717194768e+00  ,3.270259872651e-01  
  2.367368031839e-07  ,-1.537095539540e+00  ,1.153723397807e+00  ,8.999582723652e-01  ,9.023375579691e-01  ,1.314105025949e-01  ,1.668506042135e+00  ,1.479199256873e+00  ,3.254758590656e-01  
  2.368368039454e-07  ,-1.540455631230e+00  ,1.156571868918e+00  ,8.999582777532e-01  ,9.023031250417e-01  ,1.297304621382e-01  ,1.670186093368e+00  ,1.480589059501e+00  ,3.240171905826e-01  
  2.369368047068e-07  ,-1.543572552766e+00  ,1.159236131769e+00  ,8.999582837992e-01  ,9.022682979041e-01  ,1.281720074164e-01  ,1.671744560182e+00  ,1.481886363788e+00  ,3.226502320197e-01  
  2.370368054683e-07  ,-1.546445744295e+00  ,1.161715655846e+00  ,8.999582905020e-01  ,9.022330833535e-01  ,1.267354183544e-01  ,1.673181162650e+00  ,1.483090911276e+00  ,3.213752554307e-01  
  2.371368062297e-07  ,-1.549074910769e+00  ,1.164010157676e+00  ,8.999582978608e-01  ,9.021974852643e-01  ,1.254208424762e-01  ,1.674495753245e+00  ,1.484202564102e+00  ,3.201924064262e-01  
  2.372368069912e-07  ,-1.551459560329e+00  ,1.166119160911e+00  ,8.999583058745e-01  ,9.021615104099e-01  ,1.242285257100e-01  ,1.675688086039e+00  ,1.485221090866e+00  ,3.191019299542e-01  
  2.373368077526e-07  ,-1.553599264642e+00  ,1.168042238594e+00  ,8.999583145419e-01  ,9.021251656830e-01  ,1.231586822210e-01  ,1.676757946863e+00  ,1.486146284980e+00  ,3.181040463860e-01  
  2.374368085141e-07  ,-1.555493737554e+00  ,1.169779096239e+00  ,8.999583238617e-01  ,9.020884564723e-01  ,1.222114550844e-01  ,1.677705192639e+00  ,1.486978004592e+00  ,3.171989083531e-01  
  2.375368092755e-07  ,-1.557142698790e+00  ,1.171329438349e+00  ,8.999583338326e-01  ,9.020513886327e-01  ,1.213869844377e-01  ,1.678529683228e+00  ,1.487716107807e+00  ,3.163866694584e-01  
  2.376368100370e-07  ,-1.558545953623e+00  ,1.172693054100e+00  ,8.999583444537e-01  ,9.020139666622e-01  ,1.206853676420e-01  ,1.679231321265e+00  ,1.488360493712e+00  ,3.156674396120e-01  
  2.377368107984e-07  ,-1.559703206646e+00  ,1.173869614253e+00  ,8.999583557229e-01  ,9.019761981062e-01  ,1.201067523997e-01  ,1.679809959046e+00  ,1.488911005233e+00  ,3.150413909797e-01  
  2.378368115599e-07  ,-1.560614252870e+00  ,1.174858865803e+00  ,8.999583676384e-01  ,9.019380902090e-01  ,1.196512412033e-01  ,1.680265494073e+00  ,1.489367523110e+00  ,3.145086573077e-01  
  2.379368123213e-07  ,-1.561279001352e+00  ,1.175660684157e+00  ,8.999583801988e-01  ,9.018996472290e-01  ,1.193188795229e-01  ,1.680597880875e+00  ,1.489729989307e+00  ,3.140693051505e-01  
  2.380368130828e-07  ,-1.561697308397e+00  ,1.176274850138e+00  ,8.999583934019e-01  ,9.018608777906e-01  ,1.191097392037e-01  ,1.680807047600e+00  ,1.489998302860e+00  ,3.137234527214e-01  
  2.381368138442e-07  ,-1.561869134810e+00  ,1.176701279175e+00  ,8.999584072462e-01  ,9.018217862558e-01  ,1.190238398411e-01  ,1.680892974651e+00  ,1.490172425843e+00  ,3.134711466682e-01  
  2.382368146057e-07  ,-1.561794440051e+00  ,1.176939832185e+00  ,8.999584217292e-01  ,9.017823813603e-01  ,1.190612017038e-01  ,1.680855641755e+00  ,1.490252297453e+00  ,3.133124652679e-01  
  2.383368153671e-07  ,-1.561473236562e+00  ,1.176990464684e+00  ,8.999584368494e-01  ,9.017426675061e-01  ,1.192218185685e-01  ,1.680695055130e+00  ,1.490237899848e+00  ,3.132474351639e-01  
  2.384368161286e-07  ,-1.560905572714e+00  ,1.176853118887e+00  ,8.999584526041e-01  ,9.017026524588e-01  ,1.195056662469e-01  ,1.680411238961e+00  ,1.490129211902e+00  ,3.132760930152e-01  
  2.385368168900e-07  ,-1.560091539208e+00  ,1.176527783233e+00  ,8.999584689910e-01  ,9.016623429674e-01  ,1.199126993868e-01  ,1.680004238595e+00  ,1.489926234584e+00  ,3.133984513509e-01  
  2.386368176515e-07  ,-1.559031264640e+00  ,1.176014476259e+00  ,8.999584860078e-01  ,9.016217457788e-01  ,1.204428536878e-01  ,1.679474118328e+00  ,1.489628983908e+00  ,3.136145076494e-01  
  2.387368184129e-07  ,-1.557724948308e+00  ,1.175313260570e+00  ,8.999585036516e-01  ,9.015808687411e-01  ,1.210960294978e-01  ,1.678820977805e+00  ,1.489237499026e+00  ,3.139242384561e-01  
  2.388368191744e-07  ,-1.556172779549e+00  ,1.174424215094e+00  ,8.999585219200e-01  ,9.015397179083e-01  ,1.218721321454e-01  ,1.678044911695e+00  ,1.488751825455e+00  ,3.143276103614e-01  
  2.389368199358e-07  ,-1.554374994269e+00  ,1.173347449118e+00  ,8.999585408106e-01  ,9.014982999320e-01  ,1.227710436759e-01  ,1.677146037945e+00  ,1.488172024491e+00  ,3.148245753728e-01  
  2.390368206973e-07  ,-1.552331798921e+00  ,1.172083063342e+00  ,8.999585603210e-01  ,9.014566199845e-01  ,1.237926608604e-01  ,1.676124459781e+00  ,1.487498151656e+00  ,3.154150883134e-01  
  2.391368214587e-07  ,-1.550043631563e+00  ,1.170631284508e+00  ,8.999585804469e-01  ,9.014146879710e-01  ,1.249367646652e-01  ,1.674980396229e+00  ,1.486730330225e+00  ,3.160990457172e-01  
  2.392368222202e-07  ,-1.547510820840e+00  ,1.168992298466e+00  ,8.999586011859e-01  ,9.013725102107e-01  ,1.262031907662e-01  ,1.673714011606e+00  ,1.485868659444e+00  ,3.168763609775e-01  
  2.393368229816e-07  ,-1.544733654698e+00  ,1.167166270395e+00  ,8.999586225356e-01  ,9.013300918481e-01  ,1.275917951865e-01  ,1.672325449885e+00  ,1.484913227046e+00  ,3.177469566505e-01  
  2.394368237431e-07  ,-1.541712728652e+00  ,1.165153551511e+00  ,8.999586444914e-01  ,9.012874428060e-01  ,1.291022801654e-01  ,1.670815008817e+00  ,1.483864218562e+00  ,3.187106670503e-01  
  2.395368245045e-07  ,-1.538448364827e+00  ,1.162954337830e+00  ,8.999586670508e-01  ,9.012445678700e-01  ,1.307344846371e-01  ,1.669182849465e+00  ,1.482721736785e+00  ,3.197673989553e-01  
  2.396368252660e-07  ,-1.534941153544e+00  ,1.160568992306e+00  ,8.999586902099e-01  ,9.012014754223e-01  ,1.324881134379e-01  ,1.667429266982e+00  ,1.481485971576e+00  ,3.209169792691e-01  
  2.397368260274e-07  ,-1.531191648531e+00  ,1.157997863745e+00  ,8.999587139648e-01  ,9.011581726505e-01  ,1.343628896994e-01  ,1.665554538230e+00  ,1.480157104523e+00  ,3.221592407780e-01  
  2.398368267889e-07  ,-1.527200439040e+00  ,1.155241330764e+00  ,8.999587383119e-01  ,9.011146667356e-01  ,1.363585187917e-01  ,1.663558957832e+00  ,1.478735332118e+00  ,3.234940013536e-01  
  2.399368275503e-07  ,-1.522968151087e+00  ,1.152299801752e+00  ,8.999587632475e-01  ,9.010709648786e-01  ,1.384746877038e-01  ,1.661442838791e+00  ,1.477220865755e+00  ,3.249210640023e-01  
  2.400368283118e-07  ,-1.518495560179e+00  ,1.149173793589e+00  ,8.999587887671e-01  ,9.010270755817e-01  ,1.407110086778e-01  ,1.659206568856e+00  ,1.475613972376e+00  ,3.264401787873e-01  
  2.401368290732e-07  ,-1.513783136251e+00  ,1.145863621384e+00  ,8.999588148681e-01  ,9.009830037688e-01  ,1.430672467424e-01  ,1.656850382994e+00  ,1.473914814461e+00  ,3.280511930770e-01  
  2.402368298347e-07  ,-1.508831730897e+00  ,1.142369856280e+00  ,8.999588415453e-01  ,9.009387580997e-01  ,1.455429760967e-01  ,1.654374706994e+00  ,1.472123686240e+00  ,3.297538299596e-01  
  2.403368305961e-07  ,-1.503642124519e+00  ,1.138693025070e+00  ,8.999588687943e-01  ,9.008943460452e-01  ,1.481378065346e-01  ,1.651779931054e+00  ,1.470240858580e+00  ,3.315478335100e-01  
  2.404368313576e-07  ,-1.498215132486e+00  ,1.134833683956e+00  ,8.999588966112e-01  ,9.008497750695e-01  ,1.508513303684e-01  ,1.649066462854e+00  ,1.468266617047e+00  ,3.334329330917e-01  
  2.405368321190e-07  ,-1.492551606287e+00  ,1.130792418461e+00  ,8.999589249914e-01  ,9.008050526349e-01  ,1.536831218480e-01  ,1.646234728135e+00  ,1.466201261866e+00  ,3.354088434043e-01  
  2.406368328805e-07  ,-1.486652434046e+00  ,1.126569843342e+00  ,8.999589539301e-01  ,9.007601862022e-01  ,1.566327369072e-01  ,1.643285170953e+00  ,1.464045107873e+00  ,3.374752645311e-01  
  2.407368336419e-07  ,-1.480518540684e+00  ,1.122166602485e+00  ,8.999589834229e-01  ,9.007151832111e-01  ,1.596997130809e-01  ,1.640218253765e+00  ,1.461798484454e+00  ,3.396318819686e-01  
  2.408368344033e-07  ,-1.474151047931e+00  ,1.117583486586e+00  ,8.999590134644e-01  ,9.006700522979e-01  ,1.628834894989e-01  ,1.637034537430e+00  ,1.459461795591e+00  ,3.418783090047e-01  
  2.409368351648e-07  ,-1.467550623587e+00  ,1.112820966754e+00  ,8.999590440510e-01  ,9.006247983930e-01  ,1.661837322574e-01  ,1.633734355845e+00  ,1.457035281770e+00  ,3.442143150162e-01  
  2.410368359262e-07  ,-1.460718466130e+00  ,1.107879886639e+00  ,8.999590751769e-01  ,9.005794301386e-01  ,1.695998421116e-01  ,1.630318308242e+00  ,1.454519373458e+00  ,3.466394868191e-01  
  2.411368366877e-07  ,-1.453655652897e+00  ,1.102761005668e+00  ,8.999591068368e-01  ,9.005339549937e-01  ,1.731312803884e-01  ,1.626786933285e+00  ,1.451914457828e+00  ,3.491534521596e-01  
  2.412368374491e-07  ,-1.446363294213e+00  ,1.097465111871e+00  ,8.999591390260e-01  ,9.004883804919e-01  ,1.767774919193e-01  ,1.623140786133e+00  ,1.449220936427e+00  ,3.517558245563e-01  
  2.413368382106e-07  ,-1.438842534928e+00  ,1.091993021751e+00  ,8.999591717394e-01  ,9.004427142148e-01  ,1.805379042753e-01  ,1.619380439204e+00  ,1.446439225090e+00  ,3.544462033395e-01  
  2.414368389720e-07  ,-1.431094555084e+00  ,1.086345580161e+00  ,8.999592049714e-01  ,9.003969637129e-01  ,1.844119274296e-01  ,1.615506482513e+00  ,1.443569753793e+00  ,3.572241736324e-01  
  2.415368397335e-07  ,-1.423120570144e+00  ,1.080523660185e+00  ,8.999592387170e-01  ,9.003511364927e-01  ,1.883989536448e-01  ,1.611519523789e+00  ,1.440612966585e+00  ,3.600893064005e-01  
  2.416368404949e-07  ,-1.414921831012e+00  ,1.074528162991e+00  ,8.999592729705e-01  ,9.003052400818e-01  ,1.924983574643e-01  ,1.607420188477e+00  ,1.437569321577e+00  ,3.630411585863e-01  
  2.417368412564e-07  ,-1.406499623930e+00  ,1.068360017684e+00  ,8.999593077262e-01  ,9.002592820284e-01  ,1.967094957612e-01  ,1.603209119691e+00  ,1.434439290870e+00  ,3.660792731863e-01  
  2.418368420178e-07  ,-1.397855270317e+00  ,1.062020181160e+00  ,8.999593429790e-01  ,9.002132698023e-01  ,2.010317078204e-01  ,1.598886978138e+00  ,1.431223360382e+00  ,3.692031792224e-01  
  2.419368427793e-07  ,-1.388990126588e+00  ,1.055509637969e+00  ,8.999593787229e-01  ,9.001672107538e-01  ,2.054643154288e-01  ,1.594454442017e+00  ,1.427922029738e+00  ,3.724123917692e-01  
  2.420368435407e-07  ,-1.379905583950e+00  ,1.048829400175e+00  ,8.999594149526e-01  ,9.001211122444e-01  ,2.100066229777e-01  ,1.589912206927e+00  ,1.424535812332e+00  ,3.757064121569e-01  
  2.421368443022e-07  ,-1.370603068182e+00  ,1.041980507184e+00  ,8.999594516624e-01  ,9.000749817737e-01  ,2.146579175713e-01  ,1.585260985753e+00  ,1.421065235366e+00  ,3.790847281818e-01  
  2.422368450636e-07  ,-1.361084039417e+00  ,1.034964025578e+00  ,8.999594888459e-01  ,9.000288269050e-01  ,2.194174691373e-01  ,1.580501508554e+00  ,1.417510839694e+00  ,3.825468141161e-01  
  2.423368458251e-07  ,-1.351349991909e+00  ,1.027781048951e+00  ,8.999595264976e-01  ,8.999826551161e-01  ,2.242845305430e-01  ,1.575634522452e+00  ,1.413873179591e+00  ,3.860921306409e-01  
  2.424368465865e-07  ,-1.341402453803e+00  ,1.020432697744e+00  ,8.999595646117e-01  ,8.999364738098e-01  ,2.292583377100e-01  ,1.570660791513e+00  ,1.410152822682e+00  ,3.897201249379e-01  
  2.425368473480e-07  ,-1.331242986899e+00  ,1.012920119072e+00  ,8.999596031818e-01  ,8.998902904520e-01  ,2.343381097321e-01  ,1.565581096631e+00  ,1.406350349988e+00  ,3.934302309158e-01  
  2.426368481094e-07  ,-1.320873186407e+00  ,1.005244486530e+00  ,8.999596422021e-01  ,8.998441126015e-01  ,2.395230489986e-01  ,1.560396235406e+00  ,1.402466355866e+00  ,3.972218693366e-01  
  2.427368488709e-07  ,-1.310294680699e+00  ,9.974069999972e-01  ,8.999596816663e-01  ,8.997979477437e-01  ,2.448123413166e-01  ,1.555107022016e+00  ,1.398501447742e+00  ,4.010944477451e-01  
  2.428368496323e-07  ,-1.299509402890e+00  ,9.894090948315e-01  ,8.999597215677e-01  ,8.997518043659e-01  ,2.502050201225e-01  ,1.549714423013e+00  ,1.394456351782e+00  ,4.050472569502e-01  
  2.429368503938e-07  ,-1.288518483046e+00  ,9.812516084969e-01  ,8.999597619022e-01  ,8.997056873097e-01  ,2.557005203791e-01  ,1.544219003425e+00  ,1.390331491558e+00  ,4.090798830613e-01  
  2.430368511552e-07  ,-1.277323928762e+00  ,9.729360236836e-01  ,8.999598026619e-01  ,8.996596051376e-01  ,2.612978382807e-01  ,1.538621767043e+00  ,1.386127616979e+00  ,4.131915932958e-01  
  2.431368519167e-07  ,-1.265927507622e+00  ,9.644636435528e-01  ,8.999598438400e-01  ,8.996135653098e-01  ,2.669960900292e-01  ,1.532923597651e+00  ,1.381845387086e+00  ,4.173817435334e-01  
  2.432368526781e-07  ,-1.254331013872e+00  ,9.558357965820e-01  ,8.999598854310e-01  ,8.995675752337e-01  ,2.727943784950e-01  ,1.527125392367e+00  ,1.377485473525e+00  ,4.216496769427e-01  
  2.433368534396e-07  ,-1.242536568314e+00  ,9.470540667950e-01  ,8.999599274275e-01  ,8.995216434093e-01  ,2.786916432706e-01  ,1.521228211584e+00  ,1.373048676807e+00  ,4.259946100118e-01  
  2.434368542010e-07  ,-1.230545406957e+00  ,9.381193759278e-01  ,8.999599698248e-01  ,8.994757746898e-01  ,2.846872663465e-01  ,1.515232673303e+00  ,1.368535462654e+00  ,4.304160867259e-01  
  2.435368549625e-07  ,-1.218359722238e+00  ,9.290333534495e-01  ,8.999600126152e-01  ,8.994299776455e-01  ,2.907801514961e-01  ,1.509139873734e+00  ,1.363946654370e+00  ,4.349133009207e-01  
  2.436368557239e-07  ,-1.205981438512e+00  ,9.197974269903e-01  ,8.999600557916e-01  ,8.993842597536e-01  ,2.969693365358e-01  ,1.502950775047e+00  ,1.359282973249e+00  ,4.394855462584e-01  
  2.437368564854e-07  ,-1.193412504916e+00  ,9.104130483958e-01  ,8.999600993477e-01  ,8.993386284514e-01  ,3.032538468895e-01  ,1.496666351806e+00  ,1.354545152649e+00  ,4.441321042535e-01  
  2.438368572468e-07  ,-1.180655219925e+00  ,9.008819441023e-01  ,8.999601432763e-01  ,8.992930921539e-01  ,3.096325333139e-01  ,1.490287753239e+00  ,1.349734064205e+00  ,4.488521201028e-01  
  2.439368580083e-07  ,-1.167710920356e+00  ,8.912051164755e-01  ,8.999601875726e-01  ,8.992476556083e-01  ,3.161047273945e-01  ,1.483815647751e+00  ,1.344850213846e+00  ,4.536450973706e-01  
  2.440368587697e-07  ,-1.154581974714e+00  ,8.813843353216e-01  ,8.999602322283e-01  ,8.992023272186e-01  ,3.226692448714e-01  ,1.477251219585e+00  ,1.339894494879e+00  ,4.585101595578e-01  
  2.441368595312e-07  ,-1.141270456848e+00  ,8.714211470945e-01  ,8.999602772364e-01  ,8.991571144106e-01  ,3.293250488121e-01  ,1.470595505661e+00  ,1.334867687958e+00  ,4.634465408634e-01  
  2.442368602926e-07  ,-1.127778804213e+00  ,8.613173872771e-01  ,8.999603225895e-01  ,8.991120258613e-01  ,3.360709204828e-01  ,1.463849724696e+00  ,1.329770719500e+00  ,4.684533322228e-01  
  2.443368610541e-07  ,-1.114108891357e+00  ,8.510744778967e-01  ,8.999603682817e-01  ,8.990670679660e-01  ,3.429059226033e-01  ,1.457014813960e+00  ,1.324604306914e+00  ,4.735298290177e-01  
  2.444368618155e-07  ,-1.100262775211e+00  ,8.406939772140e-01  ,8.999604143063e-01  ,8.990222476193e-01  ,3.498290267008e-01  ,1.450091801912e+00  ,1.319369236226e+00  ,4.786752590123e-01  
  2.445368625770e-07  ,-1.086242071113e+00  ,8.301770962016e-01  ,8.999604606573e-01  ,8.989775701916e-01  ,3.568394251007e-01  ,1.443081496214e+00  ,1.314066118292e+00  ,4.838890220908e-01  
  2.446368633384e-07  ,-1.072049522140e+00  ,8.195258808876e-01  ,8.999605073247e-01  ,8.989330448355e-01  ,3.639357462547e-01  ,1.435985268395e+00  ,1.308695985279e+00  ,4.891701043917e-01  
  2.447368640999e-07  ,-1.057687750756e+00  ,8.087422965035e-01  ,8.999605543008e-01  ,8.988886802969e-01  ,3.711166789227e-01  ,1.428804429679e+00  ,1.303259828549e+00  ,4.945175320451e-01  
  2.448368648613e-07  ,-1.043158758756e+00  ,7.978278625649e-01  ,8.999606015802e-01  ,8.988444829634e-01  ,3.783812222022e-01  ,1.421539980958e+00  ,1.297758414246e+00  ,4.999305516810e-01  
  2.449368656228e-07  ,-1.028464198439e+00  ,7.867838236724e-01  ,8.999606491568e-01  ,8.988004579008e-01  ,3.857285499373e-01  ,1.414192748376e+00  ,1.292192369737e+00  ,5.054085460645e-01  
  2.450368663842e-07  ,-1.013607276972e+00  ,7.756125967339e-01  ,8.999606970199e-01  ,8.987566148644e-01  ,3.931570585338e-01  ,1.406764335506e+00  ,1.286562913231e+00  ,5.109503164975e-01  
  2.451368671457e-07  ,-9.985900719967e-01  ,7.643157569305e-01  ,8.999607451637e-01  ,8.987129602997e-01  ,4.006657091654e-01  ,1.399255781162e+00  ,1.280870838765e+00  ,5.165550818344e-01  
  2.452368679071e-07  ,-9.834142952183e-01  ,7.528945936743e-01  ,8.999607935824e-01  ,8.986694995150e-01  ,4.082536459733e-01  ,1.391667941192e+00  ,1.275116796352e+00  ,5.222222026779e-01  
  2.453368686686e-07  ,-9.680828733245e-01  ,7.413513042644e-01  ,8.999608422655e-01  ,8.986262414371e-01  ,4.159194056033e-01  ,1.384002278928e+00  ,1.269301893569e+00  ,5.279505893049e-01  
  2.454368694300e-07  ,-9.525982392207e-01  ,7.296877143372e-01  ,8.999608912054e-01  ,8.985831931178e-01  ,4.236617715951e-01  ,1.376260010816e+00  ,1.263427050286e+00  ,5.337393359492e-01  
  2.455368701915e-07  ,-9.369628364661e-01  ,7.179056691153e-01  ,8.999609403963e-01  ,8.985403614588e-01  ,4.314795221633e-01  ,1.368442358629e+00  ,1.257493196017e+00  ,5.395875269012e-01  
  2.456368709529e-07  ,-9.211795249854e-01  ,7.060073475161e-01  ,8.999609898292e-01  ,8.984977548572e-01  ,4.393712273365e-01  ,1.360550752322e+00  ,1.251501428615e+00  ,5.454940810992e-01  
  2.457368717144e-07  ,-9.052504950851e-01  ,6.939944291960e-01  ,8.999610394976e-01  ,8.984553798707e-01  ,4.473357919550e-01  ,1.352586287040e+00  ,1.245452594469e+00  ,5.514581652726e-01  
  2.458368724758e-07  ,-8.891781429158e-01  ,6.818687483865e-01  ,8.999610893942e-01  ,8.984132434418e-01  ,4.553720179363e-01  ,1.344550160852e+00  ,1.239347617635e+00  ,5.574788692486e-01  
  2.459368732373e-07  ,-8.729649552732e-01  ,6.696322028128e-01  ,8.999611395109e-01  ,8.983713525232e-01  ,4.634786618743e-01  ,1.336443617147e+00  ,1.233187453930e+00  ,5.635552511168e-01  
  2.460368739987e-07  ,-8.566134693866e-01  ,6.572867232387e-01  ,8.999611898396e-01  ,8.983297140662e-01  ,4.716544551463e-01  ,1.328267924533e+00  ,1.226973075686e+00  ,5.696863524469e-01  
  2.461368747602e-07  ,-8.401256262744e-01  ,6.448337725973e-01  ,8.999612403736e-01  ,8.982883333117e-01  ,4.798984272364e-01  ,1.320024053511e+00  ,1.220705219610e+00  ,5.758714470131e-01  
  2.462368755216e-07  ,-8.235046944742e-01  ,6.322758049371e-01  ,8.999612911021e-01  ,8.982472190193e-01  ,4.882089438650e-01  ,1.311713638339e+00  ,1.214385121488e+00  ,5.821093165507e-01  
  2.463368762831e-07  ,-8.067533247245e-01  ,6.196148109568e-01  ,8.999613420173e-01  ,8.982063781363e-01  ,4.965846796550e-01  ,1.303338004380e+00  ,1.208013783615e+00  ,5.883989726579e-01  
  2.464368770445e-07  ,-7.898745939616e-01  ,6.068531359168e-01  ,8.999613931117e-01  ,8.981658184632e-01  ,5.050240961309e-01  ,1.294898690092e+00  ,1.201592386422e+00  ,5.947392505048e-01  
  2.465368778060e-07  ,-7.728702734069e-01  ,5.939921309210e-01  ,8.999614443792e-01  ,8.981255443479e-01  ,5.135263076757e-01  ,1.286396581083e+00  ,1.195121609808e+00  ,6.011294788873e-01  
  2.466368785674e-07  ,-7.557434857955e-01  ,5.810341711477e-01  ,8.999614958092e-01  ,8.980855634251e-01  ,5.220897529114e-01  ,1.277833238707e+00  ,1.188602648999e+00  ,6.075684778513e-01  
  2.467368793289e-07  ,-7.384969384428e-01  ,5.679813125796e-01  ,8.999615473936e-01  ,8.980458823598e-01  ,5.307130781722e-01  ,1.269210016615e+00  ,1.182036538650e+00  ,6.140552260700e-01  
  2.468368800903e-07  ,-7.211337891248e-01  ,5.548359748843e-01  ,8.999615991244e-01  ,8.980065089910e-01  ,5.393947045620e-01  ,1.260528493687e+00  ,1.175424496433e+00  ,6.205885215488e-01  
  2.469368808518e-07  ,-7.036558583664e-01  ,5.415995508085e-01  ,8.999616509958e-01  ,8.979674477000e-01  ,5.481337218126e-01  ,1.251789580179e+00  ,1.168767223104e+00  ,6.271676722957e-01  
  2.470368816132e-07  ,-6.860663562247e-01  ,5.282744875303e-01  ,8.999617029978e-01  ,8.979287060474e-01  ,5.569285248854e-01  ,1.242994881110e+00  ,1.162065949812e+00  ,6.337914622822e-01  
  2.471368823747e-07  ,-6.683680653878e-01  ,5.148629010883e-01  ,8.999617551229e-01  ,8.978902904912e-01  ,5.657777224290e-01  ,1.234145787817e+00  ,1.155321741035e+00  ,6.404588399471e-01  
  2.472368831361e-07  ,-6.505642290870e-01  ,5.013672793795e-01  ,8.999618073629e-01  ,8.978522088535e-01  ,5.746796928194e-01  ,1.225243921906e+00  ,1.148535848543e+00  ,6.471685691638e-01  
  2.473368838976e-07  ,-6.326567155860e-01  ,4.877890532137e-01  ,8.999618597115e-01  ,8.978144655748e-01  ,5.836335019185e-01  ,1.216290217504e+00  ,1.141708992182e+00  ,6.539199389679e-01  
  2.474368846590e-07  ,-6.146488174588e-01  ,4.741307354514e-01  ,8.999619121575e-01  ,8.977770680913e-01  ,5.926375034281e-01  ,1.207286320887e+00  ,1.134842435817e+00  ,6.607117003656e-01  
  2.475368854205e-07  ,-5.965438450211e-01  ,4.603948609415e-01  ,8.999619646922e-01  ,8.977400231361e-01  ,6.016900421816e-01  ,1.198233887203e+00  ,1.127937453607e+00  ,6.675425926653e-01  
  2.476368861819e-07  ,-5.783443174890e-01  ,4.465833741505e-01  ,8.999620173090e-01  ,8.977033358573e-01  ,6.107898585644e-01  ,1.189134176053e+00  ,1.120995022933e+00  ,6.744116487821e-01  
  2.477368869434e-07  ,-5.600523072511e-01  ,4.326978607672e-01  ,8.999620700011e-01  ,8.976670105400e-01  ,6.199359163755e-01  ,1.179988223627e+00  ,1.114015940924e+00  ,6.813180801564e-01  
  2.478368877048e-07  ,-5.416718199289e-01  ,4.187413836583e-01  ,8.999621227559e-01  ,8.976310553876e-01  ,6.291262127915e-01  ,1.170798032720e+00  ,1.107001747217e+00  ,6.882603635585e-01  
  2.479368884663e-07  ,-5.232048004881e-01  ,4.047154238410e-01  ,8.999621755681e-01  ,8.975954741956e-01  ,6.383597753241e-01  ,1.161564575812e+00  ,1.099953186116e+00  ,6.952377622751e-01  
  2.480368892277e-07  ,-5.046546654805e-01  ,3.906225806618e-01  ,8.999622284281e-01  ,8.975602734750e-01  ,6.476348956879e-01  ,1.152289561168e+00  ,1.092871563806e+00  ,7.022489831441e-01  
  2.481368899892e-07  ,-4.860248299046e-01  ,3.764654719695e-01  ,8.999622813267e-01  ,8.975254597691e-01  ,6.569498663744e-01  ,1.142974696279e+00  ,1.085758195754e+00  ,7.092927237843e-01  
  2.482368907506e-07  ,-4.673178869074e-01  ,3.622461032731e-01  ,8.999623342573e-01  ,8.974910382372e-01  ,6.663033908036e-01  ,1.133621277711e+00  ,1.078614089874e+00  ,7.163679866006e-01  
  2.483368915120e-07  ,-4.485359675498e-01  ,3.479661088616e-01  ,8.999623872131e-01  ,8.974570130254e-01  ,6.756944034381e-01  ,1.124230370988e+00  ,1.071440067456e+00  ,7.234739585945e-01  
  2.484368922735e-07  ,-4.296831866730e-01  ,3.336286426867e-01  ,8.999624401815e-01  ,8.974233918569e-01  ,6.851208468451e-01  ,1.114804033518e+00  ,1.064237713200e+00  ,7.306090705135e-01  
  2.485368930349e-07  ,-4.107615390048e-01  ,3.192352275261e-01  ,8.999624931571e-01  ,8.973901782387e-01  ,6.945817236546e-01  ,1.105343262659e+00  ,1.057007792002e+00  ,7.377725644756e-01  
  2.486368937964e-07  ,-3.917745264264e-01  ,3.047885343533e-01  ,8.999625461299e-01  ,8.973573782238e-01  ,7.040752829167e-01  ,1.095849809343e+00  ,1.049751645400e+00  ,7.449631110472e-01  
  2.487368945578e-07  ,-3.727251607201e-01  ,2.902908639060e-01  ,8.999625990914e-01  ,8.973249968723e-01  ,7.136000187313e-01  ,1.086325179451e+00  ,1.042470428825e+00  ,7.521795649194e-01  
  2.488368953193e-07  ,-3.536169369429e-01  ,2.757449118735e-01  ,8.999626520332e-01  ,8.972930399205e-01  ,7.231541835618e-01  ,1.076771120505e+00  ,1.035165495857e+00  ,7.594205839838e-01  
  2.489368960807e-07  ,-3.344518617166e-01  ,2.611522240272e-01  ,8.999627049499e-01  ,8.972615105743e-01  ,7.327367740916e-01  ,1.067188635808e+00  ,1.027837622588e+00  ,7.666853985607e-01  
  2.490368968422e-07  ,-3.152334651596e-01  ,2.465155105882e-01  ,8.999627578305e-01  ,8.972304144878e-01  ,7.423460252507e-01  ,1.057579490410e+00  ,1.020488169782e+00  ,7.739726591937e-01  
  2.491368976036e-07  ,-2.959647927318e-01  ,2.318371040489e-01  ,8.999628106661e-01  ,8.971997566384e-01  ,7.519804143002e-01  ,1.047945207032e+00  ,1.013118308663e+00  ,7.812812046140e-01  
  2.492368983651e-07  ,-2.766493795641e-01  ,2.171197351177e-01  ,8.999628634486e-01  ,8.971695428034e-01  ,7.616381736666e-01  ,1.038287553231e+00  ,1.005729410362e+00  ,7.886096752445e-01  
  2.493368991265e-07  ,-2.572892547057e-01  ,2.023649686019e-01  ,8.999629161720e-01  ,8.971397761367e-01  ,7.713182888191e-01  ,1.028607543525e+00  ,9.983222604377e-01  ,7.959572918358e-01  
  2.494368998880e-07  ,-2.378884807978e-01  ,1.875759402689e-01  ,8.999629688249e-01  ,8.971104628386e-01  ,7.810187284261e-01  ,1.018907209224e+00  ,9.908984329730e-01  ,8.033224927041e-01  
  2.495369006494e-07  ,-2.184497652705e-01  ,1.727547480123e-01  ,8.999630214012e-01  ,8.970816070617e-01  ,7.907381387659e-01  ,1.009187904036e+00  ,9.834589810678e-01  ,8.107042330556e-01  
  2.496369014109e-07  ,-1.989760475950e-01  ,1.579036687201e-01  ,8.999630738928e-01  ,8.970532133237e-01  ,8.004750500953e-01  ,9.994510976903e-01  ,9.760050476837e-01  ,8.181013789636e-01  
  2.497369021723e-07  ,-1.794696136995e-01  ,1.430244566409e-01  ,8.999631262925e-01  ,8.970252850254e-01  ,8.102283194427e-01  ,9.896979331422e-01  ,9.685375133458e-01  ,8.255130567050e-01  
  2.498369029338e-07  ,-1.599343152898e-01  ,1.281200539797e-01  ,8.999631785881e-01  ,8.969978276437e-01  ,8.199960209433e-01  ,9.799303362330e-01  ,9.610578546335e-01  ,8.329378006539e-01  
  2.499369036952e-07  ,-1.403738742993e-01  ,1.131932358521e-01  ,8.999632307673e-01  ,8.969708458478e-01  ,8.297762936176e-01  ,9.701501679170e-01  ,9.535674637739e-01  ,8.403742279218e-01  
  2.500369044567e-07  ,-1.207903796961e-01  ,9.824559066233e-02  ,8.999632828262e-01  ,8.969443422581e-01  ,8.395680929781e-01  ,9.603584726743e-01  ,9.460671375892e-01  ,8.478215469269e-01  
  2.501369052181e-07  ,-1.011873846602e-01  ,8.327990047942e-02  ,8.999633347610e-01  ,8.969183214981e-01  ,8.493696424309e-01  ,9.505570270911e-01  ,9.385582717378e-01  ,8.552783712584e-01  
  2.502369059796e-07  ,-8.156829890329e-02  ,6.829895283952e-02  ,8.999633865667e-01  ,8.968927881535e-01  ,8.591792371150e-01  ,9.407475360183e-01  ,9.310422645733e-01  ,8.627433117338e-01  
  2.503369067410e-07  ,-6.193570360470e-02  ,5.330487440485e-02  ,8.999634382358e-01  ,8.968677457472e-01  ,8.689955864335e-01  ,9.309312900382e-01  ,9.235201829496e-01  ,8.702153085447e-01  
  2.504369075025e-07  ,-4.229183218376e-02  ,3.829939418068e-02  ,8.999634897575e-01  ,8.968431973252e-01  ,8.788175736656e-01  ,9.211094058494e-01  ,9.159928944155e-01  ,8.776935002348e-01  
  2.505369082639e-07  ,-2.264056314226e-02  ,2.328543972047e-02  ,8.999635411152e-01  ,8.968191484182e-01  ,8.886432595440e-01  ,9.112838226863e-01  ,9.084618682784e-01  ,8.851764285580e-01  
  2.506369090254e-07  ,-2.985651762134e-03  ,8.265808709054e-03  ,8.999635923012e-01  ,8.967956046402e-01  ,8.984707664202e-01  ,9.014564181823e-01  ,9.009285089947e-01  ,8.926627002857e-01  
  2.507369097868e-07  ,1.667009328894e-02  ,-6.757366057980e-03  ,8.999636433117e-01  ,8.967725694514e-01  ,9.082986899562e-01  ,8.916285966672e-01  ,8.933938864224e-01  ,9.001512524804e-01  
  2.508369105483e-07  ,3.632364366016e-02  ,-2.178177342917e-02  ,8.999636941381e-01  ,8.967500459084e-01  ,9.181255159682e-01  ,8.818018723080e-01  ,8.858591591938e-01  ,9.076409326230e-01  
  2.509369113097e-07  ,5.597190909136e-02  ,-3.680504258919e-02  ,8.999637447722e-01  ,8.967280369210e-01  ,9.279496993179e-01  ,8.719777902265e-01  ,8.783255156264e-01  ,9.151305582156e-01  
  2.510369120712e-07  ,7.561178627376e-02  ,-5.182478290602e-02  ,8.999637952057e-01  ,8.967065455844e-01  ,9.377696883426e-01  ,8.621579020688e-01  ,8.707941541314e-01  ,9.226189370374e-01  
  2.511369128326e-07  ,9.524092991419e-02  ,-6.683919660950e-02  ,8.999638454310e-01  ,8.966855743240e-01  ,9.475843103881e-01  ,8.523433804739e-01  ,8.632659760192e-01  ,9.301051726287e-01  
  2.512369135941e-07  ,1.148549211397e-01  ,-8.184488641572e-02  ,8.999638954353e-01  ,8.966651274803e-01  ,9.573913560052e-01  ,8.425364348655e-01  ,8.557426842725e-01  ,9.375875706882e-01  
  2.513369143555e-07  ,1.344516835586e-01  ,-9.684025317411e-02  ,8.999639452141e-01  ,8.966452067756e-01  ,9.671897869934e-01  ,8.327381034348e-01  ,8.482250801886e-01  ,9.450653333627e-01  
  2.514369151170e-07  ,1.540270886703e-01  ,-1.118220999408e-01  ,8.999639947601e-01  ,8.966258157813e-01  ,9.769775390952e-01  ,8.229504504249e-01  ,8.407147658109e-01  ,9.525368657517e-01  
  2.515369158784e-07  ,1.735790764585e-01  ,-1.267888295843e-01  ,8.999640440693e-01  ,8.966069568040e-01  ,9.867535822986e-01  ,8.131745058400e-01  ,8.332125420119e-01  ,9.600013715962e-01  
  2.516369166399e-07  ,1.931035410695e-01  ,-1.417372501615e-01  ,8.999640931333e-01  ,8.965886354684e-01  ,9.965158636681e-01  ,8.034123225985e-01  ,8.257200103877e-01  ,9.674572605492e-01  
  2.517369174013e-07  ,2.125977654802e-01  ,-1.566652369958e-01  ,8.999641419457e-01  ,8.965708558809e-01  ,1.006263024686e+00  ,7.936652592056e-01  ,8.182382373830e-01  ,9.749034743788e-01  
  2.518369181628e-07  ,2.320595272481e-01  ,-1.715710652382e-01  ,8.999641905000e-01  ,8.965536209230e-01  ,1.015993954124e+00  ,7.839344268759e-01  ,8.107680883038e-01  ,9.823391535421e-01  
  2.519369189242e-07  ,2.514850524793e-01  ,-1.864518183866e-01  ,8.999642387846e-01  ,8.965369347027e-01  ,1.025706765024e+00  ,7.742217125450e-01  ,8.033110255094e-01  ,9.897628438960e-01  
  2.520369196857e-07  ,2.708707588127e-01  ,-2.013047189828e-01  ,8.999642867911e-01  ,8.965207999250e-01  ,1.035399666197e+00  ,7.645289073848e-01  ,7.958684404336e-01  ,9.971731594164e-01  
  2.521369204471e-07  ,2.902139485975e-01  ,-2.161276552941e-01  ,8.999643345139e-01  ,8.965052186280e-01  ,1.045071308813e+00  ,7.548573602152e-01  ,7.884413909809e-01  ,1.004569046275e+00  
  2.522369212086e-07  ,3.095124153572e-01  ,-2.309189137620e-01  ,8.999643819466e-01  ,8.964901923830e-01  ,1.054720589625e+00  ,7.452081742680e-01  ,7.810307355020e-01  ,1.011949649264e+00  
  2.523369219700e-07  ,3.287619207352e-01  ,-2.456752046448e-01  ,8.999644290782e-01  ,8.964757237817e-01  ,1.064345389446e+00  ,7.355834687106e-01  ,7.736381214594e-01  ,1.019313326104e+00  
  2.524369227315e-07  ,3.479604283386e-01  ,-2.603949535707e-01  ,8.999644759041e-01  ,8.964618138083e-01  ,1.073944690073e+00  ,7.259842617348e-01  ,7.662643370230e-01  ,1.026659290594e+00  
  2.525369234929e-07  ,3.671043760261e-01  ,-2.750754091214e-01  ,8.999645224162e-01  ,8.964484644249e-01  ,1.083516710429e+00  ,7.164123344032e-01  ,7.589107598642e-01  ,1.033986168986e+00  
  2.526369242544e-07  ,3.861907240694e-01  ,-2.897142202540e-01  ,8.999645686067e-01  ,8.964356781284e-01  ,1.093059930641e+00  ,7.068692065720e-01  ,7.515785680014e-01  ,1.041292788255e+00  
  2.527369250158e-07  ,4.052159692486e-01  ,-3.043086527784e-01  ,8.999646144685e-01  ,8.964234586518e-01  ,1.102572599093e+00  ,6.973566298442e-01  ,7.442691322626e-01  ,1.048577785041e+00  
  2.528369257773e-07  ,4.241774679289e-01  ,-3.188566306147e-01  ,8.999646599959e-01  ,8.964118086170e-01  ,1.112053393960e+00  ,6.878759260315e-01  ,7.369834933096e-01  ,1.055840123924e+00  
  2.529369265387e-07  ,4.430730576880e-01  ,-3.333564703640e-01  ,8.999647051831e-01  ,8.964007299097e-01  ,1.121501234027e+00  ,6.784281763392e-01  ,7.297224947277e-01  ,1.063078965092e+00  
  2.530369273002e-07  ,4.618990681493e-01  ,-3.478053288444e-01  ,8.999647500202e-01  ,8.963902254163e-01  ,1.130914284095e+00  ,6.690152159455e-01  ,7.224875609941e-01  ,1.070292889838e+00  
  2.531369280616e-07  ,4.806524992842e-01  ,-3.622008905183e-01  ,8.999647945001e-01  ,8.963802970080e-01  ,1.140291044142e+00  ,6.596385448580e-01  ,7.152798517488e-01  ,1.077480742267e+00  
  2.532369288231e-07  ,4.993299026298e-01  ,-3.765404652448e-01  ,8.999648386165e-01  ,8.963709462710e-01  ,1.149629789931e+00  ,6.502998873016e-01  ,7.081007136486e-01  ,1.084641178893e+00  
  2.533369295845e-07  ,5.179293139829e-01  ,-3.908225215976e-01  ,8.999648823642e-01  ,8.963621737255e-01  ,1.158929539356e+00  ,6.410002253727e-01  ,7.009509129266e-01  ,1.091773434524e+00  
  2.534369303460e-07  ,5.364472931669e-01  ,-4.050443856143e-01  ,8.999649257344e-01  ,8.963539801032e-01  ,1.168188572318e+00  ,6.317412791510e-01  ,6.938317872961e-01  ,1.098876172910e+00  
  2.535369311074e-07  ,5.548804311583e-01  ,-4.192033988223e-01  ,8.999649687201e-01  ,8.963463663666e-01  ,1.177405184299e+00  ,6.225247531410e-01  ,6.867446669555e-01  ,1.105948065778e+00  
  2.536369318689e-07  ,5.732267880831e-01  ,-4.332980485905e-01  ,8.999650113165e-01  ,8.963393334568e-01  ,1.186578405358e+00  ,6.133516172750e-01  ,6.796903091615e-01  ,1.112988357752e+00  
  2.537369326303e-07  ,5.914829679349e-01  ,-4.473256945316e-01  ,8.999650535145e-01  ,8.963328831639e-01  ,1.195706537482e+00  ,6.042235695471e-01  ,6.726700358981e-01  ,1.119995730430e+00  
  2.538369333918e-07  ,6.096460712613e-01  ,-4.612840863893e-01  ,8.999650953069e-01  ,8.963270169688e-01  ,1.204788130938e+00  ,5.951420596762e-01  ,6.656849737742e-01  ,1.126969060163e+00  
  2.539369341532e-07  ,6.277127620295e-01  ,-4.751706135261e-01  ,8.999651366884e-01  ,8.963217363742e-01  ,1.213821517703e+00  ,5.861087556736e-01  ,6.587364296111e-01  ,1.133907043137e+00  
  2.540369349147e-07  ,6.456805283179e-01  ,-4.889832985507e-01  ,8.999651776534e-01  ,8.963170426975e-01  ,1.222805441812e+00  ,5.771249134944e-01  ,6.518253934221e-01  ,1.140808691973e+00  
  2.541369356761e-07  ,6.635473186071e-01  ,-5.027205403346e-01  ,8.999652181962e-01  ,8.963129369719e-01  ,1.231738877500e+00  ,5.681915588927e-01  ,6.449526668046e-01  ,1.147673207139e+00  
  2.542369364376e-07  ,6.813092005122e-01  ,-5.163792731435e-01  ,8.999652583074e-01  ,8.963094205802e-01  ,1.240619858563e+00  ,5.593106580513e-01  ,6.381197840084e-01  ,1.154499057152e+00  
  2.543369371990e-07  ,6.989636875149e-01  ,-5.299575515893e-01  ,8.999652979817e-01  ,8.963064935361e-01  ,1.249447141739e+00  ,5.504834542243e-01  ,6.313277177415e-01  ,1.161285269331e+00  
  2.544369379605e-07  ,7.165087549957e-01  ,-5.434538010406e-01  ,8.999653372144e-01  ,8.963041556590e-01  ,1.258219714712e+00  ,5.417109597166e-01  ,6.245772551387e-01  ,1.168031056179e+00  
  2.545369387219e-07  ,7.339405315923e-01  ,-5.568650078930e-01  ,8.999653759962e-01  ,8.963024066143e-01  ,1.266935641792e+00  ,5.329951102001e-01  ,6.178699026678e-01  ,1.174734910561e+00  
  2.546369394834e-07  ,7.512571708650e-01  ,-5.701897376774e-01  ,8.999654143226e-01  ,8.963012463797e-01  ,1.275593999755e+00  ,5.243368288902e-01  ,6.112063775410e-01  ,1.181396115218e+00  
  2.547369402448e-07  ,7.684554512846e-01  ,-5.834254891865e-01  ,8.999654521865e-01  ,8.963006750648e-01  ,1.284193177829e+00  ,5.157377265442e-01  ,6.045879304716e-01  ,1.188013419658e+00  
  2.548369410063e-07  ,7.855322041924e-01  ,-5.965697843578e-01  ,8.999654895812e-01  ,8.963006928902e-01  ,1.292731591677e+00  ,5.071993874850e-01  ,5.980158007113e-01  ,1.194585585069e+00  
  2.549369417677e-07  ,8.024856326280e-01  ,-6.096212166877e-01  ,8.999655265027e-01  ,8.963012999422e-01  ,1.301208342817e+00  ,4.987227101887e-01  ,5.914906915984e-01  ,1.201111908286e+00  
  2.550369425292e-07  ,8.193125961726e-01  ,-6.225773345550e-01  ,8.999655629438e-01  ,8.963024964227e-01  ,1.309621861030e+00  ,4.903092648575e-01  ,5.850138291452e-01  ,1.207591163700e+00  
  2.551369432906e-07  ,8.360099981499e-01  ,-6.354357111766e-01  ,8.999655988977e-01  ,8.963042826220e-01  ,1.317970597973e+00  ,4.819605998228e-01  ,5.785864270338e-01  ,1.214022138210e+00  
  2.552369440521e-07  ,8.525760822088e-01  ,-6.481949700777e-01  ,8.999656343613e-01  ,8.963066586065e-01  ,1.326253675466e+00  ,4.736775932569e-01  ,5.722091735676e-01  ,1.220404143645e+00  
  2.553369448135e-07  ,8.690077794657e-01  ,-6.608527129225e-01  ,8.999656693274e-01  ,8.963096241880e-01  ,1.334469559060e+00  ,4.654617795946e-01  ,5.658832677267e-01  ,1.226735980649e+00  
  2.554369455750e-07  ,8.853020656324e-01  ,-6.734065679931e-01  ,8.999657037899e-01  ,8.963131784059e-01  ,1.342616736606e+00  ,4.573146709737e-01  ,5.596098944094e-01  ,1.233016462402e+00  
  2.555369463364e-07  ,9.014572265176e-01  ,-6.858551909502e-01  ,8.999657377454e-01  ,8.963173205165e-01  ,1.350694351004e+00  ,4.492371244866e-01  ,5.533897250415e-01  ,1.239244915992e+00  
  2.556369470979e-07  ,9.174702681225e-01  ,-6.981962403485e-01  ,8.999657711873e-01  ,8.963220492285e-01  ,1.358700905249e+00  ,4.412306371261e-01  ,5.472239290542e-01  ,1.245420169403e+00  
  2.557369478593e-07  ,9.333386470307e-01  ,-7.104277305528e-01  ,8.999658041091e-01  ,8.963273635116e-01  ,1.366635127624e+00  ,4.332964805938e-01  ,5.411134982352e-01  ,1.251541228788e+00  
  2.558369486207e-07  ,9.490594498826e-01  ,-7.225473686003e-01  ,8.999658365064e-01  ,8.963332622059e-01  ,1.374495561448e+00  ,4.254361115651e-01  ,5.350595779057e-01  ,1.257606946506e+00  
  2.559369493822e-07  ,9.646310246422e-01  ,-7.345538559812e-01  ,8.999658683752e-01  ,8.963397446275e-01  ,1.382281380696e+00  ,4.176503560541e-01  ,5.290628166369e-01  ,1.263616672618e+00  
  2.560369501436e-07  ,9.800504864042e-01  ,-7.464449322526e-01  ,8.999658997083e-01  ,8.963468096204e-01  ,1.389991142910e+00  ,4.099406565062e-01  ,5.231243434941e-01  ,1.269569275747e+00  
  2.561369509051e-07  ,9.953153860125e-01  ,-7.582186827282e-01  ,8.999659305013e-01  ,8.963544563080e-01  ,1.397623623508e+00  ,4.023082374951e-01  ,5.172451149439e-01  ,1.275463797672e+00  
  2.562369516665e-07  ,1.010422920858e+00  ,-7.698728989049e-01  ,8.999659607499e-01  ,8.963626836333e-01  ,1.405177421179e+00  ,3.947545003208e-01  ,5.114262341809e-01  ,1.281299133086e+00  
  2.563369524280e-07  ,1.025370992647e+00  ,-7.814059177825e-01  ,8.999659904495e-01  ,8.963714904827e-01  ,1.412651486773e+00  ,3.872804941261e-01  ,5.056685315915e-01  ,1.287074449374e+00  
  2.564369531894e-07  ,1.040157893945e+00  ,-7.928163972719e-01  ,8.999660195966e-01  ,8.963808757686e-01  ,1.420044966569e+00  ,3.798870726239e-01  ,4.999726771327e-01  ,1.292789074405e+00  
  2.565369539509e-07  ,1.054780740598e+00  ,-8.041020808586e-01  ,8.999660481845e-01  ,8.963908374391e-01  ,1.427356418484e+00  ,3.725756778853e-01  ,4.943397970098e-01  ,1.298441877868e+00  
  2.566369547123e-07  ,1.069236831323e+00  ,-8.152608504126e-01  ,8.999660762088e-01  ,8.964013732671e-01  ,1.434584491870e+00  ,3.653476605474e-01  ,4.887709480608e-01  ,1.304031798473e+00  
  2.567369554738e-07  ,1.083524643059e+00  ,-8.262915089816e-01  ,8.999661036668e-01  ,8.964124819776e-01  ,1.441728425196e+00  ,3.582037821372e-01  ,4.832667274868e-01  ,1.309558236468e+00  
  2.568369562352e-07  ,1.097641522214e+00  ,-8.371919754885e-01  ,8.999661305527e-01  ,8.964241612318e-01  ,1.448786891659e+00  ,3.511453694459e-01  ,4.778281734876e-01  ,1.315020148976e+00  
  2.569369569967e-07  ,1.111584870748e+00  ,-8.479602031217e-01  ,8.999661568619e-01  ,8.964364084280e-01  ,1.455758592236e+00  ,3.441737214877e-01  ,4.724563068672e-01  ,1.320416509989e+00  
  2.570369577581e-07  ,1.125352751437e+00  ,-8.585946541309e-01  ,8.999661825919e-01  ,8.964492216803e-01  ,1.462642558310e+00  ,3.372898068734e-01  ,4.671518946149e-01  ,1.325746548746e+00  
  2.571369585196e-07  ,1.138943084487e+00  ,-8.690936794408e-01  ,8.999662077388e-01  ,8.964625991439e-01  ,1.469437749982e+00  ,3.304946654954e-01  ,4.619157594235e-01  ,1.331009438864e+00  
  2.572369592810e-07  ,1.152354270861e+00  ,-8.794560223947e-01  ,8.999662322988e-01  ,8.964765394548e-01  ,1.476143367729e+00  ,3.237890968684e-01  ,4.567485282574e-01  ,1.336204550652e+00  
  2.573369600425e-07  ,1.165583642459e+00  ,-8.896795954245e-01  ,8.999662562660e-01  ,8.964910402285e-01  ,1.482758077495e+00  ,3.171744350367e-01  ,4.516512425163e-01  ,1.341330837941e+00  
  2.574369608039e-07  ,1.178629085095e+00  ,-8.997627477665e-01  ,8.999662796376e-01  ,8.965060992093e-01  ,1.489280822185e+00  ,3.106517370898e-01  ,4.466247253260e-01  ,1.346387473093e+00  
  2.575369615654e-07  ,1.191488200218e+00  ,-9.097035838844e-01  ,8.999663024105e-01  ,8.965217133991e-01  ,1.495710402520e+00  ,3.042222023013e-01  ,4.416699214569e-01  ,1.351373505341e+00  
  2.576369623268e-07  ,1.204159203520e+00  ,-9.195006830175e-01  ,8.999663245817e-01  ,8.965378804220e-01  ,1.502045926342e+00  ,2.978867228217e-01  ,4.367875389133e-01  ,1.356288221931e+00  
  2.577369630883e-07  ,1.216640647990e+00  ,-9.291529016040e-01  ,8.999663461484e-01  ,8.965545983026e-01  ,1.508286670144e+00  ,2.916460221534e-01  ,4.319781475006e-01  ,1.361131049105e+00  
  2.578369638497e-07  ,1.228929781796e+00  ,-9.386580663320e-01  ,8.999663671055e-01  ,8.965718631096e-01  ,1.514431258004e+00  ,2.855014762075e-01  ,4.272428299436e-01  ,1.365900896276e+00  
  2.579369646112e-07  ,1.241025306346e+00  ,-9.480151552701e-01  ,8.999663874507e-01  ,8.965896728642e-01  ,1.520479040624e+00  ,2.794537342777e-01  ,4.225820952291e-01  ,1.370597250499e+00  
  2.580369653726e-07  ,1.252924967736e+00  ,-9.572223957501e-01  ,8.999664071803e-01  ,8.966080240854e-01  ,1.526428891048e+00  ,2.735039233124e-01  ,4.179968262104e-01  ,1.375219221960e+00  
  2.581369661341e-07  ,1.264626577378e+00  ,-9.662780546439e-01  ,8.999664262911e-01  ,8.966269132939e-01  ,1.532279714980e+00  ,2.676531376019e-01  ,4.134878859720e-01  ,1.379765940616e+00  
  2.582369668955e-07  ,1.276128512235e+00  ,-9.751808364361e-01  ,8.999664447813e-01  ,8.966463378812e-01  ,1.538030700899e+00  ,2.619021886639e-01  ,4.090559196631e-01  ,1.384236756099e+00  
  2.583369676570e-07  ,1.287429458552e+00  ,-9.839297000101e-01  ,8.999664626488e-01  ,8.966662957526e-01  ,1.543681191925e+00  ,2.562517333726e-01  ,4.047014457475e-01  ,1.388631145758e+00  
  2.584369684184e-07  ,1.298526923246e+00  ,-9.925226706904e-01  ,8.999664798893e-01  ,8.966867828784e-01  ,1.549229941512e+00  ,2.507030182663e-01  ,4.004254475332e-01  ,1.392948118224e+00  
  2.585369691799e-07  ,1.309419359578e+00  ,-1.000958518509e+00  ,8.999664965006e-01  ,8.967077965471e-01  ,1.554676176290e+00  ,2.452568167115e-01  ,3.962285372923e-01  ,1.397187055802e+00  
  2.586369699413e-07  ,1.320105519230e+00  ,-1.009236255943e+00  ,8.999665124809e-01  ,8.967293344237e-01  ,1.560019272096e+00  ,2.399137528658e-01  ,3.921112064521e-01  ,1.401347462395e+00  
  2.587369707028e-07  ,1.330583308074e+00  ,-1.017354230835e+00  ,8.999665278263e-01  ,8.967513923435e-01  ,1.565258181863e+00  ,2.346748737895e-01  ,3.880742769259e-01  ,1.405428507761e+00  
  2.588369714642e-07  ,1.340851056954e+00  ,-1.025311126674e+00  ,8.999665425345e-01  ,8.967739665887e-01  ,1.570392071011e+00  ,2.295410140575e-01  ,3.841184032518e-01  ,1.409429529926e+00  
  2.589369722257e-07  ,1.350906882689e+00  ,-1.033105442458e+00  ,8.999665566041e-01  ,8.967970528054e-01  ,1.575419997949e+00  ,2.245131152594e-01  ,3.802443315766e-01  ,1.413349774034e+00  
  2.590369729871e-07  ,1.360749393654e+00  ,-1.040736061437e+00  ,8.999665700331e-01  ,8.968206476886e-01  ,1.580341266860e+00  ,2.195918732063e-01  ,3.764526169703e-01  ,1.417188678407e+00  
  2.591369737486e-07  ,1.370377106244e+00  ,-1.048201794441e+00  ,8.999665828194e-01  ,8.968447475998e-01  ,1.585155135941e+00  ,2.147780296975e-01  ,3.727438503793e-01  ,1.420945644820e+00  
  2.592369745100e-07  ,1.379788887916e+00  ,-1.055501741223e+00  ,8.999665949610e-01  ,8.968693497121e-01  ,1.589861038919e+00  ,2.100721510028e-01  ,3.691184791004e-01  ,1.424620220324e+00  
  2.593369752715e-07  ,1.388982624425e+00  ,-1.062634222417e+00  ,8.999666064551e-01  ,8.968944486924e-01  ,1.594457918668e+00  ,2.054752942427e-01  ,3.655773374841e-01  ,1.428211559901e+00  
  2.594369760329e-07  ,1.397957343812e+00  ,-1.069598467816e+00  ,8.999666173005e-01  ,8.969200420699e-01  ,1.598945289207e+00  ,2.009879453945e-01  ,3.621208081619e-01  ,1.431719275978e+00  
  2.595369767944e-07  ,1.406711368490e+00  ,-1.076393147460e+00  ,8.999666274952e-01  ,8.969461255176e-01  ,1.603322311740e+00  ,1.966109432500e-01  ,3.587495517875e-01  ,1.435142699248e+00  
  2.596369775558e-07  ,1.415243090911e+00  ,-1.083016976350e+00  ,8.999666370377e-01  ,8.969726944743e-01  ,1.607588182493e+00  ,1.923450915820e-01  ,3.554642062993e-01  ,1.438481182649e+00  
  2.597369783173e-07  ,1.423551616676e+00  ,-1.089469238340e+00  ,8.999666459270e-01  ,8.969997461434e-01  ,1.611742454265e+00  ,1.881908375889e-01  ,3.522651269735e-01  ,1.441734365313e+00  
  2.598369790787e-07  ,1.431635400449e+00  ,-1.095748698430e+00  ,8.999666541615e-01  ,8.970272755240e-01  ,1.615784354386e+00  ,1.841489539368e-01  ,3.491529263089e-01  ,1.444901624739e+00  
  2.599369798402e-07  ,1.439492960380e+00  ,-1.101854167468e+00  ,8.999666617393e-01  ,8.970552774756e-01  ,1.619713141930e+00  ,1.802201815491e-01  ,3.461281937413e-01  ,1.447982361210e+00  
  2.600369806016e-07  ,1.447123473441e+00  ,-1.107784984424e+00  ,8.999666686598e-01  ,8.970837490189e-01  ,1.623528405380e+00  ,1.764049319393e-01  ,3.431912568071e-01  ,1.450976241231e+00  
  2.601369813631e-07  ,1.454525519603e+00  ,-1.113540011076e+00  ,8.999666749214e-01  ,8.971126848302e-01  ,1.627229434723e+00  ,1.727039151198e-01  ,3.403426792923e-01  ,1.453882690368e+00  
  2.602369821245e-07  ,1.461697925023e+00  ,-1.119118307079e+00  ,8.999666805229e-01  ,8.971420801846e-01  ,1.630815643034e+00  ,1.691177180115e-01  ,3.375829266452e-01  ,1.456701233724e+00  
  2.603369828860e-07  ,1.468639555119e+00  ,-1.124518960229e+00  ,8.999666854642e-01  ,8.971719304246e-01  ,1.634286463024e+00  ,1.656469079045e-01  ,3.349124503100e-01  ,1.459431410539e+00  
  2.604369836474e-07  ,1.475349313038e+00  ,-1.129741086626e+00  ,8.999666897444e-01  ,8.972022310872e-01  ,1.637641346263e+00  ,1.622920332254e-01  ,3.323316877741e-01  ,1.462072774400e+00  
  2.605369844089e-07  ,1.481825974153e+00  ,-1.134783693815e+00  ,8.999666933624e-01  ,8.972329769261e-01  ,1.640879680439e+00  ,1.590537062860e-01  ,3.298411300187e-01  ,1.464624823833e+00  
  2.606369851703e-07  ,1.488068861580e+00  ,-1.139646233751e+00  ,8.999666963181e-01  ,8.972641647730e-01  ,1.644001127108e+00  ,1.559322655282e-01  ,3.274410478976e-01  ,1.467087281648e+00  
  2.607369859318e-07  ,1.494076658260e+00  ,-1.144327639111e+00  ,8.999666986106e-01  ,8.972957881132e-01  ,1.647005027741e+00  ,1.529283694806e-01  ,3.251319685577e-01  ,1.469459607669e+00  
  2.608369866932e-07  ,1.499848534217e+00  ,-1.148827234691e+00  ,8.999667002397e-01  ,8.973278424921e-01  ,1.649890967348e+00  ,1.500424331311e-01  ,3.229142251468e-01  ,1.471741459837e+00  
  2.609369874547e-07  ,1.505383828819e+00  ,-1.153144485599e+00  ,8.999667012049e-01  ,8.973603242616e-01  ,1.652658615614e+00  ,1.472747867954e-01  ,3.207880814620e-01  ,1.473932567061e+00  
  2.610369882161e-07  ,1.510681448844e+00  ,-1.157278508657e+00  ,8.999667015057e-01  ,8.973932271205e-01  ,1.655307425928e+00  ,1.446259770835e-01  ,3.187539727919e-01  ,1.476032481449e+00  
  2.611369889776e-07  ,1.515740421387e+00  ,-1.161228513978e+00  ,8.999667011422e-01  ,8.974265446879e-01  ,1.657836911836e+00  ,1.420964904487e-01  ,3.168122876991e-01  ,1.478040801677e+00  
  2.612369897390e-07  ,1.520560216893e+00  ,-1.164994069759e+00  ,8.999667001147e-01  ,8.974602732361e-01  ,1.660246808561e+00  ,1.396865916684e-01  ,3.149632383567e-01  ,1.479957308115e+00  
  2.613369905005e-07  ,1.525139815332e+00  ,-1.168574341861e+00  ,8.999666984233e-01  ,8.974944054061e-01  ,1.662536606089e+00  ,1.373967907574e-01  ,3.132072344754e-01  ,1.481781576337e+00  
  2.614369912619e-07  ,1.529478586469e+00  ,-1.171968811388e+00  ,8.999666960681e-01  ,8.975289363955e-01  ,1.664705989303e+00  ,1.352274028337e-01  ,3.115445307014e-01  ,1.483513342090e+00  
  2.615369920234e-07  ,1.533576033763e+00  ,-1.175177070744e+00  ,8.999666930493e-01  ,8.975638622893e-01  ,1.666754709931e+00  ,1.331786761680e-01  ,3.099753269171e-01  ,1.485152397662e+00  
  2.616369927848e-07  ,1.537431343616e+00  ,-1.178198452638e+00  ,8.999666893673e-01  ,8.975991763881e-01  ,1.668682361175e+00  ,1.312510175594e-01  ,3.084999500690e-01  ,1.486698402707e+00  
  2.617369935463e-07  ,1.541043810598e+00  ,-1.181032374344e+00  ,8.999666850228e-01  ,8.976348720944e-01  ,1.670488590322e+00  ,1.294447797239e-01  ,3.071186849226e-01  ,1.488151059266e+00  
  2.618369943077e-07  ,1.544413058105e+00  ,-1.183678522819e+00  ,8.999666800165e-01  ,8.976709455728e-01  ,1.672173209069e+00  ,1.277601509642e-01  ,3.058316841633e-01  ,1.489510206982e+00  
  2.619369950692e-07  ,1.547538451986e+00  ,-1.186136370240e+00  ,8.999666743492e-01  ,8.977073900573e-01  ,1.673735900342e+00  ,1.261974483564e-01  ,3.046392049374e-01  ,1.490775575177e+00  
  2.620369958306e-07  ,1.550419497257e+00  ,-1.188405502095e+00  ,8.999666680218e-01  ,8.977441996150e-01  ,1.675176416650e+00  ,1.247569193933e-01  ,3.035414485676e-01  ,1.491946950662e+00  
  2.621369965921e-07  ,1.553055738717e+00  ,-1.190485534016e+00  ,8.999666610354e-01  ,8.977813681569e-01  ,1.676494530394e+00  ,1.234387916771e-01  ,3.025386011489e-01  ,1.493024135165e+00  
  2.622369973535e-07  ,1.555446699218e+00  ,-1.192376058698e+00  ,8.999666533912e-01  ,8.978188884202e-01  ,1.677690003000e+00  ,1.222433037825e-01  ,3.016308590715e-01  ,1.494006917769e+00  
  2.623369981150e-07  ,1.557592055543e+00  ,-1.194076797206e+00  ,8.999666450904e-01  ,8.978567548398e-01  ,1.678762672862e+00  ,1.211706173189e-01  ,3.008183562367e-01  ,1.494895153443e+00  
  2.624369988764e-07  ,1.559491562531e+00  ,-1.195587537229e+00  ,8.999666361338e-01  ,8.978949628966e-01  ,1.679712417399e+00  ,1.202208548681e-01  ,3.001011942822e-01  ,1.495688731511e+00  
  2.625369996379e-07  ,1.561144833992e+00  ,-1.196907942427e+00  ,8.999666265230e-01  ,8.979335049474e-01  ,1.680539043519e+00  ,1.193942095270e-01  ,2.994795337340e-01  ,1.496387476161e+00  
  2.626370003993e-07  ,1.562551571710e+00  ,-1.198037747086e+00  ,8.999666162600e-01  ,8.979723736971e-01  ,1.681242402115e+00  ,1.186908304050e-01  ,2.989535001542e-01  ,1.496991247240e+00  
  2.627370011608e-07  ,1.563711588975e+00  ,-1.198976780348e+00  ,8.999666053461e-01  ,8.980115635507e-01  ,1.681822399833e+00  ,1.181108108589e-01  ,2.985231733765e-01  ,1.497499953725e+00  
  2.628370019222e-07  ,1.564624713997e+00  ,-1.199724881218e+00  ,8.999665937832e-01  ,8.980510683847e-01  ,1.682278950782e+00  ,1.176542367846e-01  ,2.981886277755e-01  ,1.497913508994e+00  
  2.629370026837e-07  ,1.565290836748e+00  ,-1.200281942719e+00  ,8.999665815725e-01  ,8.980908834393e-01  ,1.682611999946e+00  ,1.173211631986e-01  ,2.979499120796e-01  ,1.498231854799e+00  
  2.630370034451e-07  ,1.565709793966e+00  ,-1.200647797569e+00  ,8.999665687167e-01  ,8.981309995609e-01  ,1.682821465700e+00  ,1.171116717336e-01  ,2.978071007766e-01  ,1.498454898345e+00  
  2.631370042065e-07  ,1.565881546138e+00  ,-1.200822395654e+00  ,8.999665552173e-01  ,8.981714123256e-01  ,1.682907328286e+00  ,1.170257821481e-01  ,2.977602144986e-01  ,1.498582610153e+00  
  2.632370049680e-07  ,1.565806050848e+00  ,-1.200805669673e+00  ,8.999665410767e-01  ,8.982121139369e-01  ,1.682869566501e+00  ,1.170635156528e-01  ,2.978092791002e-01  ,1.498614948774e+00  
  2.633370057294e-07  ,1.565483329421e+00  ,-1.200597603317e+00  ,8.999665262975e-01  ,8.982530964903e-01  ,1.682708191008e+00  ,1.172248615870e-01  ,2.979542948318e-01  ,1.498551898149e+00  
  2.634370064909e-07  ,1.564913436505e+00  ,-1.200198215889e+00  ,8.999665108819e-01  ,8.982943539416e-01  ,1.682423229134e+00  ,1.175097926294e-01  ,2.981952459973e-01  ,1.498393461886e+00  
  2.635370072523e-07  ,1.564096462075e+00  ,-1.199607552473e+00  ,8.999664948321e-01  ,8.983358797545e-01  ,1.682014725870e+00  ,1.179182637945e-01  ,2.985321035179e-01  ,1.498139655991e+00  
  2.636370080138e-07  ,1.563032499429e+00  ,-1.198825664658e+00  ,8.999664781501e-01  ,8.983776689114e-01  ,1.681482727864e+00  ,1.184502284358e-01  ,2.989648365825e-01  ,1.497790501240e+00  
  2.637370087752e-07  ,1.561721738491e+00  ,-1.197852663318e+00  ,8.999664608395e-01  ,8.984197130172e-01  ,1.680827330085e+00  ,1.191055915938e-01  ,2.994933813581e-01  ,1.497346044676e+00  
  2.638370095367e-07  ,1.560164390646e+00  ,-1.196688682312e+00  ,8.999664429030e-01  ,8.984620053048e-01  ,1.680048638226e+00  ,1.198842475801e-01  ,3.001176641488e-01  ,1.496806346461e+00  
  2.639370102981e-07  ,1.558360749698e+00  ,-1.195333919388e+00  ,8.999664243436e-01  ,8.985045378370e-01  ,1.679146799193e+00  ,1.207860494946e-01  ,3.008375781432e-01  ,1.496171497531e+00  
  2.640370110596e-07  ,1.556311076330e+00  ,-1.193788556862e+00  ,8.999664051640e-01  ,8.985473045193e-01  ,1.678121943329e+00  ,1.218108669988e-01  ,3.016530260886e-01  ,1.495441582950e+00  
  2.641370118210e-07  ,1.554015683971e+00  ,-1.192052816331e+00  ,8.999663853670e-01  ,8.985902986945e-01  ,1.676974227352e+00  ,1.229585433817e-01  ,3.025638905292e-01  ,1.494616706860e+00  
  2.642370125825e-07  ,1.551474839437e+00  ,-1.190126885091e+00  ,8.999663649554e-01  ,8.986335151969e-01  ,1.675703784674e+00  ,1.242289452371e-01  ,3.035700726512e-01  ,1.493696957743e+00  
  2.643370133439e-07  ,1.548689024615e+00  ,-1.188011101213e+00  ,8.999663439332e-01  ,8.986769453114e-01  ,1.674310856241e+00  ,1.256218316258e-01  ,3.046713947048e-01  ,1.492682495918e+00  
  2.644370141054e-07  ,1.545658763505e+00  ,-1.185705840108e+00  ,8.999663223043e-01  ,8.987205807491e-01  ,1.672795704057e+00  ,1.271369405520e-01  ,3.058676606951e-01  ,1.491573500803e+00  
  2.645370148668e-07  ,1.542384488799e+00  ,-1.183211419248e+00  ,8.999663000715e-01  ,8.987644152251e-01  ,1.671158544471e+00  ,1.287740556721e-01  ,3.071587056010e-01  ,1.490370124849e+00  
  2.646370156283e-07  ,1.538866574456e+00  ,-1.180528110872e+00  ,8.999662772375e-01  ,8.988084436559e-01  ,1.669399564466e+00  ,1.305329900093e-01  ,3.085443882197e-01  ,1.489072499092e+00  
  2.647370163897e-07  ,1.535105686642e+00  ,-1.177656398558e+00  ,8.999662538070e-01  ,8.988526574540e-01  ,1.667519097128e+00  ,1.324134104861e-01  ,3.100244581749e-01  ,1.487680856733e+00  
  2.648370171512e-07  ,1.531102426429e+00  ,-1.174596720043e+00  ,8.999662297838e-01  ,8.988970495816e-01  ,1.665517442998e+00  ,1.344150165691e-01  ,3.115986895598e-01  ,1.486195409603e+00  
  2.649370179126e-07  ,1.526857429477e+00  ,-1.171349543155e+00  ,8.999662051715e-01  ,8.989416129584e-01  ,1.663394919910e+00  ,1.365374904328e-01  ,3.132668413808e-01  ,1.484616384536e+00  
  2.650370186741e-07  ,1.522371481449e+00  ,-1.167915454541e+00  ,8.999661799748e-01  ,8.989863393618e-01  ,1.661151920699e+00  ,1.387804392500e-01  ,3.150286120912e-01  ,1.482944066632e+00  
  2.651370194355e-07  ,1.517645058008e+00  ,-1.164294809391e+00  ,8.999661541962e-01  ,8.990312241191e-01  ,1.658788683200e+00  ,1.411436251923e-01  ,3.168838194234e-01  ,1.481178628815e+00  
  2.652370201970e-07  ,1.512679020913e+00  ,-1.160488249196e+00  ,8.999661278408e-01  ,8.990762590006e-01  ,1.656305638297e+00  ,1.436266173843e-01  ,3.188321344024e-01  ,1.479320383599e+00  
  2.653370209584e-07  ,1.507474159607e+00  ,-1.156496361420e+00  ,8.999661009128e-01  ,8.991214367786e-01  ,1.653703180716e+00  ,1.462290211096e-01  ,3.208732560687e-01  ,1.477369617489e+00  
  2.654370217199e-07  ,1.502031298828e+00  ,-1.152319763204e+00  ,8.999660734164e-01  ,8.991667500814e-01  ,1.650981722830e+00  ,1.489504240027e-01  ,3.230068684793e-01  ,1.475326631684e+00  
  2.655370224813e-07  ,1.496351299809e+00  ,-1.147959101282e+00  ,8.999660453560e-01  ,8.992121916047e-01  ,1.648141695261e+00  ,1.517903954514e-01  ,3.252326409638e-01  ,1.473191742246e+00  
  2.656370232428e-07  ,1.490435060805e+00  ,-1.143415051894e+00  ,8.999660167363e-01  ,8.992577542099e-01  ,1.645183547139e+00  ,1.547484863340e-01  ,3.275502282628e-01  ,1.470965280157e+00  
  2.657370240042e-07  ,1.484283517259e+00  ,-1.138688320683e+00  ,8.999659875613e-01  ,8.993034307314e-01  ,1.642107746191e+00  ,1.578242289317e-01  ,3.299592703897e-01  ,1.468647591073e+00  
  2.658370247657e-07  ,1.477897641811e+00  ,-1.133779642559e+00  ,8.999659578360e-01  ,8.993492138074e-01  ,1.638914778741e+00  ,1.610171369306e-01  ,3.324593925281e-01  ,1.466239035087e+00  
  2.659370255271e-07  ,1.471278444200e+00  ,-1.128689781570e+00  ,8.999659275654e-01  ,8.993950960476e-01  ,1.635605149666e+00  ,1.643267054652e-01  ,3.350502052629e-01  ,1.463739986832e+00  
  2.660370262886e-07  ,1.464427144812e+00  ,-1.123419668611e+00  ,8.999658967546e-01  ,8.994410691013e-01  ,1.632179469160e+00  ,1.677523243488e-01  ,3.377312347956e-01  ,1.461150903407e+00  
  2.661370270500e-07  ,1.457344468040e+00  ,-1.117969854902e+00  ,8.999658654070e-01  ,8.994871282502e-01  ,1.628638099427e+00  ,1.712936313872e-01  ,3.405022007991e-01  ,1.458472055701e+00  
  2.662370278115e-07  ,1.450031711806e+00  ,-1.112341324260e+00  ,8.999658335288e-01  ,8.995332650897e-01  ,1.624981689432e+00  ,1.749499776256e-01  ,3.433626029599e-01  ,1.455703927219e+00  
  2.663370285729e-07  ,1.442490038980e+00  ,-1.106534956166e+00  ,8.999658011251e-01  ,8.995794721064e-01  ,1.621210820615e+00  ,1.787207816348e-01  ,3.463119940232e-01  ,1.452846950190e+00  
  2.664370293344e-07  ,1.434720842366e+00  ,-1.100551815450e+00  ,8.999657682014e-01  ,8.996257404965e-01  ,1.617326189384e+00  ,1.826053470185e-01  ,3.493498327714e-01  ,1.449901648222e+00  
  2.665370300958e-07  ,1.426724943624e+00  ,-1.094392529488e+00  ,8.999657347614e-01  ,8.996720653673e-01  ,1.613328206573e+00  ,1.866032629495e-01  ,3.524758006235e-01  ,1.446868330111e+00  
  2.666370308573e-07  ,1.418503810519e+00  ,-1.088058215005e+00  ,8.999657008117e-01  ,8.997184382071e-01  ,1.609217606071e+00  ,1.907137955524e-01  ,3.556893307047e-01  ,1.443747545709e+00  
  2.667370316187e-07  ,1.410058750318e+00  ,-1.081549864707e+00  ,8.999656663576e-01  ,8.997648516257e-01  ,1.604995041517e+00  ,1.949362911987e-01  ,3.589899192724e-01  ,1.440539783979e+00  
  2.668370323802e-07  ,1.401391101699e+00  ,-1.074868499213e+00  ,8.999656314044e-01  ,8.998112979952e-01  ,1.600661182254e+00  ,1.992700805549e-01  ,3.623770483886e-01  ,1.437245547602e+00  
  2.669370331416e-07  ,1.392502236664e+00  ,-1.068015166884e+00  ,8.999655959579e-01  ,8.998577697421e-01  ,1.596216714290e+00  ,2.037144776258e-01  ,3.658501862999e-01  ,1.433865353184e+00  
  2.670370339031e-07  ,1.383393792467e+00  ,-1.060991128335e+00  ,8.999655600242e-01  ,8.999042584127e-01  ,1.591662456258e+00  ,2.082686637907e-01  ,3.694086942451e-01  ,1.430399822580e+00  
  2.671370346645e-07  ,1.374066730849e+00  ,-1.053797122198e+00  ,8.999655236068e-01  ,8.999507592036e-01  ,1.586998889031e+00  ,2.129321581821e-01  ,3.730521981045e-01  ,1.426849320303e+00  
  2.672370354260e-07  ,1.364522765178e+00  ,-1.046434459238e+00  ,8.999654867131e-01  ,8.999972634904e-01  ,1.582226869302e+00  ,2.177041041242e-01  ,3.767800338714e-01  ,1.423214493109e+00  
  2.673370361874e-07  ,1.354763412816e+00  ,-1.038904297195e+00  ,8.999654493491e-01  ,9.000437635118e-01  ,1.577347155757e+00  ,2.225837429411e-01  ,3.805916149140e-01  ,1.419495912109e+00  
  2.674370369489e-07  ,1.344790220767e+00  ,-1.031207820685e+00  ,8.999654115201e-01  ,9.000902515499e-01  ,1.572360521904e+00  ,2.275703011366e-01  ,3.844863412075e-01  ,1.415694161892e+00  
  2.675370377103e-07  ,1.334604767779e+00  ,-1.023346241031e+00  ,8.999653732324e-01  ,9.001367202215e-01  ,1.567267757122e+00  ,2.326629893431e-01  ,3.884635997058e-01  ,1.411809840737e+00  
  2.676370384718e-07  ,1.324208929119e+00  ,-1.015321007525e+00  ,8.999653344924e-01  ,9.001831609199e-01  ,1.562069799052e+00  ,2.378608699330e-01  ,3.925226571575e-01  ,1.407843664682e+00  
  2.677370392332e-07  ,1.313603801941e+00  ,-1.007132965857e+00  ,8.999652953040e-01  ,9.002295685192e-01  ,1.556767196275e+00  ,2.431633943334e-01  ,3.966630855904e-01  ,1.403796051448e+00  
  2.678370399947e-07  ,1.302791336448e+00  ,-9.987836133641e-01  ,8.999652556753e-01  ,9.002759339547e-01  ,1.551360923899e+00  ,2.485695874512e-01  ,4.008841272726e-01  ,1.399667740637e+00  
  2.679370407561e-07  ,1.291773251721e+00  ,-9.902742662234e-01  ,8.999652156130e-01  ,9.003222495539e-01  ,1.545851841474e+00  ,2.540785897522e-01  ,4.051851164422e-01  ,1.395459382666e+00  
  2.680370415176e-07  ,1.280551579483e+00  ,-9.816064949157e-01  ,8.999651751228e-01  ,9.003685068066e-01  ,1.540240964864e+00  ,2.596893853813e-01  ,4.095652593488e-01  ,1.391171754265e+00  
  2.681370422790e-07  ,1.269127890668e+00  ,-9.727815223801e-01  ,8.999651342103e-01  ,9.004146992032e-01  ,1.534529079544e+00  ,2.654011888764e-01  ,4.140239380131e-01  ,1.386805460393e+00  
  2.682370430405e-07  ,1.257503489620e+00  ,-9.638003541584e-01  ,8.999650928809e-01  ,9.004608213194e-01  ,1.528716837691e+00  ,2.712133480710e-01  ,4.185606442403e-01  ,1.382360998399e+00  
  2.683370438019e-07  ,1.245680620313e+00  ,-9.546647108876e-01  ,8.999650511430e-01  ,9.005068638249e-01  ,1.522805361299e+00  ,2.771247409867e-01  ,4.231745083811e-01  ,1.377839219269e+00  
  2.684370445634e-07  ,1.233661170649e+00  ,-9.453760351014e-01  ,8.999650090033e-01  ,9.005528189983e-01  ,1.516795594328e+00  ,2.831344236790e-01  ,4.278648014476e-01  ,1.373240836549e+00  
  2.685370453248e-07  ,1.221447359760e+00  ,-9.359360431764e-01  ,8.999649664684e-01  ,9.005986781330e-01  ,1.510688646348e+00  ,2.892412865884e-01  ,4.326306565448e-01  ,1.368566699721e+00  
  2.686370460863e-07  ,1.209040477393e+00  ,-9.263457321328e-01  ,8.999649235431e-01  ,9.006444363338e-01  ,1.504485162240e+00  ,2.954446848467e-01  ,4.374715702674e-01  ,1.363817302400e+00  
  2.687370468477e-07  ,1.196442809013e+00  ,-9.166068628347e-01  ,8.999648802359e-01  ,9.006900849620e-01  ,1.498186284742e+00  ,3.017434757294e-01  ,4.423866535446e-01  ,1.358993516379e+00  
  2.688370476092e-07  ,1.183656356990e+00  ,-9.067209748490e-01  ,8.999648365534e-01  ,9.007356164328e-01  ,1.491793015048e+00  ,3.081366580585e-01  ,4.473751290083e-01  ,1.354096103857e+00  
  2.689370483706e-07  ,1.170683477098e+00  ,-8.966898964260e-01  ,8.999647925025e-01  ,9.007810218517e-01  ,1.485306531051e+00  ,3.146230539537e-01  ,4.524360736386e-01  ,1.349125970065e+00  
  2.690370491321e-07  ,1.157525537869e+00  ,-8.865146878352e-01  ,8.999647480885e-01  ,9.008262962750e-01  ,1.478727517023e+00  ,3.212019791539e-01  ,4.575689523574e-01  ,1.344083640193e+00  
  2.691370498935e-07  ,1.144184962929e+00  ,-8.761972199646e-01  ,8.999647033201e-01  ,9.008714312257e-01  ,1.472057184784e+00  ,3.278722218558e-01  ,4.627728212434e-01  ,1.338970041208e+00  
  2.692370506550e-07  ,1.130663872673e+00  ,-8.657391254558e-01  ,8.999646582040e-01  ,9.009164195560e-01  ,1.465296594540e+00  ,3.346327218676e-01  ,4.680468568281e-01  ,1.333785982284e+00  
  2.693370514164e-07  ,1.116964758016e+00  ,-8.551423398148e-01  ,8.999646127472e-01  ,9.009612525296e-01  ,1.458446991755e+00  ,3.414822337393e-01  ,4.733900826222e-01  ,1.328532422437e+00  
  2.694370521779e-07  ,1.103089533745e+00  ,-8.444083607874e-01  ,8.999645669561e-01  ,9.010059233753e-01  ,1.451509333829e+00  ,3.484198000834e-01  ,4.788017429816e-01  ,1.323210103769e+00  
  2.695370529393e-07  ,1.089040300264e+00  ,-8.335388282778e-01  ,8.999645208377e-01  ,9.010504249646e-01  ,1.444484670970e+00  ,3.554443707059e-01  ,4.842810108257e-01  ,1.317819839103e+00  
  2.696370537008e-07  ,1.074818706525e+00  ,-8.225350158048e-01  ,8.999644743982e-01  ,9.010947519393e-01  ,1.437373827661e+00  ,3.625551211359e-01  ,4.898272440369e-01  ,1.312362259842e+00  
  2.697370544622e-07  ,1.060427551967e+00  ,-8.113990738056e-01  ,8.999644276478e-01  ,9.011388953648e-01  ,1.430178203631e+00  ,3.697506516641e-01  ,4.954393584621e-01  ,1.306838432268e+00  
  2.698370552237e-07  ,1.045869511334e+00  ,-8.001330648242e-01  ,8.999643805941e-01  ,9.011828467142e-01  ,1.422899136261e+00  ,3.770296249272e-01  ,5.011163143022e-01  ,1.301249379126e+00  
  2.699370559851e-07  ,1.031146125605e+00  ,-7.887381814151e-01  ,8.999643332419e-01  ,9.012266010819e-01  ,1.415537396044e+00  ,3.843912704396e-01  ,5.068575103744e-01  ,1.295595691789e+00  
  2.700370567466e-07  ,1.016260115201e+00  ,-7.772165243203e-01  ,8.999642856006e-01  ,9.012701500918e-01  ,1.408094343201e+00  ,3.918342280003e-01  ,5.126618879316e-01  ,1.289878412252e+00  
  2.701370575080e-07  ,1.001213846368e+00  ,-7.655699200674e-01  ,8.999642376782e-01  ,9.013134869624e-01  ,1.400571160862e+00  ,3.993573144941e-01  ,5.185285269287e-01  ,1.284098446996e+00  
  2.702370582695e-07  ,9.860100889892e-01  ,-7.538005269720e-01  ,8.999641894815e-01  ,9.013566037155e-01  ,1.392969233976e+00  ,4.069591449869e-01  ,5.244563402295e-01  ,1.278256867201e+00  
  2.703370590309e-07  ,9.706509656273e-01  ,-7.419100099453e-01  ,8.999641410176e-01  ,9.013994939729e-01  ,1.385289623831e+00  ,4.146386582039e-01  ,5.304444890002e-01  ,1.272354498946e+00  
  2.704370597924e-07  ,9.551382291443e-01  ,-7.298997309125e-01  ,8.999640922929e-01  ,9.014421525551e-01  ,1.377533206865e+00  ,4.223949777208e-01  ,5.364922870989e-01  ,1.266392018011e+00  
  2.705370605538e-07  ,9.394752817935e-01  ,-7.177723304810e-01  ,8.999640433185e-01  ,9.014845697003e-01  ,1.369701684215e+00  ,4.302264024217e-01  ,5.425984044598e-01  ,1.260370734941e+00  
  2.706370613152e-07  ,9.236637872211e-01  ,-7.055290935856e-01  ,8.999639940992e-01  ,9.015267408421e-01  ,1.361795887710e+00  ,4.381321004886e-01  ,5.487621940493e-01  ,1.254291287635e+00  
  2.707370620767e-07  ,9.077066759427e-01  ,-6.931722812574e-01  ,8.999639446441e-01  ,9.015686578964e-01  ,1.353817282615e+00  ,4.461106066727e-01  ,5.549825172677e-01  ,1.248154798525e+00  
  2.708370628381e-07  ,8.916064865506e-01  ,-6.807038547674e-01  ,8.999638949614e-01  ,9.016103137310e-01  ,1.345767138237e+00  ,4.541606516861e-01  ,5.612583863472e-01  ,1.241962241115e+00  
  2.709370635996e-07  ,8.753661832824e-01  ,-6.681261267069e-01  ,8.999638450592e-01  ,9.016517002275e-01  ,1.337646936700e+00  ,4.622807534180e-01  ,5.675886368741e-01  ,1.235714763581e+00  
  2.710370643610e-07  ,8.589874774845e-01  ,-6.554404303258e-01  ,8.999637949432e-01  ,9.016928130321e-01  ,1.329457533685e+00  ,4.704700562010e-01  ,5.739725978692e-01  ,1.229413028195e+00  
  2.711370651225e-07  ,8.424738107500e-01  ,-6.426494494001e-01  ,8.999637446245e-01  ,9.017336435550e-01  ,1.321200649999e+00  ,4.787268392495e-01  ,5.804089188550e-01  ,1.223058368255e+00  
  2.712370658839e-07  ,8.258274955865e-01  ,-6.297549945718e-01  ,8.999636941096e-01  ,9.017741859867e-01  ,1.312877441903e+00  ,4.870499463164e-01  ,5.868966887008e-01  ,1.216651683273e+00  
  2.713370666454e-07  ,8.090510549936e-01  ,-6.167590404581e-01  ,8.999636434062e-01  ,9.018144339614e-01  ,1.304489170903e+00  ,4.954381159094e-01  ,5.934349137323e-01  ,1.210193954190e+00  
  2.714370674068e-07  ,7.921471013111e-01  ,-6.036636270221e-01  ,8.999635925225e-01  ,9.018543810096e-01  ,1.296037143178e+00  ,5.038900418669e-01  ,6.000225674986e-01  ,1.203686194521e+00  
  2.715370681683e-07  ,7.751176422819e-01  ,-5.904703065393e-01  ,8.999635414652e-01  ,9.018940222990e-01  ,1.287522362606e+00  ,5.124047203243e-01  ,6.066588690293e-01  ,1.197129175569e+00  
  2.716370689297e-07  ,7.579660615090e-01  ,-5.771816833921e-01  ,8.999634902454e-01  ,9.019333497868e-01  ,1.278946521000e+00  ,5.209804594909e-01  ,6.133425080908e-01  ,1.190524191483e+00  
  2.717370696912e-07  ,7.406955463436e-01  ,-5.638002243115e-01  ,8.999634388715e-01  ,9.019723558672e-01  ,1.270311212043e+00  ,5.296156656996e-01  ,6.200722437114e-01  ,1.183872468023e+00  
  2.718370704526e-07  ,7.233085143201e-01  ,-5.503278242318e-01  ,8.999633873497e-01  ,9.020110347506e-01  ,1.261617644510e+00  ,5.383091301896e-01  ,6.268471226347e-01  ,1.177174946867e+00  
  2.719370712141e-07  ,7.058069536090e-01  ,-5.367660296977e-01  ,8.999633356869e-01  ,9.020493818481e-01  ,1.252866812491e+00  ,5.470598588823e-01  ,6.336663669992e-01  ,1.170432396697e+00  
  2.720370719755e-07  ,6.881942571360e-01  ,-5.231174688491e-01  ,8.999632838947e-01  ,9.020873895933e-01  ,1.244060412463e+00  ,5.558661553267e-01  ,6.405286551687e-01  ,1.163646124018e+00  
  2.721370727370e-07  ,6.704732328023e-01  ,-5.093843118175e-01  ,8.999632319813e-01  ,9.021250520440e-01  ,1.235199848382e+00  ,5.647266155801e-01  ,6.474328961352e-01  ,1.156817207953e+00  
  2.722370734984e-07  ,6.526466905755e-01  ,-4.955687424329e-01  ,8.999631799535e-01  ,9.021623631926e-01  ,1.226286525241e+00  ,5.736398346657e-01  ,6.543779919762e-01  ,1.149946734409e+00  
  2.723370742599e-07  ,6.347179054715e-01  ,-4.816733265992e-01  ,8.999631278212e-01  ,9.021993160924e-01  ,1.217322080557e+00  ,5.826041750854e-01  ,6.613626527928e-01  ,1.143035979392e+00  
  2.724370750213e-07  ,6.166887638932e-01  ,-4.676995392004e-01  ,8.999630755895e-01  ,9.022359069318e-01  ,1.208307457536e+00  ,5.916186936429e-01  ,6.683861373316e-01  ,1.136085676532e+00  
  2.725370757828e-07  ,5.985630522854e-01  ,-4.536503425718e-01  ,8.999630232685e-01  ,9.022721280258e-01  ,1.199244549411e+00  ,6.006814971259e-01  ,6.754469567399e-01  ,1.129097299312e+00  
  2.726370765442e-07  ,5.803433056361e-01  ,-4.395277270825e-01  ,8.999629708655e-01  ,9.023079739401e-01  ,1.190134623684e+00  ,6.097913180474e-01  ,6.825441103989e-01  ,1.122071837481e+00  
  2.727370773057e-07  ,5.620322835046e-01  ,-4.253338582472e-01  ,8.999629183883e-01  ,9.023434386787e-01  ,1.180979060141e+00  ,6.189467766360e-01  ,6.896765095551e-01  ,1.115010367802e+00  
  2.728370780671e-07  ,5.436321374515e-01  ,-4.110704082264e-01  ,8.999628658443e-01  ,9.023785177121e-01  ,1.171778934570e+00  ,6.281467971186e-01  ,6.968433135989e-01  ,1.107913721825e+00  
  2.729370788286e-07  ,5.251469750638e-01  ,-3.967405673553e-01  ,8.999628132458e-01  ,9.024132028174e-01  ,1.162536300778e+00  ,6.373893257140e-01  ,7.040429191398e-01  ,1.100783486495e+00  
  2.730370795900e-07  ,5.065787619346e-01  ,-3.823458573531e-01  ,8.999627605983e-01  ,9.024474903605e-01  ,1.153252141566e+00  ,6.466733796311e-01  ,7.112745616840e-01  ,1.093620419037e+00  
  2.731370803515e-07  ,4.879309473651e-01  ,-3.678889481812e-01  ,8.999627079114e-01  ,9.024813739955e-01  ,1.143928181594e+00  ,6.559972342288e-01  ,7.185368999049e-01  ,1.086425848086e+00  
  2.732370811129e-07  ,4.692069730414e-01  ,-3.533725267347e-01  ,8.999626551944e-01  ,9.025148474318e-01  ,1.134566141715e+00  ,6.653591686737e-01  ,7.258285840645e-01  ,1.079201110799e+00  
  2.733370818744e-07  ,4.504088123632e-01  ,-3.387981348376e-01  ,8.999626024530e-01  ,9.025479072204e-01  ,1.125167008635e+00  ,6.747581962714e-01  ,7.331488398016e-01  ,1.071946974639e+00  
  2.734370826358e-07  ,4.315399367644e-01  ,-3.241684769141e-01  ,8.999625496972e-01  ,9.025805475354e-01  ,1.115732518079e+00  ,6.841925813150e-01  ,7.404963090783e-01  ,1.064664785992e+00  
  2.735370833973e-07  ,4.126038232030e-01  ,-3.094862725539e-01  ,8.999624969365e-01  ,9.026127626629e-01  ,1.106264408538e+00  ,6.936605853350e-01  ,7.478696263860e-01  ,1.057355898940e+00  
  2.736370841587e-07  ,3.936031116456e-01  ,-2.947536026952e-01  ,8.999624441768e-01  ,9.026445479114e-01  ,1.096764000000e+00  ,7.031608883540e-01  ,7.552677465638e-01  ,1.050021349259e+00  
  2.737370849202e-07  ,3.745399708966e-01  ,-2.799721619571e-01  ,8.999623914247e-01  ,9.026758993645e-01  ,1.087232376873e+00  ,7.126924059764e-01  ,7.626898183860e-01  ,1.042661980343e+00  
  2.738370856816e-07  ,3.554185867125e-01  ,-2.651452180367e-01  ,8.999623386923e-01  ,9.027068095142e-01  ,1.077671632049e+00  ,7.222530453360e-01  ,7.701342004959e-01  ,1.035279418533e+00  
  2.739370864431e-07  ,3.362416407517e-01  ,-2.502748726571e-01  ,8.999622859857e-01  ,9.027372736916e-01  ,1.068083106362e+00  ,7.318414656099e-01  ,7.775998373631e-01  ,1.027874710020e+00  
  2.740370872045e-07  ,3.170120419162e-01  ,-2.353634081922e-01  ,8.999622333123e-01  ,9.027672869292e-01  ,1.058468254270e+00  ,7.414562123542e-01  ,7.850855828331e-01  ,1.020448991025e+00  
  2.741370879660e-07  ,2.977320517057e-01  ,-2.204125840349e-01  ,8.999621806793e-01  ,9.027968454635e-01  ,1.048828206532e+00  ,7.510961548264e-01  ,7.925905534461e-01  ,1.013003137481e+00  
  2.742370887274e-07  ,2.784054809959e-01  ,-2.054253523256e-01  ,8.999621280988e-01  ,9.028259431287e-01  ,1.039164868597e+00  ,7.607593876008e-01  ,8.001132669659e-01  ,1.005538619292e+00  
  2.743370894889e-07  ,2.590354176192e-01  ,-1.904041014608e-01  ,8.999620755788e-01  ,9.028545753143e-01  ,1.029479784388e+00  ,7.704443667692e-01  ,8.076525245839e-01  ,9.980566260447e-01  
  2.744370902503e-07  ,2.396249349855e-01  ,-1.753512254558e-01  ,8.999620231263e-01  ,9.028827377659e-01  ,1.019774490619e+00  ,7.801495556335e-01  ,8.152071250380e-01  ,9.905583504938e-01  
  2.745370910118e-07  ,2.201775966829e-01  ,-1.602695243957e-01  ,8.999619707510e-01  ,9.029104257350e-01  ,1.010050769092e+00  ,7.898731724095e-01  ,8.227756635371e-01  ,9.830451879329e-01  
  2.746370917732e-07  ,2.006954466318e-01  ,-1.451606015465e-01  ,8.999619184583e-01  ,9.029376364656e-01  ,1.000309641774e+00  ,7.996141951424e-01  ,8.303573356923e-01  ,9.755179372389e-01  
  2.747370925347e-07  ,1.811820782031e-01  ,-1.300272655858e-01  ,8.999618662580e-01  ,9.029643649823e-01  ,9.905529053596e-01  ,8.093708271564e-01  ,8.379507321894e-01  ,9.679779977752e-01  
  2.748370932961e-07  ,1.616405869401e-01  ,-1.148719292937e-01  ,8.999618141588e-01  ,9.029906066993e-01  ,9.807821076289e-01  ,8.191415206888e-01  ,8.455546420524e-01  ,9.604265713461e-01  
  2.749370940576e-07  ,1.420746576210e-01  ,-9.969741256940e-02  ,8.999617621723e-01  ,9.030163561197e-01  ,9.709990909828e-01  ,8.289244333618e-01  ,8.531676498350e-01  ,9.528650624044e-01  
  2.750370948190e-07  ,1.224863712874e-01  ,-8.450532898673e-02  ,8.999617103028e-01  ,9.030416102168e-01  ,9.612048959465e-01  ,8.387185246591e-01  ,8.607889457235e-01  ,9.452942747102e-01  
  2.751370955805e-07  ,1.028792751189e-01  ,-6.929850425311e-02  ,8.999616585543e-01  ,9.030663638665e-01  ,9.514012961137e-01  ,8.485220209949e-01  ,8.684171117399e-01  ,9.377156159930e-01  
  2.752370963419e-07  ,8.325677084651e-02  ,-5.407976846076e-02  ,8.999616069304e-01  ,9.030906121741e-01  ,9.415899923537e-01  ,8.583332215072e-01  ,8.760507279437e-01  ,9.301304964044e-01  
  2.753370971034e-07  ,6.362157146590e-02  ,-3.885127993362e-02  ,8.999615554445e-01  ,9.031143513796e-01  ,9.317723411775e-01  ,8.681507697116e-01  ,8.836887114128e-01  ,9.225399913464e-01  
  2.754370978648e-07  ,4.397591791717e-02  ,-2.361479304655e-02  ,8.999615041051e-01  ,9.031375784331e-01  ,9.219494630637e-01  ,8.779735451466e-01  ,8.913301819098e-01  ,9.149449749563e-01  
  2.755370986263e-07  ,2.432365547228e-02  ,-8.373277741059e-03  ,8.999614529245e-01  ,9.031602882598e-01  ,9.121232806606e-01  ,8.877996251883e-01  ,8.989736493892e-01  ,9.073469271303e-01  
  2.756370993877e-07  ,4.668001408186e-03  ,6.870834457512e-03  ,8.999614019109e-01  ,9.031824770481e-01  ,9.022954026150e-01  ,8.976274012068e-01  ,9.066178942769e-01  ,8.997470598193e-01  
  2.757371001492e-07  ,-1.498735007708e-02  ,2.211470598231e-02  ,8.999613510737e-01  ,9.032041410989e-01  ,8.924676760351e-01  ,9.074550261122e-01  ,9.142614940901e-01  ,8.921467881078e-01  
  2.758371009106e-07  ,-3.463964319382e-02  ,3.735617471624e-02  ,8.999613004170e-01  ,9.032252778611e-01  ,8.826414788201e-01  ,9.172811220139e-01  ,9.219033652193e-01  ,8.845471905030e-01  
  2.759371016721e-07  ,-5.428590104134e-02  ,5.259289865043e-02  ,8.999612499483e-01  ,9.032458842902e-01  ,8.728182994276e-01  ,9.271042004689e-01  ,9.295423336154e-01  ,8.769494349650e-01  
  2.760371024335e-07  ,-7.392307069817e-02  ,6.782247634486e-02  ,8.999611996768e-01  ,9.032659569493e-01  ,8.629996643277e-01  ,9.369227350259e-01  ,9.371771951218e-01  ,8.693547187769e-01  
  2.761371031950e-07  ,-9.354882433459e-02  ,8.304309226673e-02  ,8.999611496101e-01  ,9.032854931753e-01  ,8.531867374428e-01  ,9.467355617774e-01  ,9.448070393086e-01  ,8.617639470419e-01  
  2.762371039564e-07  ,-1.131587594985e-01  ,9.825131192428e-02  ,8.999610997602e-01  ,9.033044882126e-01  ,8.433817200109e-01  ,9.565404795095e-01  ,9.524301441747e-01  ,8.541788322504e-01  
  2.763371047179e-07  ,-1.327507981624e-01  ,1.134455169719e-01  ,8.999610501316e-01  ,9.033229400817e-01  ,8.335856510504e-01  ,9.663364492128e-01  ,9.600456985676e-01  ,8.466001815957e-01  
  2.764371054793e-07  ,-1.523213061744e-01  ,1.286228766848e-01  ,8.999610007318e-01  ,9.033408452935e-01  ,8.238003476446e-01  ,9.761216538190e-01  ,9.676522836358e-01  ,8.390294069511e-01  
  2.765371062408e-07  ,-1.718666856566e-01  ,1.437805643561e-01  ,8.999609515676e-01  ,9.033581998473e-01  ,8.140276087393e-01  ,9.858942943959e-01  ,9.752484820253e-01  ,8.314679176692e-01  
  2.766371070022e-07  ,-1.913848845521e-01  ,1.589169667417e-01  ,8.999609026437e-01  ,9.033750012325e-01  ,8.042684603677e-01  ,9.956533449198e-01  ,9.828334846034e-01  ,8.239165178617e-01  
  2.767371077637e-07  ,-2.108723041245e-01  ,1.740292629377e-01  ,8.999608539701e-01  ,9.033912453026e-01  ,7.945247019079e-01  ,1.005397006032e+00  ,9.904058767714e-01  ,8.163766138337e-01  
  2.768371085251e-07  ,-2.303253659571e-01  ,1.891146380829e-01  ,8.999608055566e-01  ,9.034069289066e-01  ,7.847981225781e-01  ,1.015123488535e+00  ,9.979642479481e-01  ,8.088496098651e-01  
  2.769371092866e-07  ,-2.497413687649e-01  ,2.041709517963e-01  ,8.999607574091e-01  ,9.034220501056e-01  ,7.750900730267e-01  ,1.024831441792e+00  ,1.005507526004e+00  ,8.013365742075e-01  
  2.770371100480e-07  ,-2.691181015215e-01  ,2.191964671639e-01  ,8.999607095342e-01  ,9.034366072795e-01  ,7.654016587734e-01  ,1.034519760295e+00  ,1.013034840861e+00  ,7.938383736976e-01  
  2.771371108095e-07  ,-2.884518087245e-01  ,2.341882484460e-01  ,8.999606619430e-01  ,9.034505975708e-01  ,7.557347575808e-01  ,1.044186566305e+00  ,1.020544721794e+00  ,7.863564733478e-01  
  2.772371115709e-07  ,-3.077394156537e-01  ,2.491439007310e-01  ,8.999606146424e-01  ,9.034640185810e-01  ,7.460909068156e-01  ,1.053830322469e+00  ,1.028035968946e+00  ,7.788920682155e-01  
  2.773371123324e-07  ,-3.269773825579e-01  ,2.640606376896e-01  ,8.999605676386e-01  ,9.034768679098e-01  ,7.364718763597e-01  ,1.063449258918e+00  ,1.035507186755e+00  ,7.714465490650e-01  
  2.774371130938e-07  ,-3.461636903419e-01  ,2.789368711260e-01  ,8.999605209373e-01  ,9.034891443284e-01  ,7.268786757663e-01  ,1.073042366108e+00  ,1.042957579891e+00  ,7.640207087654e-01  
  2.775371138553e-07  ,-3.652943127559e-01  ,2.937694310673e-01  ,8.999604745484e-01  ,9.035008451489e-01  ,7.173133181705e-01  ,1.082607630926e+00  ,1.050385560683e+00  ,7.566161296152e-01  
  2.776371146167e-07  ,-3.843672357234e-01  ,3.085567380720e-01  ,8.999604284770e-01  ,9.035119687729e-01  ,7.077768106154e-01  ,1.092144046339e+00  ,1.057790337809e+00  ,7.492335997368e-01  
  2.777371153782e-07  ,-4.033789328253e-01  ,3.232960329361e-01  ,8.999603827322e-01  ,9.035225122965e-01  ,6.982709163196e-01  ,1.101649849145e+00  ,1.065170528765e+00  ,7.418744958284e-01  
  2.778371161396e-07  ,-4.223263909150e-01  ,3.379849600036e-01  ,8.999603373219e-01  ,9.035324734122e-01  ,6.887971418644e-01  ,1.111123532779e+00  ,1.072524953414e+00  ,7.345399934104e-01  
  2.779371169011e-07  ,-4.412061379269e-01  ,3.526207818026e-01  ,8.999602922525e-01  ,9.035418503768e-01  ,6.793572232890e-01  ,1.120563361216e+00  ,1.079852241278e+00  ,7.272314594755e-01  
  2.780371176625e-07  ,-4.600155549492e-01  ,3.672014212649e-01  ,8.999602475296e-01  ,9.035506422634e-01  ,6.699524700550e-01  ,1.129968025004e+00  ,1.087151352896e+00  ,7.199499316310e-01  
  2.781371184239e-07  ,-4.787518081205e-01  ,3.817246351868e-01  ,8.999602031600e-01  ,9.035588479468e-01  ,6.605842990997e-01  ,1.139336107220e+00  ,1.094421165540e+00  ,7.126965303534e-01  
  2.782371191854e-07  ,-4.974119918525e-01  ,3.961881310768e-01  ,8.999601591509e-01  ,9.035664661373e-01  ,6.512541632246e-01  ,1.148666155077e+00  ,1.101660531676e+00  ,7.054724005989e-01  
  2.783371199468e-07  ,-5.159938940087e-01  ,4.105901808080e-01  ,8.999601155084e-01  ,9.035734958510e-01  ,6.419631685040e-01  ,1.157957062513e+00  ,1.108868586255e+00  ,6.982784054470e-01  
  2.784371207083e-07  ,-5.344933410123e-01  ,4.249275254959e-01  ,8.999600722430e-01  ,9.035799354263e-01  ,6.327134017369e-01  ,1.167206742749e+00  ,1.116043698174e+00  ,6.911161726783e-01  
  2.785371214697e-07  ,-5.529083723661e-01  ,4.391986378096e-01  ,8.999600293593e-01  ,9.035857842607e-01  ,6.235058431763e-01  ,1.176414215542e+00  ,1.123185103166e+00  ,6.839864653559e-01  
  2.786371222312e-07  ,-5.712355674954e-01  ,4.534008518939e-01  ,8.999599868650e-01  ,9.035910413457e-01  ,6.143422031173e-01  ,1.185577770613e+00  ,1.130291467293e+00  ,6.768906153987e-01  
  2.787371229926e-07  ,-5.894720215958e-01  ,4.675318961951e-01  ,8.999599447668e-01  ,9.035957057693e-01  ,6.052239339689e-01  ,1.194695955565e+00  ,1.137361653867e+00  ,6.698297576717e-01  
  2.788371237541e-07  ,-6.076143968142e-01  ,4.815891358996e-01  ,8.999599030713e-01  ,9.035997764037e-01  ,5.961527046642e-01  ,1.203767101478e+00  ,1.144394344354e+00  ,6.628052084540e-01  
  2.789371245155e-07  ,-6.256601809538e-01  ,4.955705756593e-01  ,8.999598617839e-01  ,9.036032526350e-01  ,5.871297713070e-01  ,1.212789952261e+00  ,1.151388540465e+00  ,6.558179648053e-01  
  2.790371252770e-07  ,-6.436073223261e-01  ,5.094745999291e-01  ,8.999598209101e-01  ,9.036061341218e-01  ,5.781561597470e-01  ,1.221763482073e+00  ,1.158343434086e+00  ,6.488688341572e-01  
  2.791371260384e-07  ,-6.614523434327e-01  ,5.232984839552e-01  ,8.999597804589e-01  ,9.036084204532e-01  ,5.692336087426e-01  ,1.230685952175e+00  ,1.165257662431e+00  ,6.419591784756e-01  
  2.792371267999e-07  ,-6.791924106085e-01  ,5.370400157076e-01  ,8.999597404362e-01  ,9.036101114396e-01  ,5.603635351320e-01  ,1.239555945740e+00  ,1.172130119293e+00  ,6.350901035858e-01  
  2.793371275613e-07  ,-6.968242743769e-01  ,5.506966322388e-01  ,8.999597008474e-01  ,9.036112067865e-01  ,5.515475636589e-01  ,1.248371838036e+00  ,1.178959522906e+00  ,6.282628906671e-01  
  2.794371283228e-07  ,-7.143454929222e-01  ,5.642663948032e-01  ,8.999596616976e-01  ,9.036117063921e-01  ,5.427869152365e-01  ,1.257132408159e+00  ,1.185744903794e+00  ,6.214785089905e-01  
  2.795371290842e-07  ,-7.317540737397e-01  ,5.777477346905e-01  ,8.999596229920e-01  ,9.036116102557e-01  ,5.340825861221e-01  ,1.265836659862e+00  ,1.192485477601e+00  ,6.147377429104e-01  
  2.796371298457e-07  ,-7.490466421760e-01  ,5.911380077590e-01  ,8.999595847392e-01  ,9.036109184086e-01  ,5.254362636512e-01  ,1.274482905827e+00  ,1.199179922288e+00  ,6.080419145291e-01  
  2.797371306071e-07  ,-7.662204527615e-01  ,6.044350704158e-01  ,8.999595469453e-01  ,9.036096308172e-01  ,5.168493205645e-01  ,1.283069773326e+00  ,1.205827166025e+00  ,6.013920956092e-01  
  2.798371313686e-07  ,-7.832723608795e-01  ,6.176364419177e-01  ,8.999595096162e-01  ,9.036077474853e-01  ,5.083233291764e-01  ,1.291595690056e+00  ,1.212425968444e+00  ,5.947895265264e-01  
  2.799371321300e-07  ,-8.002005812372e-01  ,6.307407147780e-01  ,8.999594727563e-01  ,9.036052686797e-01  ,4.998591821377e-01  ,1.300059763375e+00  ,1.218975626069e+00  ,5.882349112908e-01  
  2.800371328915e-07  ,-8.170015660445e-01  ,6.437450895331e-01  ,8.999594363732e-01  ,9.036021952975e-01  ,4.914586533510e-01  ,1.308460219395e+00  ,1.225474740064e+00  ,5.817296505310e-01  
  2.801371336529e-07  ,-8.336735511888e-01  ,6.566481795328e-01  ,8.999594004705e-01  ,9.035985278853e-01  ,4.831226248761e-01  ,1.316796176065e+00  ,1.231922617652e+00  ,5.752744381189e-01  
  2.802371344144e-07  ,-8.502130359873e-01  ,6.694472276919e-01  ,8.999593650552e-01  ,9.035942672667e-01  ,4.748528470616e-01  ,1.325065883049e+00  ,1.238317881113e+00  ,5.688706534207e-01  
  2.803371351758e-07  ,-8.666177245186e-01  ,6.821404166608e-01  ,8.999593301321e-01  ,9.035894139219e-01  ,4.666504678728e-01  ,1.333268192391e+00  ,1.244659622252e+00  ,5.625192055914e-01  
  2.804371359373e-07  ,-8.828857481771e-01  ,6.947262777963e-01  ,8.999592957056e-01  ,9.035839684107e-01  ,4.585164216171e-01  ,1.341402169794e+00  ,1.250947107309e+00  ,5.562208295126e-01  
  2.805371366987e-07  ,-8.990135372774e-01  ,7.072020059180e-01  ,8.999592617834e-01  ,9.035779321035e-01  ,4.504524931447e-01  ,1.349466030422e+00  ,1.257178935062e+00  ,5.499769291445e-01  
  2.806371374602e-07  ,-9.149993928930e-01  ,7.195662703560e-01  ,8.999592283690e-01  ,9.035713057267e-01  ,4.424595319224e-01  ,1.357458924815e+00  ,1.263354440905e+00  ,5.437881705486e-01  
  2.807371382216e-07  ,-9.308403545887e-01  ,7.318167542924e-01  ,8.999591954684e-01  ,9.035640903505e-01  ,4.345390181741e-01  ,1.365379372763e+00  ,1.269472467497e+00  ,5.376557132043e-01  
  2.808371389831e-07  ,-9.465335195855e-01  ,7.439511709203e-01  ,8.999591630875e-01  ,9.035562869133e-01  ,4.266924032948e-01  ,1.373225922880e+00  ,1.275531872373e+00  ,5.315807014532e-01  
  2.809371397445e-07  ,-9.620772456282e-01  ,7.559682257583e-01  ,8.999591312297e-01  ,9.035478962420e-01  ,4.189205084156e-01  ,1.380997754044e+00  ,1.281532009121e+00  ,5.255637833628e-01  
  2.810371405060e-07  ,-9.774686667576e-01  ,7.678656659142e-01  ,8.999590999010e-01  ,9.035389201314e-01  ,4.112247665222e-01  ,1.388693433280e+00  ,1.287471753089e+00  ,5.196060871743e-01  
  2.811371412674e-07  ,-9.927049666399e-01  ,7.796412700000e-01  ,8.999590691067e-01  ,9.035293606469e-01  ,4.036065857867e-01  ,1.396311552427e+00  ,1.293349995647e+00  ,5.137087256469e-01  
  2.812371420289e-07  ,-1.007784039664e+00  ,7.912933656370e-01  ,8.999590388501e-01  ,9.035192190576e-01  ,3.960670190183e-01  ,1.403851058682e+00  ,1.299165901876e+00  ,5.078725362391e-01  
  2.813371427903e-07  ,-1.022703620903e+00  ,8.028201566861e-01  ,8.999590091358e-01  ,9.035084967555e-01  ,3.886071986841e-01  ,1.411310819588e+00  ,1.304918575099e+00  ,5.020984184124e-01  
  2.814371435518e-07  ,-1.037461965669e+00  ,8.142202725076e-01  ,8.999589799680e-01  ,9.034971949331e-01  ,3.812279971336e-01  ,1.418689962802e+00  ,1.310607331187e+00  ,4.963870586793e-01  
  2.815371443132e-07  ,-1.052056158162e+00  ,8.254914333693e-01  ,8.999589513532e-01  ,9.034853157834e-01  ,3.739308722723e-01  ,1.425987030434e+00  ,1.316231032468e+00  ,4.907395990987e-01  
  2.816371450747e-07  ,-1.066483513536e+00  ,8.366315341119e-01  ,8.999589232954e-01  ,9.034728615324e-01  ,3.667171665275e-01  ,1.433200680063e+00  ,1.321788628588e+00  ,4.851570944764e-01  
  2.817371458361e-07  ,-1.080742035088e+00  ,8.476389924240e-01  ,8.999588957977e-01  ,9.034598337445e-01  ,3.595878782538e-01  ,1.440329913342e+00  ,1.327279329956e+00  ,4.796403375325e-01  
  2.818371465976e-07  ,-1.094829580051e+00  ,8.585121108742e-01  ,8.999588688645e-01  ,9.034462342175e-01  ,3.525440788388e-01  ,1.447373658890e+00  ,1.332702289655e+00  ,4.741901787804e-01  
  2.819371473590e-07  ,-1.108744500944e+00  ,8.692495955469e-01  ,8.999588424996e-01  ,9.034320644769e-01  ,3.455865920278e-01  ,1.454331092971e+00  ,1.338056862250e+00  ,4.688072667035e-01  
  2.820371481205e-07  ,-1.122483697572e+00  ,8.798490134424e-01  ,8.999588167092e-01  ,9.034173276923e-01  ,3.387169679235e-01  ,1.461200665495e+00  ,1.343341834414e+00  ,4.634928209711e-01  
  2.821371488819e-07  ,-1.136045260209e+00  ,8.903088588831e-01  ,8.999587914962e-01  ,9.034020260555e-01  ,3.319361613919e-01  ,1.467981421601e+00  ,1.348556455497e+00  ,4.582475966140e-01  
  2.822371496434e-07  ,-1.149427642855e+00  ,9.006279190094e-01  ,8.999587668636e-01  ,9.033861613551e-01  ,3.252449454359e-01  ,1.474672588291e+00  ,1.353700120860e+00  ,4.530722018504e-01  
  2.823371504048e-07  ,-1.162628243851e+00  ,9.108041582379e-01  ,8.999587428168e-01  ,9.033697366837e-01  ,3.186446208911e-01  ,1.481272864742e+00  ,1.358771815803e+00  ,4.479676575647e-01  
  2.824371511663e-07  ,-1.175644644385e+00  ,9.208356746531e-01  ,8.999587193592e-01  ,9.033527551996e-01  ,3.121363971666e-01  ,1.487781041552e+00  ,1.363770592526e+00  ,4.429349178730e-01  
  2.825371519277e-07  ,-1.188475048501e+00  ,9.307210430599e-01  ,8.999586964930e-01  ,9.033352193354e-01  ,3.057211722427e-01  ,1.494196220743e+00  ,1.368695740865e+00  ,4.379746978055e-01  
  2.826371526892e-07  ,-1.201117532145e+00  ,9.404587379352e-01  ,8.999586742216e-01  ,9.033171316651e-01  ,2.993999081492e-01  ,1.500517440294e+00  ,1.373546500633e+00  ,4.330877626975e-01  
  2.827371534506e-07  ,-1.213570618734e+00  ,9.500475987807e-01  ,8.999586525484e-01  ,9.032984941603e-01  ,2.931733431816e-01  ,1.506743961915e+00  ,1.378322293551e+00  ,4.282746947700e-01  
  2.828371542121e-07  ,-1.225831847946e+00  ,9.594857006942e-01  ,8.999586314785e-01  ,9.032793101962e-01  ,2.870427075053e-01  ,1.512874555452e+00  ,1.383022160543e+00  ,4.235364598491e-01  
  2.829371549735e-07  ,-1.237898970348e+00  ,9.687712788215e-01  ,8.999586110148e-01  ,9.032595832345e-01  ,2.810091258408e-01  ,1.518908096189e+00  ,1.387645222645e+00  ,4.188739438238e-01  
  2.830371557350e-07  ,-1.249770321166e+00  ,9.779030136921e-01  ,8.999585911593e-01  ,9.032393161088e-01  ,2.750734305764e-01  ,1.524843751742e+00  ,1.392190822955e+00  ,4.142878092627e-01  
  2.831371564964e-07  ,-1.261444553154e+00  ,9.868798448196e-01  ,8.999585719146e-01  ,9.032185111814e-01  ,2.692362953378e-01  ,1.530680848491e+00  ,1.396658433591e+00  ,4.097785887716e-01  
  2.832371572579e-07  ,-1.272919109430e+00  ,9.956997604866e-01  ,8.999585532853e-01  ,9.031971731150e-01  ,2.634989985702e-01  ,1.536418108000e+00  ,1.401047053358e+00  ,4.053472928717e-01  
  2.833371580193e-07  ,-1.284192787331e+00  ,1.004361817825e+00  ,8.999585352731e-01  ,9.031753042351e-01  ,2.578621416074e-01  ,1.542054928939e+00  ,1.405356213147e+00  ,4.009943953228e-01  
  2.834371587808e-07  ,-1.295263501730e+00  ,1.012864383611e+00  ,8.999585178813e-01  ,9.031529086648e-01  ,2.523267670164e-01  ,1.547590268746e+00  ,1.409585100470e+00  ,3.967207168594e-01  
  2.835371595422e-07  ,-1.306129233262e+00  ,1.021205866861e+00  ,8.999585011132e-01  ,9.031299906929e-01  ,2.468938844820e-01  ,1.553023117744e+00  ,1.413732924124e+00  ,3.925270572622e-01  
  2.836371603037e-07  ,-1.316788850045e+00  ,1.029385375518e+00  ,8.999584849701e-01  ,9.031065528457e-01  ,2.415640599478e-01  ,1.558352909992e+00  ,1.417799240605e+00  ,3.884138650865e-01  
  2.837371610651e-07  ,-1.327240123048e+00  ,1.037401151330e+00  ,8.999584694553e-01  ,9.030826001889e-01  ,2.363384079315e-01  ,1.563578530979e+00  ,1.421783175854e+00  ,3.843820245239e-01  
  2.838371618266e-07  ,-1.337481961368e+00  ,1.045252336825e+00  ,8.999584545705e-01  ,9.030581352259e-01  ,2.312174738867e-01  ,1.568699435254e+00  ,1.425684303639e+00  ,3.804319668132e-01  
  2.839371625880e-07  ,-1.347512474234e+00  ,1.052937448948e+00  ,8.999584403186e-01  ,9.030331623128e-01  ,2.262022032017e-01  ,1.573714677435e+00  ,1.429501886787e+00  ,3.765644378389e-01  
  2.840371633495e-07  ,-1.357329833676e+00  ,1.060455048659e+00  ,8.999584267017e-01  ,9.030076859765e-01  ,2.212935098639e-01  ,1.578623343540e+00  ,1.433235210306e+00  ,3.727801616472e-01  
  2.841371641109e-07  ,-1.366933017575e+00  ,1.067804331420e+00  ,8.999584137214e-01  ,9.029817090034e-01  ,2.164919049339e-01  ,1.583424922509e+00  ,1.436883874714e+00  ,3.690795432932e-01  
  2.842371648724e-07  ,-1.376320255022e+00  ,1.074983907188e+00  ,8.999584013802e-01  ,9.029552364116e-01  ,2.117982738694e-01  ,1.588118528891e+00  ,1.440447190005e+00  ,3.654632828178e-01  
  2.843371656338e-07  ,-1.385490068168e+00  ,1.081992618506e+00  ,8.999583896802e-01  ,9.029282726168e-01  ,2.072133555962e-01  ,1.592703423764e+00  ,1.443924581870e+00  ,3.619319633636e-01  
  2.844371663953e-07  ,-1.394440791284e+00  ,1.088829152123e+00  ,8.999583786228e-01  ,9.029008226964e-01  ,2.027379829806e-01  ,1.597178774265e+00  ,1.447315398758e+00  ,3.584862466352e-01  
  2.845371671567e-07  ,-1.403171494035e+00  ,1.095492775901e+00  ,8.999583682094e-01  ,9.028728896321e-01  ,1.983726211920e-01  ,1.601544115227e+00  ,1.450619277583e+00  ,3.551265016815e-01  
  2.846371679182e-07  ,-1.411680566516e+00  ,1.101982226999e+00  ,8.999583584427e-01  ,9.028444788320e-01  ,1.941180751847e-01  ,1.605798641701e+00  ,1.453835592331e+00  ,3.518533653326e-01  
  2.847371686796e-07  ,-1.419966459866e+00  ,1.108296288730e+00  ,8.999583493237e-01  ,9.028155959686e-01  ,1.899751193905e-01  ,1.609941579257e+00  ,1.456963740334e+00  ,3.486674516034e-01  
  2.848371694411e-07  ,-1.428028037168e+00  ,1.114434063080e+00  ,8.999583408534e-01  ,9.027862452191e-01  ,1.859443222694e-01  ,1.613972359437e+00  ,1.460003276759e+00  ,3.455692136789e-01  
  2.849371702025e-07  ,-1.435864384692e+00  ,1.120394833696e+00  ,8.999583330331e-01  ,9.027564299106e-01  ,1.820261406872e-01  ,1.617890525379e+00  ,1.462953846759e+00  ,3.425590130624e-01  
  2.850371709640e-07  ,-1.443473783089e+00  ,1.126177254616e+00  ,8.999583258649e-01  ,9.027261565309e-01  ,1.782214343203e-01  ,1.621695217410e+00  ,1.465814783839e+00  ,3.396375292230e-01  
  2.851371717254e-07  ,-1.450855436621e+00  ,1.131780705720e+00  ,8.999583193495e-01  ,9.026954283567e-01  ,1.745306010391e-01  ,1.625386037660e+00  ,1.468585781217e+00  ,3.368050754967e-01  
  2.852371724869e-07  ,-1.458007794453e+00  ,1.137203975344e+00  ,8.999583134880e-01  ,9.026642521457e-01  ,1.709544162613e-01  ,1.628962210715e+00  ,1.471266239818e+00  ,3.340622644737e-01  
  2.853371732483e-07  ,-1.464929873960e+00  ,1.142446291826e+00  ,8.999583082811e-01  ,9.026326325171e-01  ,1.674933713009e-01  ,1.632423245261e+00  ,1.473855778430e+00  ,3.314094866042e-01  
  2.854371740097e-07  ,-1.471620639032e+00  ,1.147506842033e+00  ,8.999583037296e-01  ,9.026005744880e-01  ,1.641479842136e-01  ,1.635768623246e+00  ,1.476353995504e+00  ,3.288471534716e-01  
  2.855371747712e-07  ,-1.478079307150e+00  ,1.152385016499e+00  ,8.999582998344e-01  ,9.025680819627e-01  ,1.609186462592e-01  ,1.638997953410e+00  ,1.478760590212e+00  ,3.263755737130e-01  
  2.856371755326e-07  ,-1.484304433659e+00  ,1.157079691513e+00  ,8.999582965966e-01  ,9.025351625042e-01  ,1.578060797673e-01  ,1.642110513426e+00  ,1.481075008261e+00  ,3.239953167477e-01  
  2.857371762941e-07  ,-1.490295367773e+00  ,1.161590362592e+00  ,8.999582940165e-01  ,9.025018197963e-01  ,1.548106101299e-01  ,1.645105977903e+00  ,1.483297001092e+00  ,3.217066385001e-01  
  2.858371770555e-07  ,-1.496050849657e+00  ,1.165916050144e+00  ,8.999582920944e-01  ,9.024680612182e-01  ,1.519328672658e-01  ,1.647983716923e+00  ,1.485426086290e+00  ,3.195100361460e-01  
  2.859371778170e-07  ,-1.501570280843e+00  ,1.170056288898e+00  ,8.999582908306e-01  ,9.024338904525e-01  ,1.491731504092e-01  ,1.650743431252e+00  ,1.487462034902e+00  ,3.174057460036e-01  
  2.860371785784e-07  ,-1.506852637690e+00  ,1.174010284350e+00  ,8.999582902253e-01  ,9.023993139439e-01  ,1.465319713802e-01  ,1.653384609070e+00  ,1.489404456119e+00  ,3.153941717687e-01  
  2.861371793399e-07  ,-1.511896962687e+00  ,1.177777291439e+00  ,8.999582902786e-01  ,9.023643381992e-01  ,1.440098089350e-01  ,1.655906771622e+00  ,1.491252983919e+00  ,3.134756924799e-01  
  2.862371801013e-07  ,-1.516702733791e+00  ,1.181356904285e+00  ,8.999582909902e-01  ,9.023289669927e-01  ,1.416069240947e-01  ,1.658309657886e+00  ,1.493007419135e+00  ,3.116505148500e-01  
  2.863371808628e-07  ,-1.521269060481e+00  ,1.184748432542e+00  ,8.999582923603e-01  ,9.022932069886e-01  ,1.393237621201e-01  ,1.660592822601e+00  ,1.494667423260e+00  ,3.099189907176e-01  
  2.864371816242e-07  ,-1.525595116393e+00  ,1.187951235808e+00  ,8.999582943886e-01  ,9.022570650198e-01  ,1.371607361923e-01  ,1.662755852585e+00  ,1.496232682924e+00  ,3.082814471159e-01  
  2.865371823857e-07  ,-1.529680313673e+00  ,1.190964857377e+00  ,8.999582970744e-01  ,9.022205464034e-01  ,1.351181402378e-01  ,1.664798453911e+00  ,1.497702975092e+00  ,3.067381177147e-01  
  2.866371831471e-07  ,-1.533524189841e+00  ,1.193788940438e+00  ,8.999583004174e-01  ,9.021836554950e-01  ,1.331962054970e-01  ,1.666720395338e+00  ,1.499078125714e+00  ,3.052891852761e-01  
  2.867371839086e-07  ,-1.537125988406e+00  ,1.196422904034e+00  ,8.999583044174e-01  ,9.021463997033e-01  ,1.313953102145e-01  ,1.668521298620e+00  ,1.500357851721e+00  ,3.039349476861e-01  
  2.868371846700e-07  ,-1.540485141992e+00  ,1.198866315065e+00  ,8.999583090736e-01  ,9.021087851494e-01  ,1.297157380776e-01  ,1.670200880070e+00  ,1.501541942682e+00  ,3.026756276167e-01  
  2.869371854315e-07  ,-1.543601044787e+00  ,1.201118709622e+00  ,8.999583143849e-01  ,9.020708190353e-01  ,1.281577919915e-01  ,1.671758836778e+00  ,1.502630173846e+00  ,3.015114642245e-01  
  2.870371861929e-07  ,-1.546473376043e+00  ,1.203179842916e+00  ,8.999583203507e-01  ,9.020325055098e-01  ,1.267216323290e-01  ,1.673195008372e+00  ,1.503622426968e+00  ,3.004425840520e-01  
  2.871371869544e-07  ,-1.549101599034e+00  ,1.205049306914e+00  ,8.999583269702e-01  ,9.019938518492e-01  ,1.254075274532e-01  ,1.674509126487e+00  ,1.504518505306e+00  ,2.994691983922e-01  
  2.872371877158e-07  ,-1.551485301497e+00  ,1.206726790430e+00  ,8.999583342421e-01  ,9.019548643082e-01  ,1.242156834935e-01  ,1.675700984991e+00  ,1.505318259523e+00  ,2.985914690930e-01  
  2.873371884773e-07  ,-1.553624110275e+00  ,1.208212012912e+00  ,8.999583421652e-01  ,9.019155491627e-01  ,1.231462870278e-01  ,1.676770397303e+00  ,1.506021555619e+00  ,2.978095427066e-01  
  2.874371892387e-07  ,-1.555517690873e+00  ,1.209504724486e+00  ,8.999583507383e-01  ,9.018759127779e-01  ,1.221995053020e-01  ,1.677717196175e+00  ,1.506628275021e+00  ,2.971235505347e-01  
  2.875371900002e-07  ,-1.557165705413e+00  ,1.210604675444e+00  ,8.999583599596e-01  ,9.018359627481e-01  ,1.213755072529e-01  ,1.678541212666e+00  ,1.507138300470e+00  ,2.965336250259e-01  
  2.876371907616e-07  ,-1.558567935883e+00  ,1.211511707432e+00  ,8.999583698277e-01  ,9.017957049232e-01  ,1.206744018862e-01  ,1.679242337769e+00  ,1.507551558639e+00  ,2.960398512071e-01  
  2.877371915231e-07  ,-1.559724223223e+00  ,1.212225706332e+00  ,8.999583803414e-01  ,9.017551440572e-01  ,1.200962687299e-01  ,1.679820491953e+00  ,1.507867997223e+00  ,2.956422908914e-01  
  2.878371922845e-07  ,-1.560634327466e+00  ,1.212746502331e+00  ,8.999583914987e-01  ,9.017142882067e-01  ,1.196412277656e-01  ,1.680275555232e+00  ,1.508087539372e+00  ,2.953410370412e-01  
  2.879371930460e-07  ,-1.561298106242e+00  ,1.213073999465e+00  ,8.999584032978e-01  ,9.016731440207e-01  ,1.193093501768e-01  ,1.680607456419e+00  ,1.508210143753e+00  ,2.951361442881e-01  
  2.880371938074e-07  ,-1.561715455978e+00  ,1.213208132614e+00  ,8.999584157368e-01  ,9.016317182355e-01  ,1.191006877478e-01  ,1.680816143726e+00  ,1.508235784543e+00  ,2.950276519285e-01  
  2.881371945689e-07  ,-1.561886307057e+00  ,1.213148867793e+00  ,8.999584288134e-01  ,9.015900187479e-01  ,1.190152752850e-01  ,1.680901582342e+00  ,1.508164452644e+00  ,2.950155848513e-01  
  2.882371953303e-07  ,-1.561810645752e+00  ,1.212896206157e+00  ,8.999584425261e-01  ,9.015480500515e-01  ,1.190531196499e-01  ,1.680863765402e+00  ,1.507996153130e+00  ,2.950999469728e-01  
  2.883371960918e-07  ,-1.561488474721e+00  ,1.212450170310e+00  ,8.999584568724e-01  ,9.015058200152e-01  ,1.192142195118e-01  ,1.680702694233e+00  ,1.507730905170e+00  ,2.952807348604e-01  
  2.884371968532e-07  ,-1.560919859682e+00  ,1.211810834302e+00  ,8.999584718496e-01  ,9.014633365999e-01  ,1.194985420086e-01  ,1.680418401691e+00  ,1.507368753751e+00  ,2.955579194491e-01  
  2.885371976147e-07  ,-1.560104864179e+00  ,1.210978261017e+00  ,8.999584874561e-01  ,9.014206044213e-01  ,1.199060553669e-01  ,1.680010919545e+00  ,1.506909734930e+00  ,2.959314739126e-01  
  2.886371983761e-07  ,-1.559043626450e+00  ,1.209952581062e+00  ,8.999585036889e-01  ,9.013776315913e-01  ,1.204366904639e-01  ,1.679480316914e+00  ,1.506353922122e+00  ,2.964013410602e-01  
  2.887371991376e-07  ,-1.557736347207e+00  ,1.208733976418e+00  ,8.999585205451e-01  ,9.013344262556e-01  ,1.210903469414e-01  ,1.678826694149e+00  ,1.505701414465e+00  ,2.969674380464e-01  
  2.888371998990e-07  ,-1.556183167104e+00  ,1.207322571614e+00  ,8.999585380228e-01  ,9.012909930779e-01  ,1.218669544708e-01  ,1.678050121575e+00  ,1.504952278885e+00  ,2.976297072711e-01  
  2.889372006605e-07  ,-1.554384404867e+00  ,1.205718646474e+00  ,8.999585561185e-01  ,9.012473414530e-01  ,1.227663536851e-01  ,1.677150758552e+00  ,1.504106664690e+00  ,2.983880182163e-01  
  2.890372014219e-07  ,-1.552340319145e+00  ,1.203922426258e+00  ,8.999585748296e-01  ,9.012034777128e-01  ,1.237884152570e-01  ,1.676128734402e+00  ,1.503164690842e+00  ,2.992422645839e-01  
  2.891372021834e-07  ,-1.550051141316e+00  ,1.201934108479e+00  ,8.999585941539e-01  ,9.011594070050e-01  ,1.249330234962e-01  ,1.674984164812e+00  ,1.502126461245e+00  ,3.001923527653e-01  
  2.892372029448e-07  ,-1.547517295091e+00  ,1.199754050580e+00  ,8.999586140875e-01  ,9.011151380345e-01  ,1.261999665419e-01  ,1.673717261633e+00  ,1.500992163325e+00  ,3.012381127442e-01  
  2.893372037063e-07  ,-1.544739182492e+00  ,1.197382587715e+00  ,8.999586346273e-01  ,9.010706779195e-01  ,1.275890433815e-01  ,1.672328225873e+00  ,1.499761971777e+00  ,3.023793840619e-01  
  2.894372044677e-07  ,-1.541717241119e+00  ,1.194820085604e+00  ,8.999586557702e-01  ,9.010260338104e-01  ,1.291000352105e-01  ,1.670817276330e+00  ,1.498436076612e+00  ,3.036159910084e-01  
  2.895372052292e-07  ,-1.538451945501e+00  ,1.192066940479e+00  ,8.999586775129e-01  ,9.009812129064e-01  ,1.307327047624e-01  ,1.669184650263e+00  ,1.497014683146e+00  ,3.049477426669e-01  
  2.896372059906e-07  ,-1.534943807718e+00  ,1.189123579022e+00  ,8.999586998518e-01  ,9.009362224331e-01  ,1.324867959930e-01  ,1.667430603711e+00  ,1.495498011944e+00  ,3.063744329221e-01  
  2.897372067521e-07  ,-1.531193471661e+00  ,1.185990540364e+00  ,8.999587227834e-01  ,9.008910708515e-01  ,1.343619869530e-01  ,1.665555458614e+00  ,1.493886341033e+00  ,3.078958006696e-01  
  2.898372075135e-07  ,-1.527201332074e+00  ,1.182668152777e+00  ,8.999587463049e-01  ,9.008457630320e-01  ,1.363580802679e-01  ,1.663559412342e+00  ,1.492179839420e+00  ,3.095116866437e-01  
  2.899372082750e-07  ,-1.522968215429e+00  ,1.179157103012e+00  ,8.999587704116e-01  ,9.008003087717e-01  ,1.384746626973e-01  ,1.661442878126e+00  ,1.490378860278e+00  ,3.112217572658e-01  
  2.900372090364e-07  ,-1.518494569189e+00  ,1.175457759581e+00  ,8.999587951008e-01  ,9.007547129967e-01  ,1.407115105065e-01  ,1.659206079695e+00  ,1.488483592787e+00  ,3.130258332060e-01  
  2.901372097979e-07  ,-1.513781204233e+00  ,1.171570787418e+00  ,8.999588203681e-01  ,9.007089843256e-01  ,1.430682182518e-01  ,1.656849422484e+00  ,1.486494378035e+00  ,3.149235906164e-01  
  2.902372105593e-07  ,-1.508828864290e+00  ,1.167496794324e+00  ,8.999588462094e-01  ,9.006631301541e-01  ,1.455444140645e-01  ,1.654373278354e+00  ,1.484411527316e+00  ,3.169147329922e-01  
  2.903372113208e-07  ,-1.503638327797e+00  ,1.163236417972e+00  ,8.999588726210e-01  ,9.006171579049e-01  ,1.481397087225e-01  ,1.651778036520e+00  ,1.482235366891e+00  ,3.189989489190e-01  
  2.904372120822e-07  ,-1.498210409254e+00  ,1.158790325813e+00  ,8.999588995987e-01  ,9.005710750028e-01  ,1.508536949719e-01  ,1.649064104226e+00  ,1.479966237909e+00  ,3.211759120964e-01  
  2.905372128437e-07  ,-1.492545959829e+00  ,1.154159214975e+00  ,8.999589271382e-01  ,9.005248888425e-01  ,1.536859472239e-01  ,1.646231907052e+00  ,1.477604496330e+00  ,3.234452813549e-01  
  2.906372136051e-07  ,-1.486645867584e+00  ,1.149343812156e+00  ,8.999589552354e-01  ,9.004786068199e-01  ,1.566360214432e-01  ,1.643281889028e+00  ,1.475150512898e+00  ,3.258067007420e-01  
  2.907372143666e-07  ,-1.480511057511e+00  ,1.144344873504e+00  ,8.999589838857e-01  ,9.004322363889e-01  ,1.597034551300e-01  ,1.640214512641e+00  ,1.472604673141e+00  ,3.282597996368e-01  
  2.908372151280e-07  ,-1.474142491465e+00  ,1.139163184500e+00  ,8.999590130847e-01  ,9.003857850600e-01  ,1.628877673520e-01  ,1.637030258817e+00  ,1.469967377310e+00  ,3.308041928098e-01  
  2.909372158895e-07  ,-1.467541168051e+00  ,1.133799559834e+00  ,8.999590428281e-01  ,9.003392603543e-01  ,1.661884588024e-01  ,1.633729626854e+00  ,1.467239040271e+00  ,3.334394804373e-01  
  2.910372166509e-07  ,-1.460708122485e+00  ,1.128254843280e+00  ,8.999590731112e-01  ,9.002926697912e-01  ,1.696050118687e-01  ,1.630313134354e+00  ,1.464420091431e+00  ,3.361652481510e-01  
  2.911372174124e-07  ,-1.453644426435e+00  ,1.122529907566e+00  ,8.999591039295e-01  ,9.002460209526e-01  ,1.731368907119e-01  ,1.626781317147e+00  ,1.461510974735e+00  ,3.389810671698e-01  
  2.912372181738e-07  ,-1.446351187856e+00  ,1.116625654217e+00  ,8.999591352782e-01  ,9.001993215073e-01  ,1.767835413504e-01  ,1.623134729206e+00  ,1.458512148616e+00  ,3.418864943987e-01  
  2.913372189353e-07  ,-1.438829550810e+00  ,1.110543013421e+00  ,8.999591671522e-01  ,9.001525790989e-01  ,1.805443917472e-01  ,1.619373942557e+00  ,1.455424085809e+00  ,3.448810723885e-01  
  2.914372196967e-07  ,-1.431080695295e+00  ,1.104282943880e+00  ,8.999591995467e-01  ,9.001058012793e-01  ,1.844188518994e-01  ,1.615499547194e+00  ,1.452247273219e+00  ,3.479643293394e-01  
  2.915372204582e-07  ,-1.423106037709e+00  ,1.097846602658e+00  ,8.999592324561e-01  ,9.000589968397e-01  ,1.884062136018e-01  ,1.611512251310e+00  ,1.448982298169e+00  ,3.511356955108e-01  
  2.916372212196e-07  ,-1.414906413943e+00  ,1.091234669721e+00  ,8.999592658768e-01  ,9.000121708390e-01  ,1.925060589055e-01  ,1.607412472848e+00  ,1.445629505700e+00  ,3.543948359782e-01  
  2.917372219811e-07  ,-1.406483316891e+00  ,1.084448353689e+00  ,8.999592998024e-01  ,8.999653321481e-01  ,1.967176413571e-01  ,1.603200958248e+00  ,1.442189508992e+00  ,3.577411553036e-01  
  2.918372227425e-07  ,-1.397838075423e+00  ,1.077488725759e+00  ,8.999593342274e-01  ,8.999184883723e-01  ,2.010402965158e-01  ,1.598878371939e+00  ,1.438662851252e+00  ,3.611741254926e-01  
  2.919372235040e-07  ,-1.388972049383e+00  ,1.070356884845e+00  ,8.999593691471e-01  ,8.998716470884e-01  ,2.054733444558e-01  ,1.594445393838e+00  ,1.435050089511e+00  ,3.646932046660e-01  
  2.920372242654e-07  ,-1.379886860223e+00  ,1.063054150462e+00  ,8.999594045551e-01  ,8.998248171722e-01  ,2.100159744434e-01  ,1.589902834667e+00  ,1.431351892403e+00  ,3.682977419413e-01  
  2.921372250269e-07  ,-1.370583460123e+00  ,1.055581294843e+00  ,8.999594404477e-01  ,8.997780037326e-01  ,2.146677103861e-01  ,1.585251170509e+00  ,1.427568651154e+00  ,3.719873563111e-01  
  2.922372257883e-07  ,-1.361063545287e+00  ,1.047939687493e+00  ,8.999594768179e-01  ,8.997312157277e-01  ,2.194277041744e-01  ,1.580491249461e+00  ,1.423701059474e+00  ,3.757613719812e-01  
  2.923372265498e-07  ,-1.351328617749e+00  ,1.040130536394e+00  ,8.999595136600e-01  ,8.996844608495e-01  ,2.242952047854e-01  ,1.575623822535e+00  ,1.419749729047e+00  ,3.796191926523e-01  
  2.924372273112e-07  ,-1.341380208923e+00  ,1.032155076322e+00  ,8.999595509685e-01  ,8.996377467696e-01  ,2.292694465070e-01  ,1.570649655430e+00  ,1.415715284930e+00  ,3.835602086088e-01  
  2.925372280727e-07  ,-1.331219881721e+00  ,1.024014568654e+00  ,8.999595887375e-01  ,8.995910810971e-01  ,2.343496478768e-01  ,1.565569529598e+00  ,1.411598365424e+00  ,3.875837967701e-01  
  2.926372288341e-07  ,-1.320849492731e+00  ,1.015710520908e+00  ,8.999596269604e-01  ,8.995444726148e-01  ,2.395348805949e-01  ,1.560384373326e+00  ,1.407399733069e+00  ,3.916892121606e-01  
  2.927372295956e-07  ,-1.310270128259e+00  ,1.007243811967e+00  ,8.999596656334e-01  ,8.994979263579e-01  ,2.448246015037e-01  ,1.555094729763e+00  ,1.403119832341e+00  ,3.958760203744e-01  
  2.928372303570e-07  ,-1.299483719319e+00  ,9.986159971659e-01  ,8.999597047491e-01  ,8.994514512091e-01  ,2.502178450897e-01  ,1.549701564409e+00  ,1.398759449792e+00  ,4.001434526261e-01  
  2.929372311184e-07  ,-1.288491968244e+00  ,9.898284422368e-01  ,8.999597443006e-01  ,8.994050548638e-01  ,2.557137601787e-01  ,1.544205728423e+00  ,1.394319275982e+00  ,4.044908337454e-01  
  2.930372318799e-07  ,-1.277296887150e+00  ,9.808827752739e-01  ,8.999597842820e-01  ,8.993587461698e-01  ,2.613113407069e-01  ,1.538608227857e+00  ,1.389800133807e+00  ,4.089173585329e-01  
  2.931372326413e-07  ,-1.265899649583e+00  ,9.717799434976e-01  ,8.999598246888e-01  ,8.993125300987e-01  ,2.670099998975e-01  ,1.532909649480e+00  ,1.385202501848e+00  ,4.134225583499e-01  
  2.932372334028e-07  ,-1.254302338502e+00  ,9.625216212685e-01  ,8.999598655129e-01  ,8.992664153772e-01  ,2.728086962618e-01  ,1.527111034764e+00  ,1.380527226011e+00  ,4.180056047429e-01  
  2.933372341642e-07  ,-1.242506784774e+00  ,9.531092752378e-01  ,8.999599067481e-01  ,8.992204096235e-01  ,2.787065143609e-01  ,1.521213299135e+00  ,1.375775047242e+00  ,4.226657720046e-01  
  2.934372349257e-07  ,-1.230514845092e+00  ,9.435443966790e-01  ,8.999599483882e-01  ,8.991745205466e-01  ,2.847025258422e-01  ,1.515217370934e+00  ,1.370946718886e+00  ,4.274023222071e-01  
  2.935372356871e-07  ,-1.218328711919e+00  ,9.338287585768e-01  ,8.999599904257e-01  ,8.991287568703e-01  ,2.907956344661e-01  ,1.509124346385e+00  ,1.366043136159e+00  ,4.322143775819e-01  
  2.936372364486e-07  ,-1.205949661971e+00  ,9.239633901690e-01  ,8.999600328561e-01  ,8.990831234179e-01  ,2.969852018704e-01  ,1.502934863842e+00  ,1.361064818502e+00  ,4.371014283334e-01  
  2.937372372100e-07  ,-1.193379958833e+00  ,9.139501085620e-01  ,8.999600756715e-01  ,8.990376286521e-01  ,3.032700962550e-01  ,1.496650055088e+00  ,1.356012682933e+00  ,4.420625743711e-01  
  2.938372379715e-07  ,-1.180621587370e+00  ,9.037905012573e-01  ,8.999601188646e-01  ,8.989922800294e-01  ,3.096493251795e-01  ,1.490270912550e+00  ,1.350887530658e+00  ,4.470970294007e-01  
  2.939372387329e-07  ,-1.167676556541e+00  ,8.934861791466e-01  ,8.999601624293e-01  ,8.989470851918e-01  ,3.161218841589e-01  ,1.483798440700e+00  ,1.345690174765e+00  ,4.522039956185e-01  
  2.940372394944e-07  ,-1.154547233426e+00  ,8.830390530630e-01  ,8.999602063581e-01  ,8.989020527195e-01  ,3.226865896452e-01  ,1.477233823071e+00  ,1.340421579251e+00  ,4.573825261880e-01  
  2.941372402558e-07  ,-1.141234993757e+00  ,8.724502301764e-01  ,8.999602506459e-01  ,8.988571873028e-01  ,3.293427537675e-01  ,1.470577747524e+00  ,1.335082302391e+00  ,4.626320722146e-01  
  2.942372410173e-07  ,-1.127742273976e+00  ,8.617216631237e-01  ,8.999602952846e-01  ,8.988124972248e-01  ,3.360891582968e-01  ,1.463831432272e+00  ,1.329673328787e+00  ,4.679516656629e-01  
  2.943372417787e-07  ,-1.114071205573e+00  ,8.508550539442e-01  ,8.999603402668e-01  ,8.987679899152e-01  ,3.429247374800e-01  ,1.456995943053e+00  ,1.324195516887e+00  ,4.733404629431e-01  
  2.944372425402e-07  ,-1.100224291900e+00  ,8.398524183266e-01  ,8.999603855849e-01  ,8.987236741691e-01  ,3.498482396349e-01  ,1.450072531535e+00  ,1.318649883332e+00  ,4.787974650057e-01  
  2.945372433016e-07  ,-1.086202984857e+00  ,8.287149226080e-01  ,8.999604312340e-01  ,8.986795547335e-01  ,3.568589388054e-01  ,1.443061923663e+00  ,1.313037016038e+00  ,4.843220934295e-01  
  2.946372440631e-07  ,-1.072009853279e+00  ,8.174446222404e-01  ,8.999604772052e-01  ,8.986356396471e-01  ,3.639555505656e-01  ,1.435965403845e+00  ,1.307357950767e+00  ,4.899133285269e-01  
  2.947372448245e-07  ,-1.057647503463e+00  ,8.060436082432e-01  ,8.999605234907e-01  ,8.985919368937e-01  ,3.711367717592e-01  ,1.428784275222e+00  ,1.301613741015e+00  ,4.955701327721e-01  
  2.948372455860e-07  ,-1.043117443339e+00  ,7.945130894403e-01  ,8.999605700860e-01  ,8.985484513137e-01  ,3.784018484167e-01  ,1.421519291755e+00  ,1.295804996034e+00  ,5.012919065936e-01  
  2.949372463474e-07  ,-1.028422338320e+00  ,7.828551950136e-01  ,8.999606169814e-01  ,8.985051914216e-01  ,3.857494478213e-01  ,1.414171786142e+00  ,1.289932788928e+00  ,5.070775939148e-01  
  2.950372471089e-07  ,-1.013564887535e+00  ,7.710720881910e-01  ,8.999606641687e-01  ,8.984621652968e-01  ,3.931782204012e-01  ,1.406743107936e+00  ,1.283998209392e+00  ,5.129261212013e-01  
  2.951372478703e-07  ,-9.985471575049e-01  ,7.591654379339e-01  ,8.999607116425e-01  ,8.984193787701e-01  ,4.006871328900e-01  ,1.399234290395e+00  ,1.278002097737e+00  ,5.188366598032e-01  
  2.952372486318e-07  ,-9.833708547483e-01  ,7.471366095980e-01  ,8.999607593969e-01  ,8.983768366888e-01  ,4.082753320227e-01  ,1.391646186771e+00  ,1.271945141488e+00  ,5.248085318898e-01  
  2.953372493932e-07  ,-9.680389012691e-01  ,7.349879285590e-01  ,8.999608074212e-01  ,8.983345475064e-01  ,4.159413567867e-01  ,1.383980258056e+00  ,1.265828511786e+00  ,5.308405832269e-01  
  2.954372501547e-07  ,-9.525541239516e-01  ,7.227216496185e-01  ,8.999608557075e-01  ,8.982925195185e-01  ,4.236837937317e-01  ,1.376237917683e+00  ,1.259653344328e+00  ,5.369316947093e-01  
  2.955372509161e-07  ,-9.369181513337e-01  ,7.103390737901e-01  ,8.999609042510e-01  ,8.982507572170e-01  ,4.315018285841e-01  ,1.368419979918e+00  ,1.253420294112e+00  ,5.430812203219e-01  
  2.956372516776e-07  ,-9.211338570051e-01  ,6.978424902205e-01  ,8.999609530422e-01  ,8.982092681879e-01  ,4.393940245397e-01  ,1.360527881545e+00  ,1.247130513298e+00  ,5.492880230776e-01  
  2.957372524390e-07  ,-9.052041405394e-01  ,6.852342186363e-01  ,8.999610020726e-01  ,8.981680598480e-01  ,4.473589318029e-01  ,1.352563072342e+00  ,1.240785169166e+00  ,5.555509505299e-01  
  2.958372532005e-07  ,-8.891312170921e-01  ,6.725160449755e-01  ,8.999610513364e-01  ,8.981271381370e-01  ,4.553954427904e-01  ,1.344526659882e+00  ,1.234385160625e+00  ,5.618691156493e-01  
  2.959372539619e-07  ,-8.729175077311e-01  ,6.596899178013e-01  ,8.999611008261e-01  ,8.980865095027e-01  ,4.635023469605e-01  ,1.336419854692e+00  ,1.227931468403e+00  ,5.682415506020e-01  
  2.960372547234e-07  ,-8.565649069225e-01  ,6.467573455546e-01  ,8.999611505346e-01  ,8.980461788123e-01  ,4.716786970734e-01  ,1.328243603996e+00  ,1.221424851590e+00  ,5.746675060350e-01  
  2.961372554848e-07  ,-8.400770439878e-01  ,6.337212142892e-01  ,8.999612004507e-01  ,8.980061550821e-01  ,4.799226784568e-01  ,1.319999722445e+00  ,1.214866762227e+00  ,5.811455479374e-01  
  2.962372562463e-07  ,-8.234556657104e-01  ,6.205829071109e-01  ,8.999612505691e-01  ,8.979664424855e-01  ,4.882334177139e-01  ,1.311689083424e+00  ,1.208257896041e+00  ,5.876749889301e-01  
  2.963372570077e-07  ,-8.067038440319e-01  ,6.073448553236e-01  ,8.999613008809e-01  ,8.979270484261e-01  ,4.966093788650e-01  ,1.303313222897e+00  ,1.201599476088e+00  ,5.942546207643e-01  
  2.964372577692e-07  ,-7.898246597231e-01  ,5.940095169969e-01  ,8.999613513772e-01  ,8.978879804165e-01  ,5.050490215157e-01  ,1.294873681239e+00  ,1.194892738915e+00  ,6.008832219181e-01  
  2.965372585306e-07  ,-7.728204601879e-01  ,5.805787810761e-01  ,8.999614020519e-01  ,8.978492439844e-01  ,5.135511719579e-01  ,1.286371632146e+00  ,1.188138634522e+00  ,6.075598534464e-01  
  2.966372592921e-07  ,-7.556931789254e-01  ,5.670541895155e-01  ,8.999614528985e-01  ,8.978108435180e-01  ,5.221148634358e-01  ,1.277808042361e+00  ,1.181337938276e+00  ,6.142837487602e-01  
  2.967372600535e-07  ,-7.384461192304e-01  ,5.534383631281e-01  ,8.999615039057e-01  ,8.977727863934e-01  ,5.307384442905e-01  ,1.269184563521e+00  ,1.174491967957e+00  ,6.210536048293e-01  
  2.968372608150e-07  ,-7.210824608282e-01  ,5.397338304709e-01  ,8.999615550650e-01  ,8.977350796877e-01  ,5.394203246509e-01  ,1.260502785479e+00  ,1.167601994923e+00  ,6.278681644522e-01  
  2.969372615764e-07  ,-7.036046212955e-01  ,5.259425327893e-01  ,8.999616063706e-01  ,8.976977287869e-01  ,5.481592957229e-01  ,1.251763917018e+00  ,1.160668995182e+00  ,6.347264623923e-01  
  2.970372623379e-07  ,-6.860145900679e-01  ,5.120660538874e-01  ,8.999616578159e-01  ,8.976607379895e-01  ,5.569543627820e-01  ,1.242968952850e+00  ,1.153693764933e+00  ,6.416277110458e-01  
  2.971372630993e-07  ,-6.683157634498e-01  ,4.981070843614e-01  ,8.999617093900e-01  ,8.976241144837e-01  ,5.658038276651e-01  ,1.234119591115e+00  ,1.146677656664e+00  ,6.485705723031e-01  
  2.972372638608e-07  ,-6.505109535651e-01  ,4.840678443290e-01  ,8.999617610851e-01  ,8.975878641354e-01  ,5.747062843026e-01  ,1.225217237868e+00  ,1.139621786300e+00  ,6.555539419709e-01  
  2.973372646222e-07  ,-6.326029745021e-01  ,4.699505667938e-01  ,8.999618128943e-01  ,8.975519929915e-01  ,5.836603256433e-01  ,1.216263300145e+00  ,1.132527276388e+00  ,6.625767095946e-01  
  2.974372653837e-07  ,-6.145951057497e-01  ,4.557578739205e-01  ,8.999618648075e-01  ,8.975165079585e-01  ,5.926643119326e-01  ,1.207259417682e+00  ,1.125395444919e+00  ,6.696375709983e-01  
  2.975372661451e-07  ,-5.964898481133e-01  ,4.414917760931e-01  ,8.999619168182e-01  ,8.974814139133e-01  ,6.017169927615e-01  ,1.198206840875e+00  ,1.118227301960e+00  ,6.767355258668e-01  
  2.976372669066e-07  ,-5.782892602362e-01  ,4.271539122862e-01  ,8.999619689201e-01  ,8.974467147602e-01  ,6.108173388020e-01  ,1.189106599038e+00  ,1.111023670903e+00  ,6.838697586171e-01  
  2.977372676680e-07  ,-5.599973234830e-01  ,4.127474471447e-01  ,8.999620211012e-01  ,8.974124181798e-01  ,6.199633593597e-01  ,1.179960682843e+00  ,1.103786141752e+00  ,6.910386946074e-01  
  2.978372684295e-07  ,-5.416159725850e-01  ,3.982739099418e-01  ,8.999620733557e-01  ,8.973785280034e-01  ,6.291540870632e-01  ,1.170770059648e+00  ,1.096515482974e+00  ,6.982415730325e-01  
  2.979372691909e-07  ,-5.231486067151e-01  ,3.837359840092e-01  ,8.999621256741e-01  ,8.973450508359e-01  ,6.383878223166e-01  ,1.161536429032e+00  ,1.089213042841e+00  ,7.054770588313e-01  
  2.980372699524e-07  ,-5.045986247859e-01  ,3.691363700637e-01  ,8.999621780476e-01  ,8.973119927525e-01  ,6.476628656546e-01  ,1.152261490441e+00  ,1.081880177784e+00  ,7.127438077207e-01  
  2.981372707138e-07  ,-4.859679771676e-01  ,3.544766180293e-01  ,8.999622304708e-01  ,8.972793570765e-01  ,6.569782418870e-01  ,1.142946219055e+00  ,1.074517666091e+00  ,7.200410480618e-01  
  2.982372714753e-07  ,-4.672600959428e-01  ,3.397594466577e-01  ,8.999622829339e-01  ,8.972471498300e-01  ,6.663322349625e-01  ,1.133592330905e+00  ,1.067126873159e+00  ,7.273674265012e-01  
  2.983372722367e-07  ,-4.484779446155e-01  ,3.249871981104e-01  ,8.999623354275e-01  ,8.972153765821e-01  ,6.757233631197e-01  ,1.124201307735e+00  ,1.059708975637e+00  ,7.347217775269e-01  
  2.984372729982e-07  ,-4.296249676529e-01  ,3.101626168746e-01  ,8.999623879434e-01  ,8.971840436244e-01  ,6.851499041169e-01  ,1.114774871770e+00  ,1.052265352062e+00  ,7.421027351871e-01  
  2.985372737596e-07  ,-4.107031446161e-01  ,2.952872768766e-01  ,8.999624404757e-01  ,8.971531541552e-01  ,6.946108681677e-01  ,1.105314012784e+00  ,1.044796792593e+00  ,7.495095157168e-01  
  2.986372745211e-07  ,-3.917159596655e-01  ,2.803639379107e-01  ,8.999624930140e-01  ,8.971227135766e-01  ,7.041045131813e-01  ,1.095820472847e+00  ,1.037304682532e+00  ,7.569407446213e-01  
  2.987372752825e-07  ,-3.726669050997e-01  ,2.653953728359e-01  ,8.999625455501e-01  ,8.970927274833e-01  ,7.136290930002e-01  ,1.086295998100e+00  ,1.029790413901e+00  ,7.643950410653e-01  
  2.988372760440e-07  ,-3.535586323104e-01  ,2.503837017867e-01  ,8.999625980775e-01  ,8.970632005089e-01  ,7.231832819223e-01  ,1.076741914233e+00  ,1.022255051402e+00  ,7.718713496155e-01  
  2.989372768054e-07  ,-3.343940255458e-01  ,2.353312269267e-01  ,8.999626505882e-01  ,8.970341374905e-01  ,7.327656378153e-01  ,1.067159663361e+00  ,1.014699750954e+00  ,7.793685240271e-01  
  2.990372775669e-07  ,-3.151760601933e-01  ,2.202403153198e-01  ,8.999627030735e-01  ,8.970055430671e-01  ,7.423746729769e-01  ,1.057550733170e+00  ,1.007125700727e+00  ,7.868853854072e-01  
  2.991372783283e-07  ,-2.959070146790e-01  ,2.051127607779e-01  ,8.999627555264e-01  ,8.969774206071e-01  ,7.520092481870e-01  ,1.047916262866e+00  ,9.995338009960e-01  ,7.944210402182e-01  
  2.992372790898e-07  ,-2.765907171156e-01  ,1.899515628152e-01  ,8.999628079352e-01  ,8.969497757393e-01  ,7.616674493774e-01  ,1.038258166493e+00  ,9.919255571470e-01  ,8.019739943317e-01  
  2.993372798512e-07  ,-2.572307475032e-01  ,1.747595387732e-01  ,8.999628602913e-01  ,8.969226138580e-01  ,7.713474865397e-01  ,1.028578234043e+00  ,9.843023832446e-01  ,8.095428444715e-01  
  2.994372806127e-07  ,-2.378291478477e-01  ,1.595383018919e-01  ,8.999629125895e-01  ,8.968959379598e-01  ,7.810483386657e-01  ,1.018877486513e+00  ,9.766650889057e-01  ,8.171267870138e-01  
  2.995372813741e-07  ,-2.183895031268e-01  ,1.442906784327e-01  ,8.999629648195e-01  ,8.968697529456e-01  ,7.907682132561e-01  ,1.009157716383e+00  ,9.690150921620e-01  ,8.247244137293e-01  
  2.996372821356e-07  ,-1.989153897542e-01  ,1.290195019632e-01  ,8.999630169722e-01  ,8.968440631689e-01  ,8.005053220952e-01  ,9.994207118493e-01  ,9.613538141505e-01  ,8.323343121873e-01  
  2.997372828970e-07  ,-1.794095171224e-01  ,1.137269353517e-01  ,8.999630690418e-01  ,8.968188721584e-01  ,8.102583104806e-01  ,9.896678276030e-01  ,9.536823398342e-01  ,8.399554044825e-01  
  2.998372836585e-07  ,-1.598742246165e-01  ,9.841473753599e-02  ,8.999631210160e-01  ,8.967941829239e-01  ,8.200260087078e-01  ,9.799002333242e-01  ,9.460015516919e-01  ,8.475868141559e-01  
  2.999372844199e-07  ,-1.403134536600e-01  ,8.308588757261e-02  ,8.999631728804e-01  ,8.967700005622e-01  ,8.298064460504e-01  ,9.701198997104e-01  ,9.383129443485e-01  ,8.552270567759e-01  
  3.000372851814e-07  ,-1.207307099083e-01  ,6.774323438403e-02  ,8.999632246393e-01  ,8.967463295056e-01  ,8.395978696851e-01  ,9.603285795934e-01  ,9.306179466976e-01  ,8.628747123136e-01  
  3.001372859428e-07  ,-1.011286115492e-01  ,5.238895096168e-02  ,8.999632762881e-01  ,8.967231728060e-01  ,8.493989705135e-01  ,9.505275820627e-01  ,9.229176482868e-01  ,8.705286973251e-01  
  3.002372867043e-07  ,-8.151007204013e-02  ,3.702539281489e-02  ,8.999633278141e-01  ,8.967005339516e-01  ,8.592082917940e-01  ,9.407183638342e-01  ,9.152132303591e-01  ,8.781878375442e-01  
  3.003372874657e-07  ,-6.187808910512e-02  ,2.165497716321e-02  ,8.999633792091e-01  ,8.966784168801e-01  ,8.690243346566e-01  ,9.309024237617e-01  ,9.075059054617e-01  ,8.858509282985e-01  
  3.004372882271e-07  ,-4.223486695917e-02  ,6.279532711410e-03  ,8.999634304719e-01  ,8.966568247578e-01  ,8.788459969923e-01  ,9.210808639515e-01  ,8.997965911135e-01  ,8.935170584021e-01  
  3.005372889886e-07  ,-2.258467631906e-02  ,-9.097478687554e-03  ,8.999634815903e-01  ,8.966357634578e-01  ,8.886711434308e-01  ,9.112558197498e-01  ,8.920870241140e-01  ,9.011845028016e-01  
  3.006372897500e-07  ,-2.930258044129e-03  ,-2.447387945145e-02  ,8.999635325543e-01  ,8.966152361315e-01  ,8.984984035323e-01  ,9.014286615764e-01  ,8.843782964058e-01  ,9.088521758572e-01  
  3.007372905115e-07  ,1.672532696142e-02  ,-3.984731067305e-02  ,8.999635833530e-01  ,8.965952458502e-01  ,9.083262468337e-01  ,8.916009198723e-01  ,8.766715905136e-01  ,9.165189011867e-01  
  3.008372912729e-07  ,3.637967947311e-02  ,-5.521595805252e-02  ,8.999636339785e-01  ,8.965757949123e-01  ,9.181534737151e-01  ,8.817737942420e-01  ,8.689678158861e-01  ,9.241837739386e-01  
  3.009372920344e-07  ,5.602826038163e-02  ,-7.057637539841e-02  ,8.999636844180e-01  ,8.965568876429e-01  ,9.279778146089e-01  ,8.719495542272e-01  ,8.612686999437e-01  ,9.318450753422e-01  
  3.010372927958e-07  ,7.566894405491e-02  ,-8.592693130628e-02  ,8.999637346664e-01  ,8.965385258494e-01  ,9.377982066938e-01  ,8.621292626389e-01  ,8.535750601963e-01  ,9.395019915026e-01  
  3.011372935573e-07  ,9.529803872468e-02  ,-1.012647718732e-01  ,8.999637847139e-01  ,8.965207120676e-01  ,9.476128040762e-01  ,8.523147653516e-01  ,8.458883261310e-01  ,9.471530980042e-01  
  3.012372943187e-07  ,1.149119301118e-01  ,-1.165870461760e-01  ,8.999638345514e-01  ,8.965034476888e-01  ,9.574197996074e-01  ,8.425078694955e-01  ,8.382099246008e-01  ,9.547969707768e-01  
  3.013372950802e-07  ,1.345078963703e-01  ,-1.318915844917e-01  ,8.999638841737e-01  ,8.964867342691e-01  ,9.672178323589e-01  ,8.327099359886e-01  ,8.305409420233e-01  ,9.624325265150e-01  
  3.014372958416e-07  ,1.540837094927e-01  ,-1.471766252369e-01  ,8.999639335750e-01  ,8.964705736291e-01  ,9.770057883214e-01  ,8.229220788287e-01  ,8.228822610106e-01  ,9.700588862475e-01  
  3.015372966031e-07  ,1.736355836379e-01  ,-1.624391895778e-01  ,8.999639827453e-01  ,8.964549694509e-01  ,9.867817745642e-01  ,8.131461909263e-01  ,8.152353746620e-01  ,9.776745642398e-01  
  3.016372973645e-07  ,1.931604152516e-01  ,-1.776768448156e-01  ,8.999640316783e-01  ,8.964399252076e-01  ,9.965442393042e-01  ,8.033838240525e-01  ,8.076015027998e-01  ,9.852783476154e-01  
  3.017372981260e-07  ,2.126546253198e-01  ,-1.928867580224e-01  ,8.999640803697e-01  ,8.964254443925e-01  ,1.006291393030e+00  ,7.936367677098e-01  ,7.999820653813e-01  ,9.928688234037e-01  
  3.018372988874e-07  ,2.321161691460e-01  ,-2.080673132145e-01  ,8.999641288139e-01  ,8.964115290664e-01  ,1.016022213387e+00  ,7.839060442409e-01  ,7.923778724592e-01  ,1.000445185674e+00  
  3.019372996489e-07  ,2.515409648847e-01  ,-2.232152832611e-01  ,8.999641770000e-01  ,8.963981836347e-01  ,1.025734659442e+00  ,7.741936945576e-01  ,7.847905420041e-01  ,1.008005825265e+00  
  3.020373004103e-07  ,2.709269667954e-01  ,-2.383290588353e-01  ,8.999642249218e-01  ,8.963854101537e-01  ,1.035427708319e+00  ,7.645007415241e-01  ,7.772208807360e-01  ,1.015549939571e+00  
  3.021373011718e-07  ,2.902705900492e-01  ,-2.534058273589e-01  ,8.999642725682e-01  ,8.963732113346e-01  ,1.045099567593e+00  ,7.548289775436e-01  ,7.696702976552e-01  ,1.023076125014e+00  
  3.022373019332e-07  ,3.095682756320e-01  ,-2.684427859607e-01  ,8.999643199298e-01  ,8.963615877415e-01  ,1.054748457746e+00  ,7.451801821139e-01  ,7.621401947611e-01  ,1.030582980722e+00  
  3.023373026947e-07  ,3.288173391695e-01  ,-2.834378056572e-01  ,8.999643670011e-01  ,8.963505394471e-01  ,1.064373036586e+00  ,7.355556974164e-01  ,7.546316366185e-01  ,1.038069442276e+00  
  3.024373034561e-07  ,3.480155844955e-01  ,-2.983891598159e-01  ,8.999644137762e-01  ,8.963400668259e-01  ,1.073972206024e+00  ,7.259566215284e-01  ,7.471454869179e-01  ,1.045534646734e+00  
  3.025373042176e-07  ,3.671592828615e-01  ,-3.132939317208e-01  ,8.999644602446e-01  ,8.963301710692e-01  ,1.083544101675e+00  ,7.163848188138e-01  ,7.396832052087e-01  ,1.052977136930e+00  
  3.026373049790e-07  ,3.862448978530e-01  ,-3.281493504376e-01  ,8.999645063994e-01  ,8.963208542778e-01  ,1.093086955326e+00  ,7.068420574729e-01  ,7.322461790590e-01  ,1.060395529497e+00  
  3.027373057405e-07  ,4.052697698507e-01  ,-3.429533128817e-01  ,8.999645522357e-01  ,8.963121181528e-01  ,1.102599437161e+00  ,6.973296673104e-01  ,7.248354617120e-01  ,1.067788774594e+00  
  3.028373065019e-07  ,4.242310226743e-01  ,-3.577035471874e-01  ,8.999645977465e-01  ,8.963039646292e-01  ,1.112080109084e+00  ,6.878490864093e-01  ,7.174521910355e-01  ,1.075155738223e+00  
  3.029373072634e-07  ,4.431264284262e-01  ,-3.723983104310e-01  ,8.999646429252e-01  ,8.962963952825e-01  ,1.121527857138e+00  ,6.784014287121e-01  ,7.100972400670e-01  ,1.082495550498e+00  
  3.030373080248e-07  ,4.619517625293e-01  ,-3.870343014725e-01  ,8.999646877612e-01  ,8.962894130659e-01  ,1.130940569026e+00  ,6.689888064966e-01  ,7.027722623296e-01  ,1.089806563802e+00  
  3.031373087863e-07  ,4.807050272109e-01  ,-4.016099652877e-01  ,8.999647322499e-01  ,8.962830191112e-01  ,1.140317245855e+00  ,6.596122186444e-01  ,6.954780364673e-01  ,1.097088001755e+00  
  3.032373095477e-07  ,4.993827334172e-01  ,-4.161225870843e-01  ,8.999647763829e-01  ,8.962772147583e-01  ,1.149656143091e+00  ,6.502734096742e-01  ,6.882159212162e-01  ,1.104338508300e+00  
  3.033373103092e-07  ,5.179814393492e-01  ,-4.305694686880e-01  ,8.999648201525e-01  ,8.962719997915e-01  ,1.158955539827e+00  ,6.409741004779e-01  ,6.809872654475e-01  ,1.111556734135e+00  
  3.034373110706e-07  ,5.364991878494e-01  ,-4.449490752054e-01  ,8.999648635545e-01  ,8.962673737731e-01  ,1.168214457479e+00  ,6.317152696298e-01  ,6.737928361704e-01  ,1.118741911376e+00  
  3.035373118321e-07  ,5.549325527719e-01  ,-4.592587277351e-01  ,8.999649065807e-01  ,8.962633361652e-01  ,1.177431182967e+00  ,6.224986301948e-01  ,6.666339722977e-01  ,1.125892700033e+00  
  3.036373125935e-07  ,5.732786085982e-01  ,-4.734961439030e-01  ,8.999649492233e-01  ,8.962598871643e-01  ,1.186604253522e+00  ,6.133256449242e-01  ,6.595118152128e-01  ,1.133007959116e+00  
  3.037373133550e-07  ,5.915339879027e-01  ,-4.876586765930e-01  ,8.999649914760e-01  ,8.962570275929e-01  ,1.195731985427e+00  ,6.041979975247e-01  ,6.524276892964e-01  ,1.140086365889e+00  
  3.038373141164e-07  ,6.096967724478e-01  ,-5.017448210297e-01  ,8.999650333341e-01  ,8.962547579438e-01  ,1.204813419558e+00  ,5.951166471102e-01  ,6.453823474289e-01  ,1.147127168459e+00  
  3.039373148779e-07  ,6.277636034180e-01  ,-5.157519519132e-01  ,8.999650747890e-01  ,8.962530791347e-01  ,1.213846876498e+00  ,5.860832730800e-01  ,6.383771031781e-01  ,1.154129055091e+00  
  3.040373156393e-07  ,6.457311551293e-01  ,-5.296774645518e-01  ,8.999651158346e-01  ,8.962519924499e-01  ,1.222830693399e+00  ,5.770995382700e-01  ,6.314132601740e-01  ,1.161090724726e+00  
  3.041373164008e-07  ,6.635975367201e-01  ,-5.435198791644e-01  ,8.999651564668e-01  ,8.962514987044e-01  ,1.231763924827e+00  ,5.681663881067e-01  ,6.244915591222e-01  ,1.168011438287e+00  
  3.042373171622e-07  ,6.813589862550e-01  ,-5.572762495976e-01  ,8.999651966764e-01  ,8.962515988509e-01  ,1.240644689804e+00  ,5.592857035489e-01  ,6.176134740521e-01  ,1.174889723650e+00  
  3.043373179237e-07  ,6.990136292626e-01  ,-5.709451140955e-01  ,8.999652364588e-01  ,8.962522926142e-01  ,1.249472051090e+00  ,5.504584218275e-01  ,6.107797355664e-01  ,1.181724849662e+00  
  3.044373186851e-07  ,7.165577414191e-01  ,-5.845235632016e-01  ,8.999652758061e-01  ,8.962535787149e-01  ,1.258244146516e+00  ,5.416864050966e-01  ,6.039917971141e-01  ,1.188515360316e+00  
  3.045373194466e-07  ,7.339894703320e-01  ,-5.980101540515e-01  ,8.999653147141e-01  ,8.962554562578e-01  ,1.266960049880e+00  ,5.329705795481e-01  ,5.972503792320e-01  ,1.195260533284e+00  
  3.046373202080e-07  ,7.513055798349e-01  ,-6.114023714354e-01  ,8.999653531747e-01  ,8.962579239611e-01  ,1.275618143092e+00  ,5.243125632572e-01  ,5.905567382434e-01  ,1.201959109679e+00  
  3.047373209695e-07  ,7.685028797092e-01  ,-6.246977250524e-01  ,8.999653911813e-01  ,8.962609810161e-01  ,1.284216831036e+00  ,5.157139513267e-01  ,5.839121184899e-01  ,1.208609843542e+00  
  3.048373217309e-07  ,7.855789768108e-01  ,-6.378943335001e-01  ,8.999654287296e-01  ,8.962646268165e-01  ,1.292754917135e+00  ,5.071759403243e-01  ,5.773174600665e-01  ,1.215211793567e+00  
  3.049373224924e-07  ,8.025312900835e-01  ,-6.509901710232e-01  ,8.999654658142e-01  ,8.962688608743e-01  ,1.301231110856e+00  ,4.986998207724e-01  ,5.707737753627e-01  ,1.221763946386e+00  
  3.050373232538e-07  ,8.193578259760e-01  ,-6.639836881555e-01  ,8.999655024297e-01  ,8.962736830238e-01  ,1.309644415418e+00  ,4.902865894417e-01  ,5.642818389460e-01  ,1.228265527102e+00  
  3.051373240153e-07  ,8.360552451232e-01  ,-6.768723025024e-01  ,8.999655385678e-01  ,8.962790932629e-01  ,1.317993161129e+00  ,4.819379160062e-01  ,5.578429420117e-01  ,1.234715244514e+00  
  3.052373247767e-07  ,8.526208783212e-01  ,-6.896539566232e-01  ,8.999655742232e-01  ,8.962850917391e-01  ,1.326276013384e+00  ,4.736551350626e-01  ,5.514581134275e-01  ,1.241112070051e+00  
  3.053373255382e-07  ,8.690516768099e-01  ,-7.023262733952e-01  ,8.999656093909e-01  ,8.962916776241e-01  ,1.334491447796e+00  ,4.654397709859e-01  ,5.451285409266e-01  ,1.247454814322e+00  
  3.054373262996e-07  ,8.853453565679e-01  ,-7.148874597640e-01  ,8.999656440662e-01  ,8.962988494477e-01  ,1.342638322350e+00  ,4.572929657822e-01  ,5.388551195657e-01  ,1.253742579330e+00  
  3.055373270611e-07  ,9.014994566636e-01  ,-7.273355873336e-01  ,8.999656782439e-01  ,8.963066054331e-01  ,1.350715406576e+00  ,4.492159499121e-01  ,5.326388117663e-01  ,1.259974399100e+00  
  3.056373278225e-07  ,9.175120782136e-01  ,-7.396691826845e-01  ,8.999657119192e-01  ,8.963149442205e-01  ,1.358721751026e+00  ,4.412096728124e-01  ,5.264803528783e-01  ,1.266149535563e+00  
  3.057373285840e-07  ,9.333800431198e-01  ,-7.518857924499e-01  ,8.999657450842e-01  ,8.963238636131e-01  ,1.366655766644e+00  ,4.332757235243e-01  ,5.203809673882e-01  ,1.272266759838e+00  
  3.058373293454e-07  ,9.491004146745e-01  ,-7.639831447062e-01  ,8.999657777334e-01  ,8.963333615845e-01  ,1.374515985071e+00  ,4.254155703961e-01  ,5.143417892314e-01  ,1.278324933938e+00  
  3.059373301069e-07  ,9.646715358058e-01  ,-7.759599538206e-01  ,8.999658098639e-01  ,8.963434369195e-01  ,1.382301577767e+00  ,4.176300419610e-01  ,5.083634600092e-01  ,1.284323413830e+00  
  3.060373308683e-07  ,9.800905166943e-01  ,-7.878139827157e-01  ,8.999658414695e-01  ,8.963540875953e-01  ,1.390011099817e+00  ,4.099205831224e-01  ,5.024470962375e-01  ,1.290261078953e+00  
  3.061373316298e-07  ,9.953545206241e-01  ,-7.995430266420e-01  ,8.999658725449e-01  ,8.963653121681e-01  ,1.397643132857e+00  ,4.022886122328e-01  ,4.965937988471e-01  ,1.296136825489e+00  
  3.062373323912e-07  ,1.010461942954e+00  ,-8.111458389709e-01  ,8.999659030872e-01  ,8.963771100581e-01  ,1.405196874564e+00  ,3.947349316100e-01  ,4.908041905726e-01  ,1.301950029544e+00  
  3.063373331527e-07  ,1.025409984039e+00  ,-8.226202515601e-01  ,8.999659330899e-01  ,8.963894800814e-01  ,1.412670925109e+00  ,3.872609410705e-01  ,4.850793543014e-01  ,1.307699605862e+00  
  3.064373339141e-07  ,1.040196271033e+00  ,-8.339644316646e-01  ,8.999659625473e-01  ,8.964024205042e-01  ,1.420064098064e+00  ,3.798678270307e-01  ,4.794202046719e-01  ,1.313384636337e+00  
  3.065373346756e-07  ,1.054818091302e+00  ,-8.451762693178e-01  ,8.999659914560e-01  ,8.964159282839e-01  ,1.427375037107e+00  ,3.725569458052e-01  ,4.738277936250e-01  ,1.319004062943e+00  
  3.066373354370e-07  ,1.069273415730e+00  ,-8.562541788100e-01  ,8.999660198123e-01  ,8.964300010055e-01  ,1.434602727677e+00  ,3.653293119473e-01  ,4.683029116005e-01  ,1.324557090411e+00  
  3.067373361985e-07  ,1.083560062352e+00  ,-8.671964592605e-01  ,8.999660476116e-01  ,8.964446361810e-01  ,1.441746078788e+00  ,3.581860164355e-01  ,4.628464065508e-01  ,1.330042865811e+00  
  3.068373369599e-07  ,1.097675809841e+00  ,-8.780013857288e-01  ,8.999660748494e-01  ,8.964598312496e-01  ,1.448803979770e+00  ,3.511281699289e-01  ,4.574591383852e-01  ,1.335460524114e+00  
  3.069373377214e-07  ,1.111618978320e+00  ,-8.886676666906e-01  ,8.999661015218e-01  ,8.964755842177e-01  ,1.455775590682e+00  ,3.441566123618e-01  ,4.521417508724e-01  ,1.340809417563e+00  
  3.070373384828e-07  ,1.125386773824e+00  ,-8.991931641038e-01  ,8.999661276223e-01  ,8.964918917139e-01  ,1.462659514534e+00  ,3.372727407104e-01  ,4.468953096620e-01  ,1.346088473766e+00  
  3.071373392443e-07  ,1.138976646253e+00  ,-9.095759202483e-01  ,8.999661531470e-01  ,8.965087507465e-01  ,1.469454476274e+00  ,3.304778300204e-01  ,4.417207906223e-01  ,1.351296710871e+00  
  3.072373400057e-07  ,1.152387163234e+00  ,-9.198148315138e-01  ,8.999661780935e-01  ,8.965261597806e-01  ,1.476159759711e+00  ,3.237725964764e-01  ,4.366187440237e-01  ,1.356433575538e+00  
  3.073373407672e-07  ,1.165615832929e+00  ,-9.299079818687e-01  ,8.999662024565e-01  ,8.965441161415e-01  ,1.482774118921e+00  ,3.171582859922e-01  ,4.315901252071e-01  ,1.361498107076e+00  
  3.074373415286e-07  ,1.178660555409e+00  ,-9.398537581315e-01  ,8.999662262317e-01  ,8.965626173189e-01  ,1.489296503936e+00  ,3.106359485270e-01  ,4.266357382531e-01  ,1.366489496385e+00  
  3.075373422901e-07  ,1.191518939486e+00  ,-9.496503102350e-01  ,8.999662494162e-01  ,8.965816597982e-01  ,1.495725719159e+00  ,3.042067796734e-01  ,4.217565046807e-01  ,1.371406814916e+00  
  3.076373430515e-07  ,1.204189636289e+00  ,-9.592965968259e-01  ,8.999662720072e-01  ,8.966012413671e-01  ,1.502061090152e+00  ,2.978714538629e-01  ,4.169529429541e-01  ,1.376249539780e+00  
  3.077373438130e-07  ,1.216669978929e+00  ,-9.687905592211e-01  ,8.999662939995e-01  ,8.966213574318e-01  ,1.508301283464e+00  ,2.916313045350e-01  ,4.122260778212e-01  ,1.381016637042e+00  
  3.078373445744e-07  ,1.228958232176e+00  ,-9.781308554399e-01  ,8.999663153909e-01  ,8.966420047839e-01  ,1.514445431479e+00  ,2.854871993028e-01  ,4.075765770640e-01  ,1.385707432504e+00  
  3.079373453358e-07  ,1.241052538860e+00  ,-9.873160510772e-01  ,8.999663361785e-01  ,8.966631799809e-01  ,1.520492605608e+00  ,2.794400667484e-01  ,4.030051544423e-01  ,1.390321205519e+00  
  3.080373460973e-07  ,1.252951475145e+00  ,-9.963450563968e-01  ,8.999663563592e-01  ,8.966848804307e-01  ,1.526442093932e+00  ,2.734906187868e-01  ,3.985123522323e-01  ,1.394857408629e+00  
  3.081373468587e-07  ,1.264652370045e+00  ,-1.005215830217e+00  ,8.999663759281e-01  ,8.967071013224e-01  ,1.532292560951e+00  ,2.676401909057e-01  ,3.940991862141e-01  ,1.399315016431e+00  
  3.082373476202e-07  ,1.276153984437e+00  ,-1.013927429502e+00  ,8.999663948831e-01  ,8.967298404229e-01  ,1.538043387101e+00  ,2.618894026647e-01  ,3.897661256721e-01  ,1.403693555174e+00  
  3.083373483816e-07  ,1.287454171070e+00  ,-1.022478220837e+00  ,8.999664132204e-01  ,8.967530937590e-01  ,1.543693498755e+00  ,2.562393276855e-01  ,3.855139833406e-01  ,1.407992204177e+00  
  3.084373491431e-07  ,1.298551134392e+00  ,-1.030866836294e+00  ,8.999664309368e-01  ,8.967768577582e-01  ,1.549241998133e+00  ,2.506908637410e-01  ,3.813434396115e-01  ,1.412210275905e+00  
  3.085373499045e-07  ,1.309442840813e+00  ,-1.039091715121e+00  ,8.999664480297e-01  ,8.968011280007e-01  ,1.554687868436e+00  ,2.452450276232e-01  ,3.772552704404e-01  ,1.416346985561e+00  
  3.086373506660e-07  ,1.320127782769e+00  ,-1.047151695251e+00  ,8.999664644972e-01  ,8.968259008955e-01  ,1.560030355881e+00  ,2.399025731129e-01  ,3.732500532698e-01  ,1.420401748521e+00  
  3.087373514274e-07  ,1.330604741042e+00  ,-1.055045844934e+00  ,8.999664803367e-01  ,8.968511734119e-01  ,1.565268850858e+00  ,2.346641098158e-01  ,3.693282509450e-01  ,1.424374095879e+00  
  3.088373521889e-07  ,1.340871404778e+00  ,-1.062772401975e+00  ,8.999664955447e-01  ,8.968769395166e-01  ,1.570402197934e+00  ,2.295307931556e-01  ,3.654907385289e-01  ,1.428263140504e+00  
  3.089373529503e-07  ,1.350926690280e+00  ,-1.070330544857e+00  ,8.999665101195e-01  ,8.969031962082e-01  ,1.575429855260e+00  ,2.245031649794e-01  ,3.617379237795e-01  ,1.432068468637e+00  
  3.090373537118e-07  ,1.360768721954e+00  ,-1.077718853833e+00  ,8.999665240589e-01  ,8.969299382818e-01  ,1.580350885036e+00  ,2.195821630817e-01  ,3.580705113655e-01  ,1.435789365198e+00  
  3.091373544732e-07  ,1.370395691347e+00  ,-1.084935954150e+00  ,8.999665373603e-01  ,8.969571606919e-01  ,1.585164383034e+00  ,2.147686916866e-01  ,3.544891836171e-01  ,1.439425137767e+00  
  3.092373552347e-07  ,1.379806265328e+00  ,-1.091980826653e+00  ,8.999665500225e-01  ,8.969848596530e-01  ,1.589869682686e+00  ,2.100634173585e-01  ,3.509944463266e-01  ,1.442975272979e+00  
  3.093373559961e-07  ,1.388999369044e+00  ,-1.098852656235e+00  ,8.999665620437e-01  ,8.970130320742e-01  ,1.594466246566e+00  ,2.054668775218e-01  ,3.475867039569e-01  ,1.446439360191e+00  
  3.094373567576e-07  ,1.397973202083e+00  ,-1.105550084325e+00  ,8.999665734206e-01  ,8.970416726727e-01  ,1.598953174462e+00  ,2.009799723792e-01  ,3.442666305104e-01  ,1.449816714835e+00  
  3.095373575190e-07  ,1.406726112155e+00  ,-1.112071864522e+00  ,8.999665841515e-01  ,8.970707761931e-01  ,1.603329640229e+00  ,1.966035280737e-01  ,3.410348439321e-01  ,1.453106708454e+00  
  3.096373582805e-07  ,1.415257180199e+00  ,-1.118417303243e+00  ,8.999665942353e-01  ,8.971003394835e-01  ,1.607595184335e+00  ,1.923380041360e-01  ,3.378916878623e-01  ,1.456308991105e+00  
  3.097373590419e-07  ,1.423564817995e+00  ,-1.124585205475e+00  ,8.999666036700e-01  ,8.971303568486e-01  ,1.611749012667e+00  ,1.881841946726e-01  ,3.348377541109e-01  ,1.459422959586e+00  
  3.098373598034e-07  ,1.431647501577e+00  ,-1.130574423303e+00  ,8.999666124541e-01  ,8.971608222480e-01  ,1.615790363243e+00  ,1.841428616655e-01  ,3.318736105965e-01  ,1.462448033899e+00  
  3.099373605648e-07  ,1.439504113694e+00  ,-1.136384111664e+00  ,8.999666205871e-01  ,8.971917310572e-01  ,1.619718677434e+00  ,1.802145637398e-01  ,3.289996752250e-01  ,1.465383786889e+00  
  3.100373613263e-07  ,1.447133470311e+00  ,-1.142013377722e+00  ,8.999666280676e-01  ,8.972230783139e-01  ,1.623533363223e+00  ,1.763998929123e-01  ,3.262163894529e-01  ,1.468229767175e+00  
  3.101373620877e-07  ,1.454534385915e+00  ,-1.147461331674e+00  ,8.999666348943e-01  ,8.972548589502e-01  ,1.627233827852e+00  ,1.726994419369e-01  ,3.235241931133e-01  ,1.470985524787e+00  
  3.102373628492e-07  ,1.461705696345e+00  ,-1.152727103933e+00  ,8.999666410659e-01  ,8.972870678595e-01  ,1.630819489238e+00  ,1.691137928936e-01  ,3.209235158933e-01  ,1.473650619826e+00  
  3.103373636106e-07  ,1.468646267540e+00  ,-1.157809850991e+00  ,8.999666465815e-01  ,8.973196999311e-01  ,1.634289780351e+00  ,1.656435128115e-01  ,3.184147744355e-01  ,1.476224625427e+00  
  3.104373643721e-07  ,1.475355265161e+00  ,-1.162708957672e+00  ,8.999666514401e-01  ,8.973527513350e-01  ,1.637644284021e+00  ,1.622890188595e-01  ,3.159982724988e-01  ,1.478707230171e+00  
  3.105373651335e-07  ,1.481831325637e+00  ,-1.167423422782e+00  ,8.999666556404e-01  ,8.973862156684e-01  ,1.640882318459e+00  ,1.590509928219e-01  ,3.136745042775e-01  ,1.481097927059e+00  
  3.106373658950e-07  ,1.488073254986e+00  ,-1.171952368544e+00  ,8.999666591820e-01  ,8.974200867656e-01  ,1.644003286675e+00  ,1.559300316888e-01  ,3.114439024937e-01  ,1.483396271037e+00  
  3.107373666564e-07  ,1.494080398847e+00  ,-1.176295313068e+00  ,8.999666620648e-01  ,8.974543609403e-01  ,1.647006861488e+00  ,1.529264626414e-01  ,3.093067044061e-01  ,1.485602017474e+00  
  3.108373674179e-07  ,1.499851635632e+00  ,-1.180451432821e+00  ,8.999666642879e-01  ,8.974890315897e-01  ,1.649892482104e+00  ,1.500408464720e-01  ,3.072633151790e-01  ,1.487714748000e+00  
  3.109373681793e-07  ,1.505386051369e+00  ,-1.184420059421e+00  ,8.999666658508e-01  ,8.975240928591e-01  ,1.652659691536e+00  ,1.472736401661e-01  ,3.053140631488e-01  ,1.489734122569e+00  
  3.110373689408e-07  ,1.510682637328e+00  ,-1.188200453756e+00  ,8.999666667540e-01  ,8.975595379380e-01  ,1.655307985418e+00  ,1.446253480901e-01  ,3.034593110602e-01  ,1.491659764816e+00  
  3.111373697022e-07  ,1.515740841397e+00  ,-1.191792213461e+00  ,8.999666669970e-01  ,8.975953629619e-01  ,1.657837087696e+00  ,1.420962462982e-01  ,3.016992562315e-01  ,1.493491469692e+00  
  3.112373704637e-07  ,1.520559596916e+00  ,-1.195194563875e+00  ,8.999666665798e-01  ,8.976315602074e-01  ,1.660246465038e+00  ,1.396868681221e-01  ,3.000342782697e-01  ,1.495228842145e+00  
  3.113373712251e-07  ,1.525138400199e+00  ,-1.198407142764e+00  ,8.999666655028e-01  ,8.976681258250e-01  ,1.662535865602e+00  ,1.373974654033e-01  ,2.984645544432e-01  ,1.496871697207e+00  
  3.114373719866e-07  ,1.529476282831e+00  ,-1.201429255894e+00  ,8.999666637662e-01  ,8.977050521806e-01  ,1.664704805182e+00  ,1.352285223505e-01  ,2.969904242338e-01  ,1.498419680127e+00  
  3.115373727480e-07  ,1.533572791432e+00  ,-1.204260581392e+00  ,8.999666613702e-01  ,8.977423355045e-01  ,1.666753057086e+00  ,1.331802656541e-01  ,2.956120448084e-01  ,1.499872626201e+00  
  3.116373735095e-07  ,1.537427058500e+00  ,-1.206900505935e+00  ,8.999666583152e-01  ,8.977799681662e-01  ,1.668680187565e+00  ,1.312531290652e-01  ,2.943297151988e-01  ,1.501230221134e+00  
  3.117373742709e-07  ,1.541038681623e+00  ,-1.209348748246e+00  ,8.999666546015e-01  ,8.978179462052e-01  ,1.670485995413e+00  ,1.294473137901e-01  ,2.931435720824e-01  ,1.502492320328e+00  
  3.118373750324e-07  ,1.544406981479e+00  ,-1.211604836461e+00  ,8.999666502296e-01  ,8.978562625139e-01  ,1.672170140969e+00  ,1.277631594903e-01  ,2.920538442836e-01  ,1.503658680744e+00  
  3.119373757938e-07  ,1.547531424437e+00  ,-1.213668404731e+00  ,8.999666452002e-01  ,8.978949107541e-01  ,1.673732357419e+00  ,1.262009329816e-01  ,2.910607083888e-01  ,1.504729113119e+00  
  3.120373765553e-07  ,1.550411516749e+00  ,-1.215539117885e+00  ,8.999666395141e-01  ,8.979338845461e-01  ,1.675172397889e+00  ,1.247608811395e-01  ,2.901643256034e-01  ,1.505703443489e+00  
  3.121373773167e-07  ,1.553046803818e+00  ,-1.217216671485e+00  ,8.999666331722e-01  ,8.979731774846e-01  ,1.676490035081e+00  ,1.234432312630e-01  ,2.893648417423e-01  ,1.506581513227e+00  
  3.122373780782e-07  ,1.555436808826e+00  ,-1.218700752229e+00  ,8.999666261758e-01  ,8.980127820471e-01  ,1.677685030589e+00  ,1.222482217630e-01  ,2.886624059329e-01  ,1.507363158161e+00  
  3.123373788396e-07  ,1.557581208684e+00  ,-1.219991153356e+00  ,8.999666185261e-01  ,8.980526925633e-01  ,1.678757222868e+00  ,1.211760141839e-01  ,2.880571158855e-01  ,1.508048269241e+00  
  3.124373796011e-07  ,1.559479758318e+00  ,-1.221087721435e+00  ,8.999666102239e-01  ,8.980929044910e-01  ,1.679706489383e+00  ,1.202267310651e-01  ,2.875490437734e-01  ,1.508636765209e+00  
  3.125373803625e-07  ,1.561132071658e+00  ,-1.221990220162e+00  ,8.999666012707e-01  ,8.981334102228e-01  ,1.680532637100e+00  ,1.194005654415e-01  ,2.871383001419e-01  ,1.509128520304e+00  
  3.126373811240e-07  ,1.562537850588e+00  ,-1.222698480215e+00  ,8.999665916681e-01  ,8.981742025153e-01  ,1.681235516962e+00  ,1.186976663743e-01  ,2.868249624079e-01  ,1.509523442623e+00  
  3.127373818854e-07  ,1.563696951158e+00  ,-1.223212425466e+00  ,8.999665814174e-01  ,8.982152771159e-01  ,1.681815056996e+00  ,1.181181058385e-01  ,2.866090643827e-01  ,1.509821489849e+00  
  3.128373826469e-07  ,1.564609147757e+00  ,-1.223531943335e+00  ,8.999665705202e-01  ,8.982566264587e-01  ,1.682271144399e+00  ,1.176619966415e-01  ,2.864906547909e-01  ,1.510022598126e+00  
  3.129373834083e-07  ,1.565274296659e+00  ,-1.223656976413e+00  ,8.999665589785e-01  ,8.982982438771e-01  ,1.682603707308e+00  ,1.173294106489e-01  ,2.864697556706e-01  ,1.510126732084e+00  
  3.130373841698e-07  ,1.565692282264e+00  ,-1.223587499916e+00  ,8.999665467942e-01  ,8.983401214789e-01  ,1.682812687926e+00  ,1.171204056621e-01  ,2.865463715207e-01  ,1.510133871437e+00  
  3.131373849312e-07  ,1.565863055762e+00  ,-1.223323527112e+00  ,8.999665339690e-01  ,8.983822531468e-01  ,1.682898061850e+00  ,1.170350060878e-01  ,2.867204895910e-01  ,1.510044016703e+00  
  3.132373856927e-07  ,1.565786597168e+00  ,-1.222865083409e+00  ,8.999665205045e-01  ,8.984246338780e-01  ,1.682859819088e+00  ,1.170732219205e-01  ,2.869920921733e-01  ,1.509857175583e+00  
  3.133373864541e-07  ,1.565462903572e+00  ,-1.222212235243e+00  ,8.999665064032e-01  ,8.984672552041e-01  ,1.682697958189e+00  ,1.172350546171e-01  ,2.873611375827e-01  ,1.509573372825e+00  
  3.134373872156e-07  ,1.564892042336e+00  ,-1.221365102396e+00  ,8.999664916678e-01  ,8.985101091397e-01  ,1.682412512836e+00  ,1.175204704997e-01  ,2.878275579416e-01  ,1.509192660338e+00  
  3.135373879770e-07  ,1.564074078051e+00  ,-1.220323773942e+00  ,8.999664762998e-01  ,8.985531911972e-01  ,1.682003515325e+00  ,1.179294372743e-01  ,2.883913042265e-01  ,1.508715078168e+00  
  3.136373887385e-07  ,1.563009177885e+00  ,-1.219088458940e+00  ,8.999664603025e-01  ,8.985964924206e-01  ,1.681471049245e+00  ,1.184618713598e-01  ,2.890522629506e-01  ,1.508140721891e+00  
  3.137373894999e-07  ,1.561697500423e+00  ,-1.217659335679e+00  ,8.999664436779e-01  ,8.986400067875e-01  ,1.680815193889e+00  ,1.191176934664e-01  ,2.898103389480e-01  ,1.507469674627e+00  
  3.138373902614e-07  ,1.560139195382e+00  ,-1.216036563595e+00  ,8.999664264282e-01  ,8.986837293496e-01  ,1.680036024119e+00  ,1.198968287370e-01  ,2.906654475519e-01  ,1.506702011147e+00  
  3.139373910228e-07  ,1.558334594123e+00  ,-1.214220483835e+00  ,8.999664085571e-01  ,8.987276504612e-01  ,1.679133705619e+00  ,1.207991114955e-01  ,2.916174085439e-01  ,1.505837892379e+00  
  3.140373917843e-07  ,1.556283892735e+00  ,-1.212211288370e+00  ,8.999663900665e-01  ,8.987717653904e-01  ,1.678108336434e+00  ,1.218244436991e-01  ,2.926661212053e-01  ,1.504877409575e+00  
  3.141373925457e-07  ,1.553987461353e+00  ,-1.210009333668e+00  ,8.999663709598e-01  ,8.988160657886e-01  ,1.676960101636e+00  ,1.229726402835e-01  ,2.938113989546e-01  ,1.503820732623e+00  
  3.142373933072e-07  ,1.551445666293e+00  ,-1.207614964062e+00  ,8.999663512402e-01  ,8.988605443886e-01  ,1.675689184387e+00  ,1.242435180938e-01  ,2.950530623574e-01  ,1.502668026420e+00  
  3.143373940686e-07  ,1.548658981320e+00  ,-1.205028622998e+00  ,8.999663309109e-01  ,8.989051926755e-01  ,1.674295821571e+00  ,1.256368402511e-01  ,2.963908811764e-01  ,1.501419504175e+00  
  3.144373948301e-07  ,1.545627803548e+00  ,-1.202250680040e+00  ,8.999663099747e-01  ,8.989500042018e-01  ,1.672780211749e+00  ,1.271524082008e-01  ,2.978246641820e-01  ,1.500075344222e+00  
  3.145373955915e-07  ,1.542352478355e+00  ,-1.199281449859e+00  ,8.999662884342e-01  ,8.989949737594e-01  ,1.671142527612e+00  ,1.287900492566e-01  ,2.993542488298e-01  ,1.498635698689e+00  
  3.146373963530e-07  ,1.538833623936e+00  ,-1.196121488014e+00  ,8.999662662937e-01  ,8.990400925746e-01  ,1.669383078261e+00  ,1.305494543259e-01  ,3.009793485677e-01  ,1.497100836582e+00  
  3.147373971144e-07  ,1.535071802828e+00  ,-1.192771291446e+00  ,8.999662435568e-01  ,8.990853535191e-01  ,1.667502144971e+00  ,1.324303421427e-01  ,3.026997077963e-01  ,1.495470999242e+00  
  3.148373978759e-07  ,1.531067612535e+00  ,-1.189231387405e+00  ,8.999662202266e-01  ,8.991307494500e-01  ,1.665500026494e+00  ,1.344324139590e-01  ,3.045150557477e-01  ,1.493746443152e+00  
  3.149373986373e-07  ,1.526821687242e+00  ,-1.185502333375e+00  ,8.999661963072e-01  ,8.991762731849e-01  ,1.663377039928e+00  ,1.365553526862e-01  ,3.064251064971e-01  ,1.491927439873e+00  
  3.150373993988e-07  ,1.522334698617e+00  ,-1.181584716995e+00  ,8.999661718021e-01  ,8.992219174747e-01  ,1.661133521111e+00  ,1.387988224935e-01  ,3.084295589772e-01  ,1.490014275972e+00  
  3.151374001602e-07  ,1.517607356143e+00  ,-1.177479155961e+00  ,8.999661467149e-01  ,8.992676749522e-01  ,1.658769824787e+00  ,1.411624686432e-01  ,3.105280969718e-01  ,1.488007252933e+00  
  3.152374009216e-07  ,1.512640407218e+00  ,-1.173186297928e+00  ,8.999661210501e-01  ,8.993135381032e-01  ,1.656286324659e+00  ,1.436459174409e-01  ,3.127203891394e-01  ,1.485906687067e+00  
  3.153374016831e-07  ,1.507434637133e+00  ,-1.168706820400e+00  ,8.999660948114e-01  ,8.993594993568e-01  ,1.653683413378e+00  ,1.462487762447e-01  ,3.150060891566e-01  ,1.483712909557e+00  
  3.154374024445e-07  ,1.501990868991e+00  ,-1.164041430630e+00  ,8.999660680029e-01  ,8.994055512217e-01  ,1.650961502498e+00  ,1.489706335076e-01  ,3.173848359067e-01  ,1.481426266537e+00  
  3.155374032060e-07  ,1.496310107505e+00  ,-1.159190994041e+00  ,8.999660406294e-01  ,8.994516850518e-01  ,1.648121094382e+00  ,1.518109868767e-01  ,3.198561880313e-01  ,1.479047182072e+00  
  3.156374039674e-07  ,1.490392953980e+00  ,-1.154156024812e+00  ,8.999660126936e-01  ,8.994978958881e-01  ,1.645162489683e+00  ,1.547695357038e-01  ,3.224198834823e-01  ,1.476575908294e+00  
  3.157374047289e-07  ,1.484240490645e+00  ,-1.148937442318e+00  ,8.999659842009e-01  ,8.995441750418e-01  ,1.642086229523e+00  ,1.578457388784e-01  ,3.250754538830e-01  ,1.474012896201e+00  
  3.158374054903e-07  ,1.477853695933e+00  ,-1.143536071548e+00  ,8.999659551561e-01  ,8.995905151070e-01  ,1.638892803123e+00  ,1.610391071896e-01  ,3.278224793328e-01  ,1.471358550881e+00  
  3.159374062518e-07  ,1.471233582356e+00  ,-1.137952766625e+00  ,8.999659255634e-01  ,8.996369087799e-01  ,1.635582716741e+00  ,1.643491343854e-01  ,3.306605254675e-01  ,1.468613292092e+00  
  3.160374070132e-07  ,1.464381197907e+00  ,-1.132188410678e+00  ,8.999658954274e-01  ,8.996833487661e-01  ,1.632156494381e+00  ,1.677752964740e-01  ,3.335891434269e-01  ,1.465777554105e+00  
  3.161374077747e-07  ,1.457297626676e+00  ,-1.126243915709e+00  ,8.999658647533e-01  ,8.997298276344e-01  ,1.628614678091e+00  ,1.713170514152e-01  ,3.366078697802e-01  ,1.462851785489e+00  
  3.162374085361e-07  ,1.449983989054e+00  ,-1.120120222429e+00  ,8.999658335454e-01  ,8.997763378093e-01  ,1.624957828072e+00  ,1.749738390186e-01  ,3.397162265950e-01  ,1.459836449024e+00  
  3.163374092976e-07  ,1.442441441735e+00  ,-1.113818300113e+00  ,8.999658018091e-01  ,8.998228717005e-01  ,1.621186522677e+00  ,1.787450809416e-01  ,3.429137216442e-01  ,1.456732021757e+00  
  3.164374100590e-07  ,1.434671177628e+00  ,-1.107339146448e+00  ,8.999657695492e-01  ,8.998694217865e-01  ,1.617301358363e+00  ,1.826301807352e-01  ,3.461998485626e-01  ,1.453538995010e+00  
  3.165374108205e-07  ,1.426674425697e+00  ,-1.100683787379e+00  ,8.999657367705e-01  ,8.999159805660e-01  ,1.613302949619e+00  ,1.866285239221e-01  ,3.495740868767e-01  ,1.450257874255e+00  
  3.166374115819e-07  ,1.418452450786e+00  ,-1.093853276938e+00  ,8.999657034786e-01  ,8.999625405063e-01  ,1.609191928871e+00  ,1.907394780857e-01  ,3.530359020374e-01  ,1.446889178975e+00  
  3.167374123434e-07  ,1.410006553426e+00  ,-1.086848697064e+00  ,8.999656696783e-01  ,9.000090940640e-01  ,1.604968946392e+00  ,1.949623929651e-01  ,3.565847455320e-01  ,1.443433442596e+00  
  3.168374131048e-07  ,1.401338289564e+00  ,-1.079671347721e+00  ,8.999656353756e-01  ,9.000556325318e-01  ,1.600634780158e+00  ,1.992964905935e-01  ,3.602199586711e-01  ,1.439891306392e+00  
  3.169374138663e-07  ,1.392448574862e+00  ,-1.072321990104e+00  ,8.999656005743e-01  ,9.001021510022e-01  ,1.596189888005e+00  ,2.037413131432e-01  ,3.639411559502e-01  ,1.436263146054e+00  
  3.170374146277e-07  ,1.383339042121e+00  ,-1.064801974548e+00  ,8.999655652813e-01  ,9.001486408980e-01  ,1.591635086342e+00  ,2.082960442207e-01  ,3.677476536240e-01  ,1.432549628172e+00  
  3.171374153892e-07  ,1.374011140077e+00  ,-1.057112492897e+00  ,8.999655295023e-01  ,9.001950948152e-01  ,1.586971099541e+00  ,2.129599594640e-01  ,3.716388483667e-01  ,1.428751341264e+00  
  3.172374161506e-07  ,1.364466347725e+00  ,-1.049254764013e+00  ,8.999654932425e-01  ,9.002415052620e-01  ,1.582198667105e+00  ,2.177323193801e-01  ,3.756141232556e-01  ,1.424868887268e+00  
  3.173374169121e-07  ,1.354706176325e+00  ,-1.041230033579e+00  ,8.999654565080e-01  ,9.002878647594e-01  ,1.577318544671e+00  ,2.226123683454e-01  ,3.796728479698e-01  ,1.420902881549e+00  
  3.174374176735e-07  ,1.344732170276e+00  ,-1.033039573906e+00  ,8.999654193046e-01  ,9.003341658943e-01  ,1.572331504443e+00  ,2.275993341664e-01  ,3.838143789412e-01  ,1.416853952847e+00  
  3.175374184350e-07  ,1.334545907415e+00  ,-1.024684683736e+00  ,8.999653816378e-01  ,9.003804012706e-01  ,1.567238335345e+00  ,2.326924279304e-01  ,3.880380594026e-01  ,1.412722743139e+00  
  3.176374191964e-07  ,1.324149262920e+00  ,-1.016166913901e+00  ,8.999653435144e-01  ,9.004265621685e-01  ,1.562039974974e+00  ,2.378907120547e-01  ,3.923431052181e-01  ,1.408510019119e+00  
  3.177374199579e-07  ,1.313543692093e+00  ,-1.007487472867e+00  ,8.999653049396e-01  ,9.004726419398e-01  ,1.556737150986e+00  ,2.431934588933e-01  ,3.967289055060e-01  ,1.404216378374e+00  
  3.178374207193e-07  ,1.302730405435e+00  ,-9.986473546542e-01  ,8.999652659181e-01  ,9.005186352411e-01  ,1.551330468636e+00  ,2.486000632006e-01  ,4.011949579140e-01  ,1.399842312568e+00  
  3.179374214808e-07  ,1.291711770881e+00  ,-9.896484994284e-01  ,8.999652264589e-01  ,9.005645318939e-01  ,1.545821111899e+00  ,2.541093410185e-01  ,4.057402821797e-01  ,1.395388781608e+00  
  3.180374222422e-07  ,1.280488961435e+00  ,-9.804918617380e-01  ,8.999651865661e-01  ,9.006103270363e-01  ,1.540209667284e+00  ,2.597207058486e-01  ,4.103643961673e-01  ,1.390856257905e+00  
  3.181374230037e-07  ,1.269064054026e+00  ,-9.711791287624e-01  ,8.999651462472e-01  ,9.006560121084e-01  ,1.534497173260e+00  ,2.654331192344e-01  ,4.150664477272e-01  ,1.386245576490e+00  
  3.182374237651e-07  ,1.257438867523e+00  ,-9.617117781506e-01  ,8.999651055089e-01  ,9.007015797494e-01  ,1.528684539270e+00  ,2.712456717475e-01  ,4.198456906741e-01  ,1.381557468825e+00  
  3.183374245266e-07  ,1.245615545607e+00  ,-9.520915673373e-01  ,8.999650643579e-01  ,9.007470215508e-01  ,1.522772837161e+00  ,2.771572915544e-01  ,4.247012378822e-01  ,1.376792805219e+00  
  3.184374252880e-07  ,1.233595336143e+00  ,-9.423195168267e-01  ,8.999650227986e-01  ,9.007923327687e-01  ,1.516762690870e+00  ,2.831673547269e-01  ,4.296325743554e-01  ,1.371952091182e+00  
  3.185374260495e-07  ,1.221380451918e+00  ,-9.323974285896e-01  ,8.999649808396e-01  ,9.008375050420e-01  ,1.510655206799e+00  ,2.892747548805e-01  ,4.346387907472e-01  ,1.367036219337e+00  
  3.186374268109e-07  ,1.208972834231e+00  ,-9.223268774541e-01  ,8.999649384878e-01  ,9.008825310644e-01  ,1.504451355603e+00  ,2.954785213724e-01  ,4.397190923374e-01  ,1.362045969791e+00  
  3.187374275724e-07  ,1.196374769184e+00  ,-9.121097328779e-01  ,8.999648957496e-01  ,9.009274023309e-01  ,1.498152280342e+00  ,3.017775111575e-01  ,4.448725358919e-01  ,1.356982268770e+00  
  3.188374283338e-07  ,1.183587585901e+00  ,-9.017470787107e-01  ,8.999648526300e-01  ,9.009721140984e-01  ,1.491758645580e+00  ,3.081710596796e-01  ,4.500985747431e-01  ,1.351845653454e+00  
  3.189374290953e-07  ,1.170613970211e+00  ,-8.912411057354e-01  ,8.999648091380e-01  ,9.010166569426e-01  ,1.485271794244e+00  ,3.146578240324e-01  ,4.553961040750e-01  ,1.346637209810e+00  
  3.190374298567e-07  ,1.157455296235e+00  ,-8.805929284575e-01  ,8.999647652781e-01  ,9.010610261086e-01  ,1.478692413396e+00  ,3.212371171604e-01  ,4.607645618798e-01  ,1.341357490337e+00  
  3.191374306182e-07  ,1.144113994396e+00  ,-8.698045123104e-01  ,8.999647210587e-01  ,9.011052131542e-01  ,1.472021718257e+00  ,3.279077238606e-01  ,4.662029569990e-01  ,1.336007469309e+00  
  3.192374313796e-07  ,1.130592186792e+00  ,-8.588775702559e-01  ,8.999646764873e-01  ,9.011492107799e-01  ,1.465260769884e+00  ,3.346685830911e-01  ,4.717104256520e-01  ,1.330587995908e+00  
  3.193374321411e-07  ,1.116892365005e+00  ,-8.478141307614e-01  ,8.999646315712e-01  ,9.011930108667e-01  ,1.458410814074e+00  ,3.415184490685e-01  ,4.772859454860e-01  ,1.325100076247e+00  
  3.194374329025e-07  ,1.103015974160e+00  ,-8.366153674799e-01  ,8.999645863153e-01  ,9.012366089439e-01  ,1.451472573395e+00  ,3.484565992354e-01  ,4.829289252040e-01  ,1.319544292684e+00  
  3.195374336640e-07  ,1.088965571339e+00  ,-8.252833486357e-01  ,8.999645407287e-01  ,9.012799971172e-01  ,1.444447326398e+00  ,3.554817550592e-01  ,4.886383227994e-01  ,1.313921671435e+00  
  3.196374344254e-07  ,1.074743389755e+00  ,-8.138198739087e-01  ,8.999644948187e-01  ,9.013231683796e-01  ,1.437336189696e+00  ,3.625927999411e-01  ,4.944132314252e-01  ,1.308233105334e+00  
  3.197374351869e-07  ,1.060352049029e+00  ,-8.022270713554e-01  ,8.999644485926e-01  ,9.013661145090e-01  ,1.430140473107e+00  ,3.697884240783e-01  ,5.002525788313e-01  ,1.302479650187e+00  
  3.198374359483e-07  ,1.045793066922e+00  ,-7.905061707581e-01  ,8.999644020557e-01  ,9.014088309997e-01  ,1.422860935517e+00  ,3.770678685948e-01  ,5.061557456206e-01  ,1.296661916379e+00  
  3.199374367098e-07  ,1.031069502927e+00  ,-7.786596519964e-01  ,8.999643552179e-01  ,9.014513089870e-01  ,1.415499106681e+00  ,3.844296037546e-01  ,5.121214829888e-01  ,1.290781134985e+00  
  3.200374374712e-07  ,1.016182915871e+00  ,-7.666887718000e-01  ,8.999643080839e-01  ,9.014935439938e-01  ,1.408055766019e+00  ,3.918728501486e-01  ,5.181491580938e-01  ,1.284837929894e+00  
  3.201374382327e-07  ,1.001136441946e+00  ,-7.545960632983e-01  ,8.999642606635e-01  ,9.015355267813e-01  ,1.400532481637e+00  ,3.993960396904e-01  ,5.242374951322e-01  ,1.278833558430e+00  
  3.202374389941e-07  ,9.859321918233e-01  ,-7.423832397357e-01  ,8.999642129631e-01  ,9.015772511282e-01  ,1.392930308875e+00  ,4.069981170514e-01  ,5.303856312603e-01  ,1.272768870996e+00  
  3.203374397556e-07  ,9.705719060281e-01  ,-7.300517021284e-01  ,8.999641649886e-01  ,9.016187121515e-01  ,1.385250118003e+00  ,4.146782119745e-01  ,5.365928610873e-01  ,1.266644563216e+00  
  3.204374405170e-07  ,9.550585619563e-01  ,-7.176038357201e-01  ,8.999641167503e-01  ,9.016599018451e-01  ,1.377493397728e+00  ,4.224348357721e-01  ,5.428579839850e-01  ,1.260461819705e+00  
  3.205374412785e-07  ,9.393946360433e-01  ,-7.050416181809e-01  ,8.999640682557e-01  ,9.017008139106e-01  ,1.369661386277e+00  ,4.302667502340e-01  ,5.491800048201e-01  ,1.254221623001e+00  
  3.206374420399e-07  ,9.235826148041e-01  ,-6.923670454274e-01  ,8.999640195114e-01  ,9.017414418208e-01  ,1.361755326913e+00  ,4.381727121093e-01  ,5.555579191071e-01  ,1.247924964534e+00  
  3.207374428014e-07  ,9.076254071159e-01  ,-6.795824703222e-01  ,8.999639705265e-01  ,9.017817778982e-01  ,1.353776674084e+00  ,4.461512669685e-01  ,5.619905427372e-01  ,1.241573013059e+00  
  3.208374435628e-07  ,8.915246941097e-01  ,-6.666892490543e-01  ,8.999639213064e-01  ,9.018218179723e-01  ,1.345726268361e+00  ,4.542015742515e-01  ,5.684771934452e-01  ,1.235166442499e+00  
  3.209374443243e-07  ,8.752838583617e-01  ,-6.536901111978e-01  ,8.999638718608e-01  ,9.018615538379e-01  ,1.337605801042e+00  ,4.623219426800e-01  ,5.750164982390e-01  ,1.228706609437e+00  
  3.210374450857e-07  ,8.589046179133e-01  ,-6.405864357209e-01  ,8.999638221954e-01  ,9.019009813077e-01  ,1.329416131152e+00  ,4.705115132387e-01  ,5.816077634472e-01  ,1.222194199168e+00  
  3.211374458472e-07  ,8.423900014660e-01  ,-6.273806468646e-01  ,8.999637723199e-01  ,9.019400928060e-01  ,1.321158773053e+00  ,4.787687715868e-01  ,5.882497693737e-01  ,1.215630416238e+00  
  3.212374466086e-07  ,8.257430587303e-01  ,-6.140751960944e-01  ,8.999637222426e-01  ,9.019788806261e-01  ,1.312835251608e+00  ,4.870921928775e-01  ,5.949412825789e-01  ,1.209016478673e+00  
  3.213374473701e-07  ,8.089661160103e-01  ,-6.006719676380e-01  ,8.999636719696e-01  ,9.020173392735e-01  ,1.304446729975e+00  ,4.954806139644e-01  ,6.016813554545e-01  ,1.202353323092e+00  
  3.214374481315e-07  ,7.920610901295e-01  ,-5.871724997631e-01  ,8.999636215070e-01  ,9.020554643801e-01  ,1.295994166572e+00  ,5.039330764422e-01  ,6.084692144985e-01  ,1.195641714262e+00  
  3.215374488930e-07  ,7.750316930231e-01  ,-5.735797677425e-01  ,8.999635708667e-01  ,9.020932474797e-01  ,1.287479417378e+00  ,5.124477243551e-01  ,6.153033636084e-01  ,1.188883131351e+00  
  3.216374496544e-07  ,7.578797330002e-01  ,-5.598952134756e-01  ,8.999635200541e-01  ,9.021306844251e-01  ,1.278903386554e+00  ,5.210236535540e-01  ,6.221830776873e-01  ,1.182078291163e+00  
  3.217374504159e-07  ,7.406088321347e-01  ,-5.461217352233e-01  ,8.999634690798e-01  ,9.021677670852e-01  ,1.270267885147e+00  ,5.296590530124e-01  ,6.291068994736e-01  ,1.175228634697e+00  
  3.218374511773e-07  ,7.232214106832e-01  ,-5.322612830820e-01  ,8.999634179504e-01  ,9.022044904124e-01  ,1.261574123292e+00  ,5.383527126088e-01  ,6.360738488714e-01  ,1.168335131953e+00  
  3.219374519388e-07  ,7.057194587751e-01  ,-5.183154480244e-01  ,8.999633666724e-01  ,9.022408504139e-01  ,1.252823096060e+00  ,5.471036372848e-01  ,6.430831264017e-01  ,1.161398574426e+00  
  3.220374527002e-07  ,6.881063722868e-01  ,-5.042869327384e-01  ,8.999633152563e-01  ,9.022768402905e-01  ,1.244016501400e+00  ,5.559101291129e-01  ,6.501333739213e-01  ,1.154420306660e+00  
  3.221374534617e-07  ,6.703849609349e-01  ,-4.901779671577e-01  ,8.999632637105e-01  ,9.023124541984e-01  ,1.235155744178e+00  ,5.647707832430e-01  ,6.572234706195e-01  ,1.147401437777e+00  
  3.222374542231e-07  ,6.525580361887e-01  ,-4.759907940433e-01  ,8.999632120418e-01  ,9.023476860794e-01  ,1.226242230136e+00  ,5.736841939475e-01  ,6.643522890577e-01  ,1.140343083101e+00  
  3.223374549846e-07  ,6.346288744650e-01  ,-4.617280468839e-01  ,8.999631602597e-01  ,9.023825293039e-01  ,1.217277597492e+00  ,5.826487230272e-01  ,6.715185058619e-01  ,1.133246552746e+00  
  3.224374557460e-07  ,6.165993628273e-01  ,-4.473912386085e-01  ,8.999631083698e-01  ,9.024169803233e-01  ,1.208262789783e+00  ,5.916634269561e-01  ,6.787213610191e-01  ,1.126112599628e+00  
  3.225374565075e-07  ,5.984732888741e-01  ,-4.329834067443e-01  ,8.999630563823e-01  ,9.024510318476e-01  ,1.199199700819e+00  ,6.007264119453e-01  ,6.859593284755e-01  ,1.118942735220e+00  
  3.226374572689e-07  ,5.802531881758e-01  ,-4.185065906404e-01  ,8.999630043044e-01  ,9.024846787174e-01  ,1.190089598392e+00  ,6.098364102165e-01  ,6.932313833972e-01  ,1.111737974038e+00  
  3.227374580303e-07  ,5.619411446397e-01  ,-4.039624524042e-01  ,8.999629521427e-01  ,9.025179167720e-01  ,1.180933524463e+00  ,6.189923798229e-01  ,7.005366905699e-01  ,1.104499142974e+00  
  3.228374587918e-07  ,5.435407119103e-01  ,-3.893538129019e-01  ,8.999628999085e-01  ,9.025507392571e-01  ,1.171733255864e+00  ,6.281925439533e-01  ,7.078738328061e-01  ,1.097227645708e+00  
  3.229374595532e-07  ,5.250552966207e-01  ,-3.746833837528e-01  ,8.999628476102e-01  ,9.025831404252e-01  ,1.162490495921e+00  ,6.374351992999e-01  ,7.152414485488e-01  ,1.089924832302e+00  
  3.230374603147e-07  ,5.064868505846e-01  ,-3.599527210496e-01  ,8.999627952529e-01  ,9.026151170251e-01  ,1.153206220545e+00  ,6.467193699606e-01  ,7.226387565003e-01  ,1.082591477550e+00  
  3.231374610761e-07  ,4.878388069829e-01  ,-3.451645542816e-01  ,8.999627428469e-01  ,9.026466631380e-01  ,1.143882146338e+00  ,6.560433393555e-01  ,7.300643859972e-01  ,1.075228940279e+00  
  3.232374618376e-07  ,4.691146046448e-01  ,-3.303216282998e-01  ,8.999626904022e-01  ,9.026777726088e-01  ,1.134519992725e+00  ,6.654053880798e-01  ,7.375169584589e-01  ,1.067838586759e+00  
  3.233374625990e-07  ,4.503168555458e-01  ,-3.154260434222e-01  ,8.999626379249e-01  ,9.027084410559e-01  ,1.125121065698e+00  ,6.748042101520e-01  ,7.449954193448e-01  ,1.060421462767e+00  
  3.234374633605e-07  ,4.314477061184e-01  ,-3.004795100962e-01  ,8.999625854215e-01  ,9.027386650509e-01  ,1.115686438481e+00  ,6.842387323624e-01  ,7.524989100028e-01  ,1.052978420099e+00  
  3.235374641219e-07  ,4.125113003834e-01  ,-2.854853266493e-01  ,8.999625329047e-01  ,9.027684379948e-01  ,1.106218183096e+00  ,6.937068827130e-01  ,7.600257746701e-01  ,1.045511101319e+00  
  3.236374648834e-07  ,3.935096466423e-01  ,-2.704450834408e-01  ,8.999624803798e-01  ,9.027977566183e-01  ,1.096717303701e+00  ,7.032076570587e-01  ,7.675752148979e-01  ,1.038020298339e+00  
  3.237374656448e-07  ,3.744462699927e-01  ,-2.553615684211e-01  ,8.999624278562e-01  ,9.028266151247e-01  ,1.087185562853e+00  ,7.127392928598e-01  ,7.751458309141e-01  ,1.030507399335e+00  
  3.238374664063e-07  ,3.553242010231e-01  ,-2.402371801292e-01  ,8.999623753426e-01  ,9.028550086533e-01  ,1.077624475854e+00  ,7.223002748310e-01  ,7.827364185887e-01  ,1.022973598718e+00  
  3.239374671677e-07  ,3.361469553761e-01  ,-2.250747256761e-01  ,8.999623228469e-01  ,9.028829320452e-01  ,1.068035800535e+00  ,7.318888451589e-01  ,7.903455692072e-01  ,1.015420294883e+00  
  3.240374679292e-07  ,3.169165508404e-01  ,-2.098758132010e-01  ,8.999622703750e-01  ,9.029103824644e-01  ,1.058420545795e+00  ,7.415039949548e-01  ,7.979724758640e-01  ,1.007848289065e+00  
  3.241374686906e-07  ,2.976370281413e-01  ,-1.946436646330e-01  ,8.999622179386e-01  ,9.029373541196e-01  ,1.048780732009e+00  ,7.511437038680e-01  ,8.056155218031e-01  ,1.000259186436e+00  
  3.242374694521e-07  ,2.783110811398e-01  ,-1.793804346828e-01  ,8.999621655446e-01  ,9.029638430947e-01  ,1.039117706115e+00  ,7.608066249747e-01  ,8.132736257533e-01  ,9.926540604361e-01  
  3.243374702135e-07  ,2.589409194151e-01  ,-1.640878763476e-01  ,8.999621131995e-01  ,9.029898462929e-01  ,1.029432572907e+00  ,7.704916534919e-01  ,8.209459081190e-01  ,9.850337844667e-01  
  3.244374709750e-07  ,2.395303041093e-01  ,-1.487689597415e-01  ,8.999620609145e-01  ,9.030153586469e-01  ,1.019727212969e+00  ,7.801969088599e-01  ,8.286308787762e-01  ,9.773998385177e-01  
  3.245374717364e-07  ,2.200823300836e-01  ,-1.334261211318e-01  ,8.999620086979e-01  ,9.030403762431e-01  ,1.010003173740e+00  ,7.899208436561e-01  ,8.363273156772e-01  ,9.697534368090e-01  
  3.246374724979e-07  ,2.006005764927e-01  ,-1.180622080050e-01  ,8.999619565568e-01  ,9.030648944080e-01  ,1.000262244803e+00  ,7.996616683104e-01  ,8.440337904055e-01  ,9.620959984105e-01  
  3.247374732593e-07  ,1.810870935923e-01  ,-1.026788497621e-01  ,8.999619044974e-01  ,9.030889104142e-01  ,9.905054512936e-01  ,8.094183577012e-01  ,8.517494855331e-01  ,9.544283352952e-01  
  3.248374740208e-07  ,1.615459825812e-01  ,-8.727930813533e-02  ,8.999618525314e-01  ,9.031124189711e-01  ,9.807348438220e-01  ,8.191888612407e-01  ,8.594727649034e-01  ,9.467520730387e-01  
  3.249374747822e-07  ,1.419793845876e-01  ,-7.186521625976e-02  ,8.999618006679e-01  ,9.031354176001e-01  ,9.709514929617e-01  ,8.289721083741e-01  ,8.672028094702e-01  ,9.390680257300e-01  
  3.250374755437e-07  ,1.223910261768e-01  ,-5.643943360265e-02  ,8.999617489187e-01  ,9.031579020631e-01  ,9.611572620071e-01  ,8.387662358303e-01  ,8.749381852618e-01  ,9.313776188644e-01  
  3.251374763051e-07  ,1.027839414095e-01  ,-4.100441368868e-02  ,8.999616972838e-01  ,9.031798688738e-01  ,9.513536679885e-01  ,8.485697265791e-01  ,8.826776620295e-01  ,9.236820757182e-01  
  3.252374770666e-07  ,8.316151626428e-02  ,-2.556302097111e-02  ,8.999616457651e-01  ,9.032013142555e-01  ,9.415424038973e-01  ,8.583808876330e-01  ,8.904198037700e-01  ,9.159828247411e-01  
  3.253374778280e-07  ,6.352630966218e-02  ,-1.011743893666e-02  ,8.999615943716e-01  ,9.032222354509e-01  ,9.317247492026e-01  ,8.681984395405e-01  ,8.981635159826e-01  ,9.082809549193e-01  
  3.254374785895e-07  ,4.388128456483e-02  ,5.329966594760e-03  ,8.999615431163e-01  ,9.032426290941e-01  ,9.219021853987e-01  ,8.780209008338e-01  ,9.059076123915e-01  ,9.005776457968e-01  
  3.255374793509e-07  ,2.422955003133e-02  ,2.077676902169e-02  ,8.999614920097e-01  ,9.032624912652e-01  ,9.120762670253e-01  ,8.878467169940e-01  ,9.136508757761e-01  ,8.928741067544e-01  
  3.256374801124e-07  ,4.573512621152e-03  ,3.622113330199e-02  ,8.999614410603e-01  ,9.032818189003e-01  ,9.022481973709e-01  ,8.976746847497e-01  ,9.213923855513e-01  ,8.851712522493e-01  
  3.257374808738e-07  ,-1.508226999933e-02  ,5.165958703633e-02  ,8.999613902807e-01  ,9.033006068848e-01  ,8.924202552811e-01  ,9.075025252804e-01  ,9.291304004030e-01  ,8.774708133667e-01  
  3.258374816353e-07  ,-3.473498186924e-02  ,6.708994770887e-02  ,8.999613396761e-01  ,9.033188531527e-01  ,8.825938487415e-01  ,9.173288306108e-01  ,9.368638270071e-01  ,8.697738792983e-01  
  3.259374823967e-07  ,-5.438161093657e-02  ,8.250985201190e-02  ,8.999612892528e-01  ,9.033365557855e-01  ,8.727704837846e-01  ,9.271520947211e-01  ,9.445914817914e-01  ,8.620816297795e-01  
  3.260374831582e-07  ,-7.401908943608e-02  ,9.791687761381e-02  ,8.999612390191e-01  ,9.033537126938e-01  ,8.629516943011e-01  ,9.369707837372e-01  ,9.523121515007e-01  ,8.543952738869e-01  
  3.261374839196e-07  ,-9.364508697029e-02  ,1.133091938388e-01  ,8.999611889827e-01  ,9.033703221540e-01  ,8.531386454975e-01  ,9.467837324678e-01  ,9.600249190735e-01  ,8.467157252346e-01  
  3.262374846811e-07  ,-1.132557051968e-01  ,1.286837464357e-01  ,8.999611391560e-01  ,9.033863812875e-01  ,8.433332865575e-01  ,9.565889917544e-01  ,9.677282545053e-01  ,8.390445080696e-01  
  3.263374854425e-07  ,-1.328478249231e-01  ,1.440380896802e-01  ,8.999610895463e-01  ,9.034018881463e-01  ,8.335371770847e-01  ,9.663850020078e-01  ,9.754209329864e-01  ,8.313828433062e-01  
  3.264374862040e-07  ,-1.524178567235e-01  ,1.593693744067e-01  ,8.999610401585e-01  ,9.034168407700e-01  ,8.237521117967e-01  ,9.761699685202e-01  ,9.831015279733e-01  ,8.237321535666e-01  
  3.265374869654e-07  ,-1.719630893175e-01  ,1.746754335341e-01  ,8.999609909973e-01  ,9.034312368374e-01  ,8.139794463385e-01  ,9.859425356560e-01  ,9.907689536045e-01  ,8.160935200704e-01  
  3.266374877269e-07  ,-1.914805832345e-01  ,1.899539226994e-01  ,8.999609420688e-01  ,9.034450730506e-01  ,8.042206504515e-01  ,9.957012336860e-01  ,9.984220344002e-01  ,8.084681117009e-01  
  3.267374884883e-07  ,-2.109680564032e-01  ,2.052030410110e-01  ,8.999608933793e-01  ,9.034583466279e-01  ,7.944768651778e-01  ,1.005444921581e+00  ,1.006059867133e+00  ,8.008568261224e-01  
  3.268374892498e-07  ,-2.304211722175e-01  ,2.204193724233e-01  ,8.999608449409e-01  ,9.034710527523e-01  ,7.847502588322e-01  ,1.015171431050e+00  ,1.013680738964e+00  ,7.932613665406e-01  
  3.269374900112e-07  ,-2.498378725910e-01  ,2.356013035650e-01  ,8.999607967594e-01  ,9.034831898364e-01  ,7.750418604639e-01  ,1.024879733055e+00  ,1.021283841619e+00  ,7.856825380538e-01  
  3.270374907727e-07  ,-2.692145585128e-01  ,2.507460147273e-01  ,8.999607488449e-01  ,9.034947557827e-01  ,7.653534695885e-01  ,1.034568028101e+00  ,1.028867763146e+00  ,7.781217484191e-01  
  3.271374915341e-07  ,-2.885481594242e-01  ,2.658510962946e-01  ,8.999607012057e-01  ,9.035057496276e-01  ,7.556866214936e-01  ,1.044234780918e+00  ,1.036431297775e+00  ,7.705802014803e-01  
  3.272374922956e-07  ,-3.078351345017e-01  ,2.809137458166e-01  ,8.999606538494e-01  ,9.035161702923e-01  ,7.460430865986e-01  ,1.053878221100e+00  ,1.043973043201e+00  ,7.630592973840e-01  
  3.273374930570e-07  ,-3.270734622285e-01  ,2.959323664659e-01  ,8.999606067811e-01  ,9.035260172597e-01  ,7.364238756668e-01  ,1.063497337895e+00  ,1.051492200493e+00  ,7.555598340268e-01  
  3.274374938185e-07  ,-3.462591098287e-01  ,3.109037717842e-01  ,8.999605600107e-01  ,9.035352896821e-01  ,7.268310050964e-01  ,1.073090114925e+00  ,1.058987175574e+00  ,7.480834037900e-01  
  3.275374945799e-07  ,-3.653894079120e-01  ,3.258258467804e-01  ,8.999605135440e-01  ,9.035439867867e-01  ,7.172658095880e-01  ,1.082655217500e+00  ,1.066456910177e+00  ,7.406310633965e-01  
  3.276374953414e-07  ,-3.844621749509e-01  ,3.406968767208e-01  ,8.999604673863e-01  ,9.035521075644e-01  ,7.077293799109e-01  ,1.092191554862e+00  ,1.073900545925e+00  ,7.332036692040e-01  
  3.277374961028e-07  ,-4.034737099759e-01  ,3.555139658796e-01  ,8.999604215475e-01  ,9.035596496796e-01  ,6.982235665595e-01  ,1.101697276535e+00  ,1.081316632619e+00  ,7.258026667398e-01  
  3.278374968643e-07  ,-4.224209898793e-01  ,3.702747566703e-01  ,8.999603760346e-01  ,9.035666103986e-01  ,6.887498810950e-01  ,1.111170870974e+00  ,1.088703988734e+00  ,7.184292320635e-01  
  3.279374976257e-07  ,-4.413005387925e-01  ,3.849765108752e-01  ,8.999603308538e-01  ,9.035729871086e-01  ,6.793100614576e-01  ,1.120610600250e+00  ,1.096061242546e+00  ,7.110847316709e-01  
  3.280374983872e-07  ,-4.601103762473e-01  ,3.996176700483e-01  ,8.999602860106e-01  ,9.035787789407e-01  ,6.699050978869e-01  ,1.130015474134e+00  ,1.103387613965e+00  ,7.037699439166e-01  
  3.281374991486e-07  ,-4.788465560959e-01  ,4.141951270852e-01  ,8.999602415148e-01  ,9.035839848594e-01  ,6.605369634668e-01  ,1.139383519563e+00  ,1.110681548402e+00  ,6.964864213168e-01  
  3.282374999101e-07  ,-4.975071069787e-01  ,4.287073367755e-01  ,8.999601973713e-01  ,9.035886047555e-01  ,6.512066438819e-01  ,1.148713750861e+00  ,1.117942273143e+00  ,6.892349363677e-01  
  3.283375006715e-07  ,-5.160885793821e-01  ,4.431516020398e-01  ,8.999601535887e-01  ,9.035926385454e-01  ,6.419158638976e-01  ,1.158004443280e+00  ,1.125168439565e+00  ,6.820168375255e-01  
  3.284375014330e-07  ,-5.345880297817e-01  ,4.575256246687e-01  ,8.999601101747e-01  ,9.035960864072e-01  ,6.326660952838e-01  ,1.167254125066e+00  ,1.132358898742e+00  ,6.748332740729e-01  
  3.285375021944e-07  ,-5.530020703015e-01  ,4.718267386973e-01  ,8.999600671353e-01  ,9.035989487386e-01  ,6.234590319845e-01  ,1.176461102286e+00  ,1.139512318087e+00  ,6.676855793900e-01  
  3.286375029559e-07  ,-5.713281485707e-01  ,4.860529248946e-01  ,8.999600244757e-01  ,9.036012254995e-01  ,6.142959501903e-01  ,1.185624098761e+00  ,1.146627687947e+00  ,6.605747630522e-01  
  3.287375037173e-07  ,-5.895641791700e-01  ,5.002025482577e-01  ,8.999599822015e-01  ,9.036029163010e-01  ,6.051778926164e-01  ,1.194742071786e+00  ,1.153704190430e+00  ,6.535016421721e-01  
  3.288375044788e-07  ,-6.077061627826e-01  ,5.142724782460e-01  ,8.999599403225e-01  ,9.036040197433e-01  ,5.961068589312e-01  ,1.203813021714e+00  ,1.160740258866e+00  ,6.464677806203e-01  
  3.289375052402e-07  ,-6.257515681728e-01  ,5.282607284480e-01  ,8.999598988440e-01  ,9.036045346418e-01  ,5.870841147577e-01  ,1.212835682930e+00  ,1.167734898866e+00  ,6.394741704178e-01  
  3.290375060017e-07  ,-6.436983333638e-01  ,5.421656910682e-01  ,8.999598577712e-01  ,9.036044602825e-01  ,5.781106910893e-01  ,1.221809024453e+00  ,1.174687305817e+00  ,6.325216147484e-01  
  3.291375067631e-07  ,-6.615429691512e-01  ,5.559846552520e-01  ,8.999598171129e-01  ,9.036037959419e-01  ,5.691883325373e-01  ,1.230731301688e+00  ,1.181596123568e+00  ,6.256114683159e-01  
  3.292375075246e-07  ,-6.792821892380e-01  ,5.697150579887e-01  ,8.999597768757e-01  ,9.036025419853e-01  ,5.603186822567e-01  ,1.239600871495e+00  ,1.188460070980e+00  ,6.187450129909e-01  
  3.293375082860e-07  ,-6.969141309843e-01  ,5.833554440926e-01  ,8.999597370632e-01  ,9.036006988794e-01  ,5.515026715710e-01  ,1.248416802555e+00  ,1.195278420926e+00  ,6.119229768331e-01  
  3.294375090475e-07  ,-7.144355386082e-01  ,5.969032766463e-01  ,8.999596976835e-01  ,9.035982676513e-01  ,5.427419283794e-01  ,1.257177466988e+00  ,1.202049905974e+00  ,6.051466293281e-01  
  3.295375098089e-07  ,-7.318431991994e-01  ,6.103560432564e-01  ,8.999596587439e-01  ,9.035952498150e-01  ,5.340380591442e-01  ,1.265881258344e+00  ,1.208773271443e+00  ,5.984172281868e-01  
  3.296375105704e-07  ,-7.491352887184e-01  ,6.237123183371e-01  ,8.999596202478e-01  ,9.035916462698e-01  ,5.253919758886e-01  ,1.274527264607e+00  ,1.215447805438e+00  ,5.917354871013e-01  
  3.297375113318e-07  ,-7.663086179909e-01  ,6.369696173636e-01  ,8.999595822027e-01  ,9.035874582863e-01  ,5.168052732072e-01  ,1.283113891198e+00  ,1.222072266968e+00  ,5.851026496045e-01  
  3.298375120933e-07  ,-7.833604715180e-01  ,6.501258303636e-01  ,8.999595446153e-01  ,9.035826862000e-01  ,5.082793088563e-01  ,1.291639780374e+00  ,1.228645601382e+00  ,5.785197710182e-01  
  3.299375128547e-07  ,-8.002877321652e-01  ,6.631785175619e-01  ,8.999595074904e-01  ,9.035773298273e-01  ,4.998156414078e-01  ,1.300103373573e+00  ,1.235166588608e+00  ,5.719880710463e-01  
  3.300375136162e-07  ,-8.170886288177e-01  ,6.761262957490e-01  ,8.999594708322e-01  ,9.035713891668e-01  ,4.914151564234e-01  ,1.308503785241e+00  ,1.241634537041e+00  ,5.655082412923e-01  
  3.301375143776e-07  ,-8.337600649774e-01  ,6.889667554835e-01  ,8.999594346485e-01  ,9.035648645015e-01  ,4.830794021598e-01  ,1.316839467137e+00  ,1.248048242243e+00  ,5.590814867598e-01  
  3.302375151390e-07  ,-8.502989858208e-01  ,7.016975156617e-01  ,8.999593989448e-01  ,9.035577567269e-01  ,4.748099060344e-01  ,1.325108891855e+00  ,1.254406514558e+00  ,5.527089988960e-01  
  3.303375159005e-07  ,-8.667036590902e-01  ,7.143172272926e-01  ,8.999593637247e-01  ,9.035500665668e-01  ,4.666075341795e-01  ,1.333311193270e+00  ,1.260708680213e+00  ,5.463914529205e-01  
  3.304375166619e-07  ,-8.829710585896e-01  ,7.268235415230e-01  ,8.999593289958e-01  ,9.035417956042e-01  ,4.584737997010e-01  ,1.341444858291e+00  ,1.266953566366e+00  ,5.401300248427e-01  
  3.305375174234e-07  ,-8.990982036186e-01  ,7.392141395839e-01  ,8.999592947642e-01  ,9.035329462909e-01  ,4.504101929549e-01  ,1.349508396573e+00  ,1.273140016083e+00  ,5.339258764990e-01  
  3.306375181848e-07  ,-9.150834053905e-01  ,7.514877087635e-01  ,8.999592610328e-01  ,9.035235202532e-01  ,4.424175583376e-01  ,1.357500963728e+00  ,1.279267374635e+00  ,5.277796658715e-01  
  3.307375189463e-07  ,-9.309237150014e-01  ,7.636419642964e-01  ,8.999592278084e-01  ,9.035135201833e-01  ,4.344973703077e-01  ,1.365421085309e+00  ,1.285334502331e+00  ,5.216925380351e-01  
  3.308375197077e-07  ,-9.466166286755e-01  ,7.756749716211e-01  ,8.999591950972e-01  ,9.035029478563e-01  ,4.266508807595e-01  ,1.373267509435e+00  ,1.291340433667e+00  ,5.156654620457e-01  
  3.309375204692e-07  ,-9.621592797838e-01  ,7.875844999976e-01  ,8.999591629032e-01  ,9.034918047737e-01  ,4.188795230112e-01  ,1.381038802795e+00  ,1.297284054772e+00  ,5.096995547749e-01  
  3.310375212306e-07  ,-9.775495206873e-01  ,7.993688701720e-01  ,8.999591312307e-01  ,9.034800920851e-01  ,4.111843708871e-01  ,1.388733891574e+00  ,1.303164527171e+00  ,5.037956569991e-01  
  3.311375219921e-07  ,-9.927856029903e-01  ,8.110267271676e-01  ,8.999591000843e-01  ,9.034678107750e-01  ,4.035662985891e-01  ,1.396351901579e+00  ,1.308981174359e+00  ,4.979544471912e-01  
  3.312375227535e-07  ,-1.007864572067e+00  ,8.225557931859e-01  ,8.999590694705e-01  ,9.034549625628e-01  ,3.960267834371e-01  ,1.403891355504e+00  ,1.314732859156e+00  ,4.921770659698e-01  
  3.313375235150e-07  ,-1.022783657688e+00  ,8.339539310796e-01  ,8.999590393942e-01  ,9.034415493697e-01  ,3.885672105504e-01  ,1.411350868238e+00  ,1.320418514909e+00  ,4.864645838299e-01  
  3.314375242764e-07  ,-1.037541296769e+00  ,8.452199335275e-01  ,8.999590098584e-01  ,9.034275725963e-01  ,3.811883614739e-01  ,1.418729658243e+00  ,1.326037539360e+00  ,4.808176058326e-01  
  3.315375250379e-07  ,-1.052134394140e+00  ,8.563514070844e-01  ,8.999589808693e-01  ,9.034130356900e-01  ,3.738917837992e-01  ,1.426026177939e+00  ,1.331588739232e+00  ,4.752373321478e-01  
  3.316375257993e-07  ,-1.066560928381e+00  ,8.673467830551e-01  ,8.999589524306e-01  ,9.033979415046e-01  ,3.666784882403e-01  ,1.433239416621e+00  ,1.337071333032e+00  ,4.697245499771e-01  
  3.317375265608e-07  ,-1.080818729657e+00  ,8.782043792335e-01  ,8.999589245463e-01  ,9.033822930413e-01  ,3.595495597180e-01  ,1.440368289375e+00  ,1.342484482658e+00  ,4.642801034246e-01  
  3.318375273222e-07  ,-1.094905591849e+00  ,8.889224901026e-01  ,8.999588972211e-01  ,9.033660931426e-01  ,3.525061012965e-01  ,1.447411693146e+00  ,1.347827338194e+00  ,4.589048480913e-01  
  3.319375280837e-07  ,-1.108819311080e+00  ,8.994994171770e-01  ,8.999588704595e-01  ,9.033493444667e-01  ,3.455492149194e-01  ,1.454368526000e+00  ,1.353099053055e+00  ,4.535996358782e-01  
  3.320375288451e-07  ,-1.122558232753e+00  ,9.099338967719e-01  ,8.999588442653e-01  ,9.033320489376e-01  ,3.386797278889e-01  ,1.461237960642e+00  ,1.358298997324e+00  ,4.483651005517e-01  
  3.321375296066e-07  ,-1.136119611250e+00  ,9.202238402869e-01  ,8.999588186446e-01  ,9.033142097286e-01  ,3.318990130197e-01  ,1.468018624270e+00  ,1.363426129872e+00  ,4.432022895851e-01  
  3.322375303680e-07  ,-1.149501290227e+00  ,9.303676094163e-01  ,8.999587936008e-01  ,9.032958293316e-01  ,3.252081484872e-01  ,1.474709438714e+00  ,1.368479634040e+00  ,4.381120246234e-01  
  3.323375311295e-07  ,-1.162700825028e+00  ,9.403633244491e-01  ,8.999587691371e-01  ,9.032769107113e-01  ,3.186083566233e-01  ,1.481309181651e+00  ,1.373458572936e+00  ,4.330952484867e-01  
  3.324375318909e-07  ,-1.175716838687e+00  ,9.502099269572e-01  ,8.999587452565e-01  ,9.032574557197e-01  ,3.121003259132e-01  ,1.487817164600e+00  ,1.378362419198e+00  ,4.281524922411e-01  
  3.325375326524e-07  ,-1.188546934388e+00  ,9.599055805647e-01  ,8.999587219642e-01  ,9.032374679142e-01  ,3.056852547701e-01  ,1.494232189158e+00  ,1.383190258197e+00  ,4.232846776318e-01  
  3.326375334138e-07  ,-1.201189090918e+00  ,9.694487414494e-01  ,8.999586992635e-01  ,9.032169509148e-01  ,2.993641538045e-01  ,1.500553244722e+00  ,1.387941321640e+00  ,4.184925801901e-01  
  3.327375341753e-07  ,-1.213641007702e+00  ,9.788376415706e-01  ,8.999586771578e-01  ,9.031959092174e-01  ,2.931381733069e-01  ,1.506779181009e+00  ,1.392614730003e+00  ,4.137770884321e-01  
  3.328375349367e-07  ,-1.225900971590e+00  ,9.880709593338e-01  ,8.999586556499e-01  ,9.031743462176e-01  ,2.870081698547e-01  ,1.512909141445e+00  ,1.397209825885e+00  ,4.091388665508e-01  
  3.329375356982e-07  ,-1.237967593361e+00  ,9.971476326488e-01  ,8.999586347425e-01  ,9.031522646392e-01  ,2.809748380620e-01  ,1.518942431423e+00  ,1.401726080964e+00  ,4.045784483148e-01  
  3.330375364596e-07  ,-1.249838533900e+00  ,1.006065882986e+00  ,8.999586144402e-01  ,9.031296689954e-01  ,2.750393474901e-01  ,1.524877881390e+00  ,1.406162610488e+00  ,4.000967275023e-01  
  3.331375372211e-07  ,-1.261511915169e+00  ,1.014824290105e+00  ,8.999585947459e-01  ,9.031065627194e-01  ,2.692026371613e-01  ,1.530714552330e+00  ,1.410518707772e+00  ,3.956944176669e-01  
  3.332375379825e-07  ,-1.272985609467e+00  ,1.023421231669e+00  ,8.999585756623e-01  ,9.030829495772e-01  ,2.634657709290e-01  ,1.536451380396e+00  ,1.414793565412e+00  ,3.913723337425e-01  
  3.333375387440e-07  ,-1.284258037962e+00  ,1.031855498248e+00  ,8.999585571923e-01  ,9.030588326010e-01  ,2.578295382114e-01  ,1.542087576173e+00  ,1.418986581725e+00  ,3.871310834771e-01  
  3.334375395054e-07  ,-1.295327922770e+00  ,1.040126119411e+00  ,8.999585393385e-01  ,9.030342144329e-01  ,2.522945779537e-01  ,1.547622500723e+00  ,1.423097274138e+00  ,3.829711547275e-01  
  3.335375402669e-07  ,-1.306193115827e+00  ,1.048231472603e+00  ,8.999585221051e-01  ,9.030090997754e-01  ,2.468619641915e-01  ,1.553055080019e+00  ,1.427124836077e+00  ,3.788933634742e-01  
  3.336375410283e-07  ,-1.316851898727e+00  ,1.056170266796e+00  ,8.999585054945e-01  ,9.029834927858e-01  ,2.415325561308e-01  ,1.558384454858e+00  ,1.431068626184e+00  ,3.748983593877e-01  
  3.337375417898e-07  ,-1.327302329962e+00  ,1.063941031971e+00  ,8.999584895091e-01  ,9.029573985353e-01  ,2.363073245281e-01  ,1.563609654490e+00  ,1.434927914521e+00  ,3.709868825498e-01  
  3.338375425512e-07  ,-1.337542972970e+00  ,1.071542675880e+00  ,8.999584741508e-01  ,9.029308212113e-01  ,2.311869876659e-01  ,1.568729960636e+00  ,1.438702159151e+00  ,3.671594832712e-01  
  3.339375433127e-07  ,-1.347572667168e+00  ,1.078974323791e+00  ,8.999584594216e-01  ,9.029037643004e-01  ,2.261721258378e-01  ,1.573744793005e+00  ,1.442390926196e+00  ,3.634166024048e-01  
  3.340375440741e-07  ,-1.357389465045e+00  ,1.086234515847e+00  ,8.999584453246e-01  ,9.028762336137e-01  ,2.212637128022e-01  ,1.578653177847e+00  ,1.445993491537e+00  ,3.597589756900e-01  
  3.341375448356e-07  ,-1.366991814725e+00  ,1.093322095483e+00  ,8.999584318619e-01  ,9.028482334944e-01  ,2.164625244996e-01  ,1.583454339224e+00  ,1.449509281236e+00  ,3.561871857528e-01  
  3.342375455970e-07  ,-1.376377968518e+00  ,1.100235750776e+00  ,8.999584190356e-01  ,9.028197686139e-01  ,2.117694347765e-01  ,1.588147403295e+00  ,1.452937644002e+00  ,3.527018932258e-01  
  3.343375463585e-07  ,-1.385546949897e+00  ,1.106974750479e+00  ,8.999584068472e-01  ,9.027908417948e-01  ,2.071849318987e-01  ,1.592731881796e+00  ,1.456278217034e+00  ,3.493034665553e-01  
  3.344375471199e-07  ,-1.394496841231e+00  ,1.113537659912e+00  ,8.999583952991e-01  ,9.027614590372e-01  ,2.027099746838e-01  ,1.597206815914e+00  ,1.459530288993e+00  ,3.459926290810e-01  
  3.345375478814e-07  ,-1.403226411036e+00  ,1.119923557831e+00  ,8.999583843924e-01  ,9.027316245103e-01  ,1.983451788742e-01  ,1.601571589911e+00  ,1.462693403426e+00  ,3.427698455947e-01  
  3.346375486428e-07  ,-1.411734668606e+00  ,1.126131709057e+00  ,8.999583741286e-01  ,9.027013415564e-01  ,1.940910398254e-01  ,1.605825708432e+00  ,1.465767196085e+00  ,3.396354870279e-01  
  3.347375494043e-07  ,-1.420019957651e+00  ,1.132160890886e+00  ,8.999583645104e-01  ,9.026706159098e-01  ,1.899483856848e-01  ,1.609968343336e+00  ,1.468751061353e+00  ,3.365901704668e-01  
  3.348375501657e-07  ,-1.428080764952e+00  ,1.138009987995e+00  ,8.999583555391e-01  ,9.026394536212e-01  ,1.859179730633e-01  ,1.613998738015e+00  ,1.471644447619e+00  ,3.336344596235e-01  
  3.349375509272e-07  ,-1.435916251119e+00  ,1.143678382149e+00  ,8.999583472154e-01  ,9.026078584520e-01  ,1.820002216556e-01  ,1.617916472775e+00  ,1.474447049527e+00  ,3.307686673773e-01  
  3.350375516886e-07  ,-1.443524968017e+00  ,1.149165010608e+00  ,8.999583395407e-01  ,9.025758369524e-01  ,1.781958555324e-01  ,1.621720823549e+00  ,1.477158342256e+00  ,3.279933316486e-01  
  3.351375524501e-07  ,-1.450905531788e+00  ,1.154468858752e+00  ,8.999583325166e-01  ,9.025433952106e-01  ,1.745055666228e-01  ,1.625411098410e+00  ,1.479777824586e+00  ,3.253089658347e-01  
  3.352375532115e-07  ,-1.458057175636e+00  ,1.159589366181e+00  ,8.999583261437e-01  ,9.025105364962e-01  ,1.709297383259e-01  ,1.628986913962e+00  ,1.482305219587e+00  ,3.227158534054e-01  
  3.353375539730e-07  ,-1.464978403033e+00  ,1.164525441304e+00  ,8.999583204234e-01  ,9.024772675100e-01  ,1.674691189066e-01  ,1.632447521940e+00  ,1.484739988162e+00  ,3.202145468580e-01  
  3.354375547344e-07  ,-1.471668493553e+00  ,1.169276562706e+00  ,8.999583153563e-01  ,9.024435917716e-01  ,1.641240685796e-01  ,1.635792562133e+00  ,1.487081873125e+00  ,3.178053104184e-01  
  3.355375554959e-07  ,-1.478126044862e+00  ,1.173841716993e+00  ,8.999583109432e-01  ,9.024095163519e-01  ,1.608952885123e-01  ,1.639021333374e+00  ,1.489330374849e+00  ,3.154886578552e-01  
  3.356375562573e-07  ,-1.484350384848e+00  ,1.178220422063e+00  ,8.999583071846e-01  ,9.023750447455e-01  ,1.577831147607e-01  ,1.642133499609e+00  ,1.491485255777e+00  ,3.132648337138e-01  
  3.357375570188e-07  ,-1.490340208184e+00  ,1.182411743451e+00  ,8.999583040812e-01  ,9.023401840206e-01  ,1.547881999894e-01  ,1.645128408173e+00  ,1.493546055746e+00  ,3.111343122950e-01  
  3.358375577802e-07  ,-1.496094891815e+00  ,1.186415238758e+00  ,8.999583016334e-01  ,9.023049379215e-01  ,1.519108557259e-01  ,1.648005747541e+00  ,1.495512557301e+00  ,3.090973185424e-01  
  3.359375585417e-07  ,-1.501613228633e+00  ,1.190230053126e+00  ,8.999582998416e-01  ,9.022693143328e-01  ,1.491516855252e-01  ,1.650764914158e+00  ,1.497384340896e+00  ,3.071542877699e-01  
  3.360375593031e-07  ,-1.506894645079e+00  ,1.193855784105e+00  ,8.999582987059e-01  ,9.022333173819e-01  ,1.465109761664e-01  ,1.653405621246e+00  ,1.499161209434e+00  ,3.053054253294e-01  
  3.361375600646e-07  ,-1.511938033063e+00  ,1.197291656898e+00  ,8.999582982268e-01  ,9.021969551363e-01  ,1.439892816954e-01  ,1.655927314758e+00  ,1.500842783586e+00  ,3.035511266871e-01  
  3.362375608260e-07  ,-1.516742868870e+00  ,1.200537309233e+00  ,8.999582984043e-01  ,9.021602314738e-01  ,1.415868639693e-01  ,1.658329732839e+00  ,1.502428886090e+00  ,3.018915768573e-01  
  3.363375615875e-07  ,-1.521308259857e+00  ,1.203592127313e+00  ,8.999582992385e-01  ,9.021231531612e-01  ,1.393041693098e-01  ,1.660612429167e+00  ,1.503919216818e+00  ,3.003270895047e-01  
  3.364375623489e-07  ,-1.525633488341e+00  ,1.206455623275e+00  ,8.999583007293e-01  ,9.020857260678e-01  ,1.371415565589e-01  ,1.662775044900e+00  ,1.505313537705e+00  ,2.988579144304e-01  
  3.365375631104e-07  ,-1.529717773041e+00  ,1.209127269337e+00  ,8.999583028760e-01  ,9.020479571115e-01  ,1.350994163555e-01  ,1.664817189397e+00  ,1.506611591780e+00  ,2.974843224430e-01  
  3.366375638718e-07  ,-1.533560559691e+00  ,1.211606695010e+00  ,8.999583056783e-01  ,9.020098514905e-01  ,1.331780258326e-01  ,1.666738585524e+00  ,1.507813198996e+00  ,2.962065039854e-01  
  3.367375646333e-07  ,-1.537161413261e+00  ,1.213893613717e+00  ,8.999583091359e-01  ,9.019714134451e-01  ,1.313776025052e-01  ,1.668539015767e+00  ,1.508918220304e+00  ,2.950246065867e-01  
  3.368375653947e-07  ,-1.540519538435e+00  ,1.215987508664e+00  ,8.999583132483e-01  ,9.019326513388e-01  ,1.296985440309e-01  ,1.670218082466e+00  ,1.509926405671e+00  ,2.939388970066e-01  
  3.369375661562e-07  ,-1.543634587177e+00  ,1.217888159888e+00  ,8.999583180150e-01  ,9.018935693975e-01  ,1.281410244265e-01  ,1.671775611604e+00  ,1.510837649342e+00  ,2.929494894533e-01  
  3.370375669176e-07  ,-1.546505975906e+00  ,1.219595202960e+00  ,8.999583234352e-01  ,9.018541751516e-01  ,1.267053354823e-01  ,1.673211311388e+00  ,1.511651776632e+00  ,2.920565736714e-01  
  3.371375676791e-07  ,-1.549133253529e+00  ,1.221108364359e+00  ,8.999583295079e-01  ,9.018144751857e-01  ,1.253917027432e-01  ,1.674524956273e+00  ,1.512368657365e+00  ,2.912602930064e-01  
  3.372375684405e-07  ,-1.551516008487e+00  ,1.222427401387e+00  ,8.999583362324e-01  ,9.017744760217e-01  ,1.242003319891e-01  ,1.675716340476e+00  ,1.512988176715e+00  ,2.905607753284e-01  
  3.373375692020e-07  ,-1.553653868046e+00  ,1.223552102211e+00  ,8.999583436074e-01  ,9.017341841472e-01  ,1.231314095846e-01  ,1.676785277630e+00  ,1.513510235253e+00  ,2.899581330418e-01  
  3.374375699634e-07  ,-1.555546498002e+00  ,1.224482285897e+00  ,8.999583516320e-01  ,9.016936060578e-01  ,1.221851026309e-01  ,1.677731600633e+00  ,1.513934749006e+00  ,2.894524631094e-01  
  3.375375707248e-07  ,-1.557193560729e+00  ,1.225217783450e+00  ,8.999583603046e-01  ,9.016527492691e-01  ,1.213615799398e-01  ,1.678555140669e+00  ,1.514261640994e+00  ,2.890438575442e-01  
  3.376375714863e-07  ,-1.558594838375e+00  ,1.225758498209e+00  ,8.999583696240e-01  ,9.016116194513e-01  ,1.206609504366e-01  ,1.679255788811e+00  ,1.514490868556e+00  ,2.887323703469e-01  
  3.377375722477e-07  ,-1.559750172004e+00  ,1.226104366264e+00  ,8.999583795892e-01  ,9.015702212301e-01  ,1.200832935872e-01  ,1.679833465591e+00  ,1.514622404362e+00  ,2.885180380983e-01  
  3.378375730092e-07  ,-1.560659321854e+00  ,1.226255302898e+00  ,8.999583901983e-01  ,9.015285625151e-01  ,1.196287292716e-01  ,1.680288051125e+00  ,1.514656213964e+00  ,2.884009110663e-01  
  3.379375737706e-07  ,-1.561322145708e+00  ,1.226211282013e+00  ,8.999584014496e-01  ,9.014866499695e-01  ,1.192973285958e-01  ,1.680619474303e+00  ,1.514592290976e+00  ,2.883810089627e-01  
  3.380375745321e-07  ,-1.561738540146e+00  ,1.225972308540e+00  ,8.999584133414e-01  ,9.014444904120e-01  ,1.190891432685e-01  ,1.680827683414e+00  ,1.514430644682e+00  ,2.884583361418e-01  
  3.381375752935e-07  ,-1.561908440408e+00  ,1.225538418426e+00  ,8.999584258717e-01  ,9.014020907571e-01  ,1.190042056679e-01  ,1.680912646076e+00  ,1.514171299970e+00  ,2.886328815443e-01  
  3.382375760550e-07  ,-1.561831820339e+00  ,1.224909678615e+00  ,8.999584390388e-01  ,9.013594579795e-01  ,1.190425288695e-01  ,1.680874349208e+00  ,1.513814297287e+00  ,2.889046186722e-01  
  3.383375768164e-07  ,-1.561508692368e+00  ,1.224086187031e+00  ,8.999584528405e-01  ,9.013165990835e-01  ,1.192041066564e-01  ,1.680712799025e+00  ,1.513359692599e+00  ,2.892735055681e-01  
  3.384375775779e-07  ,-1.560939107506e+00  ,1.223068072560e+00  ,8.999584672749e-01  ,9.012735210516e-01  ,1.194889135220e-01  ,1.680428021028e+00  ,1.512807557331e+00  ,2.897394847717e-01  
  3.385375783393e-07  ,-1.560123175450e+00  ,1.221855527680e+00  ,8.999584823392e-01  ,9.012302319533e-01  ,1.198968946141e-01  ,1.680020070064e+00  ,1.512157995793e+00  ,2.903024681133e-01  
  3.386375791008e-07  ,-1.559060985226e+00  ,1.220448682986e+00  ,8.999584980319e-01  ,9.011867363609e-01  ,1.204280054190e-01  ,1.679488990645e+00  ,1.511411077854e+00  ,2.909623948677e-01  
  3.387375798622e-07  ,-1.557752719965e+00  ,1.218847787606e+00  ,8.999585143501e-01  ,9.011430422687e-01  ,1.210821543677e-01  ,1.678834874333e+00  ,1.510566936072e+00  ,2.917191484658e-01  
  3.388375806237e-07  ,-1.556198625372e+00  ,1.217053142089e+00  ,8.999585312909e-01  ,9.010991577274e-01  ,1.218592186047e-01  ,1.678057843977e+00  ,1.509625728772e+00  ,2.925725866831e-01  
  3.389375813851e-07  ,-1.554398867839e+00  ,1.215064938720e+00  ,8.999585488525e-01  ,9.010550874018e-01  ,1.227591149328e-01  ,1.677157982772e+00  ,1.508587556762e+00  ,2.935226180417e-01  
  3.390375821466e-07  ,-1.552353766082e+00  ,1.212883534518e+00  ,8.999585670316e-01  ,9.010108395233e-01  ,1.237816839904e-01  ,1.676135450073e+00  ,1.507452606782e+00  ,2.945690722644e-01  
  3.391375829080e-07  ,-1.550063643100e+00  ,1.210509274297e+00  ,8.999585858252e-01  ,9.009664212736e-01  ,1.249267642752e-01  ,1.674990407375e+00  ,1.506221058422e+00  ,2.957117841250e-01  
  3.392375836695e-07  ,-1.547528922448e+00  ,1.207942602074e+00  ,8.999586052304e-01  ,9.009218411458e-01  ,1.261941440062e-01  ,1.673723066455e+00  ,1.504893142183e+00  ,2.969505401088e-01  
  3.393375844309e-07  ,-1.544749962964e+00  ,1.205183887856e+00  ,8.999586252444e-01  ,9.008771056457e-01  ,1.275836437626e-01  ,1.672333606726e+00  ,1.503469049574e+00  ,2.982851617176e-01  
  3.394375851924e-07  ,-1.541727184298e+00  ,1.202233556585e+00  ,8.999586458643e-01  ,9.008322218061e-01  ,1.290950537153e-01  ,1.670822238013e+00  ,1.501949000099e+00  ,2.997154435134e-01  
  3.395375859538e-07  ,-1.538460935530e+00  ,1.199091951973e+00  ,8.999586670874e-01  ,9.007871950183e-01  ,1.307281993225e-01  ,1.669189134852e+00  ,1.500333171005e+00  ,3.012412190319e-01  
  3.396375867153e-07  ,-1.534951836583e+00  ,1.195759674056e+00  ,8.999586889093e-01  ,9.007420342835e-01  ,1.324827706178e-01  ,1.667434607201e+00  ,1.498621871311e+00  ,3.028621972556e-01  
  3.397375874767e-07  ,-1.531200445209e+00  ,1.192237250619e+00  ,8.999587113267e-01  ,9.006967468062e-01  ,1.343584887220e-01  ,1.665558933931e+00  ,1.496815372116e+00  ,3.045781214965e-01  
  3.398375882382e-07  ,-1.527207352757e+00  ,1.188525239675e+00  ,8.999587343363e-01  ,9.006513397648e-01  ,1.363550579578e-01  ,1.663562410715e+00  ,1.494913959602e+00  ,3.063887199274e-01  
  3.399375889996e-07  ,-1.522973186380e+00  ,1.184624229382e+00  ,8.999587579344e-01  ,9.006058203248e-01  ,1.384721647442e-01  ,1.661445351125e+00  ,1.492917935016e+00  ,3.082937056339e-01  
  3.400375897611e-07  ,-1.518498610087e+00  ,1.180534837964e+00  ,8.999587821174e-01  ,9.005601956852e-01  ,1.407094770739e-01  ,1.659208087161e+00  ,1.490827614667e+00  ,3.102927767032e-01  
  3.401375905225e-07  ,-1.513784443452e+00  ,1.176257827439e+00  ,8.999588068811e-01  ,9.005144744065e-01  ,1.430665851550e-01  ,1.656851028607e+00  ,1.488643388126e+00  ,3.123855606868e-01  
  3.402375912840e-07  ,-1.508831181621e+00  ,1.171793653135e+00  ,8.999588322228e-01  ,9.004686614649e-01  ,1.455432414122e-01  ,1.654374423033e+00  ,1.486365488032e+00  ,3.145718348976e-01  
  3.403375920454e-07  ,-1.503639720398e+00  ,1.167143131688e+00  ,8.999588581374e-01  ,9.004227655899e-01  ,1.481389979383e-01  ,1.651778718336e+00  ,1.483994331434e+00  ,3.168511997460e-01  
  3.404375928069e-07  ,-1.498210878065e+00  ,1.162307000511e+00  ,8.999588846211e-01  ,9.003767942490e-01  ,1.508534455887e-01  ,1.649064323653e+00  ,1.481530294504e+00  ,3.192232939936e-01  
  3.405375935683e-07  ,-1.492545507640e+00  ,1.157286026535e+00  ,8.999589116700e-01  ,9.003307548760e-01  ,1.536861578500e-01  ,1.646231665490e+00  ,1.478973768143e+00  ,3.216877416085e-01  
  3.406375943298e-07  ,-1.486644498087e+00  ,1.152081006078e+00  ,8.999589392799e-01  ,9.002846549460e-01  ,1.566366902364e-01  ,1.643281188323e+00  ,1.476325157985e+00  ,3.242441519069e-01  
  3.407375950912e-07  ,-1.480508774838e+00  ,1.146692764709e+00  ,8.999589674464e-01  ,9.002385019378e-01  ,1.597045800274e-01  ,1.640213354865e+00  ,1.473584884292e+00  ,3.268921195834e-01  
  3.408375958527e-07  ,-1.474139299969e+00  ,1.141122157119e+00  ,8.999589961652e-01  ,9.001923032021e-01  ,1.628893461806e-01  ,1.637028646150e+00  ,1.470753381762e+00  ,3.296312246425e-01  
  3.409375966141e-07  ,-1.467537072209e+00  ,1.135370067001e+00  ,8.999590254315e-01  ,9.001460659731e-01  ,1.661904893272e-01  ,1.633727561536e+00  ,1.467831099473e+00  ,3.324610324728e-01  
  3.410375973756e-07  ,-1.460703126855e+00  ,1.129437406909e+00  ,8.999590552409e-01  ,9.000997975328e-01  ,1.696074918133e-01  ,1.630310618669e+00  ,1.464818500987e+00  ,3.353810940785e-01  
  3.411375981370e-07  ,-1.453638535646e+00  ,1.123325118115e+00  ,8.999590855887e-01  ,9.000535052831e-01  ,1.731398177656e-01  ,1.626778353412e+00  ,1.461716064341e+00  ,3.383909462254e-01  
  3.412375988985e-07  ,-1.446344406605e+00  ,1.117034170455e+00  ,8.999591164698e-01  ,9.000071966717e-01  ,1.767869131673e-01  ,1.623131319772e+00  ,1.458524281899e+00  ,3.414901114443e-01  
  3.413375996599e-07  ,-1.438821883875e+00  ,1.110565562167e+00  ,8.999591478800e-01  ,8.999608791371e-01  ,1.805482059423e-01  ,1.619370089818e+00  ,1.455243660221e+00  ,3.446780980534e-01  
  3.414376004214e-07  ,-1.431072147540e+00  ,1.103920319744e+00  ,8.999591798142e-01  ,8.999145601252e-01  ,1.844231060441e-01  ,1.615495253584e+00  ,1.451874719997e+00  ,3.479544002530e-01  
  3.415376011828e-07  ,-1.423096413438e+00  ,1.097099497764e+00  ,8.999592122673e-01  ,8.998682471685e-01  ,1.884110055485e-01  ,1.611507418986e+00  ,1.448417996051e+00  ,3.513184982862e-01  
  3.416376019443e-07  ,-1.414896139329e+00  ,1.090104364523e+00  ,8.999592452338e-01  ,8.998219490773e-01  ,1.925111755693e-01  ,1.607407314898e+00  ,1.444874131339e+00  ,3.547697668157e-01  
  3.417376027057e-07  ,-1.406472184683e+00  ,1.082935663234e+00  ,8.999592787102e-01  ,8.997756708103e-01  ,1.967231863688e-01  ,1.603195371052e+00  ,1.441243502427e+00  ,3.583078391932e-01  
  3.418376034672e-07  ,-1.397826083677e+00  ,1.075594712876e+00  ,8.999593126898e-01  ,8.997294209674e-01  ,2.010462708515e-01  ,1.598872354528e+00  ,1.437526777405e+00  ,3.619320645293e-01  
  3.419376042286e-07  ,-1.388959200426e+00  ,1.068082678623e+00  ,8.999593471672e-01  ,8.996832068518e-01  ,2.054797469540e-01  ,1.594438947380e+00  ,1.433724546163e+00  ,3.656418675401e-01  
  3.420376049901e-07  ,-1.379872929716e+00  ,1.060400752848e+00  ,8.999593821375e-01  ,8.996370357991e-01  ,2.100229172794e-01  ,1.589895846996e+00  ,1.429837412223e+00  ,3.694366593750e-01  
  3.421376057515e-07  ,-1.370568698900e+00  ,1.052550154938e+00  ,8.999594175950e-01  ,8.995909151098e-01  ,2.146750681452e-01  ,1.585243767045e+00  ,1.425865992579e+00  ,3.733158376409e-01  
  3.422376065130e-07  ,-1.361047968738e+00  ,1.044532131107e+00  ,8.999594535340e-01  ,8.995448520129e-01  ,2.194354691648e-01  ,1.580483437903e+00  ,1.421810917566e+00  ,3.772787864596e-01  
  3.423376072744e-07  ,-1.351312233690e+00  ,1.036347954192e+00  ,8.999594899494e-01  ,8.994988537739e-01  ,2.243033731043e-01  ,1.575615606794e+00  ,1.417672830870e+00  ,3.813248766777e-01  
  3.424376080359e-07  ,-1.341363272505e+00  ,1.027999145078e+00  ,8.999595268345e-01  ,8.994529290595e-01  ,2.292778905822e-01  ,1.570641163087e+00  ,1.413452501598e+00  ,3.854533565206e-01  
  3.425376087973e-07  ,-1.331202127425e+00  ,1.019486590284e+00  ,8.999595641852e-01  ,8.994070828643e-01  ,2.343585004726e-01  ,1.565560627898e+00  ,1.409150378006e+00  ,3.896637877223e-01  
  3.426376095588e-07  ,-1.320830915059e+00  ,1.010812088784e+00  ,8.999596019941e-01  ,8.993613250755e-01  ,2.395441444647e-01  ,1.560375059523e+00  ,1.404767369468e+00  ,3.939552806833e-01  
  3.427376103202e-07  ,-1.310251082668e+00  ,1.001976872354e+00  ,8.999596402560e-01  ,8.993156621692e-01  ,2.448340989219e-01  ,1.555085181590e+00  ,1.400304098346e+00  ,3.983272259920e-01  
  3.428376110817e-07  ,-1.299463832095e+00  ,9.929819538474e-01  ,8.999596789664e-01  ,8.992700994100e-01  ,2.502277629186e-01  ,1.549691595014e+00  ,1.395761076334e+00  ,4.027791224863e-01  
  3.429376118431e-07  ,-1.288471231988e+00  ,9.838290664895e-01  ,8.999597181171e-01  ,8.992246457373e-01  ,2.557241021231e-01  ,1.544195334111e+00  ,1.391139178982e+00  ,4.073101124925e-01  
  3.430376126046e-07  ,-1.277275025365e+00  ,9.745196635187e-01  ,8.999597577020e-01  ,8.991793084655e-01  ,2.613222450194e-01  ,1.538597270385e+00  ,1.386439140225e+00  ,4.119194767062e-01  
  3.431376133660e-07  ,-1.265876977404e+00  ,9.650552230521e-01  ,8.999597977155e-01  ,8.991340947532e-01  ,2.670213090136e-01  ,1.532898286417e+00  ,1.381661706279e+00  ,4.166064832271e-01  
  3.432376141275e-07  ,-1.254279172798e+00  ,9.554375030712e-01  ,8.999598381504e-01  ,8.990890127372e-01  ,2.728202517515e-01  ,1.527099424549e+00  ,1.376807764273e+00  ,4.213702612016e-01  
  3.433376148889e-07  ,-1.242482826486e+00  ,9.456675243901e-01  ,8.999598790023e-01  ,8.990440670809e-01  ,2.787184657594e-01  ,1.521201292245e+00  ,1.371877829276e+00  ,4.262103048859e-01  
  3.434376156504e-07  ,-1.230490093892e+00  ,9.357470895144e-01  ,8.999599202633e-01  ,8.989992660556e-01  ,2.847148733172e-01  ,1.515204967209e+00  ,1.366872810813e+00  ,4.311257212984e-01  
  3.435376164118e-07  ,-1.218302867713e+00  ,9.256777737158e-01  ,8.999599619267e-01  ,8.989546169251e-01  ,2.908085280702e-01  ,1.509111395783e+00  ,1.361793503783e+00  ,4.361157300672e-01  
  3.436376171733e-07  ,-1.205923065888e+00  ,9.154611759267e-01  ,8.999600039864e-01  ,8.989101269321e-01  ,2.969984710426e-01  ,1.502921536930e+00  ,1.356640714895e+00  ,4.411795389687e-01  
  3.437376179347e-07  ,-1.193352951270e+00  ,9.050991934016e-01  ,8.999600464355e-01  ,8.988658043243e-01  ,3.032835708006e-01  ,1.496636522070e+00  ,1.351415401025e+00  ,4.463162076235e-01  
  3.438376186962e-07  ,-1.180593840566e+00  ,8.945929257093e-01  ,8.999600892694e-01  ,8.988216537907e-01  ,3.096631689862e-01  ,1.490257009553e+00  ,1.346118116645e+00  ,4.515251909361e-01  
  3.439376194576e-07  ,-1.167648067246e+00  ,8.839443123259e-01  ,8.999601324799e-01  ,8.987776836403e-01  ,3.161360988570e-01  ,1.483784166103e+00  ,1.340749839803e+00  ,4.568055274773e-01  
  3.440376202191e-07  ,-1.154517675570e+00  ,8.731550442918e-01  ,8.999601760601e-01  ,8.987339011503e-01  ,3.227013382752e-01  ,1.477219013845e+00  ,1.335311423296e+00  ,4.621563790044e-01  
  3.441376209805e-07  ,-1.141205069270e+00  ,8.622271248217e-01  ,8.999602200026e-01  ,8.986903145896e-01  ,3.293576853679e-01  ,1.470562754637e+00  ,1.329803877000e+00  ,4.675767521788e-01  
  3.442376217420e-07  ,-1.127711643917e+00  ,8.511617133089e-01  ,8.999602643026e-01  ,8.986469284454e-01  ,3.361044423441e-01  ,1.463816086261e+00  ,1.324227785100e+00  ,4.730660717909e-01  
  3.443376225034e-07  ,-1.114039870139e+00  ,8.399608532210e-01  ,8.999603089512e-01  ,8.986037504642e-01  ,3.429403738817e-01  ,1.456980244021e+00  ,1.318584177075e+00  ,4.786233238537e-01  
  3.444376232649e-07  ,-1.100191907816e+00  ,8.286263233983e-01  ,8.999603539415e-01  ,8.985607873406e-01  ,3.498644000336e-01  ,1.450056307849e+00  ,1.312873949040e+00  ,4.842476256414e-01  
  3.445376240263e-07  ,-1.086170292580e+00  ,8.171602279692e-01  ,8.999603992665e-01  ,8.985180472477e-01  ,3.568752529766e-01  ,1.443045545556e+00  ,1.307098161232e+00  ,4.899379332631e-01  
  3.446376247878e-07  ,-1.071976494570e+00  ,8.055637832120e-01  ,8.999604449209e-01  ,8.984755348268e-01  ,3.639721976358e-01  ,1.435948692206e+00  ,1.301257426433e+00  ,4.956936432208e-01  
  3.447376255492e-07  ,-1.057613114414e+00  ,7.938391313704e-01  ,8.999604908953e-01  ,8.984332579702e-01  ,3.711539336885e-01  ,1.428767048102e+00  ,1.295352823655e+00  ,5.015136922850e-01  
  3.448376263107e-07  ,-1.043082789570e+00  ,7.819884487632e-01  ,8.999605371825e-01  ,8.983912243095e-01  ,3.784191423975e-01  ,1.421501931968e+00  ,1.289385448691e+00  ,5.073969999279e-01  
  3.449376270721e-07  ,-1.028387045564e+00  ,7.700129923688e-01  ,8.999605837779e-01  ,8.983494383850e-01  ,3.857670609957e-01  ,1.414154106560e+00  ,1.283355934569e+00  ,5.133429422007e-01  
  3.450376278335e-07  ,-1.013528578474e+00  ,7.579149750349e-01  ,8.999606306719e-01  ,8.983079083277e-01  ,3.931963414351e-01  ,1.406724919909e+00  ,1.277265395845e+00  ,5.193504208102e-01  
  3.451376285950e-07  ,-9.985097373619e-01  ,7.456963181483e-01  ,8.999606778567e-01  ,8.982666410869e-01  ,4.007058091758e-01  ,1.399215546538e+00  ,1.271114800161e+00  ,5.254184820127e-01  
  3.452376293564e-07  ,-9.833332731654e-01  ,7.333592893577e-01  ,8.999607253256e-01  ,8.982256440867e-01  ,4.082940887429e-01  ,1.391627361908e+00  ,1.264905288766e+00  ,5.315459994078e-01  
  3.453376301179e-07  ,-9.680007775118e-01  ,7.209051970258e-01  ,8.999607730730e-01  ,8.981849214406e-01  ,4.159603843171e-01  ,1.383961161829e+00  ,1.258637519953e+00  ,5.377323229277e-01  
  3.454376308793e-07  ,-9.525150626216e-01  ,7.083363431290e-01  ,8.999608210893e-01  ,8.981444805510e-01  ,4.237032897785e-01  ,1.376218352400e+00  ,1.252312652115e+00  ,5.439763089865e-01  
  3.455376316408e-07  ,-9.368789728078e-01  ,6.956550600961e-01  ,8.999608693664e-01  ,8.981043291644e-01  ,4.315213829624e-01  ,1.368400355770e+00  ,1.245931859212e+00  ,5.502767991164e-01  
  3.456376324022e-07  ,-9.210946828972e-01  ,6.828631434666e-01  ,8.999609178982e-01  ,8.980644729984e-01  ,4.394135764496e-01  ,1.360508259347e+00  ,1.239496044732e+00  ,5.566329012651e-01  
  3.457376331637e-07  ,-9.051639872796e-01  ,6.699620603780e-01  ,8.999609666787e-01  ,8.980249165627e-01  ,4.473789730389e-01  ,1.352542960319e+00  ,1.233005946752e+00  ,5.630438863737e-01  
  3.458376339251e-07  ,-8.890899559669e-01  ,6.569543067693e-01  ,8.999610156973e-01  ,8.979856674260e-01  ,4.554160377138e-01  ,1.344505993681e+00  ,1.226462820811e+00  ,5.695085140414e-01  
  3.459376346866e-07  ,-8.728751421623e-01  ,6.438419486472e-01  ,8.999610649465e-01  ,8.979467318843e-01  ,4.635234938653e-01  ,1.336398636028e+00  ,1.219867706208e+00  ,5.760257575607e-01  
  3.460376354480e-07  ,-8.565221076557e-01  ,6.306270686436e-01  ,8.999611144196e-01  ,8.979081164747e-01  ,4.717000605917e-01  ,1.328222168247e+00  ,1.213221650796e+00  ,5.825945821529e-01  
  3.461376362095e-07  ,-8.400338467150e-01  ,6.173121185760e-01  ,8.999611641073e-01  ,8.978698285469e-01  ,4.799442407498e-01  ,1.319978087465e+00  ,1.206525887835e+00  ,5.892137692589e-01  
  3.462376369709e-07  ,-8.234120883842e-01  ,6.038985100875e-01  ,8.999612140045e-01  ,8.978318720037e-01  ,4.882551698124e-01  ,1.311667258197e+00  ,1.199781127047e+00  ,5.958826169599e-01  
  3.463376377324e-07  ,-8.066603095368e-01  ,5.903890819908e-01  ,8.999612641010e-01  ,8.977942545939e-01  ,4.966311093326e-01  ,1.303291418869e+00  ,1.192988795589e+00  ,6.025997135984e-01  
  3.464376384938e-07  ,-7.897808457464e-01  ,5.767857460613e-01  ,8.999613143899e-01  ,8.977569816551e-01  ,5.050708915167e-01  ,1.294851737263e+00  ,1.186149854686e+00  ,6.093641086244e-01  
  3.465376392553e-07  ,-7.727756198854e-01  ,5.630900626109e-01  ,8.999613648651e-01  ,8.977200575882e-01  ,5.135735549224e-01  ,1.286349174808e+00  ,1.179265088894e+00  ,6.161750262827e-01  
  3.466376400167e-07  ,-7.556479161717e-01  ,5.493046832119e-01  ,8.999614155156e-01  ,8.976834897370e-01  ,5.221374574297e-01  ,1.277785373601e+00  ,1.172335831343e+00  ,6.230311481311e-01  
  3.467376407782e-07  ,-7.384004568544e-01  ,5.354317974322e-01  ,8.999614663337e-01  ,8.976472837767e-01  ,5.307612379065e-01  ,1.269161694761e+00  ,1.165363182493e+00  ,6.299313850606e-01  
  3.468376415396e-07  ,-7.210359683825e-01  ,5.214736087602e-01  ,8.999615173129e-01  ,8.976114452294e-01  ,5.394435331216e-01  ,1.260479501504e+00  ,1.158348249609e+00  ,6.368746408493e-01  
  3.469376423011e-07  ,-7.035576312378e-01  ,5.074327063082e-01  ,8.999615684439e-01  ,8.975759808631e-01  ,5.481827528250e-01  ,1.251740384063e+00  ,1.151292334017e+00  ,6.438596277090e-01  
  3.470376430625e-07  ,-6.859672788324e-01  ,4.933105783253e-01  ,8.999616197207e-01  ,8.975408946121e-01  ,5.569779803045e-01  ,1.242945259137e+00  ,1.144196183775e+00  ,6.508856054495e-01  
  3.471376438240e-07  ,-6.682681435468e-01  ,4.791098377683e-01  ,8.999616711335e-01  ,8.975061931649e-01  ,5.658275993601e-01  ,1.234095742907e+00  ,1.137061112049e+00  ,6.579512742808e-01  
  3.472376445854e-07  ,-6.504634780187e-01  ,4.648331184860e-01  ,8.999617226729e-01  ,8.974718827525e-01  ,5.747299836636e-01  ,1.225193461682e+00  ,1.129888441996e+00  ,6.650553235095e-01  
  3.473376453469e-07  ,-6.325551531710e-01  ,4.504819335859e-01  ,8.999617743339e-01  ,8.974379668923e-01  ,5.836841977484e-01  ,1.216239350919e+00  ,1.122678933685e+00  ,6.721970000994e-01  
  3.474376461083e-07  ,-6.145469228922e-01  ,4.360593209393e-01  ,8.999618261058e-01  ,8.974044527111e-01  ,5.926883646597e-01  ,1.207235287552e+00  ,1.115434113181e+00  ,6.793747922414e-01  
  3.475376468698e-07  ,-5.964406852240e-01  ,4.215668090319e-01  ,8.999618779829e-01  ,8.973713437921e-01  ,6.017415353709e-01  ,1.198182220595e+00  ,1.108154748308e+00  ,6.865879392761e-01  
  3.476376476312e-07  ,-5.782402432036e-01  ,4.070074657466e-01  ,8.999619299548e-01  ,8.973386471892e-01  ,6.108418083529e-01  ,1.189082051557e+00  ,1.100842380062e+00  ,6.938349143158e-01  
  3.477376483927e-07  ,-5.599481370870e-01  ,3.923833497493e-01  ,8.999619820148e-01  ,8.973063674975e-01  ,6.199879134713e-01  ,1.179936050558e+00  ,1.093498042372e+00  ,7.011146926229e-01  
  3.478376491541e-07  ,-5.415664538335e-01  ,3.776961385115e-01  ,8.999620341563e-01  ,8.972745084380e-01  ,6.291788072396e-01  ,1.170745261073e+00  ,1.086122577694e+00  ,7.084264391823e-01  
  3.479376499156e-07  ,-5.230987513900e-01  ,3.629486783610e-01  ,8.999620863676e-01  ,8.972430762758e-01  ,6.384127106726e-01  ,1.161511462063e+00  ,1.078717415456e+00  ,7.157687370953e-01  
  3.480376506770e-07  ,-5.045479676271e-01  ,3.481433117089e-01  ,8.999621386403e-01  ,8.972120760316e-01  ,6.476881548267e-01  ,1.152236122454e+00  ,1.071283731886e+00  ,7.231404201771e-01  
  3.481376514385e-07  ,-4.859175100713e-01  ,3.332827838087e-01  ,8.999621909668e-01  ,8.971815133569e-01  ,6.570034359312e-01  ,1.142920946002e+00  ,1.063822905261e+00  ,7.305401214525e-01  
  3.482376521999e-07  ,-4.672099694713e-01  ,3.183691952969e-01  ,8.999622433400e-01  ,8.971513924169e-01  ,6.663572586044e-01  ,1.133567228076e+00  ,1.056335990065e+00  ,7.379667947685e-01  
  3.483376529614e-07  ,-4.484274756836e-01  ,3.034042568686e-01  ,8.999622957531e-01  ,8.971217165558e-01  ,6.757485579113e-01  ,1.124176033595e+00  ,1.048823844990e+00  ,7.454195881215e-01  
  3.484376537228e-07  ,-4.295736607101e-01  ,2.883908696620e-01  ,8.999623481946e-01  ,8.970924914091e-01  ,6.851755178396e-01  ,1.114749178550e+00  ,1.041287926240e+00  ,7.528970565781e-01  
  3.485376544843e-07  ,-4.106515237966e-01  ,2.733314183155e-01  ,8.999624006567e-01  ,8.970637215991e-01  ,6.946366387584e-01  ,1.105288162555e+00  ,1.033729430757e+00  ,7.603980124413e-01  
  3.486376552457e-07  ,-3.916645410772e-01  ,2.582286947826e-01  ,8.999624531313e-01  ,8.970354125152e-01  ,7.041301825927e-01  ,1.095794723670e+00  ,1.026149759907e+00  ,7.679210651239e-01  
  3.487376560072e-07  ,-3.726153531583e-01  ,2.430848333411e-01  ,8.999625056114e-01  ,8.970075681058e-01  ,7.136548290322e-01  ,1.086270182191e+00  ,1.018549984776e+00  ,7.754651514352e-01  
  3.488376567686e-07  ,-3.535068334215e-01  ,2.279021511630e-01  ,8.999625580890e-01  ,8.969801925677e-01  ,7.232091413782e-01  ,1.076715974800e+00  ,1.010931268149e+00  ,7.830291169862e-01  
  3.489376575301e-07  ,-3.343419469048e-01  ,2.126830302968e-01  ,8.999626105558e-01  ,8.969532902358e-01  ,7.327916371034e-01  ,1.067133584008e+00  ,1.003294805384e+00  ,7.906117750874e-01  
  3.490376582915e-07  ,-3.151229646495e-01  ,1.974292755967e-01  ,8.999626630045e-01  ,8.969268644282e-01  ,7.424011806798e-01  ,1.057524145329e+00  ,9.956415022265e-01  ,7.982122266298e-01  
  3.491376590530e-07  ,-2.958541972672e-01  ,1.821443093665e-01  ,8.999627154226e-01  ,8.969009213370e-01  ,7.520356167890e-01  ,1.047889814056e+00  ,9.879730760203e-01  ,8.058287666538e-01  
  3.492376598144e-07  ,-2.765376911089e-01  ,1.668297506460e-01  ,8.999627678046e-01  ,8.968754636843e-01  ,7.616939222501e-01  ,1.038231613359e+00  ,9.802903390073e-01  ,8.134605883614e-01  
  3.493376605759e-07  ,-2.571775250805e-01  ,1.514888420399e-01  ,8.999628201402e-01  ,8.968504965457e-01  ,7.713740575999e-01  ,1.028551582680e+00  ,9.725949175656e-01  ,8.211060755257e-01  
  3.494376613373e-07  ,-2.377764025703e-01  ,1.361237506327e-01  ,8.999628724227e-01  ,8.968260230916e-01  ,7.810746711376e-01  ,1.018851073708e+00  ,9.648878984079e-01  ,8.287641477752e-01  
  3.495376620988e-07  ,-2.183365389848e-01  ,1.207362389369e-01  ,8.999629246458e-01  ,8.968020459778e-01  ,7.907946551534e-01  ,1.009131194138e+00  ,9.571701654463e-01  ,8.364339265094e-01  
  3.496376628602e-07  ,-1.988617032499e-01  ,1.053292922869e-01  ,8.999629767978e-01  ,8.967785698178e-01  ,8.005321251728e-01  ,9.993938284228e-01  ,9.494432159612e-01  ,8.441139236743e-01  
  3.497376636217e-07  ,-1.793554897794e-01  ,8.990576612602e-02  ,8.999630288699e-01  ,8.967555990312e-01  ,8.102852839802e-01  ,9.896407737596e-01  ,9.417084820942e-01  ,8.518027159682e-01  
  3.498376643831e-07  ,-1.598200684256e-01  ,7.446729390324e-02  ,8.999630808515e-01  ,8.967331359611e-01  ,8.200530466387e-01  ,9.798731150644e-01  ,9.339667829127e-01  ,8.594994890095e-01  
  3.499376651446e-07  ,-1.402592023374e-01  ,5.901673568552e-02  ,8.999631327303e-01  ,8.967111845582e-01  ,8.298335315616e-01  ,9.700927338990e-01  ,9.262195524009e-01  ,8.672028167154e-01  
  3.500376659060e-07  ,-1.206759118649e-01  ,4.355654559284e-02  ,8.999631845092e-01  ,8.966897481034e-01  ,8.396252285768e-01  ,9.603011404416e-01  ,9.184680208998e-01  ,8.749114753070e-01  
  3.501376666675e-07  ,-1.010736170545e-01  ,2.808958878247e-02  ,8.999632361849e-01  ,8.966688305426e-01  ,8.494264276577e-01  ,9.505000447122e-01  ,9.107136249339e-01  ,8.826240361514e-01  
  3.502376674289e-07  ,-8.145501927601e-02  ,1.261804926279e-02  ,8.999632877416e-01  ,8.966484348431e-01  ,8.592357781036e-01  ,9.406907973796e-01  ,9.029574594745e-01  ,8.903394102117e-01  
  3.503376681904e-07  ,-6.182303815864e-02  ,-2.855706553247e-03  ,8.999633391725e-01  ,8.966285642821e-01  ,8.690518200932e-01  ,9.308748582518e-01  ,8.952007110054e-01  ,8.980564175587e-01  
  3.504376689518e-07  ,-4.218057350149e-02  ,-1.832925140326e-02  ,8.999633904764e-01  ,8.966092223734e-01  ,8.788731037257e-01  ,9.210536772272e-01  ,8.874445966718e-01  ,9.057738480750e-01  
  3.505376697133e-07  ,-2.252991801669e-02  ,-3.380074971502e-02  ,8.999634416440e-01  ,8.965904118144e-01  ,8.886984826356e-01  ,9.112284006523e-01  ,8.796900369569e-01  ,9.134907866719e-01  
  3.506376704747e-07  ,-2.874949076844e-03  ,-4.926713745340e-02  ,8.999634926594e-01  ,8.965721369497e-01  ,8.985260181210e-01  ,9.014009671979e-01  ,8.719385682230e-01  ,9.212057056764e-01  
  3.507376712362e-07  ,1.678065776659e-02  ,-6.472554906422e-02  ,8.999635435153e-01  ,8.965544012384e-01  ,9.083538723986e-01  ,8.915732146320e-01  ,8.641916267062e-01  ,9.289171757705e-01  
  3.508376719976e-07  ,3.643408100355e-02  ,-8.017380271790e-02  ,8.999635942053e-01  ,8.965372070788e-01  ,9.181806347071e-01  ,8.817465537035e-01  ,8.564503057198e-01  ,9.366241084377e-01  
  3.509376727591e-07  ,5.608300762209e-02  ,-9.561012653651e-02  ,8.999636447200e-01  ,8.965205563783e-01  ,9.280051485310e-01  ,8.719221409089e-01  ,8.487154931100e-01  ,9.443256196465e-01  
  3.510376735205e-07  ,7.572301603371e-02  ,-1.110311153961e-01  ,8.999636950452e-01  ,8.965044523358e-01  ,9.378252030621e-01  ,8.621021870284e-01  ,8.409888946377e-01  ,9.520200100338e-01  
  3.511376742820e-07  ,9.535132889881e-02  ,-1.264345931888e-01  ,8.999637451758e-01  ,8.964888962405e-01  ,9.476394096252e-01  ,8.522880807264e-01  ,8.332715996461e-01  ,9.597061928349e-01  
  3.512376750434e-07  ,1.149649597194e-01  ,-1.418182047302e-01  ,8.999637951045e-01  ,8.964738892978e-01  ,9.574462749642e-01  ,8.424813152448e-01  ,8.255647869327e-01  ,9.673829916629e-01  
  3.513376758049e-07  ,1.345616013040e-01  ,-1.571801400592e-01  ,8.999638448245e-01  ,8.964594325416e-01  ,9.672446454765e-01  ,8.326830441725e-01  ,8.178693625120e-01  ,9.750495025712e-01  
  3.514376765663e-07  ,1.541373812719e-01  ,-1.725173702209e-01  ,8.999638943258e-01  ,8.964455281305e-01  ,9.770325849617e-01  ,8.228952036898e-01  ,8.101868430200e-01  ,9.827042132409e-01  
  3.515376773278e-07  ,1.736891849548e-01  ,-1.878274592733e-01  ,8.999639436026e-01  ,8.964321786295e-01  ,9.868085360799e-01  ,8.131193511252e-01  ,8.025184489928e-01  ,9.903459082661e-01  
  3.516376780892e-07  ,1.932139214204e-01  ,-2.031079755436e-01  ,8.999639926496e-01  ,8.964193869352e-01  ,9.965709533598e-01  ,8.033570319394e-01  ,7.948653991634e-01  ,9.979733747071e-01  
  3.517376788507e-07  ,2.127080185189e-01  ,-2.183560884642e-01  ,8.999640414594e-01  ,8.964071563186e-01  ,1.006318050719e+00  ,7.936100322000e-01  ,7.872291120865e-01  ,1.005585200551e+00  
  3.518376796121e-07  ,2.321687736996e-01  ,-2.335696467676e-01  ,8.999640900261e-01  ,8.963954892140e-01  ,1.016048476876e+00  ,7.838797031764e-01  ,7.796106658301e-01  ,1.013180312598e+00  
  3.519376803736e-07  ,2.515939730259e-01  ,-2.487469052070e-01  ,8.999641383434e-01  ,8.963843875939e-01  ,1.025761124856e+00  ,7.741671518304e-01  ,7.720109349904e-01  ,1.020757840197e+00  
  3.520376811350e-07  ,2.709798536584e-01  ,-2.638849147619e-01  ,8.999641863992e-01  ,8.963738546153e-01  ,1.035454113228e+00  ,7.644742595700e-01  ,7.644313972343e-01  ,1.028316311996e+00  
  3.521376818965e-07  ,2.903233311886e-01  ,-2.789812711586e-01  ,8.999642341850e-01  ,8.963638921115e-01  ,1.045125899779e+00  ,7.548025685908e-01  ,7.568732565322e-01  ,1.035854527691e+00  
  3.522376826579e-07  ,3.096208525884e-01  ,-2.940331785919e-01  ,8.999642816937e-01  ,8.963545007353e-01  ,1.054774707988e+00  ,7.451538553994e-01  ,7.493379114394e-01  ,1.043371090031e+00  
  3.523376834194e-07  ,3.288697357458e-01  ,-3.090385143218e-01  ,8.999643289184e-01  ,8.963456804796e-01  ,1.064399196791e+00  ,7.355294610455e-01  ,7.418264233187e-01  ,1.050864937641e+00  
  3.524376841808e-07  ,3.480677857883e-01  ,-3.239955571775e-01  ,8.999643758532e-01  ,8.963374315280e-01  ,1.073998268747e+00  ,7.259304829590e-01  ,7.343396529392e-01  ,1.058335210117e+00  
  3.525376849422e-07  ,3.672112755558e-01  ,-3.389014003030e-01  ,8.999644224878e-01  ,8.963297546740e-01  ,1.083570060266e+00  ,7.163587847099e-01  ,7.268790545225e-01  ,1.065780454825e+00  
  3.526376857037e-07  ,3.862966691747e-01  ,-3.537532836642e-01  ,8.999644688146e-01  ,8.963226516575e-01  ,1.093112803402e+00  ,7.068161342272e-01  ,7.194460098253e-01  ,1.073199293490e+00  
  3.527376864651e-07  ,4.053219556724e-01  ,-3.685496358207e-01  ,8.999645148288e-01  ,8.963161235476e-01  ,1.102625492665e+00  ,6.973035369926e-01  ,7.120413056372e-01  ,1.080590941458e+00  
  3.528376872266e-07  ,4.242836132868e-01  ,-3.832877126679e-01  ,8.999645605215e-01  ,8.963101720915e-01  ,1.112106367165e+00  ,6.878227538780e-01  ,7.046663157576e-01  ,1.087954028426e+00  
  3.529376879880e-07  ,4.431781510397e-01  ,-3.979647853400e-01  ,8.999646058848e-01  ,8.963047989699e-01  ,1.121553681405e+00  ,6.783755303650e-01  ,6.973224062999e-01  ,1.095287191640e+00  
  3.530376887495e-07  ,4.620029395136e-01  ,-4.125787848387e-01  ,8.999646509141e-01  ,8.963000055714e-01  ,1.130966120671e+00  ,6.689631811573e-01  ,6.900106131520e-01  ,1.102589397991e+00  
  3.531376895109e-07  ,4.807551345394e-01  ,-4.271274778796e-01  ,8.999646956021e-01  ,8.962957931165e-01  ,1.140342262872e+00  ,6.595871283324e-01  ,6.827320541767e-01  ,1.109859532056e+00  
  3.532376902724e-07  ,4.994318205229e-01  ,-4.416085834319e-01  ,8.999647399414e-01  ,8.962921622290e-01  ,1.149680650203e+00  ,6.502488296799e-01  ,6.754878705131e-01  ,1.117096453945e+00  
  3.533376910338e-07  ,5.180300602530e-01  ,-4.560198118263e-01  ,8.999647839246e-01  ,8.962891128964e-01  ,1.158979814051e+00  ,6.409497537981e-01  ,6.682792069832e-01  ,1.124299018810e+00  
  3.534376917953e-07  ,5.365476319755e-01  ,-4.703594478600e-01  ,8.999648275460e-01  ,8.962866448586e-01  ,1.168238643534e+00  ,6.316910115582e-01  ,6.611069209285e-01  ,1.131466368789e+00  
  3.535376925567e-07  ,5.549808272218e-01  ,-4.846246407165e-01  ,8.999648707955e-01  ,8.962847576659e-01  ,1.177455284406e+00  ,6.224744571846e-01  ,6.539724373076e-01  ,1.138597078024e+00  
  3.536376933182e-07  ,5.733266953979e-01  ,-4.988131251905e-01  ,8.999649136667e-01  ,8.962834511902e-01  ,1.186628261366e+00  ,6.133015659677e-01  ,6.468768885950e-01  ,1.145690013785e+00  
  3.537376940796e-07  ,5.915818589883e-01  ,-5.129222752366e-01  ,8.999649561532e-01  ,8.962827256117e-01  ,1.195755885647e+00  ,6.041740266590e-01  ,6.398215879935e-01  ,1.152743863230e+00  
  3.538376948411e-07  ,6.097437797773e-01  ,-5.269501031535e-01  ,8.999649982491e-01  ,8.962825810536e-01  ,1.204836888138e+00  ,5.950931083605e-01  ,6.328075294768e-01  ,1.159757632630e+00  
  3.539376956025e-07  ,6.278103853638e-01  ,-5.408950000469e-01  ,8.999650399490e-01  ,8.962830176637e-01  ,1.213870232631e+00  ,5.860598472671e-01  ,6.258355176402e-01  ,1.166730517687e+00  
  3.540376963640e-07  ,6.457777035112e-01  ,-5.547538867162e-01  ,8.999650812431e-01  ,8.962840359539e-01  ,1.222853932999e+00  ,5.770762294875e-01  ,6.189070925958e-01  ,1.173660979312e+00  
  3.541376971254e-07  ,6.636438331882e-01  ,-5.685252974703e-01  ,8.999651221270e-01  ,8.962856362848e-01  ,1.231787038721e+00  ,5.681432055329e-01  ,6.120229875496e-01  ,1.180548285020e+00  
  3.542376978869e-07  ,6.814050013926e-01  ,-5.822063150157e-01  ,8.999651625927e-01  ,8.962878189787e-01  ,1.240667663289e+00  ,5.592626618964e-01  ,6.051846614709e-01  ,1.187390976487e+00  
  3.543376986483e-07  ,6.990593336095e-01  ,-5.957954926007e-01  ,8.999652026360e-01  ,8.962905837162e-01  ,1.249494869441e+00  ,5.504355358312e-01  ,5.983928374158e-01  ,1.194188330017e+00  
  3.544376994098e-07  ,7.166031069979e-01  ,-6.092899515005e-01  ,8.999652422491e-01  ,8.962939293448e-01  ,1.258266795748e+00  ,5.416636887501e-01  ,5.916489535946e-01  ,1.200938905095e+00  
  3.545377001712e-07  ,7.340338751769e-01  ,-6.226877914900e-01  ,8.999652814271e-01  ,8.962978548745e-01  ,1.266982219016e+00  ,5.329483438387e-01  ,5.849539591295e-01  ,1.207641750620e+00  
  3.546377009327e-07  ,7.513496445596e-01  ,-6.359874759511e-01  ,8.999653201649e-01  ,8.963023596032e-01  ,1.275640142445e+00  ,5.242904978851e-01  ,5.783086216277e-01  ,1.214296097579e+00  
  3.547377016941e-07  ,7.685470415069e-01  ,-6.491864163235e-01  ,8.999653584533e-01  ,8.963074424064e-01  ,1.284238879207e+00  ,5.156918376998e-01  ,5.717142342447e-01  ,1.220900650568e+00  
  3.548377024556e-07  ,7.856233250857e-01  ,-6.622825168032e-01  ,8.999653962856e-01  ,8.963131022974e-01  ,1.292777058828e+00  ,5.071537337428e-01  ,5.651718438958e-01  ,1.227454360699e+00  
  3.549377032170e-07  ,8.025753565604e-01  ,-6.752733545384e-01  ,8.999654336569e-01  ,8.963193379466e-01  ,1.301253111937e+00  ,4.986777553767e-01  ,5.586826606774e-01  ,1.233956015216e+00  
  3.550377039785e-07  ,8.194007803880e-01  ,-6.881571008882e-01  ,8.999654705621e-01  ,8.963261485533e-01  ,1.309665860756e+00  ,4.902650803681e-01  ,5.522475981092e-01  ,1.240404698997e+00  
  3.551377047399e-07  ,8.360976759813e-01  ,-7.009322781488e-01  ,8.999655069963e-01  ,8.963335336002e-01  ,1.318014344987e+00  ,4.819166690057e-01  ,5.458673945258e-01  ,1.246799672675e+00  
  3.552377055014e-07  ,8.526627928355e-01  ,-7.135963986858e-01  ,8.999655429517e-01  ,8.963414922607e-01  ,1.326296939369e+00  ,4.736341465339e-01  ,5.395432929178e-01  ,1.253139691604e+00  
  3.553377062628e-07  ,8.690934906733e-01  ,-7.261474515614e-01  ,8.999655784226e-01  ,8.963500236595e-01  ,1.334512323759e+00  ,4.654188330859e-01  ,5.332762978789e-01  ,1.259423749440e+00  
  3.554377070243e-07  ,8.853867491830e-01  ,-7.385831152428e-01  ,8.999656134039e-01  ,8.963591260545e-01  ,1.342658987995e+00  ,4.572722388124e-01  ,5.270675684330e-01  ,1.265650683676e+00  
  3.555377077857e-07  ,9.015408556655e-01  ,-7.509020753683e-01  ,8.999656478917e-01  ,8.963687981853e-01  ,1.350736075724e+00  ,4.491952200589e-01  ,5.209177605012e-01  ,1.271819835869e+00  
  3.556377085472e-07  ,9.175524095622e-01  ,-7.631017219322e-01  ,8.999656818783e-01  ,8.963790374669e-01  ,1.358741886659e+00  ,4.411894770972e-01  ,5.148281765009e-01  ,1.277929898433e+00  
  3.557377093086e-07  ,9.334197225759e-01  ,-7.751807656839e-01  ,8.999657153602e-01  ,8.963898426280e-01  ,1.366675576648e+00  ,4.332558540723e-01  ,5.087994597860e-01  ,1.283980225470e+00  
  3.558377100701e-07  ,9.491398490552e-01  ,-7.871369633236e-01  ,8.999657483309e-01  ,8.964012114905e-01  ,1.374535672858e+00  ,4.253958238033e-01  ,5.028327298287e-01  ,1.289969693152e+00  
  3.559377108315e-07  ,9.647098947594e-01  ,-7.989681040774e-01  ,8.999657807842e-01  ,8.964131417722e-01  ,1.382320728164e+00  ,4.176108334045e-01  ,4.969290897335e-01  ,1.295897193811e+00  
  3.560377115930e-07  ,9.801282217064e-01  ,-8.106729378704e-01  ,8.999658127170e-01  ,8.964256320463e-01  ,1.390029923570e+00  ,4.099017018637e-01  ,4.910891631110e-01  ,1.301762100981e+00  
  3.561377123544e-07  ,9.953919713025e-01  ,-8.222492904699e-01  ,8.999658441230e-01  ,8.964386798506e-01  ,1.397661829774e+00  ,4.022698584718e-01  ,4.853140346156e-01  ,1.307563325086e+00  
  3.562377131159e-07  ,1.010498719307e+00  ,-8.336953238372e-01  ,8.999658749972e-01  ,8.964522833339e-01  ,1.405215234651e+00  ,3.947165153436e-01  ,4.796046214154e-01  ,1.313299945253e+00  
  3.563377138773e-07  ,1.025445692872e+00  ,-8.450089218918e-01  ,8.999659053351e-01  ,8.964664405899e-01  ,1.412688751771e+00  ,3.872430588991e-01  ,4.739619796440e-01  ,1.318970901536e+00  
  3.564377146388e-07  ,1.040230816709e+00  ,-8.561884943054e-01  ,8.999659351325e-01  ,8.964811497771e-01  ,1.420081343487e+00  ,3.798505267779e-01  ,4.683869026244e-01  ,1.324575396930e+00  
  3.565377154002e-07  ,1.054852402427e+00  ,-8.672327590332e-01  ,8.999659643851e-01  ,8.964964091046e-01  ,1.427392165598e+00  ,3.725397631717e-01  ,4.628800295880e-01  ,1.330112788621e+00  
  3.566377161617e-07  ,1.069307598518e+00  ,-8.781395627562e-01  ,8.999659930865e-01  ,8.965122152468e-01  ,1.434619792345e+00  ,3.653121938275e-01  ,4.574424338687e-01  ,1.335581996625e+00  
  3.567377169231e-07  ,1.083593735355e+00  ,-8.889068896524e-01  ,8.999660212323e-01  ,8.965285648546e-01  ,1.441762888910e+00  ,3.581691535549e-01  ,4.520751200284e-01  ,1.340982009681e+00  
  3.568377176846e-07  ,1.097709308128e+00  ,-8.995336026296e-01  ,8.999660488198e-01  ,8.965454561653e-01  ,1.448820702884e+00  ,3.511113947558e-01  ,4.467786548505e-01  ,1.346312257480e+00  
  3.569377184460e-07  ,1.111651339304e+00  ,-9.100174500184e-01  ,8.999660758427e-01  ,8.965628854834e-01  ,1.455791745494e+00  ,3.441404061909e-01  ,4.415541604741e-01  ,1.351571610493e+00  
  3.570377192075e-07  ,1.125417887132e+00  ,-9.203569592471e-01  ,8.999661022976e-01  ,8.965808500434e-01  ,1.462675045863e+00  ,3.372571587318e-01  ,4.364023704199e-01  ,1.356759329667e+00  
  3.571377199689e-07  ,1.139006869168e+00  ,-9.305505532030e-01  ,8.999661281810e-01  ,8.965993468678e-01  ,1.469469562765e+00  ,3.304626935968e-01  ,4.313240702663e-01  ,1.361874623469e+00  
  3.572377207304e-07  ,1.152416170332e+00  ,-9.405966352670e-01  ,8.999661534885e-01  ,8.966183730965e-01  ,1.476174238654e+00  ,3.237580683226e-01  ,4.263200554630e-01  ,1.366916690730e+00  
  3.573377214918e-07  ,1.165644193888e+00  ,-9.504940118830e-01  ,8.999661782163e-01  ,8.966379266767e-01  ,1.482788275160e+00  ,3.171440812721e-01  ,4.213909207352e-01  ,1.371884932618e+00  
  3.574377222533e-07  ,1.178687951886e+00  ,-9.602404526713e-01  ,8.999662023583e-01  ,8.966580036423e-01  ,1.489310178301e+00  ,3.106222264153e-01  ,4.165377773067e-01  ,1.376778229978e+00  
  3.575377230147e-07  ,1.191546060762e+00  ,-9.698349288433e-01  ,8.999662259123e-01  ,8.966786019124e-01  ,1.495739256293e+00  ,3.041931955314e-01  ,4.117611374907e-01  ,1.381596066334e+00  
  3.576377237762e-07  ,1.204216120068e+00  ,-9.792756561649e-01  ,8.999662488741e-01  ,8.966997175818e-01  ,1.502074308908e+00  ,2.978581888403e-01  ,4.070618894993e-01  ,1.386337545664e+00  
  3.577377245376e-07  ,1.216696116504e+00  ,-9.885611360122e-01  ,8.999662712401e-01  ,8.967213469948e-01  ,1.508314329492e+00  ,2.916182129880e-01  ,4.024407789887e-01  ,1.391001915001e+00  
  3.578377252991e-07  ,1.228983762447e+00  ,-9.976896536203e-01  ,8.999662930068e-01  ,8.967434859251e-01  ,1.514458174230e+00  ,2.854744117833e-01  ,3.978986591149e-01  ,1.395588312735e+00  
  3.579377260605e-07  ,1.241077356005e+00  ,-1.006659928417e+00  ,8.999663141715e-01  ,8.967661310765e-01  ,1.520504992174e+00  ,2.794276361688e-01  ,3.934361668682e-01  ,1.400096095285e+00  
  3.580377268220e-07  ,1.252975517594e+00  ,-1.015470931838e+00  ,8.999663347310e-01  ,8.967892796885e-01  ,1.526454093528e+00  ,2.734785759340e-01  ,3.890538137695e-01  ,1.404524745608e+00  
  3.581377275834e-07  ,1.264675924994e+00  ,-1.024120942399e+00  ,8.999663546807e-01  ,8.968129270266e-01  ,1.532304317178e+00  ,2.676283921837e-01  ,3.847524558270e-01  ,1.408873398226e+00  
  3.582377283449e-07  ,1.276176714806e+00  ,-1.032608587078e+00  ,8.999663740176e-01  ,8.968370692590e-01  ,1.538054731421e+00  ,2.618780166144e-01  ,3.805327757201e-01  ,1.413141362798e+00  
  3.583377291063e-07  ,1.287475776673e+00  ,-1.040932299131e+00  ,8.999663927395e-01  ,8.968617021806e-01  ,1.543704281076e+00  ,2.562285044030e-01  ,3.763955526152e-01  ,1.417327851746e+00  
  3.584377298678e-07  ,1.298571925126e+00  ,-1.049091200630e+00  ,8.999664108441e-01  ,8.968868233811e-01  ,1.549252373407e+00  ,2.506804482813e-01  ,3.723412230662e-01  ,1.421432423696e+00  
  3.585377306292e-07  ,1.309463100959e+00  ,-1.057083772703e+00  ,8.999664283276e-01  ,8.969124284654e-01  ,1.554697978807e+00  ,2.452348778479e-01  ,3.683705421141e-01  ,1.425454314817e+00  
  3.586377313907e-07  ,1.320147303956e+00  ,-1.064908540480e+00  ,8.999664451871e-01  ,8.969385126726e-01  ,1.560040097165e+00  ,2.398927932089e-01  ,3.644842424328e-01  ,1.429392782912e+00  
  3.587377321521e-07  ,1.330623412637e+00  ,-1.072564678962e+00  ,8.999664614209e-01  ,8.969650732312e-01  ,1.565278167739e+00  ,2.346547551024e-01  ,3.606827337500e-01  ,1.433247412712e+00  
  3.588377329136e-07  ,1.340889480974e+00  ,-1.080050762320e+00  ,8.999664770251e-01  ,8.969921052321e-01  ,1.570411217512e+00  ,2.295217365380e-01  ,3.569667240723e-01  ,1.437017486392e+00  
  3.589377336750e-07  ,1.350943623374e+00  ,-1.087365409722e+00  ,8.999664919971e-01  ,8.970196034069e-01  ,1.575438303684e+00  ,2.244946803102e-01  ,3.533368985458e-01  ,1.440702308268e+00  
  3.590377344365e-07  ,1.360784446856e+00  ,-1.094507597387e+00  ,8.999665063356e-01  ,8.970475635032e-01  ,1.580358729763e+00  ,2.195742829078e-01  ,3.497937648095e-01  ,1.444301362197e+00  
  3.591377351979e-07  ,1.370410827085e+00  ,-1.101476506457e+00  ,8.999665200386e-01  ,8.970759820970e-01  ,1.585171933581e+00  ,2.147611064960e-01  ,3.463377288686e-01  ,1.447814235325e+00  
  3.592377359594e-07  ,1.379820878957e+00  ,-1.108270772023e+00  ,8.999665331029e-01  ,8.971048535332e-01  ,1.589876972581e+00  ,2.100560936246e-01  ,3.429694675219e-01  ,1.451240239545e+00  
  3.593377367208e-07  ,1.389013103117e+00  ,-1.114889315901e+00  ,8.999665455265e-01  ,8.971341734082e-01  ,1.594473097085e+00  ,2.054599939679e-01  ,3.396895154578e-01  ,1.454578831358e+00  
  3.594377374823e-07  ,1.397985813528e+00  ,-1.121330918218e+00  ,8.999665573077e-01  ,8.971639364818e-01  ,1.598959464072e+00  ,2.009736505439e-01  ,3.364984773730e-01  ,1.457829395591e+00  
  3.595377382437e-07  ,1.406737768878e+00  ,-1.127594678700e+00  ,8.999665684450e-01  ,8.971941385792e-01  ,1.603335452884e+00  ,1.965976840062e-01  ,3.333967992292e-01  ,1.460991477929e+00  
  3.596377390052e-07  ,1.415267969616e+00  ,-1.133679879235e+00  ,8.999665789368e-01  ,8.972247762808e-01  ,1.607600563745e+00  ,1.923325941287e-01  ,3.303848366634e-01  ,1.464064715898e+00  
  3.597377397666e-07  ,1.423574530671e+00  ,-1.139585170669e+00  ,8.999665887806e-01  ,8.972558429783e-01  ,1.611753854116e+00  ,1.881793234449e-01  ,3.274632576439e-01  ,1.467048428313e+00  
  3.598377405281e-07  ,1.431656575997e+00  ,-1.145309931524e+00  ,8.999665979751e-01  ,8.972873354350e-01  ,1.615794885974e+00  ,1.841383099765e-01  ,3.246323696729e-01  ,1.469942301197e+00  
  3.599377412895e-07  ,1.439512595288e+00  ,-1.150853093379e+00  ,8.999666065188e-01  ,8.973192478196e-01  ,1.619722904163e+00  ,1.802103088748e-01  ,3.218927011301e-01  ,1.472745794509e+00  
  3.600377420509e-07  ,1.447141146410e+00  ,-1.156213635862e+00  ,8.999666144101e-01  ,8.973515738497e-01  ,1.623537187615e+00  ,1.763960412052e-01  ,3.192447559189e-01  ,1.475458391781e+00  
  3.601377428124e-07  ,1.454541175060e+00  ,-1.161390811634e+00  ,8.999666216486e-01  ,8.973843086410e-01  ,1.627237209178e+00  ,1.726960341189e-01  ,3.166889028238e-01  ,1.478079714458e+00  
  3.602377435738e-07  ,1.461711566028e+00  ,-1.166383834138e+00  ,8.999666282331e-01  ,8.974174470320e-01  ,1.630822411247e+00  ,1.691108452191e-01  ,3.142255299632e-01  ,1.480609364101e+00  
  3.603377443353e-07  ,1.468651205110e+00  ,-1.171191923048e+00  ,8.999666341624e-01  ,8.974509838493e-01  ,1.634292236718e+00  ,1.656410316073e-01  ,3.118550223251e-01  ,1.483046945374e+00  
  3.604377450967e-07  ,1.475359264631e+00  ,-1.175814505669e+00  ,8.999666394355e-01  ,8.974849152030e-01  ,1.637646271751e+00  ,1.622870071200e-01  ,3.095776623686e-01  ,1.485392168037e+00  
  3.605377458582e-07  ,1.481834221583e+00  ,-1.180250533616e+00  ,8.999666440508e-01  ,8.975192336354e-01  ,1.640883754842e+00  ,1.590495332594e-01  ,3.073939668273e-01  ,1.487644500443e+00  
  3.606377466196e-07  ,1.488075392343e+00  ,-1.184499541091e+00  ,8.999666480079e-01  ,8.975539355298e-01  ,1.644004344179e+00  ,1.559289518365e-01  ,3.053041649842e-01  ,1.489803706075e+00  
  3.607377473811e-07  ,1.494081452622e+00  ,-1.188560626233e+00  ,8.999666513064e-01  ,8.975890135804e-01  ,1.647007377617e+00  ,1.529259249953e-01  ,3.033087004640e-01  ,1.491869326697e+00  
  3.608377481425e-07  ,1.499851772352e+00  ,-1.192433362948e+00  ,8.999666539457e-01  ,8.976244640912e-01  ,1.649892540122e+00  ,1.500407677696e-01  ,3.014077826174e-01  ,1.493841145565e+00  
  3.609377489040e-07  ,1.505385272750e+00  ,-1.196117025546e+00  ,8.999666559254e-01  ,8.976602805413e-01  ,1.652659292300e+00  ,1.472740195505e-01  ,2.996017677682e-01  ,1.495718793314e+00  
  3.610377496654e-07  ,1.510681076913e+00  ,-1.199611029882e+00  ,8.999666572450e-01  ,8.976964571686e-01  ,1.655307195701e+00  ,1.446261187886e-01  ,2.978909422277e-01  ,1.497501972110e+00  
  3.611377504269e-07  ,1.515738219319e+00  ,-1.202914735468e+00  ,8.999666579046e-01  ,8.977329869847e-01  ,1.657835767564e+00  ,1.420975482451e-01  ,2.962756192509e-01  ,1.499190354719e+00  
  3.612377511883e-07  ,1.520556172747e+00  ,-1.206027796447e+00  ,8.999666579040e-01  ,8.977698659383e-01  ,1.660244744277e+00  ,1.396885715305e-01  ,2.947559677146e-01  ,1.500783764162e+00  
  3.613377519498e-07  ,1.525134037434e+00  ,-1.208949627762e+00  ,8.999666572430e-01  ,8.978070869855e-01  ,1.662533675960e+00  ,1.373996385258e-01  ,2.933322731047e-01  ,1.502281900866e+00  
  3.614377527112e-07  ,1.529471088378e+00  ,-1.211679766208e+00  ,8.999666559219e-01  ,8.978446442137e-01  ,1.664702200111e+00  ,1.352311117328e-01  ,2.920047611094e-01  ,1.503684527318e+00  
  3.615377534727e-07  ,1.533566535784e+00  ,-1.214217712840e+00  ,8.999666539412e-01  ,8.978825308050e-01  ,1.666749921833e+00  ,1.331833860491e-01  ,2.907736743851e-01  ,1.504991387225e+00  
  3.616377542341e-07  ,1.537419819144e+00  ,-1.216563119161e+00  ,8.999666513012e-01  ,8.979207414901e-01  ,1.668676560873e+00  ,1.312567417292e-01  ,2.896391819095e-01  ,1.506202301071e+00  
  3.617377549956e-07  ,1.541030360106e+00  ,-1.218715631805e+00  ,8.999666480022e-01  ,8.979592704772e-01  ,1.670481828055e+00  ,1.294514679492e-01  ,2.886014545746e-01  ,1.507317086380e+00  
  3.618377557570e-07  ,1.544397732138e+00  ,-1.220674995877e+00  ,8.999666440446e-01  ,8.979981132665e-01  ,1.672165510114e+00  ,1.277677779755e-01  ,2.876606153281e-01  ,1.508335611205e+00  
  3.619377565185e-07  ,1.547521249382e+00  ,-1.222440808967e+00  ,8.999666394287e-01  ,8.980372622694e-01  ,1.673727264120e+00  ,1.262060147376e-01  ,2.868168577862e-01  ,1.509257666753e+00  
  3.620377572799e-07  ,1.550400414381e+00  ,-1.224012791436e+00  ,8.999666341552e-01  ,8.980767112530e-01  ,1.675166841346e+00  ,1.247664269648e-01  ,2.860703155352e-01  ,1.510083106971e+00  
  3.621377580414e-07  ,1.553034703724e+00  ,-1.225390658965e+00  ,8.999666282254e-01  ,8.981164527315e-01  ,1.676483980087e+00  ,1.234492763636e-01  ,2.854211232492e-01  ,1.510811782214e+00  
  3.622377588028e-07  ,1.555423759996e+00  ,-1.226574226901e+00  ,8.999666216400e-01  ,8.981564808557e-01  ,1.677678501638e+00  ,1.222547416421e-01  ,2.848693674053e-01  ,1.511443594306e+00  
  3.623377595643e-07  ,1.557567310157e+00  ,-1.227563359782e+00  ,8.999666143998e-01  ,8.981967908650e-01  ,1.678750269478e+00  ,1.211829593213e-01  ,2.844151109739e-01  ,1.511978470756e+00  
  3.624377603257e-07  ,1.559464920740e+00  ,-1.228357851717e+00  ,8.999666065061e-01  ,8.982373747482e-01  ,1.679699066876e+00  ,1.202341461362e-01  ,2.840584488899e-01  ,1.512416300607e+00  
  3.625377610872e-07  ,1.561116291044e+00  ,-1.228957577304e+00  ,8.999665979602e-01  ,8.982782260623e-01  ,1.680524743482e+00  ,1.194084524383e-01  ,2.837994374105e-01  ,1.512757014714e+00  
  3.626377618486e-07  ,1.562521124226e+00  ,-1.229362432339e+00  ,8.999665887635e-01  ,8.983193373263e-01  ,1.681227150877e+00  ,1.187060266503e-01  ,2.836381211569e-01  ,1.513000553496e+00  
  3.627377626101e-07  ,1.563679276810e+00  ,-1.229572377899e+00  ,8.999665789172e-01  ,8.983607042211e-01  ,1.681806217322e+00  ,1.181269405122e-01  ,2.835745152715e-01  ,1.513146893171e+00  
  3.628377633715e-07  ,1.564590523864e+00  ,-1.229587366494e+00  ,8.999665684231e-01  ,8.984023191538e-01  ,1.682261830355e+00  ,1.176713064912e-01  ,2.836086359068e-01  ,1.513196002401e+00  
  3.629377641330e-07  ,1.565254704798e+00  ,-1.229407402208e+00  ,8.999665572831e-01  ,8.984441744875e-01  ,1.682593909682e+00  ,1.173392048843e-01  ,2.837404733834e-01  ,1.513147875592e+00  
  3.630377648944e-07  ,1.565671754057e+00  ,-1.229032508017e+00  ,8.999665454984e-01  ,8.984862658291e-01  ,1.682802422527e+00  ,1.171306684699e-01  ,2.839700118206e-01  ,1.513002519838e+00  
  3.631377656559e-07  ,1.565841583553e+00  ,-1.228462744769e+00  ,8.999665330712e-01  ,8.985285853888e-01  ,1.682887324847e+00  ,1.170457412949e-01  ,2.842972130043e-01  ,1.512759957773e+00  
  3.632377664173e-07  ,1.565764167565e+00  ,-1.227698203679e+00  ,8.999665200033e-01  ,8.985711262701e-01  ,1.682848603786e+00  ,1.170844362206e-01  ,2.847220244304e-01  ,1.512420228110e+00  
  3.633377671788e-07  ,1.565439519151e+00  ,-1.226739006884e+00  ,8.999665062968e-01  ,8.986138814670e-01  ,1.682686265872e+00  ,1.172467467215e-01  ,2.852443780249e-01  ,1.511983384909e+00  
  3.634377679402e-07  ,1.564867690257e+00  ,-1.225585307416e+00  ,8.999664919539e-01  ,8.986568440388e-01  ,1.682400337082e+00  ,1.175326468256e-01  ,2.858641903306e-01  ,1.511449497747e+00  
  3.635377687017e-07  ,1.564048771786e+00  ,-1.224237289187e+00  ,8.999664769769e-01  ,8.987000071489e-01  ,1.681990862870e+00  ,1.179420910840e-01  ,2.865813625556e-01  ,1.510818651742e+00  
  3.636377694631e-07  ,1.562982920278e+00  ,-1.222695208741e+00  ,8.999664613683e-01  ,8.987433627962e-01  ,1.681457921507e+00  ,1.184750012292e-01  ,2.873957584255e-01  ,1.510090967167e+00  
  3.637377702246e-07  ,1.561670293251e+00  ,-1.220959293477e+00  ,8.999664451304e-01  ,8.987869048333e-01  ,1.680801591756e+00  ,1.191312985046e-01  ,2.883072580948e-01  ,1.509266551572e+00  
  3.638377709860e-07  ,1.560111092486e+00  ,-1.219029814027e+00  ,8.999664282655e-01  ,8.988306266255e-01  ,1.680021974509e+00  ,1.199108820223e-01  ,2.893157196117e-01  ,1.508345533639e+00  
  3.639377717475e-07  ,1.558305561015e+00  ,-1.216907075651e+00  ,8.999664107765e-01  ,8.988745213890e-01  ,1.679119191284e+00  ,1.208136302692e-01  ,2.904209835637e-01  ,1.507328059214e+00  
  3.640377725089e-07  ,1.556253909539e+00  ,-1.214591327395e+00  ,8.999663926654e-01  ,8.989185839800e-01  ,1.678093347435e+00  ,1.218394378957e-01  ,2.916229202825e-01  ,1.506214247677e+00  
  3.641377732704e-07  ,1.553956524994e+00  ,-1.212083010138e+00  ,8.999663739361e-01  ,8.989628057402e-01  ,1.676944636433e+00  ,1.229881114389e-01  ,2.929213006710e-01  ,1.505004310809e+00  
  3.642377740318e-07  ,1.551413776930e+00  ,-1.209382522808e+00  ,8.999663545914e-01  ,8.990071795620e-01  ,1.675673243056e+00  ,1.242594661265e-01  ,2.943159181578e-01  ,1.503698440966e+00  
  3.643377747933e-07  ,1.548626070232e+00  ,-1.206490294839e+00  ,8.999663346342e-01  ,8.990516982457e-01  ,1.674279369750e+00  ,1.256532995184e-01  ,2.958065508260e-01  ,1.502296845665e+00  
  3.644377755547e-07  ,1.545593923482e+00  ,-1.203406868647e+00  ,8.999663140682e-01  ,8.990963534294e-01  ,1.672763275809e+00  ,1.271693523273e-01  ,2.973929191060e-01  ,1.500799787753e+00  
  3.645377763162e-07  ,1.542317659638e+00  ,-1.200132574414e+00  ,8.999662928957e-01  ,8.991411403619e-01  ,1.671125122715e+00  ,1.288074630765e-01  ,2.990748531549e-01  ,1.499207427569e+00  
  3.646377770776e-07  ,1.538797872591e+00  ,-1.196668010139e+00  ,8.999662711205e-01  ,8.991860507126e-01  ,1.669365207416e+00  ,1.305673348251e-01  ,3.008520456431e-01  ,1.497520055782e+00  
  3.647377778391e-07  ,1.535035122169e+00  ,-1.193013726525e+00  ,8.999662487463e-01  ,8.992310773052e-01  ,1.667483809831e+00  ,1.324486876617e-01  ,3.027242140429e-01  ,1.495737940568e+00  
  3.648377786005e-07  ,1.531030004743e+00  ,-1.189170304379e+00  ,8.999662257765e-01  ,8.992762129807e-01  ,1.665481228148e+00  ,1.344512234048e-01  ,3.046910607913e-01  ,1.493861365170e+00  
  3.649377793620e-07  ,1.526783154131e+00  ,-1.185138354526e+00  ,8.999662022146e-01  ,8.993214506635e-01  ,1.663357779280e+00  ,1.365746251490e-01  ,3.067522734005e-01  ,1.491890627927e+00  
  3.650377801234e-07  ,1.522295241999e+00  ,-1.180918517716e+00  ,8.999661780644e-01  ,8.993667833071e-01  ,1.661113799064e+00  ,1.388185570651e-01  ,3.089075244493e-01  ,1.489826042165e+00  
  3.651377808849e-07  ,1.517567097671e+00  ,-1.176511582054e+00  ,8.999661533299e-01  ,8.994122025138e-01  ,1.658749702165e+00  ,1.411826044945e-01  ,3.111564114870e-01  ,1.487667993541e+00  
  3.652377816463e-07  ,1.512599222215e+00  ,-1.171918017678e+00  ,8.999661280139e-01  ,8.994577033837e-01  ,1.656265739122e+00  ,1.436665169062e-01  ,3.134986945446e-01  ,1.485416712223e+00  
  3.653377824078e-07  ,1.507392522135e+00  ,-1.167138667051e+00  ,8.999661021215e-01  ,8.995032773388e-01  ,1.653662363189e+00  ,1.462698410538e-01  ,3.159339438132e-01  ,1.483072610864e+00  
  3.654377831692e-07  ,1.501947825432e+00  ,-1.162174289536e+00  ,8.999660756568e-01  ,8.995489170879e-01  ,1.650939988373e+00  ,1.489921629408e-01  ,3.184617723198e-01  ,1.480636061856e+00  
  3.655377839307e-07  ,1.496265995183e+00  ,-1.157025673868e+00  ,8.999660486237e-01  ,8.995946153853e-01  ,1.648099046215e+00  ,1.518330510322e-01  ,3.210817784514e-01  ,1.478107452319e+00  
  3.656377846921e-07  ,1.490347930756e+00  ,-1.151693638017e+00  ,8.999660210267e-01  ,8.996403649088e-01  ,1.645139986405e+00  ,1.547920556487e-01  ,3.237935459001e-01  ,1.475487183918e+00  
  3.657377854536e-07  ,1.484194568337e+00  ,-1.146179029053e+00  ,8.999659928701e-01  ,8.996861582958e-01  ,1.642063277039e+00  ,1.578687087015e-01  ,3.265966437693e-01  ,1.472775672822e+00  
  3.658377862150e-07  ,1.477806881105e+00  ,-1.140482723004e+00  ,8.999659641581e-01  ,8.997319882862e-01  ,1.638869404711e+00  ,1.610625236055e-01  ,3.294906267841e-01  ,1.469973349788e+00  
  3.659377869765e-07  ,1.471185879237e+00  ,-1.134605624730e+00  ,8.999659348956e-01  ,8.997778477440e-01  ,1.635558874514e+00  ,1.643729952773e-01  ,3.324750353788e-01  ,1.467080660109e+00  
  3.660377877379e-07  ,1.464332609820e+00  ,-1.128548667785e+00  ,8.999659050870e-01  ,8.998237295033e-01  ,1.632132209997e+00  ,1.677996001769e-01  ,3.355493956109e-01  ,1.464098063396e+00  
  3.661377884994e-07  ,1.457248156720e+00  ,-1.122312814264e+00  ,8.999658747370e-01  ,8.998696262651e-01  ,1.628589953097e+00  ,1.713417963771e-01  ,3.387132191333e-01  ,1.461026033397e+00  
  3.662377892608e-07  ,1.449933640419e+00  ,-1.115899054653e+00  ,8.999658438507e-01  ,8.999155306818e-01  ,1.624932664060e+00  ,1.749990236412e-01  ,3.419660033556e-01  ,1.457865058008e+00  
  3.663377900223e-07  ,1.442390217845e+00  ,-1.109308407668e+00  ,8.999658124326e-01  ,8.999614354321e-01  ,1.621160921355e+00  ,1.787707035099e-01  ,3.453072315980e-01  ,1.454615639266e+00  
  3.664377907837e-07  ,1.434619082184e+00  ,-1.102541920096e+00  ,8.999657804876e-01  ,9.000073331882e-01  ,1.617275321580e+00  ,1.826562393957e-01  ,3.487363731401e-01  ,1.451278293236e+00  
  3.665377915452e-07  ,1.426621462686e+00  ,-1.095600666626e+00  ,8.999657480211e-01  ,9.000532165689e-01  ,1.613276479364e+00  ,1.866550166779e-01  ,3.522528832561e-01  ,1.447853549882e+00  
  3.666377923066e-07  ,1.418398624473e+00  ,-1.088485749676e+00  ,8.999657150379e-01  ,9.000990781632e-01  ,1.609165027274e+00  ,1.907664028016e-01  ,3.558562033252e-01  ,1.444341953001e+00  
  3.667377930681e-07  ,1.409952082637e+00  ,-1.081198492861e+00  ,8.999656815440e-01  ,9.001449094357e-01  ,1.604941722863e+00  ,1.949896402253e-01  ,3.595456630050e-01  ,1.440744155866e+00  
  3.668377938295e-07  ,1.401282729564e+00  ,-1.073739670757e+00  ,8.999656475429e-01  ,9.001907055700e-01  ,1.600607012325e+00  ,1.993242827606e-01  ,3.633208701917e-01  ,1.437060540948e+00  
  3.669377945910e-07  ,1.392392157303e+00  ,-1.066110656968e+00  ,8.999656130412e-01  ,9.002364581383e-01  ,1.596161691693e+00  ,2.037695343898e-01  ,3.671811296545e-01  ,1.433291786622e+00  
  3.670377953524e-07  ,1.383281779813e+00  ,-1.058312663006e+00  ,8.999655780448e-01  ,9.002821598961e-01  ,1.591606467951e+00  ,2.083246881384e-01  ,3.711258283930e-01  ,1.429438491399e+00  
  3.671377961139e-07  ,1.373953041629e+00  ,-1.050346927193e+00  ,8.999655425586e-01  ,9.003278036074e-01  ,1.586942063373e+00  ,2.129890217442e-01  ,3.751543400111e-01  ,1.425501267204e+00  
  3.672377968753e-07  ,1.364407419817e+00  ,-1.042214714465e+00  ,8.999655065882e-01  ,9.003733820882e-01  ,1.582169216497e+00  ,2.177617966798e-01  ,3.792660248555e-01  ,1.421480739321e+00  
  3.673377976367e-07  ,1.354646424838e+00  ,-1.033917316182e+00  ,8.999654701398e-01  ,9.004188881602e-01  ,1.577288682559e+00  ,2.226422577206e-01  ,3.834602300690e-01  ,1.417377546251e+00  
  3.674377983982e-07  ,1.344671600837e+00  ,-1.025456049910e+00  ,8.999654332184e-01  ,9.004643145783e-01  ,1.572301233637e+00  ,2.276296328001e-01  ,3.877362896232e-01  ,1.413192339533e+00  
  3.675377991596e-07  ,1.334484784208e+00  ,-1.016832488141e+00  ,8.999653958309e-01  ,9.005096527782e-01  ,1.567207787935e+00  ,2.327230037270e-01  ,3.920934087075e-01  ,1.408925896849e+00  
  3.676377999211e-07  ,1.324087050210e+00  ,-1.008047546604e+00  ,8.999653579813e-01  ,9.005548978767e-01  ,1.562008883086e+00  ,2.379218328762e-01  ,3.965311245748e-01  ,1.404578671179e+00  
  3.677378006825e-07  ,1.313480310840e+00  ,-9.991028448420e-01  ,8.999653196770e-01  ,9.006000414183e-01  ,1.556705475097e+00  ,2.432251642570e-01  ,4.010486189973e-01  ,1.400151463839e+00  
  3.678378014440e-07  ,1.302666527848e+00  ,-9.900000446887e-01  ,8.999652809246e-01  ,9.006450750916e-01  ,1.551298544849e+00  ,2.486320170004e-01  ,4.056450527472e-01  ,1.395645097436e+00  
  3.679378022054e-07  ,1.291646844791e+00  ,-9.807401124754e-01  ,8.999652417281e-01  ,9.006899941233e-01  ,1.545788664124e+00  ,2.541418193325e-01  ,4.103199378856e-01  ,1.391060050361e+00  
  3.680378029669e-07  ,1.280423291617e+00  ,-9.713247558368e-01  ,8.999652020950e-01  ,9.007347901297e-01  ,1.540176847904e+00  ,2.597535562863e-01  ,4.150724122113e-01  ,1.386397168048e+00  
  3.681378037283e-07  ,1.268997653386e+00  ,-9.617554696435e-01  ,8.999651620321e-01  ,9.007794559607e-01  ,1.534463988725e+00  ,2.654663353393e-01  ,4.199017211389e-01  ,1.381657190782e+00  
  3.682378044898e-07  ,1.257372036873e+00  ,-9.520340310932e-01  ,8.999651215456e-01  ,9.008239834554e-01  ,1.528651139982e+00  ,2.712791031089e-01  ,4.248069679088e-01  ,1.376840999002e+00  
  3.683378052512e-07  ,1.245547669409e+00  ,-9.421614718217e-01  ,8.999650806401e-01  ,9.008683679751e-01  ,1.522738915344e+00  ,2.771912459357e-01  ,4.297876320642e-01  ,1.371949103886e+00  
  3.684378060127e-07  ,1.233526728056e+00  ,-9.321396131178e-01  ,8.999650393240e-01  ,9.009126013463e-01  ,1.516728403352e+00  ,2.832016752958e-01  ,4.348427947874e-01  ,1.366982407905e+00  
  3.685378067741e-07  ,1.221311123941e+00  ,-9.219700460615e-01  ,8.999649976038e-01  ,9.009566764728e-01  ,1.510620559574e+00  ,2.893094356335e-01  ,4.399716534421e-01  ,1.361941699504e+00  
  3.686378075356e-07  ,1.208902793325e+00  ,-9.116543851537e-01  ,8.999649554854e-01  ,9.010005862663e-01  ,1.504416352148e+00  ,2.955135588230e-01  ,4.451733936894e-01  ,1.356827778843e+00  
  3.687378082970e-07  ,1.196304020286e+00  ,-9.011945454562e-01  ,8.999649129765e-01  ,9.010443225740e-01  ,1.498116923120e+00  ,3.018129028334e-01  ,4.504470498459e-01  ,1.351641595302e+00  
  3.688378090585e-07  ,1.183516133681e+00  ,-8.905916365376e-01  ,8.999648700815e-01  ,9.010878807807e-01  ,1.491722936922e+00  ,3.082068032409e-01  ,4.557920625119e-01  ,1.346383699049e+00  
  3.689378098199e-07  ,1.170541488319e+00  ,-8.798476152112e-01  ,8.999648268085e-01  ,9.011312527963e-01  ,1.485235570968e+00  ,3.146940826491e-01  ,4.612074451907e-01  ,1.341055060402e+00  
  3.690378105814e-07  ,1.157382146813e+00  ,-8.689641870777e-01  ,8.999647831650e-01  ,9.011744316277e-01  ,1.478655856572e+00  ,3.212737097584e-01  ,4.666923380888e-01  ,1.335656525167e+00  
  3.691378113428e-07  ,1.144040534145e+00  ,-8.579433720036e-01  ,8.999647391578e-01  ,9.012174091413e-01  ,1.471985006230e+00  ,3.279444720854e-01  ,4.722457231395e-01  ,1.330189095143e+00  
  3.692378121043e-07  ,1.130518058047e+00  ,-8.467863387180e-01  ,8.999646947918e-01  ,9.012601808102e-01  ,1.465223723815e+00  ,3.347056657685e-01  ,4.778670114512e-01  ,1.324653350169e+00  
  3.693378128657e-07  ,1.116817210499e+00  ,-8.354951468461e-01  ,8.999646500762e-01  ,9.013027388324e-01  ,1.458373255326e+00  ,3.415560448265e-01  ,4.835551654094e-01  ,1.319050312256e+00  
  3.694378136272e-07  ,1.102940522845e+00  ,-8.240718915449e-01  ,8.999646050183e-01  ,9.013450754515e-01  ,1.451434866441e+00  ,3.484943435960e-01  ,4.893091296791e-01  ,1.313381021224e+00  
  3.695378143886e-07  ,1.088889460853e+00  ,-8.125177839989e-01  ,8.999645596227e-01  ,9.013871861234e-01  ,1.444409290049e+00  ,3.555198291961e-01  ,4.951282941240e-01  ,1.307646078123e+00  
  3.696378151501e-07  ,1.074666616647e+00  ,-8.008349575325e-01  ,8.999645138987e-01  ,9.014290628786e-01  ,1.437297822222e+00  ,3.626312055751e-01  ,5.010115841123e-01  ,1.301846541645e+00  
  3.697378159115e-07  ,1.060274251742e+00  ,-7.890252665589e-01  ,8.999644678541e-01  ,9.014706990237e-01  ,1.430101593725e+00  ,3.698273419833e-01  ,5.069580657442e-01  ,1.295983332303e+00  
  3.698378166730e-07  ,1.045715017568e+00  ,-7.770909018906e-01  ,8.999644214955e-01  ,9.015120870218e-01  ,1.422821930279e+00  ,3.771069127116e-01  ,5.129666360765e-01  ,1.290057537967e+00  
  3.699378174344e-07  ,1.030990449727e+00  ,-7.650331286060e-01  ,8.999643748281e-01  ,9.015532225272e-01  ,1.415459599692e+00  ,3.844691499647e-01  ,5.190366582241e-01  ,1.284069786830e+00  
  3.700378181959e-07  ,1.016103263015e+00  ,-7.528541735596e-01  ,8.999643278619e-01  ,9.015940978003e-01  ,1.408015959369e+00  ,3.919126963544e-01  ,5.251670110205e-01  ,1.278021184580e+00  
  3.701378189573e-07  ,1.001056206871e+00  ,-7.405562956566e-01  ,8.999642806045e-01  ,9.016347050398e-01  ,1.400492384040e+00  ,3.994361771690e-01  ,5.313565572115e-01  ,1.271912852868e+00  
  3.702378197188e-07  ,9.858508700533e-01  ,-7.281407982594e-01  ,8.999642330608e-01  ,9.016750399572e-01  ,1.392889668087e+00  ,4.070387980341e-01  ,5.376046408275e-01  ,1.265745439087e+00  
  3.703378204802e-07  ,9.704900588407e-01  ,-7.156099746210e-01  ,8.999641852402e-01  ,9.017150951944e-01  ,1.385209214661e+00  ,4.147191558199e-01  ,5.439101078839e-01  ,1.259520082505e+00  
  3.704378212417e-07  ,9.549766102834e-01  ,-7.029661485519e-01  ,8.999641371513e-01  ,9.017548634599e-01  ,1.377452442293e+00  ,4.224758320096e-01  ,5.502717891839e-01  ,1.253237937736e+00  
  3.705378220031e-07  ,9.393121622348e-01  ,-6.902106598860e-01  ,8.999640887985e-01  ,9.017943404821e-01  ,1.369620169916e+00  ,4.303080076812e-01  ,5.566890105391e-01  ,1.246899670425e+00  
  3.706378227646e-07  ,9.234996062577e-01  ,-6.773458650486e-01  ,8.999640401917e-01  ,9.018335187867e-01  ,1.361713843321e+00  ,4.382142370628e-01  ,5.631605862624e-01  ,1.240506451311e+00  
  3.707378235260e-07  ,9.075414562212e-01  ,-6.643738057957e-01  ,8.999639913392e-01  ,9.018723921127e-01  ,1.353734719450e+00  ,4.461932632286e-01  ,5.696854892148e-01  ,1.234059295010e+00  
  3.708378242875e-07  ,8.914406506367e-01  ,-6.512968872393e-01  ,8.999639422480e-01  ,9.019109534168e-01  ,1.345684267566e+00  ,4.542436169296e-01  ,5.762625097972e-01  ,1.227559397036e+00  
  3.709378250489e-07  ,8.751988868620e-01  ,-6.381164948178e-01  ,8.999638929239e-01  ,9.019491986738e-01  ,1.337563336355e+00  ,4.623644494929e-01  ,5.828909512649e-01  ,1.221007446083e+00  
  3.710378258104e-07  ,8.588191610986e-01  ,-6.248350639108e-01  ,8.999638433773e-01  ,9.019871207623e-01  ,1.329373423927e+00  ,4.705542628280e-01  ,5.895695888070e-01  ,1.214404652718e+00  
  3.711378265718e-07  ,8.423040767868e-01  ,-6.114547023115e-01  ,8.999637936157e-01  ,9.020247135133e-01  ,1.321115832009e+00  ,4.788117552223e-01  ,5.962973623575e-01  ,1.207752064669e+00  
  3.712378273333e-07  ,8.256566744842e-01  ,-5.979778903432e-01  ,8.999637436468e-01  ,9.020619699197e-01  ,1.312792080889e+00  ,4.871354064047e-01  ,6.030730247481e-01  ,1.201050915091e+00  
  3.713378280947e-07  ,8.088792781051e-01  ,-5.844065335609e-01  ,8.999636934776e-01  ,9.020988848011e-01  ,1.304403332530e+00  ,4.955240544251e-01  ,6.098956180207e-01  ,1.194302151582e+00  
  3.714378288562e-07  ,7.919738035124e-01  ,-5.707421872628e-01  ,8.999636431145e-01  ,9.021354539674e-01  ,1.295950544871e+00  ,5.039767413583e-01  ,6.167643603359e-01  ,1.187506547599e+00  
  3.715378296176e-07  ,7.749439621687e-01  ,-5.569878587766e-01  ,8.999635925690e-01  ,9.021716693396e-01  ,1.287435573653e+00  ,5.124916114846e-01  ,6.236777399513e-01  ,1.180665598728e+00  
  3.716378303791e-07  ,7.577915629105e-01  ,-5.431450048178e-01  ,8.999635418465e-01  ,9.022075270158e-01  ,1.278859323302e+00  ,5.210677603912e-01  ,6.306350246069e-01  ,1.173780029425e+00  
  3.717378311405e-07  ,7.405197876336e-01  ,-5.292161838932e-01  ,8.999634909566e-01  ,9.022430201979e-01  ,1.270223384773e+00  ,5.297035971398e-01  ,6.376349282513e-01  ,1.166851112144e+00  
  3.718378319020e-07  ,7.231313846285e-01  ,-5.152036063004e-01  ,8.999634399077e-01  ,9.022781432420e-01  ,1.261529132222e+00  ,5.383977475934e-01  ,6.446763400918e-01  ,1.159879946392e+00  
  3.719378326634e-07  ,7.056295549219e-01  ,-5.011098687137e-01  ,8.999633887079e-01  ,9.023128899049e-01  ,1.252778166169e+00  ,5.471486112469e-01  ,6.517579555480e-01  ,1.152867824262e+00  
  3.720378334249e-07  ,6.880161424210e-01  ,-4.869364635306e-01  ,8.999633373627e-01  ,9.023472566496e-01  ,1.243971408573e+00  ,5.559552661522e-01  ,6.588790248843e-01  ,1.145815488415e+00  
  3.721378341863e-07  ,6.702943972334e-01  ,-4.726860107733e-01  ,8.999632858826e-01  ,9.023812371613e-01  ,1.235110484499e+00  ,5.648160872659e-01  ,6.660382317747e-01  ,1.138724242548e+00  
  3.722378349478e-07  ,6.524675883741e-01  ,-4.583611508421e-01  ,8.999632342766e-01  ,9.024148249750e-01  ,1.226197028464e+00  ,5.737294400895e-01  ,6.732342495539e-01  ,1.131595400396e+00  
  3.723378357092e-07  ,6.345375958249e-01  ,-4.439634003795e-01  ,8.999631825498e-01  ,9.024480165147e-01  ,1.217231980462e+00  ,5.826943846374e-01  ,6.804663163249e-01  ,1.124429716704e+00  
  3.724378364707e-07  ,6.165077311159e-01  ,-4.294954211366e-01  ,8.999631307125e-01  ,9.024808057024e-01  ,1.208216996270e+00  ,5.917092651545e-01  ,6.877330951341e-01  ,1.117228516271e+00  
  3.725378372321e-07  ,5.983808593623e-01  ,-4.149595088173e-01  ,8.999630787730e-01  ,9.025131874960e-01  ,1.199153508454e+00  ,6.007726490919e-01  ,6.950334330873e-01  ,1.109992941905e+00  
  3.726378379936e-07  ,5.801603156223e-01  ,-4.003583563058e-01  ,8.999630267387e-01  ,9.025451557571e-01  ,1.190043184550e+00  ,6.098828689276e-01  ,7.023659776042e-01  ,1.102724333910e+00  
  3.727378387550e-07  ,5.618486407001e-01  ,-3.856940259342e-01  ,8.999629746170e-01  ,9.025767057548e-01  ,1.180887294967e+00  ,6.190386542669e-01  ,7.097296927877e-01  ,1.095423718722e+00  
  3.728378395165e-07  ,5.434479251159e-01  ,-3.709681980069e-01  ,8.999629224150e-01  ,9.026078337791e-01  ,1.171686884973e+00  ,6.282389598571e-01  ,7.171237347756e-01  ,1.088091932783e+00  
  3.729378402779e-07  ,5.249617361118e-01  ,-3.561837234204e-01  ,8.999628701442e-01  ,9.026385337968e-01  ,1.162443738200e+00  ,6.374820020883e-01  ,7.245466720866e-01  ,1.080730395507e+00  
  3.730378410394e-07  ,5.063934965273e-01  ,-3.413433405925e-01  ,8.999628178131e-01  ,9.026688003819e-01  ,1.153159566077e+00  ,6.467660695495e-01  ,7.319971300857e-01  ,1.073340470678e+00  
  3.731378418008e-07  ,4.877451673266e-01  ,-3.264486202301e-01  ,8.999627654270e-01  ,9.026986303628e-01  ,1.143835349090e+00  ,6.560901817637e-01  ,7.394743202478e-01  ,1.065922940478e+00  
  3.732378425623e-07  ,4.690201974630e-01  ,-3.115023167035e-01  ,8.999627129964e-01  ,9.027280181708e-01  ,1.134472811728e+00  ,6.654526142649e-01  ,7.469768598191e-01  ,1.058479176523e+00  
  3.733378433237e-07  ,4.502215623979e-01  ,-2.965068013170e-01  ,8.999626605301e-01  ,9.027569592073e-01  ,1.125073441729e+00  ,6.748518793311e-01  ,7.545035585488e-01  ,1.051010359866e+00  
  3.734378440852e-07  ,4.313527191993e-01  ,-2.814648510933e-01  ,8.999626080353e-01  ,9.027854484207e-01  ,1.115638967635e+00  ,6.842862484357e-01  ,7.620530228740e-01  ,1.043517873967e+00  
  3.735378448466e-07  ,4.124156541791e-01  ,-2.663780578000e-01  ,8.999625555184e-01  ,9.028134828591e-01  ,1.106170382608e+00  ,6.937547284289e-01  ,7.696244539592e-01  ,1.036002511759e+00  
  3.736378456081e-07  ,3.934143476959e-01  ,-2.512496118763e-01  ,8.999625029911e-01  ,9.028410564566e-01  ,1.096669676839e+00  ,7.032553291432e-01  ,7.772162505184e-01  ,1.028465862395e+00  
  3.737378463695e-07  ,3.743514565371e-01  ,-2.360816486381e-01  ,8.999624504600e-01  ,9.028681651927e-01  ,1.087138178729e+00  ,7.127867221914e-01  ,7.848273408736e-01  ,1.020908989512e+00  
  3.738378471310e-07  ,3.552298679673e-01  ,-2.208764861406e-01  ,8.999623979324e-01  ,9.028948048687e-01  ,1.077577331916e+00  ,7.223474639488e-01  ,7.924565617984e-01  ,1.013333047939e+00  
  3.739378478924e-07  ,3.360518294440e-01  ,-2.056359107266e-01  ,8.999623454156e-01  ,9.029209723175e-01  ,1.067988260138e+00  ,7.319364306936e-01  ,8.001030169542e-01  ,1.005738927681e+00  
  3.740378486539e-07  ,3.168216245010e-01  ,-1.903633229009e-01  ,8.999622929217e-01  ,9.029466615640e-01  ,1.058373105172e+00  ,7.415514806712e-01  ,8.077650001135e-01  ,9.981283230144e-01  
  3.741378494153e-07  ,2.975412970702e-01  ,-1.750603384403e-01  ,8.999622404563e-01  ,9.029718698304e-01  ,1.048732888991e+00  ,7.511915919212e-01  ,8.154417006103e-01  ,9.905020390506e-01  
  3.742378501768e-07  ,2.782149233747e-01  ,-1.597301934939e-01  ,8.999621880298e-01  ,9.029965917734e-01  ,1.039069649717e+00  ,7.608547263424e-01  ,8.231314950265e-01  ,9.828616885204e-01  
  3.743378509382e-07  ,2.588452067452e-01  ,-1.443750509436e-01  ,8.999621356491e-01  ,9.030208241250e-01  ,1.029384739022e+00  ,7.705395322765e-01  ,8.308332986532e-01  ,9.752083495969e-01  
  3.744378516997e-07  ,2.394343626950e-01  ,-1.289966699391e-01  ,8.999620833210e-01  ,9.030445642937e-01  ,1.019679264669e+00  ,7.802449019735e-01  ,8.385462293242e-01  ,9.675428992633e-01  
  3.745378524611e-07  ,2.199866581291e-01  ,-1.135984373977e-01  ,8.999620310575e-01  ,9.030678072797e-01  ,1.009955360122e+00  ,7.899687019929e-01  ,8.462685885809e-01  ,9.598670259786e-01  
  3.746378532226e-07  ,2.005048181163e-01  ,-9.818252536883e-02  ,8.999619788652e-01  ,9.030905498238e-01  ,1.000214387923e+00  ,7.997095698070e-01  ,8.539992871394e-01  ,9.521818125082e-01  
  3.747378539840e-07  ,1.809910735043e-01  ,-8.275069990448e-02  ,8.999619267503e-01  ,9.031127892894e-01  ,9.904574635025e-01  ,8.094663899981e-01  ,8.617374393371e-01  ,9.444881392416e-01  
  3.748378547454e-07  ,1.614492165976e-01  ,-6.730595155531e-02  ,8.999618747240e-01  ,9.031345212982e-01  ,9.806864830228e-01  ,8.192372664252e-01  ,8.694815455205e-01  ,9.367874970758e-01  
  3.749378555069e-07  ,1.418824501929e-01  ,-5.185073024664e-02  ,8.999618227985e-01  ,9.031557424221e-01  ,9.709030478949e-01  ,8.290205977020e-01  ,8.772303772988e-01  ,9.290811075454e-01  
  3.750378562683e-07  ,1.222939952155e-01  ,-3.638748755390e-02  ,8.999617709819e-01  ,9.031764492399e-01  ,9.611087685896e-01  ,8.388147733742e-01  ,8.849827054629e-01  ,9.213701930168e-01  
  3.751378570298e-07  ,1.026868699291e-01  ,-2.091867629475e-02  ,8.999617192738e-01  ,9.031966383080e-01  ,9.513051542383e-01  ,8.486182843092e-01  ,8.927373001606e-01  ,9.136559764554e-01  
  3.752378577912e-07  ,8.306445134916e-02  ,-5.447159180036e-03  ,8.999616676775e-01  ,9.032163060175e-01  ,9.414938933521e-01  ,8.584294420029e-01  ,9.004927264275e-01  ,9.059398856075e-01  
  3.753378585527e-07  ,6.342930000597e-02  ,1.002488231038e-02  ,8.999616162021e-01  ,9.032354498714e-01  ,9.316762662051e-01  ,8.682469661992e-01  ,9.082478910266e-01  ,8.982230087162e-01  
  3.754378593141e-07  ,4.378436758394e-02  ,2.549508504015e-02  ,8.999615648606e-01  ,9.032540668317e-01  ,9.218537486526e-01  ,8.780693810687e-01  ,9.160016093518e-01  ,8.905065243116e-01  
  3.755378600756e-07  ,2.413273997340e-02  ,4.096102574728e-02  ,8.999615136627e-01  ,9.032721533501e-01  ,9.120278836494e-01  ,8.878951436760e-01  ,9.237526662237e-01  ,8.827916404765e-01  
  3.756378608370e-07  ,4.476811496499e-03  ,5.642087230552e-02  ,8.999614626169e-01  ,9.032897066581e-01  ,9.021998683651e-01  ,8.977230568686e-01  ,9.315001428109e-01  ,8.750792705053e-01  
  3.757378615985e-07  ,-1.517887003128e-02  ,7.187115863567e-02  ,8.999614117358e-01  ,9.033067221580e-01  ,8.923719767202e-01  ,9.075508467514e-01  ,9.392423014759e-01  ,8.673711428402e-01  
  3.758378623599e-07  ,-3.483216790418e-02  ,8.731025133522e-02  ,8.999613610240e-01  ,9.033231984033e-01  ,8.825452770719e-01  ,9.173774449761e-01  ,9.469783240709e-01  ,8.596680727357e-01  
  3.759378631214e-07  ,-5.447937492091e-02  ,1.027352931960e-01  ,8.999613104892e-01  ,9.033391332368e-01  ,8.727216230288e-01  ,9.272009979497e-01  ,9.547067798348e-01  ,8.519714866388e-01  
  3.760378638828e-07  ,-7.411686811185e-02  ,1.181434306823e-01  ,8.999612601409e-01  ,9.033545244396e-01  ,8.629028260849e-01  ,9.370196941968e-01  ,9.624262397808e-01  ,8.442828090984e-01  
  3.761378646443e-07  ,-9.374258560952e-02  ,1.335330350673e-01  ,8.999612099858e-01  ,9.033693704374e-01  ,8.530899171810e-01  ,9.468325027905e-01  ,9.701358879710e-01  ,8.366028529037e-01  
  3.762378654057e-07  ,-1.133529122705e-01  ,1.489012581623e-01  ,8.999611600357e-01  ,9.033836687740e-01  ,8.432847039004e-01  ,9.566376161709e-01  ,9.778342978552e-01  ,8.289330396929e-01  
  3.763378661672e-07  ,-1.329447489659e-01  ,1.642456627529e-01  ,8.999611102984e-01  ,9.033974182423e-01  ,8.334887358155e-01  ,9.664334847813e-01  ,9.855202496188e-01  ,8.212745868658e-01  
  3.764378669286e-07  ,-1.525145127122e-01  ,1.795634104298e-01  ,8.999610607783e-01  ,9.034106174648e-01  ,8.237038044222e-01  ,9.762183171344e-01  ,9.931923226797e-01  ,8.136289122499e-01  
  3.765378676901e-07  ,-1.720594918075e-01  ,1.948523430065e-01  ,8.999610114798e-01  ,9.034232639956e-01  ,8.139312655761e-01  ,9.859907573836e-01  ,1.000849435499e+00  ,8.059970924924e-01  
  3.766378684515e-07  ,-1.915774643332e-01  ,2.101107092182e-01  ,8.999609624084e-01  ,9.034353553094e-01  ,8.041722302417e-01  ,9.957496945750e-01  ,1.008490709918e+00  ,7.983800007003e-01  
  3.767378692130e-07  ,-2.110646531445e-01  ,2.253355491990e-01  ,8.999609135739e-01  ,9.034468869795e-01  ,7.944285870017e-01  ,1.005493240146e+00  ,1.016114661579e+00  ,7.907791123800e-01  
  3.768378699744e-07  ,-2.305179607863e-01  ,2.405244485196e-01  ,8.999608649846e-01  ,9.034578559845e-01  ,7.847018845915e-01  ,1.015219845378e+00  ,1.023720080244e+00  ,7.831956317247e-01  
  3.769378707359e-07  ,-2.499338179753e-01  ,2.556745981791e-01  ,8.999608166493e-01  ,9.034682603521e-01  ,7.749939076616e-01  ,1.024927725637e+00  ,1.031305559442e+00  ,7.756309612626e-01  
  3.770378714973e-07  ,-2.693095293654e-01  ,2.707838644466e-01  ,8.999607685756e-01  ,9.034780989575e-01  ,7.653060038929e-01  ,1.034615533258e+00  ,1.038870031181e+00  ,7.680861667342e-01  
  3.771378722588e-07  ,-2.886428887448e-01  ,2.858505168375e-01  ,8.999607207707e-01  ,9.034873709684e-01  ,7.556392763983e-01  ,1.044282165143e+00  ,1.046412629387e+00  ,7.605621125496e-01  
  3.772378730202e-07  ,-3.079296560825e-01  ,3.008712353906e-01  ,8.999606732461e-01  ,9.034960752729e-01  ,7.459958452048e-01  ,1.053925501287e+00  ,1.053931692968e+00  ,7.530604575776e-01  
  3.773378737817e-07  ,-3.271677930132e-01  ,3.158444331576e-01  ,8.999606260065e-01  ,9.035042117752e-01  ,7.363767294999e-01  ,1.063544522513e+00  ,1.061426428354e+00  ,7.455819951964e-01  
  3.774378745431e-07  ,-3.463532450776e-01  ,3.307669439919e-01  ,8.999605790606e-01  ,9.035117803348e-01  ,7.267839565218e-01  ,1.073137201599e+00  ,1.068895252331e+00  ,7.381283083389e-01  
  3.775378753046e-07  ,-3.654839901738e-01  ,3.456371914075e-01  ,8.999605324135e-01  ,9.035187806110e-01  ,7.172185373266e-01  ,1.082702527500e+00  ,1.076337376315e+00  ,7.307001849072e-01  
  3.776378760660e-07  ,-3.845564891029e-01  ,3.604524221185e-01  ,8.999604860736e-01  ,9.035252113607e-01  ,7.076822415222e-01  ,1.092238730625e+00  ,1.083751422420e+00  ,7.232990003015e-01  
  3.777378768275e-07  ,-4.035672366958e-01  ,3.752098972745e-01  ,8.999604400485e-01  ,9.035310700442e-01  ,6.981768217006e-01  ,1.101744058396e+00  ,1.091136018682e+00  ,7.159261214070e-01  
  3.778378775889e-07  ,-4.225135929722e-01  ,3.899075397643e-01  ,8.999603943438e-01  ,9.035363546762e-01  ,6.887035978577e-01  ,1.111217190830e+00  ,1.098490124558e+00  ,7.085825847941e-01  
  3.779378783504e-07  ,-4.413933998440e-01  ,4.045436664898e-01  ,8.999603489657e-01  ,9.035410639144e-01  ,6.792636490437e-01  ,1.120657048888e+00  ,1.105812897159e+00  ,7.012692306695e-01  
  3.780378791118e-07  ,-4.602025153767e-01  ,4.191150518163e-01  ,8.999603039250e-01  ,9.035451959616e-01  ,6.698590462366e-01  ,1.130061561613e+00  ,1.113102721870e+00  ,6.939876700534e-01  
  3.781378798733e-07  ,-4.789383134478e-01  ,4.336196452752e-01  ,8.999602592271e-01  ,9.035487505482e-01  ,6.604911025032e-01  ,1.139429415951e+00  ,1.120358573186e+00  ,6.867389279106e-01  
  3.782378806347e-07  ,-4.975979612288e-01  ,4.480552340829e-01  ,8.999602148781e-01  ,9.035517277060e-01  ,6.511612342637e-01  ,1.148759195492e+00  ,1.127579344747e+00  ,6.795241106646e-01  
  3.783378813962e-07  ,-5.161792684422e-01  ,4.624201222206e-01  ,8.999601708840e-01  ,9.035541276314e-01  ,6.418705366629e-01  ,1.158049805105e+00  ,1.134764188742e+00  ,6.723440665211e-01  
  3.784378821576e-07  ,-5.346780877581e-01  ,4.767111006808e-01  ,8.999601272554e-01  ,9.035559509037e-01  ,6.326210833764e-01  ,1.167299171134e+00  ,1.141911501244e+00  ,6.652004005633e-01  
  3.785378829191e-07  ,-5.530918329155e-01  ,4.909261592456e-01  ,8.999600839974e-01  ,9.035571979255e-01  ,6.234141675397e-01  ,1.176506000455e+00  ,1.149020277548e+00  ,6.580941183027e-01  
  3.786378836805e-07  ,-5.714183979364e-01  ,5.050636703396e-01  ,8.999600411153e-01  ,9.035578688802e-01  ,6.142508421471e-01  ,1.185669240083e+00  ,1.156089704050e+00  ,6.510260337104e-01  
  3.787378844420e-07  ,-5.896542194089e-01  ,5.191208889297e-01  ,8.999599986185e-01  ,9.035579637803e-01  ,6.051328889141e-01  ,1.194787108323e+00  ,1.163118408245e+00  ,6.439975193154e-01  
  3.788378852034e-07  ,-6.077964006665e-01  ,5.330955865352e-01  ,8.999599565141e-01  ,9.035574820879e-01  ,5.960617561809e-01  ,1.203858156847e+00  ,1.170105275356e+00  ,6.370096888203e-01  
  3.789378859649e-07  ,-6.258416187250e-01  ,5.469851811358e-01  ,8.999599148077e-01  ,9.035564229562e-01  ,5.870391054452e-01  ,1.212880724170e+00  ,1.177049013524e+00  ,6.300638323883e-01  
  3.790378867263e-07  ,-6.437873747005e-01  ,5.607877195476e-01  ,8.999598735050e-01  ,9.035547859737e-01  ,5.780661861547e-01  ,1.221853560855e+00  ,1.183948645748e+00  ,6.231609261999e-01  
  3.791378874878e-07  ,-6.616316283785e-01  ,5.745016213816e-01  ,8.999598326112e-01  ,9.035525710215e-01  ,5.691440184220e-01  ,1.230775646800e+00  ,1.190803381712e+00  ,6.163017603307e-01  
  3.792378882492e-07  ,-6.793709224642e-01  ,5.881242228320e-01  ,8.999597921351e-01  ,9.035497782528e-01  ,5.602743309030e-01  ,1.239645253367e+00  ,1.197611889669e+00  ,6.094876668368e-01  
  3.793378890107e-07  ,-6.970019932822e-01  ,6.016530074247e-01  ,8.999597520830e-01  ,9.035464085903e-01  ,5.514587554419e-01  ,1.248460748724e+00  ,1.204372912303e+00  ,6.027199048779e-01  
  3.794378897721e-07  ,-7.145223949407e-01  ,6.150860734262e-01  ,8.999597124595e-01  ,9.035424630723e-01  ,5.426985149892e-01  ,1.257220909930e+00  ,1.211085499785e+00  ,5.959994263592e-01  
  3.795378905336e-07  ,-7.319301330964e-01  ,6.284218829294e-01  ,8.999596732699e-01  ,9.035379426512e-01  ,5.339946067217e-01  ,1.265924739818e+00  ,1.217748884116e+00  ,5.893270011865e-01  
  3.796378912950e-07  ,-7.492213904433e-01  ,6.416574958805e-01  ,8.999596345233e-01  ,9.035328491787e-01  ,5.253489393017e-01  ,1.274570329745e+00  ,1.224361597119e+00  ,5.827041012385e-01  
  3.797378920565e-07  ,-7.663943442844e-01  ,6.547915154876e-01  ,8.999595962239e-01  ,9.035271834025e-01  ,5.167624240817e-01  ,1.283156768366e+00  ,1.230922941146e+00  ,5.761314256587e-01  
  3.798378928179e-07  ,-7.834458146013e-01  ,6.678215081835e-01  ,8.999595583788e-01  ,9.035209463236e-01  ,5.082366510781e-01  ,1.291682465679e+00  ,1.237431700415e+00  ,5.696101922318e-01  
  3.799378935794e-07  ,-8.003731031758e-01  ,6.807454087455e-01  ,8.999595209947e-01  ,9.035141383894e-01  ,4.997729694068e-01  ,1.300146072583e+00  ,1.243886842762e+00  ,5.631414340166e-01  
  3.800378943408e-07  ,-8.171731160253e-01  ,6.935608307045e-01  ,8.999594840772e-01  ,9.035067603656e-01  ,4.913729260646e-01  ,1.308546042090e+00  ,1.250287175718e+00  ,5.567263450133e-01  
  3.801378951023e-07  ,-8.338435302803e-01  ,7.062659736894e-01  ,8.999594476307e-01  ,9.034988131547e-01  ,4.830376824906e-01  ,1.316881212771e+00  ,1.256631799999e+00  ,5.503658263100e-01  
  3.802378958637e-07  ,-8.503824520604e-01  ,7.188593832157e-01  ,8.999594116599e-01  ,9.034902975329e-01  ,4.747681856297e-01  ,1.325150637690e+00  ,1.262919989141e+00  ,5.440606059251e-01  
  3.803378966252e-07  ,-8.667866763738e-01  ,7.313386113439e-01  ,8.999593761729e-01  ,9.034812148672e-01  ,4.665660379860e-01  ,1.333352714360e+00  ,1.269150520539e+00  ,5.378119091953e-01  
  3.804378973866e-07  ,-8.830531878969e-01  ,7.437013543394e-01  ,8.999593411751e-01  ,9.034715668792e-01  ,4.584327472267e-01  ,1.341485935124e+00  ,1.275322244049e+00  ,5.316208897095e-01  
  3.805378981481e-07  ,-8.991802812713e-01  ,7.559463081535e-01  ,8.999593066701e-01  ,9.034613549187e-01  ,4.503691660345e-01  ,1.349549447306e+00  ,1.281434508995e+00  ,5.254882008419e-01  
  3.806378989095e-07  ,-9.151645737346e-01  ,7.680708835687e-01  ,8.999592726649e-01  ,9.034505820259e-01  ,4.423769857976e-01  ,1.357541559532e+00  ,1.287486023810e+00  ,5.194151402415e-01  
  3.807378996710e-07  ,-9.310038486947e-01  ,7.800733784779e-01  ,8.999592391639e-01  ,9.034392502104e-01  ,4.344573148166e-01  ,1.365461163511e+00  ,1.293475939449e+00  ,5.134025609715e-01  
  3.808379004324e-07  ,-9.466957220713e-01  ,7.919519643672e-01  ,8.999592061719e-01  ,9.034273613014e-01  ,4.266113451362e-01  ,1.373307067208e+00  ,1.299403343485e+00  ,5.074513791178e-01  
  3.809379011939e-07  ,-9.622383568105e-01  ,8.037052455829e-01  ,8.999591736937e-01  ,9.034149165369e-01  ,4.188399952884e-01  ,1.381078352099e+00  ,1.305267539328e+00  ,5.015622937455e-01  
  3.810379019553e-07  ,-9.776286812109e-01  ,8.153309003380e-01  ,8.999591417371e-01  ,9.034019179513e-01  ,4.111448011316e-01  ,1.388773482343e+00  ,1.311067368120e+00  ,4.957364677823e-01  
  3.811379027168e-07  ,-9.928642492241e-01  ,8.268270865452e-01  ,8.999591103067e-01  ,9.033883673463e-01  ,4.035269856947e-01  ,1.396391234919e+00  ,1.316801910619e+00  ,4.899748240737e-01  
  3.812379034782e-07  ,-1.007942274012e+00  ,8.381916830833e-01  ,8.999590794067e-01  ,9.033742671889e-01  ,3.959879424005e-01  ,1.403930216413e+00  ,1.322470108731e+00  ,4.842784256473e-01  
  3.813379042397e-07  ,-1.022860673160e+00  ,8.494230955691e-01  ,8.999590490410e-01  ,9.033596194185e-01  ,3.885287124608e-01  ,1.411389385621e+00  ,1.328071167203e+00  ,4.786480716339e-01  
  3.814379050011e-07  ,-1.037617753020e+00  ,8.605200386093e-01  ,8.999590192136e-01  ,9.033444256539e-01  ,3.811501427039e-01  ,1.418767895723e+00  ,1.333604444958e+00  ,4.730844063492e-01  
  3.815379057626e-07  ,-1.052210653617e+00  ,8.714803531520e-01  ,8.999589899313e-01  ,9.033286888070e-01  ,3.738536631228e-01  ,1.426064316740e+00  ,1.339068865383e+00  ,4.675885122309e-01  
  3.816379065240e-07  ,-1.066636697622e+00  ,8.823020177047e-01  ,8.999589611986e-01  ,9.033124121832e-01  ,3.666406123874e-01  ,1.433277310010e+00  ,1.344463421036e+00  ,4.621614033308e-01  
  3.817379072855e-07  ,-1.080894375518e+00  ,8.929838918117e-01  ,8.999589330185e-01  ,9.032955978448e-01  ,3.595117452593e-01  ,1.440406120778e+00  ,1.349787543751e+00  ,4.568036519389e-01  
  3.818379080469e-07  ,-1.094981057303e+00  ,9.035239945144e-01  ,8.999589053964e-01  ,9.032782494073e-01  ,3.524683767450e-01  ,1.447449434048e+00  ,1.355040246665e+00  ,4.515162521501e-01  
  3.819379088084e-07  ,-1.108894168033e+00  ,9.139203822640e-01  ,8.999588783369e-01  ,9.032603702805e-01  ,3.455117943203e-01  ,1.454405962354e+00  ,1.360220561413e+00  ,4.463001791485e-01  
  3.820379095698e-07  ,-1.122631787718e+00  ,9.241715979583e-01  ,8.999588518429e-01  ,9.032419628210e-01  ,3.386429579837e-01  ,1.461274745702e+00  ,1.365327761800e+00  ,4.411561638418e-01  
  3.821379103313e-07  ,-1.136192357078e+00  ,9.342764686190e-01  ,8.999588259177e-01  ,9.032230289127e-01  ,3.318626473786e-01  ,1.468055004457e+00  ,1.370361263222e+00  ,4.360847946032e-01  
  3.822379110927e-07  ,-1.149573246621e+00  ,9.442330268036e-01  ,8.999588005678e-01  ,9.032035718177e-01  ,3.251721772572e-01  ,1.474745423878e+00  ,1.375320085220e+00  ,4.310870584159e-01  
  3.823379118541e-07  ,-1.162772337436e+00  ,9.540396953949e-01  ,8.999587757972e-01  ,9.031835944671e-01  ,3.185726070793e-01  ,1.481344944515e+00  ,1.380203442165e+00  ,4.261637467696e-01  
  3.824379126156e-07  ,-1.175787220870e+00  ,9.636946668241e-01  ,8.999587516088e-01  ,9.031631006181e-01  ,3.120651411735e-01  ,1.487852362044e+00  ,1.385010434030e+00  ,4.213157672060e-01  
  3.825379133770e-07  ,-1.188616103209e+00  ,9.731965889286e-01  ,8.999587280059e-01  ,9.031420932643e-01  ,3.056506764012e-01  ,1.494266779611e+00  ,1.389740387729e+00  ,4.165437987999e-01  
  3.826379141385e-07  ,-1.201257061103e+00  ,9.825440161842e-01  ,8.999587049922e-01  ,9.031205757710e-01  ,2.993301744407e-01  ,1.500587235544e+00  ,1.394392583863e+00  ,4.118485676789e-01  
  3.827379148999e-07  ,-1.213708617739e+00  ,9.917358502380e-01  ,8.999586825707e-01  ,9.030985508264e-01  ,2.931043737014e-01  ,1.506812991440e+00  ,1.398966475945e+00  ,4.072306257074e-01  
  3.828379156614e-07  ,-1.225967999076e+00  ,1.000770033397e+00  ,8.999586607471e-01  ,9.030760236971e-01  ,2.869746612089e-01  ,1.512942660285e+00  ,1.403461040396e+00  ,4.026910069984e-01  
  3.829379164228e-07  ,-1.238033915398e+00  ,1.009645614693e+00  ,8.999586395235e-01  ,9.030529969531e-01  ,2.809416818246e-01  ,1.518975597222e+00  ,1.407875804300e+00  ,3.982301896066e-01  
  3.830379171843e-07  ,-1.249903828876e+00  ,1.018360717439e+00  ,8.999586189039e-01  ,9.030294756772e-01  ,2.750067044657e-01  ,1.524910533342e+00  ,1.412209834397e+00  ,3.938491169576e-01  
  3.831379179457e-07  ,-1.261576497123e+00  ,1.026914424437e+00  ,8.999585988906e-01  ,9.030054623608e-01  ,2.691703503293e-01  ,1.530746847452e+00  ,1.416462674579e+00  ,3.895482501422e-01  
  3.832379187072e-07  ,-1.273049472793e+00  ,1.035304926997e+00  ,8.999585794877e-01  ,9.029809619503e-01  ,2.634338430911e-01  ,1.536483315884e+00  ,1.420633425449e+00  ,3.853284984519e-01  
  3.833379194686e-07  ,-1.284321556565e+00  ,1.043531342297e+00  ,8.999585606972e-01  ,9.029559769094e-01  ,2.577977824144e-01  ,1.542119338980e+00  ,1.424721648058e+00  ,3.811903057609e-01  
  3.834379202301e-07  ,-1.295390386584e+00  ,1.051591930843e+00  ,8.999585425229e-01  ,9.029305122757e-01  ,2.522633492307e-01  ,1.547653735815e+00  ,1.428726477697e+00  ,3.771345468544e-01  
  3.835379209915e-07  ,-1.306254806248e+00  ,1.059485844764e+00  ,8.999585249670e-01  ,9.029045707157e-01  ,2.468311218430e-01  ,1.553085928091e+00  ,1.432647493098e+00  ,3.731616483338e-01  
  3.836379217530e-07  ,-1.316912809446e+00  ,1.067211617965e+00  ,8.999585080329e-01  ,9.028781570856e-01  ,2.415021033099e-01  ,1.558414912756e+00  ,1.436483966068e+00  ,3.692723481031e-01  
  3.837379225144e-07  ,-1.327362452857e+00  ,1.074767828788e+00  ,8.999584917231e-01  ,9.028512765957e-01  ,2.362772652948e-01  ,1.563639718151e+00  ,1.440235190990e+00  ,3.654673622015e-01  
  3.838379232759e-07  ,-1.337602648019e+00  ,1.082153682816e+00  ,8.999584760392e-01  ,9.028239322479e-01  ,2.311571520297e-01  ,1.568759800049e+00  ,1.443900773656e+00  ,3.617470908397e-01  
  3.839379240373e-07  ,-1.347631252973e+00  ,1.089367618370e+00  ,8.999584609842e-01  ,9.027961300183e-01  ,2.261428344976e-01  ,1.573774087471e+00  ,1.447479939203e+00  ,3.581123208336e-01  
  3.840379247988e-07  ,-1.357446886214e+00  ,1.096408628664e+00  ,8.999584465604e-01  ,9.027678739231e-01  ,2.212350034534e-01  ,1.578681889667e+00  ,1.450972188255e+00  ,3.545635595911e-01  
  3.841379255602e-07  ,-1.367048076643e+00  ,1.103275644744e+00  ,8.999584327696e-01  ,9.027391683681e-01  ,2.164343944483e-01  ,1.583482471091e+00  ,1.454376990740e+00  ,3.511013459963e-01  
  3.842379263217e-07  ,-1.376433702147e+00  ,1.109967859590e+00  ,8.999584196141e-01  ,9.027100167552e-01  ,2.117415685406e-01  ,1.588175270688e+00  ,1.457693946550e+00  ,3.477260869602e-01  
  3.843379270831e-07  ,-1.385601669084e+00  ,1.116483772569e+00  ,8.999584070970e-01  ,9.026804255174e-01  ,2.071575725550e-01  ,1.592759241639e+00  ,1.460922311802e+00  ,3.444385392330e-01  
  3.844379278446e-07  ,-1.394551015652e+00  ,1.122822699421e+00  ,8.999583952198e-01  ,9.026503976884e-01  ,2.026828873937e-01  ,1.597233903046e+00  ,1.464061747399e+00  ,3.412390479780e-01  
  3.845379286060e-07  ,-1.403279860579e+00  ,1.128983299802e+00  ,8.999583839845e-01  ,9.026199394610e-01  ,1.983184536947e-01  ,1.601598314274e+00  ,1.467111589362e+00  ,3.381282895602e-01  
  3.846379293675e-07  ,-1.411787002333e+00  ,1.134964715762e+00  ,8.999583733924e-01  ,9.025890552079e-01  ,1.940648722257e-01  ,1.605851874559e+00  ,1.470071413089e+00  ,3.351066973269e-01  
  3.847379301289e-07  ,-1.420071166816e+00  ,1.140766040377e+00  ,8.999583634451e-01  ,9.025577498202e-01  ,1.899227800371e-01  ,1.609993946853e+00  ,1.472940770008e+00  ,3.321747296319e-01  
  3.848379308904e-07  ,-1.428131386062e+00  ,1.146386591815e+00  ,8.999583541440e-01  ,9.025260271233e-01  ,1.858926611129e-01  ,1.614024047175e+00  ,1.475719323031e+00  ,3.293327312158e-01  
  3.849379316518e-07  ,-1.435966060889e+00  ,1.151825250974e+00  ,8.999583454916e-01  ,9.024938935578e-01  ,1.819753150470e-01  ,1.617941375936e+00  ,1.478406519045e+00  ,3.265812680706e-01  
  3.850379324133e-07  ,-1.443573759376e+00  ,1.157081020075e+00  ,8.999583374890e-01  ,9.024613552349e-01  ,1.781714578009e-01  ,1.621745217177e+00  ,1.481001865272e+00  ,3.239208451975e-01  
  3.851379331747e-07  ,-1.450953437690e+00  ,1.162153169007e+00  ,8.999583301368e-01  ,9.024284168674e-01  ,1.744816112919e-01  ,1.625435048982e+00  ,1.483505001371e+00  ,3.213518323638e-01  
  3.852379339362e-07  ,-1.458104259504e+00  ,1.167041118319e+00  ,8.999583234361e-01  ,9.023950823106e-01  ,1.709061936843e-01  ,1.629010453188e+00  ,1.485915641470e+00  ,3.188745231511e-01  
  3.853379346976e-07  ,-1.465024656142e+00  ,1.171743786421e+00  ,8.999583173884e-01  ,9.023613589590e-01  ,1.674459893174e-01  ,1.632470645459e+00  ,1.488233252170e+00  ,3.164894657485e-01  
  3.854379354591e-07  ,-1.471713676271e+00  ,1.176260521260e+00  ,8.999583119942e-01  ,9.023272514893e-01  ,1.641014738587e-01  ,1.635815150130e+00  ,1.490457512119e+00  ,3.141969908593e-01  
  3.855379362205e-07  ,-1.478170560400e+00  ,1.180590806988e+00  ,8.999583072543e-01  ,9.022927637060e-01  ,1.608730270545e-01  ,1.639043587454e+00  ,1.492588167200e+00  ,3.119973602120e-01  
  3.856379369820e-07  ,-1.484393889430e+00  ,1.184733684753e+00  ,8.999583031701e-01  ,9.022579030713e-01  ,1.577613584549e-01  ,1.642155247885e+00  ,1.494624745448e+00  ,3.098910606948e-01  
  3.857379377434e-07  ,-1.490383014548e+00  ,1.188688721476e+00  ,8.999582997419e-01  ,9.022226733270e-01  ,1.547667924680e-01  ,1.645149807016e+00  ,1.496567034065e+00  ,3.078783125890e-01  
  3.858379385049e-07  ,-1.496136824431e+00  ,1.192455179154e+00  ,8.999582969703e-01  ,9.021870811384e-01  ,1.518898847549e-01  ,1.648026709186e+00  ,1.498414670715e+00  ,3.059594915613e-01  
  3.859379392663e-07  ,-1.501654275185e+00  ,1.196032369619e+00  ,8.999582948556e-01  ,9.021511333173e-01  ,1.491311572630e-01  ,1.650785432448e+00  ,1.500167318127e+00  ,3.041349485076e-01  
  3.860379400278e-07  ,-1.506934795382e+00  ,1.199419919655e+00  ,8.999582933980e-01  ,9.021148337554e-01  ,1.464908957072e-01  ,1.653425691089e+00  ,1.501824793583e+00  ,3.024048739278e-01  
  3.861379407892e-07  ,-1.511977280020e+00  ,1.202617112958e+00  ,8.999582925979e-01  ,9.020781903083e-01  ,1.439696525881e-01  ,1.655946932608e+00  ,1.503386746787e+00  ,3.007696338294e-01  
  3.862379415507e-07  ,-1.516781041028e+00  ,1.205623509987e+00  ,8.999582924553e-01  ,9.020412083018e-01  ,1.415677719412e-01  ,1.658348812970e+00  ,1.504852963295e+00  ,2.992294533083e-01  
  3.863379423121e-07  ,-1.521345534059e+00  ,1.208438767908e+00  ,8.999582929703e-01  ,9.020038920609e-01  ,1.392855259409e-01  ,1.660631060000e+00  ,1.506223276015e+00  ,2.977845081072e-01  
  3.864379430736e-07  ,-1.525669753681e+00  ,1.211062261372e+00  ,8.999582941428e-01  ,9.019662498304e-01  ,1.371234173025e-01  ,1.662793170983e+00  ,1.507497380516e+00  ,2.964351191445e-01  
  3.865379438350e-07  ,-1.529753109387e+00  ,1.213493631747e+00  ,8.999582959726e-01  ,9.019282868298e-01  ,1.350817412789e-01  ,1.664834850666e+00  ,1.508675102703e+00  ,2.951814709563e-01  
  3.866379445965e-07  ,-1.533595137497e+00  ,1.215732602041e+00  ,8.999582984595e-01  ,9.018900073328e-01  ,1.331607297109e-01  ,1.666755867208e+00  ,1.509756308353e+00  ,2.940237063121e-01  
  3.867379453579e-07  ,-1.537195080512e+00  ,1.217778726594e+00  ,8.999583016030e-01  ,9.018514186732e-01  ,1.313607613471e-01  ,1.668555841859e+00  ,1.510740781970e+00  ,2.929620553764e-01  
  3.868379461194e-07  ,-1.540552286512e+00  ,1.219631635655e+00  ,8.999583054027e-01  ,9.018125281037e-01  ,1.296821621468e-01  ,1.670234448659e+00  ,1.511628345931e+00  ,2.919967102763e-01  
  3.869379468808e-07  ,-1.543666409187e+00  ,1.221291138371e+00  ,8.999583098579e-01  ,9.017733398317e-01  ,1.281251052645e-01  ,1.671791514451e+00  ,1.512418909017e+00  ,2.911277706463e-01  
  3.870379476423e-07  ,-1.546536794479e+00  ,1.222756883732e+00  ,8.999583149679e-01  ,9.017338623180e-01  ,1.266899177283e-01  ,1.673226712208e+00  ,1.513112304184e+00  ,2.903554204523e-01  
  3.871379484037e-07  ,-1.549163055081e+00  ,1.224028676420e+00  ,8.999583207319e-01  ,9.016941012790e-01  ,1.253767931915e-01  ,1.674539848272e+00  ,1.513708439489e+00  ,2.896797630688e-01  
  3.872379491652e-07  ,-1.551544893373e+00  ,1.225106372270e+00  ,8.999583271494e-01  ,9.016540613895e-01  ,1.241858804628e-01  ,1.675730773836e+00  ,1.514207247525e+00  ,2.891008752543e-01  
  3.873379499266e-07  ,-1.553681833874e+00  ,1.225989750589e+00  ,8.999583342190e-01  ,9.016137505818e-01  ,1.231174172821e-01  ,1.676799251156e+00  ,1.514608625876e+00  ,2.886188752874e-01  
  3.874379506881e-07  ,-1.555573492851e+00  ,1.226678656781e+00  ,8.999583419395e-01  ,9.015731764012e-01  ,1.221715955140e-01  ,1.677745088365e+00  ,1.514912504792e+00  ,2.882338480106e-01  
  3.875379514495e-07  ,-1.557219677152e+00  ,1.227173023058e+00  ,8.999583503100e-01  ,9.015323431202e-01  ,1.213485117339e-01  ,1.678568188886e+00  ,1.515118854649e+00  ,2.879458315910e-01  
  3.876379522110e-07  ,-1.558620074438e+00  ,1.227472751352e+00  ,8.999583593290e-01  ,9.014912582154e-01  ,1.206483221098e-01  ,1.679268396548e+00  ,1.515227633891e+00  ,2.877548825395e-01  
  3.877379529724e-07  ,-1.559774465809e+00  ,1.227577796540e+00  ,8.999583689951e-01  ,9.014499281408e-01  ,1.200711360907e-01  ,1.679845601899e+00  ,1.515238826411e+00  ,2.876610298707e-01  
  3.878379537339e-07  ,-1.560682647961e+00  ,1.227488148003e+00  ,8.999583793064e-01  ,9.014083605418e-01  ,1.196170553261e-01  ,1.680299703287e+00  ,1.515152434543e+00  ,2.876642865405e-01  
  3.879379544953e-07  ,-1.561344505109e+00  ,1.227203829667e+00  ,8.999583902617e-01  ,9.013665613251e-01  ,1.192861377072e-01  ,1.680630642816e+00  ,1.514968476159e+00  ,2.877646464916e-01  
  3.880379552568e-07  ,-1.561759941924e+00  ,1.226724891843e+00  ,8.999584018593e-01  ,9.013245369612e-01  ,1.190784308974e-01  ,1.680838372821e+00  ,1.514686982883e+00  ,2.879620910396e-01  
  3.881379560182e-07  ,-1.561928907443e+00  ,1.226051390287e+00  ,8.999584140978e-01  ,9.012822924783e-01  ,1.189939603763e-01  ,1.680922867819e+00  ,1.514307987622e+00  ,2.882565973346e-01  
  3.882379567797e-07  ,-1.561851348356e+00  ,1.225183443069e+00  ,8.999584269748e-01  ,9.012398363590e-01  ,1.190327527970e-01  ,1.680884101153e+00  ,1.513831557893e+00  ,2.886481148244e-01  
  3.883379575411e-07  ,-1.561527278813e+00  ,1.224121190223e+00  ,8.999584404883e-01  ,9.011971755076e-01  ,1.191948010821e-01  ,1.680722079895e+00  ,1.513257770619e+00  ,2.891365803964e-01  
  3.884379583026e-07  ,-1.560956750865e+00  ,1.222864802581e+00  ,8.999584546363e-01  ,9.011543167921e-01  ,1.194800792039e-01  ,1.680436830069e+00  ,1.512586718083e+00  ,2.897219155014e-01  
  3.885379590640e-07  ,-1.560139854777e+00  ,1.221414481748e+00  ,8.999584694164e-01  ,9.011112670239e-01  ,1.198885420280e-01  ,1.680028396805e+00  ,1.511818507898e+00  ,2.904040261499e-01  
  3.886379598255e-07  ,-1.559076745557e+00  ,1.219770504750e+00  ,8.999584848262e-01  ,9.010680341333e-01  ,1.204201120476e-01  ,1.679496857605e+00  ,1.510953286509e+00  ,2.911827817581e-01  
  3.887379605869e-07  ,-1.557767538118e+00  ,1.217933050353e+00  ,8.999585008639e-01  ,9.010246226682e-01  ,1.210747318047e-01  ,1.678842269923e+00  ,1.509991147844e+00  ,2.920580974919e-01  
  3.888379613484e-07  ,-1.556212461014e+00  ,1.215902451828e+00  ,8.999585175266e-01  ,9.009810406099e-01  ,1.218522870196e-01  ,1.678064748034e+00  ,1.508932266524e+00  ,2.930298146959e-01  
  3.889379621098e-07  ,-1.554411805148e+00  ,1.213679093489e+00  ,8.999585348113e-01  ,9.009372960082e-01  ,1.227526322374e-01  ,1.677164437385e+00  ,1.507776842753e+00  ,2.940977492636e-01  
  3.890379628713e-07  ,-1.552365762709e+00  ,1.211263215318e+00  ,8.999585527162e-01  ,9.008933935050e-01  ,1.237756713620e-01  ,1.676141434071e+00  ,1.506525001164e+00  ,2.952617858462e-01  
  3.891379636327e-07  ,-1.550074697660e+00  ,1.208655257615e+00  ,8.999585712381e-01  ,9.008493412818e-01  ,1.249212224079e-01  ,1.674995920068e+00  ,1.505176970089e+00  ,2.965217124744e-01  
  3.892379643942e-07  ,-1.547539035382e+00  ,1.205855711441e+00  ,8.999585903735e-01  ,9.008051476513e-01  ,1.261890726825e-01  ,1.673728108064e+00  ,1.503733003372e+00  ,2.978772919307e-01  
  3.893379651556e-07  ,-1.544759135397e+00  ,1.202864982414e+00  ,8.999586101201e-01  ,9.007608189773e-01  ,1.275790424215e-01  ,1.672338177819e+00  ,1.502193310184e+00  ,2.993283277704e-01  
  3.894379659171e-07  ,-1.541735311934e+00  ,1.199683414394e+00  ,8.999586304755e-01  ,9.007163604220e-01  ,1.290909745083e-01  ,1.670826286443e+00  ,1.500558067619e+00  ,3.008746532251e-01  
  3.895379666785e-07  ,-1.538468212464e+00  ,1.196311702480e+00  ,8.999586514351e-01  ,9.006717818789e-01  ,1.307245452031e-01  ,1.669192757667e+00  ,1.498827633119e+00  ,3.025159306391e-01  
  3.896379674399e-07  ,-1.534958184935e+00  ,1.192750207938e+00  ,8.999586729967e-01  ,9.006270880691e-01  ,1.324795805290e-01  ,1.667437765464e+00  ,1.497002192038e+00  ,3.042519841003e-01  
  3.897379682014e-07  ,-1.531205864961e+00  ,1.188999583011e+00  ,8.999586951564e-01  ,9.005822872413e-01  ,1.343557626761e-01  ,1.665561627637e+00  ,1.495082078747e+00  ,3.060824957356e-01  
  3.898379689628e-07  ,-1.527211845082e+00  ,1.185060424618e+00  ,8.999587179106e-01  ,9.005373864515e-01  ,1.363527953698e-01  ,1.663564640451e+00  ,1.493067598761e+00  ,3.080071741425e-01  
  3.899379697243e-07  ,-1.522976753140e+00  ,1.180933359552e+00  ,8.999587412560e-01  ,9.004923927585e-01  ,1.384703646858e-01  ,1.661447117826e+00  ,1.490959072535e+00  ,3.100257129824e-01  
  3.900379704857e-07  ,-1.518501253569e+00  ,1.176619044393e+00  ,8.999587651889e-01  ,9.004473132429e-01  ,1.407081384041e-01  ,1.659209391974e+00  ,1.488756835439e+00  ,3.121377910467e-01  
  3.901379712472e-07  ,-1.513786047980e+00  ,1.172118165397e+00  ,8.999587897054e-01  ,9.004021550523e-01  ,1.430657657152e-01  ,1.656851813696e+00  ,1.486461237751e+00  ,3.143430723536e-01  
  3.902379720086e-07  ,-1.508831875387e+00  ,1.167431438394e+00  ,8.999588148020e-01  ,9.003569254283e-01  ,1.455428771086e-01  ,1.654374752495e+00  ,1.484072644625e+00  ,3.166412062315e-01  
  3.903379727701e-07  ,-1.503639512248e+00  ,1.162559608660e+00  ,8.999588404745e-01  ,9.003116316678e-01  ,1.481390843504e-01  ,1.651778596599e+00  ,1.481591435998e+00  ,3.190318273377e-01  
  3.904379735315e-07  ,-1.498209908754e+00  ,1.157503585587e+00  ,8.999588667187e-01  ,9.002662822755e-01  ,1.508539123417e-01  ,1.649063821096e+00  ,1.479018075069e+00  ,3.215144894821e-01  
  3.905379742930e-07  ,-1.492543634781e+00  ,1.152263908283e+00  ,8.999588935317e-01  ,9.002208821026e-01  ,1.536870761410e-01  ,1.646230710922e+00  ,1.476352836244e+00  ,3.240889279612e-01  
  3.906379750544e-07  ,-1.486641717198e+00  ,1.146841539557e+00  ,8.999589209085e-01  ,9.001754396417e-01  ,1.566380623097e-01  ,1.643279779507e+00  ,1.473596209420e+00  ,3.267546698634e-01  
  3.907379758159e-07  ,-1.480505086539e+00  ,1.141237341239e+00  ,8.999589488446e-01  ,9.001299621721e-01  ,1.597064055749e-01  ,1.640211492114e+00  ,1.470748632792e+00  ,3.295112915524e-01  
  3.908379765773e-07  ,-1.474134707353e+00  ,1.135452203960e+00  ,8.999589773361e-01  ,9.000844569304e-01  ,1.628916236598e-01  ,1.637026331012e+00  ,1.467810558911e+00  ,3.323583549501e-01  
  3.909379773388e-07  ,-1.467531579533e+00  ,1.129487047014e+00  ,8.999590063783e-01  ,9.000389310702e-01  ,1.661932166117e-01  ,1.633724796145e+00  ,1.464782454577e+00  ,3.352954075630e-01  
  3.910379781002e-07  ,-1.460696738920e+00  ,1.123342818223e+00  ,8.999590359664e-01  ,8.999933916952e-01  ,1.696106665062e-01  ,1.630307405427e+00  ,1.461664800807e+00  ,3.383219825836e-01  
  3.911379788617e-07  ,-1.453631257494e+00  ,1.117020493787e+00  ,8.999590660963e-01  ,8.999478459608e-01  ,1.731434373494e-01  ,1.626774694843e+00  ,1.458458092854e+00  ,3.414375990672e-01  
  3.912379796231e-07  ,-1.446336243387e+00  ,1.110521078117e+00  ,8.999590967628e-01  ,8.999023011414e-01  ,1.767909750694e-01  ,1.623127218456e+00  ,1.455162840200e+00  ,3.446417620829e-01  
  3.913379803846e-07  ,-1.438812840798e+00  ,1.103845603674e+00  ,8.999591279612e-01  ,8.998567645580e-01  ,1.805527075624e-01  ,1.619365548360e+00  ,1.451779566395e+00  ,3.479339627208e-01  
  3.914379811460e-07  ,-1.431062229846e+00  ,1.096995130818e+00  ,8.999591596869e-01  ,8.998112434672e-01  ,1.844280447640e-01  ,1.615490274610e+00  ,1.448308808876e+00  ,3.513136780583e-01  
  3.915379819075e-07  ,-1.423085626410e+00  ,1.089970747640e+00  ,8.999591919346e-01  ,8.997657450916e-01  ,1.884163787295e-01  ,1.611502005140e+00  ,1.444751118911e+00  ,3.547803712718e-01  
  3.916379826689e-07  ,-1.414884281947e+00  ,1.082773569783e+00  ,8.999592246998e-01  ,8.997202767555e-01  ,1.925170837261e-01  ,1.607401365673e+00  ,1.441107061647e+00  ,3.583334918639e-01  
  3.917379834304e-07  ,-1.406459483294e+00  ,1.075404740251e+00  ,8.999592579772e-01  ,8.996748458580e-01  ,1.967295163301e-01  ,1.603188999624e+00  ,1.437377215984e+00  ,3.619724757325e-01  
  3.918379841918e-07  ,-1.397812552469e+00  ,1.067865429221e+00  ,8.999592917613e-01  ,8.996294596987e-01  ,2.010530155266e-01  ,1.598865567996e+00  ,1.433562174309e+00  ,3.656967450880e-01  
  3.919379849533e-07  ,-1.388944846465e+00  ,1.060156833875e+00  ,8.999593260472e-01  ,8.995841253800e-01  ,2.054869028145e-01  ,1.594431749280e+00  ,1.429662542317e+00  ,3.695057084426e-01  
  3.920379857147e-07  ,-1.379857757040e+00  ,1.052280178214e+00  ,8.999593608294e-01  ,8.995388499569e-01  ,2.100304823092e-01  ,1.589888239350e+00  ,1.425678939064e+00  ,3.733987608501e-01  
  3.921379864762e-07  ,-1.370552710503e+00  ,1.044236712862e+00  ,8.999593961022e-01  ,8.994936405917e-01  ,2.146830408510e-01  ,1.585235751354e+00  ,1.421611997022e+00  ,3.773752841609e-01  
  3.922379872376e-07  ,-1.361031407283e+00  ,1.036027932783e+00  ,8.999594318599e-01  ,8.994485057201e-01  ,2.194437282182e-01  ,1.580475135502e+00  ,1.417462472112e+00  ,3.814345393285e-01  
  3.923379879991e-07  ,-1.351294845073e+00  ,1.027654709695e+00  ,8.999594680985e-01  ,8.994034501064e-01  ,2.243120455620e-01  ,1.575606890635e+00  ,1.413230804954e+00  ,3.855760952592e-01  
  3.924379887605e-07  ,-1.341344799954e+00  ,1.019118586419e+00  ,8.999595048108e-01  ,8.993584820432e-01  ,2.292871048336e-01  ,1.570631904788e+00  ,1.408917775252e+00  ,3.897991888339e-01  
  3.925379895220e-07  ,-1.331183098913e+00  ,1.010421148831e+00  ,8.999595419907e-01  ,8.993136098787e-01  ,2.343679925342e-01  ,1.565551091447e+00  ,1.404524184294e+00  ,3.941030354633e-01  
  3.926379902834e-07  ,-1.320811156708e+00  ,1.001563631670e+00  ,8.999595796334e-01  ,8.992688400783e-01  ,2.395540012794e-01  ,1.560365157987e+00  ,1.400050655913e+00  ,3.984870242435e-01  
  3.927379910449e-07  ,-1.310230149702e+00  ,9.925470500985e-01  ,8.999596177343e-01  ,8.992241778718e-01  ,2.448445428835e-01  ,1.555074692585e+00  ,1.395497702921e+00  ,4.029506528225e-01  
  3.928379918063e-07  ,-1.299442104523e+00  ,9.833731411024e-01  ,8.999596562851e-01  ,8.991796320200e-01  ,2.502386040239e-01  ,1.549680708546e+00  ,1.390866202571e+00  ,4.074930614688e-01  
  3.929379925678e-07  ,-1.288448731499e+00  ,9.740433607221e-01  ,8.999596952800e-01  ,8.991352095382e-01  ,2.557353295304e-01  ,1.544184061030e+00  ,1.386156889899e+00  ,4.121135291771e-01  
  3.930379933292e-07  ,-1.277251763750e+00  ,9.645591896773e-01  ,8.999597347136e-01  ,8.990909174171e-01  ,2.613338528386e-01  ,1.538585616589e+00  ,1.381370512256e+00  ,4.168113225785e-01  
  3.931379940907e-07  ,-1.265852961971e+00  ,9.549221331355e-01  ,8.999597745790e-01  ,8.990467626507e-01  ,2.670332935935e-01  ,1.532886255564e+00  ,1.376507829218e+00  ,4.215856960830e-01  
  3.932379948521e-07  ,-1.254254408959e+00  ,9.451339800307e-01  ,8.999598148696e-01  ,8.990027532604e-01  ,2.728326103900e-01  ,1.527087019349e+00  ,1.371569743276e+00  ,4.264357632450e-01  
  3.933379956136e-07  ,-1.242457319341e+00  ,9.351957685646e-01  ,8.999598555815e-01  ,8.989588937868e-01  ,2.787311959110e-01  ,1.521188515252e+00  ,1.366556778069e+00  ,4.313610095045e-01  
  3.934379963750e-07  ,-1.230463848357e+00  ,9.251093313711e-01  ,8.999598967064e-01  ,8.989151922635e-01  ,2.847279725279e-01  ,1.515191820885e+00  ,1.361469857949e+00  ,4.363605265780e-01  
  3.935379971365e-07  ,-1.218275889020e+00  ,9.148762689783e-01  ,8.999599382375e-01  ,8.988716557702e-01  ,2.908219937276e-01  ,1.509097882748e+00  ,1.356309790259e+00  ,4.414335212811e-01  
  3.936379978979e-07  ,-1.205895359655e+00  ,9.044982051282e-01  ,8.999599801694e-01  ,8.988282913928e-01  ,2.970123003419e-01  ,1.502907659997e+00  ,1.351077393957e+00  ,4.465791888287e-01  
  3.937379986594e-07  ,-1.193324523572e+00  ,8.939770653969e-01  ,8.999600224945e-01  ,8.987851071357e-01  ,3.032977607085e-01  ,1.496622284280e+00  ,1.345773639834e+00  ,4.517965744373e-01  
  3.938379994208e-07  ,-1.180564697724e+00  ,8.833139652189e-01  ,8.999600652082e-01  ,8.987421075336e-01  ,3.096777163465e-01  ,1.490242414070e+00  ,1.340399090143e+00  ,4.570851249241e-01  
  3.939380001823e-07  ,-1.167618215984e+00  ,8.725108715141e-01  ,8.999601083028e-01  ,8.986993006214e-01  ,3.161510003107e-01  ,1.483769216295e+00  ,1.334954736378e+00  ,4.624438648644e-01  
  3.940380009437e-07  ,-1.154487122917e+00  ,8.615694982467e-01  ,8.999601517706e-01  ,8.986566934081e-01  ,3.227165903121e-01  ,1.477203713229e+00  ,1.329441442531e+00  ,4.678719442848e-01  
  3.941380017052e-07  ,-1.141173822561e+00  ,8.504918747471e-01  ,8.999601956046e-01  ,8.986142937910e-01  ,3.293732843243e-01  ,1.470547106885e+00  ,1.323860231165e+00  ,4.733683564174e-01  
  3.942380024666e-07  ,-1.127679710645e+00  ,8.392791750181e-01  ,8.999602398001e-01  ,8.985721060554e-01  ,3.361203844778e-01  ,1.463800095122e+00  ,1.318211693564e+00  ,4.789325185463e-01  
  3.943380032281e-07  ,-1.114007604752e+00  ,8.279337683215e-01  ,8.999602843477e-01  ,8.985301387356e-01  ,3.429564819718e-01  ,1.456964086724e+00  ,1.312497022896e+00  ,4.845632545748e-01  
  3.944380039895e-07  ,-1.100158943973e+00  ,8.164568568624e-01  ,8.999603292425e-01  ,8.984883962055e-01  ,3.498808572560e-01  ,1.450039801229e+00  ,1.306716824637e+00  ,4.902599677743e-01  
  3.945380047510e-07  ,-1.086136271713e+00  ,8.048505582877e-01  ,8.999603744762e-01  ,8.984468862965e-01  ,3.568922386197e-01  ,1.443028510333e+00  ,1.300872165440e+00  ,4.960216071526e-01  
  3.946380055124e-07  ,-1.071942164264e+00  ,7.931170243924e-01  ,8.999604200407e-01  ,8.984056168873e-01  ,3.639893379088e-01  ,1.435931502173e+00  ,1.294964129083e+00  ,5.018471046911e-01  
  3.947380062739e-07  ,-1.057578111985e+00  ,7.812574982041e-01  ,8.999604659313e-01  ,8.983645922760e-01  ,3.711714099388e-01  ,1.428749521924e+00  ,1.288993341378e+00  ,5.077358431739e-01  
  3.948380070353e-07  ,-1.043046749407e+00  ,7.692741682724e-01  ,8.999605121394e-01  ,8.983238198841e-01  ,3.784371374360e-01  ,1.421483886843e+00  ,1.282960904020e+00  ,5.136867357479e-01  
  3.949380077968e-07  ,-1.028350373246e+00  ,7.571689353605e-01  ,8.999605586573e-01  ,8.982833061393e-01  ,3.857853720345e-01  ,1.414135745280e+00  ,1.276867773819e+00  ,5.196988384590e-01  
  3.950380085582e-07  ,-1.013491674751e+00  ,7.449440431704e-01  ,8.999606054777e-01  ,8.982430588369e-01  ,3.932147681023e-01  ,1.406706442853e+00  ,1.270715080422e+00  ,5.257710372517e-01  
  3.951380093197e-07  ,-9.984722118782e-01  ,7.326007864128e-01  ,8.999606525953e-01  ,8.982030823226e-01  ,4.007245466562e-01  ,1.399196758534e+00  ,1.264503475529e+00  ,5.319026891163e-01  
  3.952380100811e-07  ,-9.832947382436e-01  ,7.201414432475e-01  ,8.999607000004e-01  ,8.981633838894e-01  ,4.083133308786e-01  ,1.391608069122e+00  ,1.258234105513e+00  ,5.380926622657e-01  
  3.953380108426e-07  ,-9.679616529322e-01  ,7.075679897016e-01  ,8.999607476859e-01  ,8.981239693888e-01  ,4.159799212198e-01  ,1.383941574152e+00  ,1.251907964240e+00  ,5.443399745380e-01  
  3.954380116040e-07  ,-9.524757643176e-01  ,6.948827556619e-01  ,8.999607956446e-01  ,8.980848459562e-01  ,4.237229134857e-01  ,1.376198677803e+00  ,1.245526223787e+00  ,5.506434681252e-01  
  3.955380123655e-07  ,-9.368392237712e-01  ,6.820875345352e-01  ,8.999608438696e-01  ,8.980460192790e-01  ,4.315412319840e-01  ,1.368380455755e+00  ,1.239089786547e+00  ,5.570022520114e-01  
  3.956380131269e-07  ,-9.210538074324e-01  ,6.691837916254e-01  ,8.999608923547e-01  ,8.980074938961e-01  ,4.394339886385e-01  ,1.360487796071e+00  ,1.232599389709e+00  ,5.634155980834e-01  
  3.957380138884e-07  ,-9.051225554107e-01  ,6.561740196125e-01  ,8.999609410896e-01  ,8.979692772848e-01  ,4.473996633842e-01  ,1.352522218795e+00  ,1.226056287091e+00  ,5.698822674786e-01  
  3.958380146498e-07  ,-8.890479979809e-01  ,6.430602815651e-01  ,8.999609900667e-01  ,8.979313753312e-01  ,4.554369910763e-01  ,1.344484989057e+00  ,1.219461516114e+00  ,5.764012345486e-01  
  3.959380154113e-07  ,-8.728326746556e-01  ,6.298446570073e-01  ,8.999610392794e-01  ,8.978937941099e-01  ,4.635447019516e-01  ,1.336377376607e+00  ,1.212816122614e+00  ,5.829714656063e-01  
  3.960380161727e-07  ,-8.564795544870e-01  ,6.165295938952e-01  ,8.999610887184e-01  ,8.978565407869e-01  ,4.717213114749e-01  ,1.328200865962e+00  ,1.206121337734e+00  ,5.895917438393e-01  
  3.961380169342e-07  ,-8.399909087301e-01  ,6.031169735783e-01  ,8.999611383774e-01  ,8.978196204735e-01  ,4.799656840124e-01  ,1.319956592742e+00  ,1.199378107263e+00  ,5.962611336843e-01  
  3.962380176956e-07  ,-8.233692199790e-01  ,5.896088462495e-01  ,8.999611882493e-01  ,8.977830385768e-01  ,4.882765782597e-01  ,1.311645798239e+00  ,1.192587461702e+00  ,6.029786154521e-01  
  3.963380184571e-07  ,-8.066164305435e-01  ,5.760067973030e-01  ,8.999612383272e-01  ,8.977467992885e-01  ,4.966530230554e-01  ,1.303269453599e+00  ,1.185750197940e+00  ,6.097434006370e-01  
  3.964380192185e-07  ,-7.897358285451e-01  ,5.623134941200e-01  ,8.999612885998e-01  ,8.977109097495e-01  ,5.050933743272e-01  ,1.294829202872e+00  ,1.178867656809e+00  ,6.165541626895e-01  
  3.965380199800e-07  ,-7.727301030723e-01  ,5.485311077998e-01  ,8.999613390594e-01  ,8.976753757947e-01  ,5.135962875232e-01  ,1.286326390596e+00  ,1.171940929695e+00  ,6.234098218948e-01  
  3.966380207414e-07  ,-7.556019445363e-01  ,5.346618235345e-01  ,8.999613896994e-01  ,8.976402029587e-01  ,5.221604174313e-01  ,1.277762361968e+00  ,1.164971114726e+00  ,6.303092911914e-01  
  3.967380215029e-07  ,-7.383544905202e-01  ,5.207082093608e-01  ,8.999614405110e-01  ,8.976053973681e-01  ,5.307841952509e-01  ,1.269138685771e+00  ,1.157959502048e+00  ,6.372512926877e-01  
  3.968380222643e-07  ,-7.209895499449e-01  ,5.066717416145e-01  ,8.999614914886e-01  ,8.975709626320e-01  ,5.394667165161e-01  ,1.260456266461e+00  ,1.150906833439e+00  ,6.442350918247e-01  
  3.969380230258e-07  ,-7.035107566485e-01  ,4.925553858583e-01  ,8.999615426215e-01  ,8.975369062221e-01  ,5.482061642973e-01  ,1.251716920946e+00  ,1.143814599151e+00  ,6.512592132929e-01  
  3.970380237872e-07  ,-6.859199513423e-01  ,4.783606354612e-01  ,8.999615939036e-01  ,8.975032319125e-01  ,5.570016182325e-01  ,1.242921569575e+00  ,1.136683549643e+00  ,6.583229141819e-01  
  3.971380245486e-07  ,-6.682203751514e-01  ,4.640901120000e-01  ,8.999616453247e-01  ,8.974699460234e-01  ,5.658514577490e-01  ,1.234071832900e+00  ,1.129515002023e+00  ,6.654248900234e-01  
  3.972380253101e-07  ,-6.504148312638e-01  ,4.497460778074e-01  ,8.999616968772e-01  ,8.974370534699e-01  ,5.747542812453e-01  ,1.225169112509e+00  ,1.122310092374e+00  ,6.725640145662e-01  
  3.973380260715e-07  ,-6.325065841958e-01  ,4.353311880191e-01  ,8.999617485532e-01  ,8.974045600358e-01  ,5.837084564554e-01  ,1.216215040651e+00  ,1.115070154045e+00  ,6.797389660262e-01  
  3.974380268330e-07  ,-6.144981226893e-01  ,4.208474771082e-01  ,8.999618003461e-01  ,8.973724704318e-01  ,5.927127390015e-01  ,1.207210861691e+00  ,1.107796208986e+00  ,6.869487318777e-01  
  3.975380275944e-07  ,-5.963914954028e-01  ,4.062966031472e-01  ,8.999618522492e-01  ,8.973407884834e-01  ,6.017661045477e-01  ,1.198157599951e+00  ,1.100489090057e+00  ,6.941924869098e-01  
  3.976380283559e-07  ,-5.781901996911e-01  ,3.916813800563e-01  ,8.999619042507e-01  ,8.973095204908e-01  ,6.108668044052e-01  ,1.189057004096e+00  ,1.093150210519e+00  ,7.014688304626e-01  
  3.977380291173e-07  ,-5.598975948719e-01  ,3.770045125417e-01  ,8.999619563419e-01  ,8.972786720134e-01  ,6.200131589060e-01  ,1.179910753778e+00  ,1.085780928284e+00  ,7.087764157426e-01  
  3.978380298788e-07  ,-5.415156068692e-01  ,3.622675526505e-01  ,8.999620085177e-01  ,8.972482461690e-01  ,6.292042050831e-01  ,1.170719811952e+00  ,1.078382022494e+00  ,7.161144698437e-01  
  3.979380306402e-07  ,-5.230476243998e-01  ,3.474732227098e-01  ,8.999620607676e-01  ,8.972182484868e-01  ,6.384382485676e-01  ,1.161485872967e+00  ,1.070954859842e+00  ,7.234816371319e-01  
  3.980380314017e-07  ,-5.044965735304e-01  ,3.326238676993e-01  ,8.999621130827e-01  ,8.971886837631e-01  ,6.477138263175e-01  ,1.152210399848e+00  ,1.063500617613e+00  ,7.308767499134e-01  
  3.981380321631e-07  ,-4.858658565325e-01  ,3.177222351196e-01  ,8.999621654560e-01  ,8.971595573885e-01  ,6.570292371898e-01  ,1.142895093722e+00  ,1.056020674948e+00  ,7.382984398287e-01  
  3.982380329246e-07  ,-4.671574295756e-01  ,3.027699004553e-01  ,8.999622178812e-01  ,8.971308723323e-01  ,6.663835030935e-01  ,1.133540932669e+00  ,1.048515822560e+00  ,7.457459221047e-01  
  3.983380336860e-07  ,-4.483747366070e-01  ,2.877696260558e-01  ,8.999622703472e-01  ,8.971026337475e-01  ,6.757749020437e-01  ,1.124149638651e+00  ,1.040987446775e+00  ,7.532178207196e-01  
  3.984380344475e-07  ,-4.295212319297e-01  ,2.727241869735e-01  ,8.999623228454e-01  ,8.970748467461e-01  ,6.852017068806e-01  ,1.114722938810e+00  ,1.033436940233e+00  ,7.607127532593e-01  
  3.985380352089e-07  ,-4.105988980074e-01  ,2.576351737013e-01  ,8.999623753707e-01  ,8.970475142735e-01  ,6.946629263670e-01  ,1.105261824374e+00  ,1.025865101124e+00  ,7.682299274229e-01  
  3.986380359704e-07  ,-3.916112226946e-01  ,2.425053740782e-01  ,8.999624279127e-01  ,8.970206415019e-01  ,7.041568165654e-01  ,1.095768039260e+00  ,1.018273328541e+00  ,7.757679544628e-01  
  3.987380367318e-07  ,-3.725616996217e-01  ,2.273375866894e-01  ,8.999624804620e-01  ,8.969942335005e-01  ,7.136816306511e-01  ,1.086243330273e+00  ,1.010663026845e+00  ,7.833254401558e-01  
  3.988380374933e-07  ,-3.534523324755e-01  ,2.121334147078e-01  ,8.999625330137e-01  ,8.969682930299e-01  ,7.232363667759e-01  ,1.076688699251e+00  ,1.003035000384e+00  ,7.909015856760e-01  
  3.989380382547e-07  ,-3.342871333356e-01  ,1.968960700263e-01  ,8.999625855565e-01  ,8.969428254566e-01  ,7.328190188887e-01  ,1.067106152224e+00  ,9.953908604698e-01  ,7.984947904435e-01  
  3.990380390162e-07  ,-3.150687771227e-01  ,1.816277005400e-01  ,8.999626380833e-01  ,8.969178342590e-01  ,7.424282495219e-01  ,1.057497026645e+00  ,9.877316845290e-01  ,8.061039839890e-01  
  3.991380397776e-07  ,-2.957994583465e-01  ,1.663300536567e-01  ,8.999626905875e-01  ,8.968933222579e-01  ,7.520629614143e-01  ,1.047862419761e+00  ,9.800583490863e-01  ,8.137282954296e-01  
  3.992380405391e-07  ,-2.764834072878e-01  ,1.510064947461e-01  ,8.999627430571e-01  ,8.968692948059e-01  ,7.617210394132e-01  ,1.038204446701e+00  ,9.723725421789e-01  ,8.213660474328e-01  
  3.993380413005e-07  ,-2.571226692919e-01  ,1.356586430563e-01  ,8.999627954863e-01  ,8.968457543809e-01  ,7.714014608404e-01  ,1.028524130132e+00  ,9.646750759090e-01  ,8.290164328527e-01  
  3.994380420620e-07  ,-2.377208319772e-01  ,1.202893347249e-01  ,8.999628478653e-01  ,8.968227052177e-01  ,7.811024318767e-01  ,1.018823263854e+00  ,9.569673725802e-01  ,8.366780378553e-01  
  3.995380428234e-07  ,-2.182814691088e-01  ,1.049014115876e-01  ,8.999629001854e-01  ,8.968001513637e-01  ,7.908221656310e-01  ,1.009103634740e+00  ,9.492508571575e-01  ,8.443494455699e-01  
  3.996380435849e-07  ,-1.988066260278e-01  ,8.949649949843e-02  ,8.999629524411e-01  ,8.967780951175e-01  ,8.005596394272e-01  ,9.993662654550e-01  ,9.415263448667e-01  ,8.520298453683e-01  
  3.997380443463e-07  ,-1.792998965075e-01  ,7.407744537901e-02  ,8.999630046220e-01  ,8.967565405200e-01  ,8.103130563683e-01  ,9.896129528758e-01  ,9.337952632095e-01  ,8.597178178305e-01  
  3.998380451078e-07  ,-1.597643736726e-01  ,5.864669235940e-02  ,8.999630567193e-01  ,8.967354910397e-01  ,8.200808698831e-01  ,9.798452435556e-01  ,9.260588372194e-01  ,8.674121448600e-01  
  3.999380458692e-07  ,-1.402037472340e-01  ,4.320709313241e-02  ,8.999631087211e-01  ,8.967149505816e-01  ,8.298612351040e-01  ,9.700649823381e-01  ,9.183184971478e-01  ,8.751114040154e-01  
  4.000380466307e-07  ,-1.206200983805e-01  ,2.776027872810e-02  ,8.999631606227e-01  ,8.966949212505e-01  ,8.396531114324e-01  ,9.602732098129e-01  ,9.105750606146e-01  ,8.828147818864e-01  
  4.001380473921e-07  ,-1.010174553612e-01  ,1.230951214311e-02  ,8.999632124196e-01  ,8.966754070602e-01  ,8.494544847390e-01  ,9.504719401002e-01  ,9.028301631318e-01  ,8.905206509887e-01  
  4.002380481536e-07  ,-8.139841203815e-02  ,-3.143030476303e-03  ,8.999632641082e-01  ,8.966564105613e-01  ,8.592640580891e-01  ,9.406624701272e-01  ,8.950848953231e-01  ,8.982279257994e-01  
  4.003380489150e-07  ,-6.176576009295e-02  ,-1.859499161349e-02  ,8.999633156818e-01  ,8.966379346595e-01  ,8.690804356354e-01  ,9.308461957283e-01  ,8.873404388528e-01  ,9.059354304663e-01  
  4.004380496765e-07  ,-4.212255038983e-02  ,-3.404395357282e-02  ,8.999633671263e-01  ,8.966199825764e-01  ,8.789020919314e-01  ,9.210246423212e-01  ,8.795980057900e-01  ,9.136419593628e-01  
  4.005380504379e-07  ,-2.247116026638e-02  ,-4.948808831377e-02  ,8.999634184315e-01  ,8.966025568710e-01  ,8.887278382983e-01  ,9.111989985647e-01  ,8.718585127141e-01  ,9.213466010279e-01  
  4.006380511994e-07  ,-2.815606064415e-03  ,-6.492434478732e-02  ,8.999634695839e-01  ,8.965856617756e-01  ,8.985556665517e-01  ,9.013712726161e-01  ,8.641234893820e-01  ,9.290478341693e-01  
  4.007380519608e-07  ,1.684085848633e-02  ,-8.035027771173e-02  ,8.999635205776e-01  ,8.965693001777e-01  ,9.083839498207e-01  ,8.915430913344e-01  ,8.563941613218e-01  ,9.367444390336e-01  
  4.008380527223e-07  ,3.649454052855e-02  ,-9.576303655995e-02  ,8.999635714039e-01  ,8.965534741767e-01  ,9.182108416682e-01  ,8.817163011397e-01  ,8.486719558968e-01  ,9.444349924567e-01  
  4.009380534837e-07  ,5.614268972220e-02  ,-1.111604517301e-01  ,8.999636220572e-01  ,8.965381849832e-01  ,9.280349669183e-01  ,8.718922771961e-01  ,8.409579591182e-01  ,9.521184108483e-01  
  4.010380542452e-07  ,7.578233591393e-02  ,-1.265401749351e-01  ,8.999636725296e-01  ,8.965234342172e-01  ,9.378548404866e-01  ,8.620725045727e-01  ,8.332533467497e-01  ,9.597935216848e-01  
  4.011380550066e-07  ,9.541043327961e-02  ,-1.418998003614e-01  ,8.999637228120e-01  ,8.965092238104e-01  ,9.476689394518e-01  ,8.522585061722e-01  ,8.255593236298e-01  ,9.674591239911e-01  
  4.012380557681e-07  ,1.150239073702e-01  ,-1.572369052673e-01  ,8.999637728957e-01  ,8.964955557030e-01  ,9.574757265808e-01  ,8.424518192105e-01  ,8.178771030693e-01  ,9.751140083366e-01  
  4.013380565295e-07  ,1.346196719837e-01  ,-1.725490637278e-01  ,8.999638227734e-01  ,8.964824317303e-01  ,9.672736587653e-01  ,8.326539867815e-01  ,8.102078998664e-01  ,9.827569635942e-01  
  4.014380572910e-07  ,1.541946363903e-01  ,-1.878338514769e-01  ,8.999638724389e-01  ,8.964698538671e-01  ,9.770611906341e-01  ,8.228665542437e-01  ,8.025529281286e-01  ,9.903867796055e-01  
  4.015380580524e-07  ,1.737464645512e-01  ,-2.030894524018e-01  ,8.999639218868e-01  ,8.964578238652e-01  ,9.868371541624e-01  ,8.130906896112e-01  ,7.949130976643e-01  ,9.980025500661e-01  
  4.016380588139e-07  ,1.932712527857e-01  ,-2.183128433297e-01  ,8.999639711080e-01  ,8.964463451317e-01  ,9.965995975009e-01  ,8.033283447152e-01  ,7.872899234669e-01  ,1.005602766797e+00  
  4.017380595753e-07  ,2.127653889800e-01  ,-2.335012120694e-01  ,8.999640200947e-01  ,8.964354213657e-01  ,1.006346714585e+00  ,7.935813256047e-01  ,7.796848153310e-01  ,1.013186027400e+00  
  4.018380603368e-07  ,2.322261593595e-01  ,-2.486524219285e-01  ,8.999640688401e-01  ,8.964250545875e-01  ,1.016077148520e+00  ,7.838509891603e-01  ,7.720988436233e-01  ,1.020751265552e+00  
  4.019380610982e-07  ,2.516506274156e-01  ,-2.637641629777e-01  ,8.999641173355e-01  ,8.964152461705e-01  ,1.025789431043e+00  ,7.741388036277e-01  ,7.645331646817e-01  ,1.028297327659e+00  
  4.020380618597e-07  ,2.710365163898e-01  ,-2.788346618488e-01  ,8.999641655734e-01  ,8.964059967811e-01  ,1.035482423768e+00  ,7.644459073785e-01  ,7.569886658567e-01  ,1.035823327706e+00  
  4.021380626211e-07  ,2.903799991138e-01  ,-2.938609534611e-01  ,8.999642135420e-01  ,8.963973073056e-01  ,1.045154213099e+00  ,7.547742139851e-01  ,7.494668305751e-01  ,1.043327784036e+00  
  4.022380633826e-07  ,3.096779918151e-01  ,-3.088406580634e-01  ,8.999642612340e-01  ,8.963891783125e-01  ,1.054803257142e+00  ,7.451252653265e-01  ,7.419688492808e-01  ,1.050809507344e+00  
  4.023380641440e-07  ,3.289269489257e-01  ,-3.237710095725e-01  ,8.999643086432e-01  ,8.963816104738e-01  ,1.064427783106e+00  ,7.355008341804e-01  ,7.344961056876e-01  ,1.058267115260e+00  
  4.024380649055e-07  ,3.481241962779e-01  ,-3.386499086940e-01  ,8.999643557638e-01  ,8.963746042315e-01  ,1.074026453903e+00  ,7.259022576249e-01  ,7.270496498845e-01  ,1.065699558579e+00  
  4.025380656669e-07  ,3.672668382800e-01  ,-3.534750877459e-01  ,8.999644025894e-01  ,8.963681604530e-01  ,1.083597821729e+00  ,7.163309834494e-01  ,7.196306165800e-01  ,1.073105704326e+00  
  4.026380664284e-07  ,3.863526297522e-01  ,-3.682448070809e-01  ,8.999644491137e-01  ,8.963622802153e-01  ,1.093140763990e+00  ,7.067881342376e-01  ,7.122398766748e-01  ,1.080484683756e+00  
  4.027380671898e-07  ,4.053777976606e-01  ,-3.829561598797e-01  ,8.999644953259e-01  ,8.963569658575e-01  ,1.102653394156e+00  ,6.972755964956e-01  ,7.048788859177e-01  ,1.087835045797e+00  
  4.028380679513e-07  ,4.243388214896e-01  ,-3.976064301972e-01  ,8.999645412180e-01  ,8.963522198809e-01  ,1.112133951963e+00  ,6.877951304732e-01  ,6.975490047823e-01  ,1.095155434980e+00  
  4.029380687127e-07  ,4.432337024843e-01  ,-4.121940725588e-01  ,8.999645867855e-01  ,8.963480430779e-01  ,1.121581438028e+00  ,6.783477355434e-01  ,6.902510067985e-01  ,1.102445079357e+00  
  4.030380694742e-07  ,4.620589422285e-01  ,-4.267163890934e-01  ,8.999646320194e-01  ,8.963444361082e-01  ,1.130994103134e+00  ,6.689351609052e-01  ,6.829862415615e-01  ,1.109702630655e+00  
  4.031380702356e-07  ,4.808110764380e-01  ,-4.411706991716e-01  ,8.999646769120e-01  ,8.963413986435e-01  ,1.140370215131e+00  ,6.595591386930e-01  ,6.757560490577e-01  ,1.116926748229e+00  
  4.032380709971e-07  ,4.994881329169e-01  ,-4.555554782651e-01  ,8.999647214591e-01  ,8.963389305882e-01  ,1.149708787918e+00  ,6.502206550007e-01  ,6.685611914556e-01  ,1.124116669721e+00  
  4.033380717585e-07  ,5.180861833764e-01  ,-4.698676886501e-01  ,8.999647656508e-01  ,8.963370316856e-01  ,1.159007857339e+00  ,6.409216739626e-01  ,6.614031873605e-01  ,1.131270876011e+00  
  4.034380725200e-07  ,5.366026344169e-01  ,-4.841053196953e-01  ,8.999648094809e-01  ,8.963357014996e-01  ,1.168266126689e+00  ,6.316634922725e-01  ,6.542830416519e-01  ,1.138388361347e+00  
  4.035380732814e-07  ,5.550346850919e-01  ,-4.982662026550e-01  ,8.999648529434e-01  ,8.963349396245e-01  ,1.177482195489e+00  ,6.224475103974e-01  ,6.472018382970e-01  ,1.145468040952e+00  
  4.036380740429e-07  ,5.733794678657e-01  ,-5.123481241940e-01  ,8.999648960315e-01  ,8.963347461068e-01  ,1.186654629964e+00  ,6.132751620986e-01  ,6.401606840098e-01  ,1.152508808204e+00  
  4.037380748043e-07  ,5.916348017771e-01  ,-5.263494178853e-01  ,8.999649387392e-01  ,8.963351213592e-01  ,1.195782339628e+00  ,6.041475378507e-01  ,6.331604124166e-01  ,1.159509830302e+00  
  4.038380755658e-07  ,6.097970418669e-01  ,-5.402673122508e-01  ,8.999649810568e-01  ,8.963360664146e-01  ,1.204863501990e+00  ,5.950664601233e-01  ,6.262024102892e-01  ,1.166469722540e+00  
  4.039380763272e-07  ,6.278632825145e-01  ,-5.540996039082e-01  ,8.999650229778e-01  ,8.963375821749e-01  ,1.213896664235e+00  ,5.860333817206e-01  ,6.192877802208e-01  ,1.173387384129e+00  
  4.040380770887e-07  ,6.458301981325e-01  ,-5.678437408097e-01  ,8.999650644963e-01  ,8.963396685417e-01  ,1.222880163563e+00  ,5.770499654300e-01  ,6.124177981368e-01  ,1.180261538947e+00  
  4.041380778501e-07  ,6.636952906145e-01  ,-5.814977930860e-01  ,8.999651056065e-01  ,8.963423247987e-01  ,1.231812750914e+00  ,5.681174602992e-01  ,6.055934282557e-01  ,1.187091221342e+00  
  4.042380786116e-07  ,6.814565210465e-01  ,-5.950601995246e-01  ,8.999651463030e-01  ,8.963455502911e-01  ,1.240693406826e+00  ,5.592368857797e-01  ,5.988154505288e-01  ,1.193875650053e+00  
  4.043380793730e-07  ,6.991099830894e-01  ,-6.085279742807e-01  ,8.999651865760e-01  ,8.963493436481e-01  ,1.249520178121e+00  ,5.504101950313e-01  ,5.920853565077e-01  ,1.200613330788e+00  
  4.044380801345e-07  ,7.166532081730e-01  ,-6.218992269187e-01  ,8.999652264206e-01  ,8.963537037859e-01  ,1.258291830507e+00  ,5.416386223341e-01  ,5.854040903265e-01  ,1.207303317245e+00  
  4.045380808959e-07  ,7.340841864209e-01  ,-6.351724287495e-01  ,8.999652658320e-01  ,8.963586297387e-01  ,1.267007359043e+00  ,5.329231726216e-01  ,5.787724153640e-01  ,1.213944844113e+00  
  4.046380816573e-07  ,7.513990749093e-01  ,-6.483446575095e-01  ,8.999653048015e-01  ,8.963641197317e-01  ,1.275664842256e+00  ,5.242657673469e-01  ,5.721917909770e-01  ,1.220536448486e+00  
  4.047380824188e-07  ,7.685954520212e-01  ,-6.614140646857e-01  ,8.999653433246e-01  ,8.963701730561e-01  ,1.284263069335e+00  ,5.156676173140e-01  ,5.656631407132e-01  ,1.227077205399e+00  
  4.048380831802e-07  ,7.856713472903e-01  ,-6.743791560917e-01  ,8.999653813966e-01  ,8.963767894018e-01  ,1.292801055042e+00  ,5.071297077515e-01  ,5.591872113560e-01  ,1.233566367448e+00  
  4.049380839417e-07  ,8.026234296195e-01  ,-6.872374156627e-01  ,8.999654190092e-01  ,8.963839684751e-01  ,1.301277133819e+00  ,4.986537041994e-01  ,5.527652606437e-01  ,1.240002676306e+00  
  4.050380847031e-07  ,8.194489974762e-01  ,-6.999868082126e-01  ,8.999654561556e-01  ,8.963917100256e-01  ,1.309689954894e+00  ,4.902409574176e-01  ,5.463983059193e-01  ,1.246385114132e+00  
  4.051380854646e-07  ,8.361449591592e-01  ,-7.126249829539e-01  ,8.999654928309e-01  ,8.964000127902e-01  ,1.318037972410e+00  ,4.818930132513e-01  ,5.400875213132e-01  ,1.252712504267e+00  
  4.052380862260e-07  ,8.527095604170e-01  ,-7.251506083422e-01  ,8.999655290304e-01  ,8.964088756224e-01  ,1.326320309239e+00  ,4.736107488219e-01  ,5.338335714513e-01  ,1.258984179794e+00  
  4.053380869875e-07  ,8.691393163808e-01  ,-7.375610393382e-01  ,8.999655647463e-01  ,8.964182960175e-01  ,1.334535222937e+00  ,4.653959065559e-01  ,5.276377763484e-01  ,1.265198815687e+00  
  4.054380877489e-07  ,8.854319383438e-01  ,-7.498545356280e-01  ,8.999655999745e-01  ,8.964282721686e-01  ,1.342681569146e+00  ,4.572496308026e-01  ,5.215010043546e-01  ,1.271355539983e+00  
  4.055380885104e-07  ,9.015855631900e-01  ,-7.620296920503e-01  ,8.999656347106e-01  ,8.964388025872e-01  ,1.350758416306e+00  ,4.491728531156e-01  ,5.154239565620e-01  ,1.277453648612e+00  
  4.056380892718e-07  ,9.175966312124e-01  ,-7.740838275696e-01  ,8.999656689465e-01  ,8.964498843748e-01  ,1.358763984553e+00  ,4.411673533403e-01  ,5.094079705900e-01  ,1.283491798160e+00  
  4.057380900333e-07  ,9.334634479913e-01  ,-7.860156727490e-01  ,8.999657026785e-01  ,8.964615161768e-01  ,1.366697426674e+00  ,4.332339786829e-01  ,5.034536798024e-01  ,1.289469352551e+00  
  4.058380907947e-07  ,9.491830610113e-01  ,-7.978230190416e-01  ,8.999657359006e-01  ,8.964736958193e-01  ,1.374557266406e+00  ,4.253742053949e-01  ,4.975621862985e-01  ,1.295385205340e+00  
  4.059380915562e-07  ,9.647525754827e-01  ,-8.095036906885e-01  ,8.999657686068e-01  ,8.964864216574e-01  ,1.382342056348e+00  ,4.175894808655e-01  ,4.917345763131e-01  ,1.301238267002e+00  
  4.060380923176e-07  ,9.801703538198e-01  ,-8.210564577969e-01  ,8.999658007937e-01  ,8.964996928323e-01  ,1.390050977704e+00  ,4.098806238838e-01  ,4.859714639338e-01  ,1.307027921731e+00  
  4.061380930791e-07  ,9.954335383944e-01  ,-8.324791816646e-01  ,8.999658324548e-01  ,8.965135076132e-01  ,1.397682601652e+00  ,4.022490632576e-01  ,4.802739167809e-01  ,1.312753098445e+00  
  4.062380938405e-07  ,1.010539706102e+00  ,-8.437700550674e-01  ,8.999658635843e-01  ,8.965278639236e-01  ,1.405235716635e+00  ,3.946960105333e-01  ,4.746428363899e-01  ,1.318412891457e+00  
  4.063380946020e-07  ,1.025486085334e+00  ,-8.549269981292e-01  ,8.999658941782e-01  ,8.965427587131e-01  ,1.412708936845e+00  ,3.872228515111e-01  ,4.690792596485e-01  ,1.324006257778e+00  
  4.064380953634e-07  ,1.040271106439e+00  ,-8.659488365322e-01  ,8.999659242329e-01  ,8.965581901032e-01  ,1.420101477453e+00  ,3.798303710132e-01  ,4.635837718371e-01  ,1.329532608369e+00  
  4.065380961249e-07  ,1.054891657138e+00  ,-8.768332432663e-01  ,8.999659537418e-01  ,8.965741542276e-01  ,1.427411782311e+00  ,3.725201251727e-01  ,4.581575325945e-01  ,1.334990775861e+00  
  4.066380968863e-07  ,1.069346196264e+00  ,-8.875790729698e-01  ,8.999659827018e-01  ,8.965906490846e-01  ,1.434639080834e+00  ,3.652928845699e-01  ,4.528011125997e-01  ,1.340380185569e+00  
  4.067380976478e-07  ,1.083632038518e+00  ,-8.981843359966e-01  ,8.999660111076e-01  ,8.966076712177e-01  ,1.441782030367e+00  ,3.581499918487e-01  ,4.475155032194e-01  ,1.345699839216e+00  
  4.068380984092e-07  ,1.097746913866e+00  ,-9.086473549766e-01  ,8.999660389544e-01  ,8.966252178686e-01  ,1.448839495888e+00  ,3.510925820212e-01  ,4.423015403803e-01  ,1.350948895357e+00  
  4.069380991707e-07  ,1.111688231592e+00  ,-9.189662036759e-01  ,8.999660662377e-01  ,8.966432861221e-01  ,1.455810182034e+00  ,3.441219504415e-01  ,4.371601842841e-01  ,1.356126387960e+00  
  4.070380999321e-07  ,1.125454056819e+00  ,-9.291394381913e-01  ,8.999660929540e-01  ,8.966618737764e-01  ,1.462693121364e+00  ,3.372390645445e-01  ,4.320921546808e-01  ,1.361231592872e+00  
  4.071381006936e-07  ,1.139042311212e+00  ,-9.391655126204e-01  ,8.999661190991e-01  ,8.966809783389e-01  ,1.469487274705e+00  ,3.304449634933e-01  ,4.270982220287e-01  ,1.366263734649e+00  
  4.072381014550e-07  ,1.152450881545e+00  ,-9.490428625295e-01  ,8.999661446687e-01  ,8.967005970905e-01  ,1.476191585441e+00  ,3.237407038964e-01  ,4.221791658257e-01  ,1.371222028355e+00  
  4.073381022165e-07  ,1.165677657721e+00  ,-9.587699330694e-01  ,8.999661696585e-01  ,8.967207270559e-01  ,1.482804998519e+00  ,3.171273407982e-01  ,4.173357605212e-01  ,1.376105693591e+00  
  4.074381029779e-07  ,1.178721056704e+00  ,-9.683455694634e-01  ,8.999661940651e-01  ,8.967413658135e-01  ,1.489326722417e+00  ,3.106056657129e-01  ,4.125685810818e-01  ,1.380914150545e+00  
  4.075381037394e-07  ,1.191578453543e+00  ,-9.777678659171e-01  ,8.999662178826e-01  ,8.967625090520e-01  ,1.495755444654e+00  ,3.041769911108e-01  ,4.078785760935e-01  ,1.385646442011e+00  
  4.076381045008e-07  ,1.204247466714e+00  ,-9.870350890990e-01  ,8.999662411077e-01  ,8.967841522305e-01  ,1.502089974465e+00  ,2.978425077505e-01  ,4.032666076810e-01  ,1.390301696780e+00  
  4.077381052623e-07  ,1.216726761444e+00  ,-9.961462649348e-01  ,8.999662637382e-01  ,8.968062927267e-01  ,1.508329644460e+00  ,2.916028830164e-01  ,3.987331602593e-01  ,1.394879425194e+00  
  4.078381060237e-07  ,1.229014018380e+00  ,-1.005099705343e+00  ,8.999662857695e-01  ,8.968289260494e-01  ,1.514473294960e+00  ,2.854592765793e-01  ,3.942790733777e-01  ,1.399378778721e+00  
  4.079381067852e-07  ,1.241106980087e+00  ,-1.013893763851e+00  ,8.999663071974e-01  ,8.968520479705e-01  ,1.520519797241e+00  ,2.794128171537e-01  ,3.899051660450e-01  ,1.403798929896e+00  
  4.080381075466e-07  ,1.253003970214e+00  ,-1.022527212198e+00  ,8.999663280198e-01  ,8.968756553766e-01  ,1.526468313127e+00  ,2.734643429127e-01  ,3.856120492779e-01  ,1.408139261475e+00  
  4.081381083081e-07  ,1.264703194393e+00  ,-1.030998739923e+00  ,8.999663482333e-01  ,8.968997449017e-01  ,1.532317945430e+00  ,2.676147510368e-01  ,3.814003749404e-01  ,1.412399114863e+00  
  4.082381090695e-07  ,1.276202834952e+00  ,-1.039307026128e+00  ,8.999663678349e-01  ,8.969243130582e-01  ,1.538067785311e+00  ,2.618649503590e-01  ,3.772707999944e-01  ,1.416577826122e+00  
  4.083381098310e-07  ,1.287501523526e+00  ,-1.047451087219e+00  ,8.999663868216e-01  ,8.969493571622e-01  ,1.543717148585e+00  ,2.562156250585e-01  ,3.732238135525e-01  ,1.420674900772e+00  
  4.084381105924e-07  ,1.298596992534e+00  ,-1.055429302512e+00  ,8.999664051895e-01  ,8.969748726268e-01  ,1.549264901456e+00  ,2.506679089227e-01  ,3.692602213710e-01  ,1.424689523883e+00  
  4.085381113539e-07  ,1.309487468502e+00  ,-1.063240411036e+00  ,8.999664229359e-01  ,8.970008555086e-01  ,1.554710157187e+00  ,2.452226886847e-01  ,3.653806499903e-01  ,1.428621061027e+00  
  4.086381121153e-07  ,1.320170951420e+00  ,-1.070882977817e+00  ,8.999664400583e-01  ,8.970273007602e-01  ,1.560051915768e+00  ,2.398809643483e-01  ,3.615858118517e-01  ,1.432468789669e+00  
  4.087381128768e-07  ,1.330645961969e+00  ,-1.078355937298e+00  ,8.999664565543e-01  ,8.970542042383e-01  ,1.565289437539e+00  ,2.346434755698e-01  ,3.578762355891e-01  ,1.436232172887e+00  
  4.088381136382e-07  ,1.340910921211e+00  ,-1.085658156449e+00  ,8.999664724210e-01  ,8.970815614200e-01  ,1.570421933027e+00  ,2.295110118154e-01  ,3.542524831955e-01  ,1.439910639645e+00  
  4.089381143997e-07  ,1.350964234917e+00  ,-1.092788497638e+00  ,8.999664876558e-01  ,8.971093677520e-01  ,1.575448605115e+00  ,2.244843701972e-01  ,3.507151189328e-01  ,1.443503616571e+00  
  4.090381151611e-07  ,1.360804706654e+00  ,-1.099746116694e+00  ,8.999665022563e-01  ,8.971376198714e-01  ,1.580368855583e+00  ,2.195641489294e-01  ,3.472645615244e-01  ,1.447010678218e+00  
  4.091381159226e-07  ,1.370430358792e+00  ,-1.106529626772e+00  ,8.999665162189e-01  ,8.971663122455e-01  ,1.585181695615e+00  ,2.147513368231e-01  ,3.439014988598e-01  ,1.450431125631e+00  
  4.092381166840e-07  ,1.379839413367e+00  ,-1.113137783160e+00  ,8.999665295420e-01  ,8.971954397516e-01  ,1.589886236225e+00  ,2.100468228585e-01  ,3.406265481715e-01  ,1.453764331332e+00  
  4.093381174455e-07  ,1.389030881348e+00  ,-1.119569893104e+00  ,8.999665422245e-01  ,8.972249994169e-01  ,1.594481982898e+00  ,2.054511015505e-01  ,3.374400528650e-01  ,1.457009945969e+00  
  4.094381182069e-07  ,1.398002823291e+00  ,-1.125824599068e+00  ,8.999665542640e-01  ,8.972549852769e-01  ,1.598967965910e+00  ,2.009651426184e-01  ,3.343426857430e-01  ,1.460167284811e+00  
  4.095381189684e-07  ,1.406753995843e+00  ,-1.131901031433e+00  ,8.999665656588e-01  ,8.972853932896e-01  ,1.603343563580e+00  ,1.965895677376e-01  ,3.313348775733e-01  ,1.463235909006e+00  
  4.096381197298e-07  ,1.415283398877e+00  ,-1.137798497017e+00  ,8.999665764074e-01  ,8.973162200807e-01  ,1.607608275846e+00  ,1.923248769687e-01  ,3.284169715723e-01  ,1.466215468589e+00  
  4.097381204913e-07  ,1.423589147705e+00  ,-1.143515694637e+00  ,8.999665865069e-01  ,8.973474588404e-01  ,1.611761160359e+00  ,1.881720126545e-01  ,3.255896115218e-01  ,1.469105306159e+00  
  4.098381212527e-07  ,1.431670367245e+00  ,-1.149052025841e+00  ,8.999665959562e-01  ,8.973791060375e-01  ,1.615801779579e+00  ,1.841314123337e-01  ,3.228530931169e-01  ,1.471905118958e+00  
  4.099381220142e-07  ,1.439525548859e+00  ,-1.154406462479e+00  ,8.999666047534e-01  ,8.974111553923e-01  ,1.619729379183e+00  ,1.802038303238e-01  ,3.202079241528e-01  ,1.474614386632e+00  
  4.100381227756e-07  ,1.447153251922e+00  ,-1.159578024411e+00  ,8.999666128976e-01  ,8.974436006293e-01  ,1.623543238858e+00  ,1.763899869367e-01  ,3.176545884239e-01  ,1.477232612835e+00  
  4.101381235371e-07  ,1.454552423110e+00  ,-1.164565994943e+00  ,8.999666203878e-01  ,8.974764371403e-01  ,1.627242831943e+00  ,1.726904088329e-01  ,3.151934396686e-01  ,1.479759434612e+00  
  4.102381242985e-07  ,1.461722217772e+00  ,-1.169369805517e+00  ,8.999666272231e-01  ,8.975096612202e-01  ,1.630827736109e+00  ,1.691055183371e-01  ,3.128247584619e-01  ,1.482194563978e+00  
  4.103381250600e-07  ,1.468661050573e+00  ,-1.173988395451e+00  ,8.999666334015e-01  ,8.975432657573e-01  ,1.634297158688e+00  ,1.656361081148e-01  ,3.105490680316e-01  ,1.484537463483e+00  
  4.104381258214e-07  ,1.475368191188e+00  ,-1.178421282422e+00  ,8.999666389223e-01  ,8.975772473278e-01  ,1.637650734516e+00  ,1.622825433282e-01  ,3.083666061166e-01  ,1.486787888539e+00  
  4.105381265829e-07  ,1.481842385284e+00  ,-1.182667641989e+00  ,8.999666437845e-01  ,8.976115999092e-01  ,1.640887836427e+00  ,1.590454511423e-01  ,3.062777789147e-01  ,1.488945420904e+00  
  4.106381273443e-07  ,1.488082446577e+00  ,-1.186726698938e+00  ,8.999666479872e-01  ,8.976463173363e-01  ,1.644007871276e+00  ,1.559254246986e-01  ,3.042829678676e-01  ,1.491009666805e+00  
  4.107381281058e-07  ,1.494087515034e+00  ,-1.190597893444e+00  ,8.999666515303e-01  ,8.976813947087e-01  ,1.647010409048e+00  ,1.529228940131e-01  ,3.023824479866e-01  ,1.492980341431e+00  
  4.108381288672e-07  ,1.499856904936e+00  ,-1.194280784733e+00  ,8.999666544132e-01  ,8.977168279362e-01  ,1.649895106881e+00  ,1.500382019452e-01  ,3.005764355699e-01  ,1.494857220302e+00  
  4.109381296287e-07  ,1.505389338004e+00  ,-1.197774558611e+00  ,8.999666566351e-01  ,8.977526089763e-01  ,1.652661325637e+00  ,1.472719876332e-01  ,2.988653296708e-01  ,1.496639888282e+00  
  4.110381303901e-07  ,1.510684232906e+00  ,-1.201078851665e+00  ,8.999666581957e-01  ,8.977887338779e-01  ,1.655308774649e+00  ,1.446245417427e-01  ,2.972493080452e-01  ,1.498328159711e+00  
  4.111381311516e-07  ,1.515740596978e+00  ,-1.204193047944e+00  ,8.999666590946e-01  ,8.978251957428e-01  ,1.657836957584e+00  ,1.420963606056e-01  ,2.957286717707e-01  ,1.499921719715e+00  
  4.112381319130e-07  ,1.520557628194e+00  ,-1.207116657442e+00  ,8.999666593316e-01  ,8.978619886992e-01  ,1.660245473429e+00  ,1.396878452347e-01  ,2.943036599781e-01  ,1.501420317420e+00  
  4.113381326745e-07  ,1.525134564877e+00  ,-1.209849220326e+00  ,8.999666589069e-01  ,8.978991069187e-01  ,1.662533941345e+00  ,1.373993764685e-01  ,2.929744967558e-01  ,1.502823717082e+00  
  4.114381334359e-07  ,1.529470573901e+00  ,-1.212390241305e+00  ,8.999666578208e-01  ,8.979365436841e-01  ,1.664701944771e+00  ,1.352313708703e-01  ,2.917414230316e-01  ,1.504131664337e+00  
  4.115381341974e-07  ,1.533565203775e+00  ,-1.214739457576e+00  ,8.999666560732e-01  ,8.979742951902e-01  ,1.666749257961e+00  ,1.331840541856e-01  ,2.906045664021e-01  ,1.505344023978e+00  
  4.116381349588e-07  ,1.537417589340e+00  ,-1.216896373938e+00  ,8.999666536645e-01  ,8.980123537542e-01  ,1.668675448335e+00  ,1.312578589943e-01  ,2.895641667850e-01  ,1.506460540723e+00  
  4.117381357203e-07  ,1.541027202402e+00  ,-1.218860698603e+00  ,8.999666505951e-01  ,8.980507140818e-01  ,1.670480251796e+00  ,1.294530493939e-01  ,2.886203647805e-01  ,1.507481063383e+00  
  4.118381364817e-07  ,1.544393500447e+00  ,-1.220632139591e+00  ,8.999666468655e-01  ,8.980893703019e-01  ,1.672163397089e+00  ,1.277698966420e-01  ,2.877733005066e-01  ,1.508405440097e+00  
  4.119381372432e-07  ,1.547515960481e+00  ,-1.222210425002e+00  ,8.999666424763e-01  ,8.981283162851e-01  ,1.673724622717e+00  ,1.262086622358e-01  ,2.870231037839e-01  ,1.509233528786e+00  
  4.120381380046e-07  ,1.550394090871e+00  ,-1.223595309964e+00  ,8.999666374281e-01  ,8.981675457739e-01  ,1.675163682864e+00  ,1.247695919927e-01  ,2.863698907919e-01  ,1.509965200756e+00  
  4.121381387660e-07  ,1.553027435792e+00  ,-1.224786579017e+00  ,8.999666317217e-01  ,8.982070524352e-01  ,1.676480349618e+00  ,1.234529138259e-01  ,2.858137629265e-01  ,1.510600341944e+00  
  4.122381395275e-07  ,1.555415675977e+00  ,-1.225784089421e+00  ,8.999666253577e-01  ,8.982468314874e-01  ,1.677674463346e+00  ,1.222587873693e-01  ,2.853547867770e-01  ,1.511138876198e+00  
  4.123381402889e-07  ,1.557558256051e+00  ,-1.226587608908e+00  ,8.999666183373e-01  ,8.982868738823e-01  ,1.678745746363e+00  ,1.211874903119e-01  ,2.849930694285e-01  ,1.511580678336e+00  
  4.124381410504e-07  ,1.559454885358e+00  ,-1.227197036319e+00  ,8.999666106617e-01  ,8.983271739652e-01  ,1.679694053341e+00  ,1.202391679829e-01  ,2.847286558057e-01  ,1.511925692125e+00  
  4.125381418118e-07  ,1.561105346362e+00  ,-1.227612303977e+00  ,8.999666023316e-01  ,8.983677271672e-01  ,1.680519275512e+00  ,1.194139291509e-01  ,2.845615751786e-01  ,1.512173879156e+00  
  4.126381425733e-07  ,1.562509300830e+00  ,-1.227833320606e+00  ,8.999665933487e-01  ,8.984085257818e-01  ,1.681221243764e+00  ,1.187119429338e-01  ,2.844918654788e-01  ,1.512325186085e+00  
  4.127381433347e-07  ,1.563666497639e+00  ,-1.227860055075e+00  ,8.999665837147e-01  ,8.984495624393e-01  ,1.681799832534e+00  ,1.181333348953e-01  ,2.845195349021e-01  ,1.512379589977e+00  
  4.128381440962e-07  ,1.564576785650e+00  ,-1.227692515577e+00  ,8.999665734309e-01  ,8.984908314261e-01  ,1.682254966256e+00  ,1.176781806057e-01  ,2.846445736377e-01  ,1.512337089215e+00  
  4.129381448576e-07  ,1.565240060999e+00  ,-1.227330723302e+00  ,8.999665624986e-01  ,8.985323280438e-01  ,1.682586592998e+00  ,1.173465319991e-01  ,2.848669663930e-01  ,1.512197689695e+00  
  4.130381456191e-07  ,1.565656178074e+00  ,-1.226774737382e+00  ,8.999665509199e-01  ,8.985740442635e-01  ,1.682794639957e+00  ,1.171384618827e-01  ,2.851866755726e-01  ,1.511961412954e+00  
  4.131381463805e-07  ,1.565825072756e+00  ,-1.226024649084e+00  ,8.999665386968e-01  ,8.986159733961e-01  ,1.682879075075e+00  ,1.170540023187e-01  ,2.856036488539e-01  ,1.511628297938e+00  
  4.132381471420e-07  ,1.565746719698e+00  ,-1.225080580423e+00  ,8.999665258310e-01  ,8.986581087071e-01  ,1.682839885680e+00  ,1.170931659820e-01  ,2.861178184957e-01  ,1.511198398918e+00  
  4.133381479034e-07  ,1.565421140339e+00  ,-1.223942715554e+00  ,8.999665123250e-01  ,8.987004423068e-01  ,1.682677082494e+00  ,1.172559421555e-01  ,2.867290845296e-01  ,1.510671800084e+00  
  4.134381486649e-07  ,1.564848373345e+00  ,-1.222611180170e+00  ,8.999664981801e-01  ,8.987429696878e-01  ,1.682390684852e+00  ,1.175423115077e-01  ,2.874373796026e-01  ,1.510048559773e+00  
  4.135381494263e-07  ,1.564028513648e+00  ,-1.221086214664e+00  ,8.999664833989e-01  ,8.987856829774e-01  ,1.681980740223e+00  ,1.179522265747e-01  ,2.882425756455e-01  ,1.509328790309e+00  
  4.136381501878e-07  ,1.562961719618e+00  ,-1.219368110474e+00  ,8.999664679841e-01  ,8.988285743361e-01  ,1.681447327793e+00  ,1.184856081749e-01  ,2.891445190993e-01  ,1.508512629573e+00  
  4.137381509492e-07  ,1.561648108016e+00  ,-1.217457054521e+00  ,8.999664519372e-01  ,8.988716392859e-01  ,1.680790505945e+00  ,1.191423979294e-01  ,2.901431120252e-01  ,1.507600166547e+00  
  4.138381517107e-07  ,1.560087910760e+00  ,-1.215353394278e+00  ,8.999664352614e-01  ,8.989148699774e-01  ,1.680010390641e+00  ,1.199224798814e-01  ,2.912381728384e-01  ,1.506591567116e+00  
  4.139381524721e-07  ,1.558281422528e+00  ,-1.213057528053e+00  ,8.999664179597e-01  ,8.989582584974e-01  ,1.679107129223e+00  ,1.208257066959e-01  ,2.924294944710e-01  ,1.505487022524e+00  
  4.140381532336e-07  ,1.556228837922e+00  ,-1.210569703742e+00  ,8.999664000338e-01  ,8.990018002732e-01  ,1.678080818995e+00  ,1.218519810730e-01  ,2.937169484024e-01  ,1.504286652144e+00  
  4.141381539950e-07  ,1.553930583784e+00  ,-1.207890447497e+00  ,8.999663814874e-01  ,8.990454860729e-01  ,1.676931673379e+00  ,1.230010895956e-01  ,2.951002623245e-01  ,1.502990709821e+00  
  4.142381547565e-07  ,1.551386907391e+00  ,-1.205020047667e+00  ,8.999663623228e-01  ,8.990893112239e-01  ,1.675659816018e+00  ,1.242729086273e-01  ,2.965792873905e-01  ,1.501599335057e+00  
  4.143381555179e-07  ,1.548598269133e+00  ,-1.201959029019e+00  ,8.999663425434e-01  ,8.991332675364e-01  ,1.674265477110e+00  ,1.256672079767e-01  ,2.981537530270e-01  ,1.500112782046e+00  
  4.144381562794e-07  ,1.545565190181e+00  ,-1.198707966625e+00  ,8.999663221527e-01  ,8.991773468152e-01  ,1.672748917243e+00  ,1.271837270623e-01  ,2.998233635027e-01  ,1.498531330128e+00  
  4.145381570408e-07  ,1.542288102653e+00  ,-1.195267329812e+00  ,8.999663011534e-01  ,8.992215428309e-01  ,1.671110352480e+00  ,1.288222498269e-01  ,3.015878779249e-01  ,1.496855207737e+00  
  4.146381578023e-07  ,1.538767380390e+00  ,-1.191637514064e+00  ,8.999662795481e-01  ,8.992658505322e-01  ,1.669349969743e+00  ,1.305825893532e-01  ,3.034470935004e-01  ,1.495084607564e+00  
  4.147381585637e-07  ,1.535003689720e+00  ,-1.187819211293e+00  ,8.999662573412e-01  ,8.993102613859e-01  ,1.667468102201e+00  ,1.324644124813e-01  ,3.054006557396e-01  ,1.493219867032e+00  
  4.148381593252e-07  ,1.530997632315e+00  ,-1.183813029249e+00  ,8.999662345362e-01  ,8.993547684224e-01  ,1.665465050694e+00  ,1.344674183787e-01  ,3.074482537979e-01  ,1.491261283047e+00  
  4.149381600866e-07  ,1.526749952096e+00  ,-1.179619717422e+00  ,8.999662111369e-01  ,8.993993634836e-01  ,1.663341187185e+00  ,1.365912350888e-01  ,3.095895047728e-01  ,1.489209222194e+00  
  4.150381608481e-07  ,1.522261100264e+00  ,-1.175239723836e+00  ,8.999661871460e-01  ,8.994440418957e-01  ,1.661096737278e+00  ,1.388356370141e-01  ,3.118241799776e-01  ,1.487063903814e+00  
  4.151381616095e-07  ,1.517531895376e+00  ,-1.170673852215e+00  ,8.999661625680e-01  ,8.994887954644e-01  ,1.658732110256e+00  ,1.412002148802e-01  ,3.141518693569e-01  ,1.484825721572e+00  
  4.152381623710e-07  ,1.512563089445e+00  ,-1.165922828632e+00  ,8.999661374068e-01  ,8.995336171035e-01  ,1.656247682130e+00  ,1.436845926841e-01  ,3.165722027877e-01  ,1.482495031419e+00  
  4.153381631324e-07  ,1.507355469893e+00  ,-1.160987408457e+00  ,8.999661116663e-01  ,8.995784996288e-01  ,1.653643846613e+00  ,1.462883767196e-01  ,3.190847954003e-01  ,1.480072203857e+00  
  4.154381638939e-07  ,1.501909860757e+00  ,-1.155868376237e+00  ,8.999660853506e-01  ,8.996234358137e-01  ,1.650921015729e+00  ,1.490111549720e-01  ,3.216892476952e-01  ,1.477557623932e+00  
  4.155381646553e-07  ,1.496227123221e+00  ,-1.150566545574e+00  ,8.999660584638e-01  ,8.996684185100e-01  ,1.648079620074e+00  ,1.518524968533e-01  ,3.243851457230e-01  ,1.474951691297e+00  
  4.156381654168e-07  ,1.490308155796e+00  ,-1.145082759008e+00  ,8.999660310100e-01  ,8.997134406584e-01  ,1.645120108908e+00  ,1.548119531122e-01  ,3.271720611544e-01  ,1.472254820162e+00  
  4.157381661782e-07  ,1.484153894329e+00  ,-1.139417887869e+00  ,8.999660029937e-01  ,8.997584951515e-01  ,1.642042950158e+00  ,1.578890558293e-01  ,3.300495512168e-01  ,1.469467439086e+00  
  4.158381669397e-07  ,1.477765311923e+00  ,-1.133572832129e+00  ,8.999659744191e-01  ,8.998035747809e-01  ,1.638848630381e+00  ,1.610833184577e-01  ,3.330171587166e-01  ,1.466589990845e+00  
  4.159381677011e-07  ,1.471143418801e+00  ,-1.127548520259e+00  ,8.999659452910e-01  ,8.998486723889e-01  ,1.635537654691e+00  ,1.643942358906e-01  ,3.360744122595e-01  ,1.463622932518e+00  
  4.160381684626e-07  ,1.464289262158e+00  ,-1.121345909106e+00  ,8.999659156140e-01  ,8.998937809740e-01  ,1.632110546693e+00  ,1.678212845349e-01  ,3.392208264207e-01  ,1.460566735527e+00  
  4.161381692240e-07  ,1.457203925999e+00  ,-1.114965983746e+00  ,8.999658853923e-01  ,8.999388935367e-01  ,1.628567848392e+00  ,1.713639223930e-01  ,3.424559016637e-01  ,1.457421885410e+00  
  4.162381699855e-07  ,1.449888530955e+00  ,-1.108409757307e+00  ,8.999658546312e-01  ,8.999840028750e-01  ,1.624910120109e+00  ,1.750215891535e-01  ,3.457791242215e-01  ,1.454188881528e+00  
  4.163381707469e-07  ,1.442344234107e+00  ,-1.101678270800e+00  ,8.999658233355e-01  ,9.000291016673e-01  ,1.621137940389e+00  ,1.787937062820e-01  ,3.491899662675e-01  ,1.450868237067e+00  
  4.164381715084e-07  ,1.434572228789e+00  ,-1.094772592955e+00  ,8.999657915100e-01  ,9.000741827266e-01  ,1.617251905904e+00  ,1.826796771155e-01  ,3.526878862490e-01  ,1.447460479204e+00  
  4.165381722698e-07  ,1.426573744402e+00  ,-1.087693820076e+00  ,8.999657591598e-01  ,9.001192390277e-01  ,1.613252631361e+00  ,1.866788869591e-01  ,3.562723289899e-01  ,1.443966149065e+00  
  4.166381730313e-07  ,1.418350254845e+00  ,-1.080443268425e+00  ,8.999657262905e-01  ,9.001642622702e-01  ,1.609140853713e+00  ,1.907905988683e-01  ,3.599426280579e-01  ,1.440385896483e+00  
  4.167381737927e-07  ,1.409902629031e+00  ,-1.073021708268e+00  ,8.999656929057e-01  ,9.002092476142e-01  ,1.604917007421e+00  ,1.950143783903e-01  ,3.636983934804e-01  ,1.436720101748e+00  
  4.168381745542e-07  ,1.401232417926e+00  ,-1.065430505553e+00  ,8.999656590121e-01  ,9.002541866278e-01  ,1.600581867975e+00  ,1.993494500493e-01  ,3.675389338514e-01  ,1.432969439404e+00  
  4.169381753156e-07  ,1.392341226542e+00  ,-1.057671070987e+00  ,8.999656246156e-01  ,9.002990710994e-01  ,1.596136237887e+00  ,2.037950113446e-01  ,3.714635356058e-01  ,1.429134606593e+00  
  4.170381760771e-07  ,1.383230303366e+00  ,-1.049744506968e+00  ,8.999655897203e-01  ,9.003438948309e-01  ,1.591580741403e+00  ,2.083504380371e-01  ,3.754716413470e-01  ,1.425216148315e+00  
  4.171381768385e-07  ,1.373901030235e+00  ,-1.041652028584e+00  ,8.999655543317e-01  ,9.003886510226e-01  ,1.586916069449e+00  ,2.130150392142e-01  ,3.795626367309e-01  ,1.421214665314e+00  
  4.172381776000e-07  ,1.364354859875e+00  ,-1.033394905692e+00  ,8.999655184555e-01  ,9.004333326358e-01  ,1.582142948393e+00  ,2.177880885180e-01  ,3.837358797897e-01  ,1.417130785482e+00  
  4.173381783614e-07  ,1.354592923962e+00  ,-1.024974114075e+00  ,8.999654820966e-01  ,9.004779343365e-01  ,1.577261944077e+00  ,2.226690201159e-01  ,3.879908772989e-01  ,1.412964991374e+00  
  4.174381791229e-07  ,1.344617149665e+00  ,-1.016391303930e+00  ,8.999654452629e-01  ,9.005224472460e-01  ,1.572274020095e+00  ,2.276568704303e-01  ,3.923267952808e-01  ,1.408718099211e+00  
  4.175381798843e-07  ,1.334429136091e+00  ,-1.007647836850e+00  ,8.999654079600e-01  ,9.005668643138e-01  ,1.567179976006e+00  ,2.327508399143e-01  ,3.967429458889e-01  ,1.404390782739e+00  
  4.176381806458e-07  ,1.324030503011e+00  ,-9.987450998404e-01  ,8.999653701931e-01  ,9.006111785595e-01  ,1.561980621699e+00  ,2.379501186876e-01  ,4.012386286392e-01  ,1.399983728480e+00  
  4.177381814072e-07  ,1.313422897485e+00  ,-9.896845051161e-01  ,8.999653319687e-01  ,9.006553830633e-01  ,1.556676780711e+00  ,2.432538832262e-01  ,4.058131305052e-01  ,1.395497635621e+00  
  4.178381821687e-07  ,1.302607996998e+00  ,-9.804674898673e-01  ,8.999652932926e-01  ,9.006994709338e-01  ,1.551269291792e+00  ,2.486612947934e-01  ,4.104657260001e-01  ,1.390933215867e+00  
  4.179381829301e-07  ,1.291587790304e+00  ,-9.710957644260e-01  ,8.999652541711e-01  ,9.007434340753e-01  ,1.545759149323e+00  ,2.541713590191e-01  ,4.151955518623e-01  ,1.386291316288e+00  
  4.180381836916e-07  ,1.280363439150e+00  ,-9.615703224296e-01  ,8.999652146090e-01  ,9.007872678322e-01  ,1.540146934184e+00  ,2.597834950341e-01  ,4.200021066174e-01  ,1.381572429047e+00  
  4.181381844530e-07  ,1.268937006784e+00  ,-9.518929189021e-01  ,8.999651746140e-01  ,9.008309640788e-01  ,1.534433678006e+00  ,2.654966712220e-01  ,4.248845046277e-01  ,1.376777423530e+00  
  4.182381852145e-07  ,1.257310308705e+00  ,-9.420650885865e-01  ,8.999651341923e-01  ,9.008745159201e-01  ,1.528620288545e+00  ,2.713099798400e-01  ,4.298419716268e-01  ,1.371907060213e+00  
  4.183381859759e-07  ,1.245485187061e+00  ,-9.320883900312e-01  ,8.999650933494e-01  ,9.009179164563e-01  ,1.522707686880e+00  ,2.772224998189e-01  ,4.348737214407e-01  ,1.366962111472e+00  
  4.184381867374e-07  ,1.233463818297e+00  ,-9.219646735041e-01  ,8.999650520925e-01  ,9.009611574594e-01  ,1.516696961241e+00  ,2.832331429439e-01  ,4.399788207073e-01  ,1.361943494211e+00  
  4.185381874988e-07  ,1.221247470319e+00  ,-9.116950117772e-01  ,8.999650104264e-01  ,9.010042342257e-01  ,1.510588745586e+00  ,2.893412752670e-01  ,4.451567283371e-01  ,1.356851740114e+00  
  4.186381882603e-07  ,1.208838391579e+00  ,-9.012812975184e-01  ,8.999649683594e-01  ,9.010471386847e-01  ,1.504384164149e+00  ,2.955457725697e-01  ,4.504064899255e-01  ,1.351687787444e+00  
  4.187381890217e-07  ,1.196238554546e+00  ,-8.907251818480e-01  ,8.999649258985e-01  ,9.010898641898e-01  ,1.498084203172e+00  ,3.018456486255e-01  ,4.557272732658e-01  ,1.346452455114e+00  
  4.188381897832e-07  ,1.183449956248e+00  ,-8.800283383997e-01  ,8.999648830499e-01  ,9.011324041147e-01  ,1.491689861174e+00  ,3.082399049259e-01  ,4.611182349149e-01  ,1.341146573315e+00  
  4.189381905446e-07  ,1.170474950492e+00  ,-8.691927499456e-01  ,8.999648398213e-01  ,9.011747506611e-01  ,1.485202315067e+00  ,3.147273645754e-01  ,4.665783756883e-01  ,1.335771125634e+00  
  4.190381913061e-07  ,1.157314905675e+00  ,-8.582195641105e-01  ,8.999647962176e-01  ,9.012168994440e-01  ,1.478622249055e+00  ,3.213073433801e-01  ,4.721071173887e-01  ,1.330326681499e+00  
  4.191381920675e-07  ,1.143972245625e+00  ,-8.471108036748e-01  ,8.999647522469e-01  ,9.012588428639e-01  ,1.471950875060e+00  ,3.279786294341e-01  ,4.777034410265e-01  ,1.324814244701e+00  
  4.192381928290e-07  ,1.130449091478e+00  ,-8.358682295968e-01  ,8.999647079161e-01  ,9.013005743856e-01  ,1.465189253655e+00  ,3.347401621770e-01  ,4.833664595872e-01  ,1.319234689184e+00  
  4.193381935904e-07  ,1.116747935075e+00  ,-8.244939250539e-01  ,8.999646632328e-01  ,9.013420861157e-01  ,1.458338630770e+00  ,3.415906956954e-01  ,4.890951235887e-01  ,1.313589048643e+00  
  4.194381943518e-07  ,1.102870221966e+00  ,-8.129890943152e-01  ,8.999646182018e-01  ,9.013833735392e-01  ,1.451399729185e+00  ,3.485295072188e-01  ,4.948888263816e-01  ,1.307877920697e+00  
  4.195381951133e-07  ,1.088818510072e+00  ,-8.013558585465e-01  ,8.999645728323e-01  ,9.014244289074e-01  ,1.444373827868e+00  ,3.555553177962e-01  ,5.007464996341e-01  ,1.302102358181e+00  
  4.196381958747e-07  ,1.074595033406e+00  ,-7.895960616117e-01  ,8.999645271314e-01  ,9.014652457886e-01  ,1.437262043834e+00  ,3.626670104285e-01  ,5.066672149828e-01  ,1.296263276594e+00  
  4.197381966362e-07  ,1.060202412447e+00  ,-7.777118818169e-01  ,8.999644811060e-01  ,9.015058165786e-01  ,1.430065687329e+00  ,3.698632748826e-01  ,5.126498756701e-01  ,1.290361757487e+00  
  4.198381973976e-07  ,1.045642658651e+00  ,-7.657049991341e-01  ,8.999644347630e-01  ,9.015461354907e-01  ,1.422785764088e+00  ,3.771431054376e-01  ,5.186936359237e-01  ,1.284398635058e+00  
  4.199381981591e-07  ,1.030917434699e+00  ,-7.535767876568e-01  ,8.999643881082e-01  ,9.015861979573e-01  ,1.415423105458e+00  ,3.845056707588e-01  ,5.247978041289e-01  ,1.278374591786e+00  
  4.200381989205e-07  ,1.016029971152e+00  ,-7.413299112246e-01  ,8.999643411523e-01  ,9.016259954259e-01  ,1.407979326728e+00  ,3.919493555761e-01  ,5.309610398136e-01  ,1.272290951038e+00  
  4.201381996820e-07  ,1.000981850463e+00  ,-7.289656657803e-01  ,8.999642939001e-01  ,9.016655238455e-01  ,1.400455219132e+00  ,3.994733686684e-01  ,5.371826909554e-01  ,1.266148356736e+00  
  4.202382004434e-07  ,9.857762505538e-01  ,-7.164866615844e-01  ,8.999642463612e-01  ,9.017047748932e-01  ,1.392852371638e+00  ,4.070761210843e-01  ,5.434614441010e-01  ,1.259948105685e+00  
  4.203382012049e-07  ,9.704147828369e-01  ,-7.038942189451e-01  ,8.999641985410e-01  ,9.017437443140e-01  ,1.385171589959e+00  ,4.147568071226e-01  ,5.497966348415e-01  ,1.253690853787e+00  
  4.204382019663e-07  ,9.549006853538e-01  ,-6.911909962578e-01  ,8.999641504496e-01  ,9.017824238090e-01  ,1.377414493126e+00  ,4.225138077727e-01  ,5.561869256801e-01  ,1.247377921938e+00  
  4.205382027278e-07  ,9.392356009108e-01  ,-6.783783374004e-01  ,8.999641020919e-01  ,9.018208093885e-01  ,1.369581902547e+00  ,4.303463016365e-01  ,5.626316406883e-01  ,1.241009978089e+00  
  4.206382034892e-07  ,9.234228301659e-01  ,-6.654589472637e-01  ,8.999640534780e-01  ,9.018588930088e-01  ,1.361675468561e+00  ,4.382526383950e-01  ,5.691294193769e-01  ,1.234588366641e+00  
  4.207382042507e-07  ,9.074640471044e-01  ,-6.524341924180e-01  ,8.999640046133e-01  ,9.018966705488e-01  ,1.353696028165e+00  ,4.462319810611e-01  ,5.756795743398e-01  ,1.228113766758e+00  
  4.208382050121e-07  ,8.913622030235e-01  ,-6.393064753708e-01  ,8.999639555075e-01  ,9.019341348102e-01  ,1.345645057019e+00  ,4.542828539958e-01  ,5.822808971247e-01  ,1.221587372496e+00  
  4.209382057736e-07  ,8.751202710846e-01  ,-6.260782257947e-01  ,8.999639061689e-01  ,9.019712789384e-01  ,1.337524041711e+00  ,4.624037706265e-01  ,5.889321660410e-01  ,1.215010391836e+00  
  4.210382065350e-07  ,8.587399650622e-01  ,-6.127508426687e-01  ,8.999638566022e-01  ,9.020080992043e-01  ,1.329333839133e+00  ,4.705938740711e-01  ,5.956326778700e-01  ,1.208383520539e+00  
  4.211382072965e-07  ,8.422247295939e-01  ,-5.993271394403e-01  ,8.999638068178e-01  ,9.020445880538e-01  ,1.321076171615e+00  ,4.788514420208e-01  ,6.023810183336e-01  ,1.201708157774e+00  
  4.212382080579e-07  ,8.255763117622e-01  ,-5.858085355830e-01  ,8.999637568214e-01  ,9.020807415812e-01  ,1.312751912702e+00  ,4.871756009403e-01  ,6.091764737897e-01  ,1.194985009373e+00  
  4.213382088194e-07  ,8.087977903118e-01  ,-5.721975250733e-01  ,8.999637066227e-01  ,9.021165529204e-01  ,1.304362601779e+00  ,4.955648114668e-01  ,6.160177903838e-01  ,1.188215315457e+00  
  4.214382095808e-07  ,7.918922629225e-01  ,-5.584966262607e-01  ,8.999636562304e-01  ,9.021520154080e-01  ,1.295909787692e+00  ,5.040175247691e-01  ,6.229037022776e-01  ,1.181400328538e+00  
  4.215382103423e-07  ,7.748615132231e-01  ,-5.447072876725e-01  ,8.999636056496e-01  ,9.021871253870e-01  ,1.287394362261e+00  ,5.125328490381e-01  ,6.298334815508e-01  ,1.174540769223e+00  
  4.216382111037e-07  ,7.577086856918e-01  ,-5.308320534738e-01  ,8.999635548903e-01  ,9.022218764502e-01  ,1.278817897736e+00  ,5.211092120444e-01  ,6.368058497133e-01  ,1.167637903187e+00  
  4.217382118652e-07  ,7.404365060265e-01  ,-5.168731216237e-01  ,8.999635039611e-01  ,9.022562630009e-01  ,1.270181756974e+00  ,5.297452509479e-01  ,6.438197021891e-01  ,1.160692823813e+00  
  4.218382126266e-07  ,7.230481525337e-01  ,-5.028330742671e-01  ,8.999634528697e-01  ,9.022902784991e-01  ,1.261487529136e+00  ,5.384393766028e-01  ,6.508737413655e-01  ,1.153706815633e+00  
  4.219382133881e-07  ,7.055460508697e-01  ,-4.887138919400e-01  ,8.999634016229e-01  ,9.023239182132e-01  ,1.252736427058e+00  ,5.471903761881e-01  ,6.579669722431e-01  ,1.146680864183e+00  
  4.220382141495e-07  ,6.879321990212e-01  ,-4.745171896771e-01  ,8.999633502276e-01  ,9.023571784070e-01  ,1.243929449738e+00  ,5.559972507170e-01  ,6.650985835685e-01  ,1.139615773246e+00  
  4.221382149110e-07  ,6.702100097510e-01  ,-4.602457098183e-01  ,8.999632986949e-01  ,9.023900528015e-01  ,1.235068303570e+00  ,5.648582938194e-01  ,6.722671978924e-01  ,1.132512907711e+00  
  4.222382156724e-07  ,6.523823109413e-01  ,-4.459017127734e-01  ,8.999632470327e-01  ,9.024225361745e-01  ,1.226154402503e+00  ,5.737720915620e-01  ,6.794716797878e-01  ,1.125373392561e+00  
  4.223382164339e-07  ,6.344523881661e-01  ,-4.314878511343e-01  ,8.999631952488e-01  ,9.024546223177e-01  ,1.217189389332e+00  ,5.827370011658e-01  ,6.867106967505e-01  ,1.118198547885e+00  
  4.224382171953e-07  ,6.164221312276e-01  ,-4.170056479999e-01  ,8.999631433495e-01  ,9.024863078454e-01  ,1.208174208963e+00  ,5.917520777357e-01  ,6.939834838454e-01  ,1.110989131845e+00  
  4.225382179568e-07  ,5.982953314455e-01  ,-4.024581601786e-01  ,8.999630913458e-01  ,9.025175862590e-01  ,1.199110757069e+00  ,6.008154256230e-01  ,7.012885061698e-01  ,1.103746666348e+00  
  4.226382187182e-07  ,5.800739052964e-01  ,-3.878469247527e-01  ,8.999630392432e-01  ,9.025484543709e-01  ,1.189999991891e+00  ,6.099260865950e-01  ,7.086249919946e-01  ,1.096471916747e+00  
  4.227382194797e-07  ,5.617612245143e-01  ,-3.731746382267e-01  ,8.999629870517e-01  ,9.025789064047e-01  ,1.180843599309e+00  ,6.190823747946e-01  ,7.159915872914e-01  ,1.089166225518e+00  
  4.228382202411e-07  ,5.433602001783e-01  ,-3.584436241410e-01  ,8.999629347803e-01  ,9.026089371941e-01  ,1.171643034869e+00  ,6.282828346912e-01  ,7.233871251236e-01  ,1.081830749265e+00  
  4.229382210026e-07  ,5.248742175281e-01  ,-3.436566057843e-01  ,8.999628824371e-01  ,9.026385412076e-01  ,1.162399991201e+00  ,6.375257736731e-01  ,7.308102383155e-01  ,1.074466844100e+00  
  4.230382217640e-07  ,5.063052232469e-01  ,-3.288151452180e-01  ,8.999628300277e-01  ,9.026677155915e-01  ,1.153115441651e+00  ,6.468102184043e-01  ,7.382601429825e-01  ,1.067075288200e+00  
  4.231382225255e-07  ,4.876566449460e-01  ,-3.139219816938e-01  ,8.999627775625e-01  ,9.026964552847e-01  ,1.143791100035e+00  ,6.561344550895e-01  ,7.457354644378e-01  ,1.059657446132e+00  
  4.232382232869e-07  ,4.689319214341e-01  ,-2.989798680880e-01  ,8.999627250502e-01  ,9.027247547484e-01  ,1.134428685767e+00  ,6.654967643332e-01  ,7.532348207044e-01  ,1.052214688792e+00  
  4.233382240484e-07  ,4.501330266602e-01  ,-2.839903825768e-01  ,8.999626724966e-01  ,9.027526107267e-01  ,1.125029185827e+00  ,6.748961591665e-01  ,7.607574194383e-01  ,1.044747802015e+00  
  4.234382248098e-07  ,4.312634338872e-01  ,-2.689562918473e-01  ,8.999626199124e-01  ,9.027800178594e-01  ,1.115594336856e+00  ,6.843309029688e-01  ,7.683018719358e-01  ,1.037258163783e+00  
  4.235382255713e-07  ,4.123266230682e-01  ,-2.538803743952e-01  ,8.999625673067e-01  ,9.028069715265e-01  ,1.106125878841e+00  ,6.937992557726e-01  ,7.758667843290e-01  ,1.029747158724e+00  
  4.236382263327e-07  ,3.933252363203e-01  ,-2.387647539542e-01  ,8.999625146854e-01  ,9.028334681086e-01  ,1.096625132846e+00  ,7.032998965253e-01  ,7.834510911315e-01  ,1.022215845086e+00  
  4.237382270942e-07  ,3.742614440725e-01  ,-2.236111589459e-01  ,8.999624620553e-01  ,9.028595044679e-01  ,1.087093184092e+00  ,7.128317400191e-01  ,7.910539249949e-01  ,1.014665083941e+00  
  4.238382278556e-07  ,3.551389450724e-01  ,-2.084225188237e-01  ,8.999624094286e-01  ,9.028850751875e-01  ,1.077531881965e+00  ,7.223929368925e-01  ,7.986738157756e-01  ,1.007096334599e+00  
  4.239382286171e-07  ,3.359607894565e-01  ,-1.932012382964e-01  ,8.999623568135e-01  ,9.029101760430e-01  ,1.067942751542e+00  ,7.319819620852e-01  ,8.063095568948e-01  ,9.995107951912e-01  
  4.240382293785e-07  ,3.167305087912e-01  ,-1.779501297581e-01  ,8.999623042173e-01  ,9.029348028261e-01  ,1.058327558613e+00  ,7.415970498217e-01  ,8.139597379471e-01  ,9.919098677052e-01  
  4.241382301400e-07  ,2.974501281075e-01  ,-1.626708034324e-01  ,8.999622516465e-01  ,9.029589531787e-01  ,1.048687315700e+00  ,7.512371875928e-01  ,8.216235514624e-01  ,9.842943548949e-01  
  4.242382309014e-07  ,2.781232080795e-01  ,-1.473660800782e-01  ,8.999621991119e-01  ,9.029826227418e-01  ,1.039023803152e+00  ,7.609005950721e-01  ,8.292995827026e-01  ,9.766656627809e-01  
  4.243382316629e-07  ,2.587533101994e-01  ,-1.320387871344e-01  ,8.999621466220e-01  ,9.030058068522e-01  ,1.029338801722e+00  ,7.705854915223e-01  ,8.369864132850e-01  ,9.690252004194e-01  
  4.244382324243e-07  ,2.393424748606e-01  ,-1.166905426063e-01  ,8.999620941822e-01  ,9.030285029933e-01  ,1.019633331613e+00  ,7.802908567520e-01  ,8.446832316902e-01  ,9.613737742965e-01  
  4.245382331858e-07  ,2.198947843673e-01  ,-1.013245855875e-01  ,8.999620418040e-01  ,9.030507064694e-01  ,1.009909433988e+00  ,7.900146496203e-01  ,8.523884136757e-01  ,9.537129992632e-01  
  4.246382339472e-07  ,2.004129563473e-01  ,-8.594307903856e-02  ,8.999619894940e-01  ,9.030724143417e-01  ,1.000168467668e+00  ,7.997555113203e-01  ,8.601008748224e-01  ,9.460439538610e-01  
  4.247382347087e-07  ,1.808992186164e-01  ,-7.054778146841e-02  ,8.999619372584e-01  ,9.030936241435e-01  ,9.904115465666e-01  ,8.095123279502e-01  ,8.678197334093e-01  ,9.383675148777e-01  
  4.248382354701e-07  ,1.613573614946e-01  ,-5.514167037661e-02  ,8.999618851086e-01  ,9.031143315695e-01  ,9.806405658558e-01  ,8.192832043613e-01  ,8.755434963812e-01  ,9.306851667578e-01  
  4.249382362316e-07  ,1.417910942906e-01  ,-3.972759112717e-02  ,8.999618330572e-01  ,9.031345324861e-01  ,9.708573802025e-01  ,8.290662859119e-01  ,8.832707369225e-01  ,9.229983280497e-01  
  4.250382369930e-07  ,1.222025042602e-01  ,-2.430717042990e-02  ,8.999617811081e-01  ,9.031542247811e-01  ,9.610630332382e-01  ,8.388605289780e-01  ,8.910006395661e-01  ,9.153078099960e-01  
  4.251382377545e-07  ,1.025951464042e-01  ,-8.883255593743e-03  ,8.999617292655e-01  ,9.031734050801e-01  ,9.512593024676e-01  ,8.486641560634e-01  ,8.987317772833e-01  ,9.076150328770e-01  
  4.252382385159e-07  ,8.297242413832e-02  ,6.541305081463e-03  ,8.999616775340e-01  ,9.031920704142e-01  ,9.414478896031e-01  ,8.584754654648e-01  ,9.064627229550e-01  ,8.999214178735e-01  
  4.253382392774e-07  ,6.333705022256e-02  ,2.196434146910e-02  ,8.999616259263e-01  ,9.032102182150e-01  ,9.316301510376e-01  ,8.682931008151e-01  ,9.141923889496e-01  ,8.922280474805e-01  
  4.254382400388e-07  ,4.369199723810e-02  ,3.738350302390e-02  ,8.999615744522e-01  ,9.032278453756e-01  ,9.218075730712e-01  ,8.781155758331e-01  ,9.219195968875e-01  ,8.845360938636e-01  
  4.255382408003e-07  ,2.404037142007e-02  ,5.279637968675e-02  ,8.999615231207e-01  ,9.032449486133e-01  ,9.119817088307e-01  ,8.879413374107e-01  ,9.296431384566e-01  ,8.768467587699e-01  
  4.256382415617e-07  ,4.384441650172e-03  ,6.820114948499e-02  ,8.999614719339e-01  ,9.032615255743e-01  ,9.021536927590e-01  ,8.977692511088e-01  ,9.373621003168e-01  ,8.691609508318e-01  
  4.257382423232e-07  ,-1.527195906308e-02  ,8.359477186547e-02  ,8.999614209010e-01  ,9.032775727272e-01  ,8.923254413695e-01  ,9.075974004326e-01  ,9.450749586600e-01  ,8.614801867945e-01  
  4.258382430846e-07  ,-3.492558088557e-02  ,9.897481063186e-02  ,8.999613700393e-01  ,9.032930878934e-01  ,8.824985795965e-01  ,9.174241604821e-01  ,9.527804932093e-01  ,8.538056825774e-01  
  4.259382438461e-07  ,-5.457262095617e-02  ,1.143384266402e-01  ,8.999613193600e-01  ,9.033080683630e-01  ,8.726750088819e-01  ,9.272476298380e-01  ,9.604772816831e-01  ,8.461388550429e-01  
  4.260382446075e-07  ,-7.421029682983e-02  ,1.296834596432e-01  ,8.999612688638e-01  ,9.033225119026e-01  ,8.628561204489e-01  ,9.370664172788e-01  ,9.681642417242e-01  ,8.384807820809e-01  
  4.261382453690e-07  ,-9.383634928670e-02  ,1.450081559192e-01  ,8.999612185581e-01  ,9.033364170376e-01  ,8.530430439148e-01  ,9.468793932015e-01  ,9.758404949972e-01  ,8.308323390780e-01  
  4.262382461304e-07  ,-1.134469587009e-01  ,1.603095500982e-01  ,8.999611684568e-01  ,9.033497820927e-01  ,8.432376891063e-01  ,9.566846478073e-01  ,9.835045571418e-01  ,8.231950070436e-01  
  4.263382468919e-07  ,-1.330385220864e-01  ,1.755848179505e-01  ,8.999611185652e-01  ,9.033626065080e-01  ,8.334418575220e-01  ,9.664803796084e-01  ,9.911550154833e-01  ,8.155701975328e-01  
  4.264382476533e-07  ,-1.526083245852e-01  ,1.908318120034e-01  ,8.999610688875e-01  ,9.033748886953e-01  ,8.236569065949e-01  ,9.762652311801e-01  ,9.987907946970e-01  ,8.079589826936e-01  
  4.265382484148e-07  ,-1.721541438031e-01  ,2.060487896526e-01  ,8.999610194303e-01  ,9.033866266905e-01  ,8.138839475287e-01  ,9.860380913318e-01  ,1.006411021517e+00  ,8.003622318643e-01  
  4.266382491762e-07  ,-1.916717063743e-01  ,2.212324052960e-01  ,8.999609702044e-01  ,9.033978164349e-01  ,8.041251170172e-01  ,9.957968233915e-01  ,1.014014019083e+00  ,7.927816137869e-01  
  4.267382499377e-07  ,-2.111582923466e-01  ,2.363805248443e-01  ,8.999609212145e-01  ,9.034084558179e-01  ,7.943817750412e-01  ,1.005540067388e+00  ,1.021598718240e+00  ,7.852181933958e-01  
  4.268382506991e-07  ,-2.306116793016e-01  ,2.514914170262e-01  ,8.999608724659e-01  ,9.034185433771e-01  ,7.846550328151e-01  ,1.015266712117e+00  ,1.029164251890e+00  ,7.776728348640e-01  
  4.269382514605e-07  ,-2.500280960658e-01  ,2.665621565135e-01  ,8.999608239688e-01  ,9.034280765215e-01  ,7.749467759359e-01  ,1.024974872002e+00  ,1.036709154778e+00  ,7.701469982648e-01  
  4.270382522220e-07  ,-2.694044590956e-01  ,2.815903585752e-01  ,8.999607757320e-01  ,9.034370527084e-01  ,7.652585461842e-01  ,1.034663005280e+00  ,1.044232231996e+00  ,7.626418734208e-01  
  4.271382529834e-07  ,-2.887372172035e-01  ,2.965732505715e-01  ,8.999607277641e-01  ,9.034454697499e-01  ,7.555921191624e-01  ,1.044329336366e+00  ,1.051732095036e+00  ,7.551588444642e-01  
  4.272382537449e-07  ,-3.080236896690e-01  ,3.115087276459e-01  ,8.999606800724e-01  ,9.034533275994e-01  ,7.459488352379e-01  ,1.053972524907e+00  ,1.059207691422e+00  ,7.476989637765e-01  
  4.273382545063e-07  ,-3.272616826204e-01  ,3.263950832068e-01  ,8.999606326631e-01  ,9.034606265817e-01  ,7.363297913529e-01  ,1.063591473973e+00  ,1.066658168185e+00  ,7.402630849783e-01  
  4.274382552678e-07  ,-3.464469805059e-01  ,3.412290442422e-01  ,8.999605855467e-01  ,9.034673669099e-01  ,7.267370952938e-01  ,1.073184075800e+00  ,1.074081889031e+00  ,7.328528447888e-01  
  4.275382560292e-07  ,-3.655775573661e-01  ,3.560090471962e-01  ,8.999605387284e-01  ,9.034735480141e-01  ,7.171717600454e-01  ,1.082749317411e+00  ,1.081478071612e+00  ,7.254690244160e-01  
  4.276382567907e-07  ,-3.846498697950e-01  ,3.707323616993e-01  ,8.999604922169e-01  ,9.034791684264e-01  ,7.076355573194e-01  ,1.092285427114e+00  ,1.088845349276e+00  ,7.181129875767e-01  
  4.277382575521e-07  ,-4.036608950688e-01  ,3.853966587177e-01  ,8.999604460190e-01  ,9.034842267322e-01  ,6.981299984846e-01  ,1.101790893553e+00  ,1.096182556091e+00  ,7.107858973734e-01  
  4.278382583136e-07  ,-4.226071508146e-01  ,3.999992337991e-01  ,8.999604001410e-01  ,9.034887218441e-01  ,6.886568247337e-01  ,1.111263975548e+00  ,1.103488338744e+00  ,7.034891049445e-01  
  4.279382590750e-07  ,-4.414866509280e-01  ,4.145385480209e-01  ,8.999603545879e-01  ,9.034926528802e-01  ,6.792170291239e-01  ,1.120703680052e+00  ,1.110761926891e+00  ,6.962233788697e-01  
  4.280382598365e-07  ,-4.602959149530e-01  ,4.290119150593e-01  ,8.999603093696e-01  ,9.034960178581e-01  ,6.698123518931e-01  ,1.130108266846e+00  ,1.118001975388e+00  ,6.889900603284e-01  
  4.281382605979e-07  ,-4.790319653512e-01  ,4.434170455082e-01  ,8.999602644939e-01  ,9.034988150333e-01  ,6.604442818183e-01  ,1.139476247170e+00  ,1.125207337787e+00  ,6.817902922792e-01  
  4.282382613594e-07  ,-4.976913712339e-01  ,4.577512833538e-01  ,8.999602199673e-01  ,9.035010443227e-01  ,6.511145343504e-01  ,1.148805905584e+00  ,1.132376686000e+00  ,6.746254026458e-01  
  4.283382621208e-07  ,-5.162715456305e-01  ,4.720126167168e-01  ,8.999601757957e-01  ,9.035027066957e-01  ,6.418244029805e-01  ,1.158095948611e+00  ,1.139509015054e+00  ,6.674963983373e-01  
  4.284382628823e-07  ,-5.347696902392e-01  ,4.861988753300e-01  ,8.999601319856e-01  ,9.035038029350e-01  ,6.325752868660e-01  ,1.167344977105e+00  ,1.146603240600e+00  ,6.604043652699e-01  
  4.285382636437e-07  ,-5.531836379584e-01  ,5.003083963741e-01  ,8.999600885429e-01  ,9.035043333312e-01  ,6.233682695637e-01  ,1.176551907522e+00  ,1.153658531518e+00  ,6.533501351442e-01  
  4.286382644052e-07  ,-5.715097510903e-01  ,5.143384044275e-01  ,8.999600454776e-01  ,9.035042980242e-01  ,6.142051699325e-01  ,1.185714921023e+00  ,1.160673500238e+00  ,6.463350958104e-01  
  4.287382651666e-07  ,-5.897446449950e-01  ,5.282863134215e-01  ,8.999600027968e-01  ,9.035036968777e-01  ,6.050876802993e-01  ,1.194832325294e+00  ,1.167646853588e+00  ,6.393605401670e-01  
  4.288382659281e-07  ,-6.078864017483e-01  ,5.421506542591e-01  ,8.999599605044e-01  ,9.035025299563e-01  ,5.960167596303e-01  ,1.203903161379e+00  ,1.174577857086e+00  ,6.324272028268e-01  
  4.289382666895e-07  ,-6.259316681927e-01  ,5.559288648648e-01  ,8.999599186090e-01  ,9.035007972671e-01  ,5.869940845126e-01  ,1.212925752705e+00  ,1.181465229699e+00  ,6.255363648347e-01  
  4.290382674510e-07  ,-6.438771327569e-01  ,5.696184057158e-01  ,8.999598771181e-01  ,9.034984983148e-01  ,5.780213107396e-01  ,1.221898443497e+00  ,1.188307701173e+00  ,6.186892954569e-01  
  4.291382682124e-07  ,-6.617203075362e-01  ,5.832173565895e-01  ,8.999598360360e-01  ,9.034956327259e-01  ,5.690996822679e-01  ,1.230819989804e+00  ,1.195104311021e+00  ,6.118869544312e-01  
  4.292382689739e-07  ,-6.794585063043e-01  ,5.967236487633e-01  ,8.999597953694e-01  ,9.034922006588e-01  ,5.602305422172e-01  ,1.239689048521e+00  ,1.201854025040e+00  ,6.051303762772e-01  
  4.293382697353e-07  ,-6.970896520104e-01  ,6.101356990737e-01  ,8.999597551238e-01  ,9.034882026661e-01  ,5.514149291186e-01  ,1.248504581129e+00  ,1.208556052203e+00  ,5.984203531292e-01  
  4.294382704968e-07  ,-7.146102622339e-01  ,6.234508677147e-01  ,8.999597153084e-01  ,9.034836401312e-01  ,5.426545841915e-01  ,1.257264846425e+00  ,1.215209073989e+00  ,5.917582062739e-01  
  4.295382712582e-07  ,-7.320171053710e-01  ,6.366667013108e-01  ,8.999596759287e-01  ,9.034785147716e-01  ,5.339511232432e-01  ,1.265968228614e+00  ,1.221811865427e+00  ,5.851451641162e-01  
  4.296382720197e-07  ,-7.493083529483e-01  ,6.497818084472e-01  ,8.999596369885e-01  ,9.034728273538e-01  ,5.253054605144e-01  ,1.274613813463e+00  ,1.228363731577e+00  ,5.785819231302e-01  
  4.297382727811e-07  ,-7.664803745337e-01  ,6.627934224597e-01  ,8.999595984962e-01  ,9.034665793130e-01  ,5.167194112294e-01  ,1.283199785763e+00  ,1.234863290543e+00  ,5.720698680831e-01  
  4.298382735426e-07  ,-7.835313663562e-01  ,6.757001736203e-01  ,8.999595604563e-01  ,9.034597713713e-01  ,5.081938772782e-01  ,1.291725243634e+00  ,1.241309858181e+00  ,5.656096845612e-01  
  4.299382743040e-07  ,-8.004581784495e-01  ,6.884996760402e-01  ,8.999595228762e-01  ,9.034524047708e-01  ,4.997304336515e-01  ,1.300188612101e+00  ,1.247702242791e+00  ,5.592025667507e-01  
  4.300382750655e-07  ,-8.172577084742e-01  ,7.011895720297e-01  ,8.999594857623e-01  ,9.034444804269e-01  ,4.913306315252e-01  ,1.308588339999e+00  ,1.254039266442e+00  ,5.528496944120e-01  
  4.301382758269e-07  ,-8.339276309253e-01  ,7.137680832969e-01  ,8.999594491192e-01  ,9.034359989199e-01  ,4.829956336566e-01  ,1.316923264582e+00  ,1.260320040568e+00  ,5.465519572715e-01  
  4.302382765884e-07  ,-8.504660506177e-01  ,7.262337733611e-01  ,8.999594129515e-01  ,9.034269608917e-01  ,4.747263876426e-01  ,1.325192438260e+00  ,1.266543847572e+00  ,5.403100742112e-01  
  4.303382773498e-07  ,-8.668697612523e-01  ,7.385842248460e-01  ,8.999593772671e-01  ,9.034173677979e-01  ,4.665244966409e-01  ,1.333394257893e+00  ,1.272709480221e+00  ,5.341252553750e-01  
  4.304382781113e-07  ,-8.831361603985e-01  ,7.508174852084e-01  ,8.999593420710e-01  ,9.034072214212e-01  ,4.583912618718e-01  ,1.341527422270e+00  ,1.278815964025e+00  ,5.279984788170e-01  
  4.305382788727e-07  ,-8.992622723609e-01  ,7.629313019354e-01  ,8.999593073681e-01  ,9.033965240051e-01  ,4.503281711877e-01  ,1.349590443549e+00  ,1.284862174973e+00  ,5.219308730374e-01  
  4.306382796342e-07  ,-9.152464103950e-01  ,7.749244005354e-01  ,8.999592731629e-01  ,9.033852768909e-01  ,4.423360679654e-01  ,1.357582478360e+00  ,1.290847477159e+00  ,5.159230766232e-01  
  4.307382803956e-07  ,-9.310856286564e-01  ,7.867945634857e-01  ,8.999592394627e-01  ,9.033734826024e-01  ,4.344164251345e-01  ,1.365502053791e+00  ,1.296770764345e+00  ,5.099762008596e-01  
  4.308382811571e-07  ,-9.467770277429e-01  ,7.985396056981e-01  ,8.999592062727e-01  ,9.033611438514e-01  ,4.265706924012e-01  ,1.373347720144e+00  ,1.302630946700e+00  ,5.040913410023e-01  
  4.309382819185e-07  ,-9.623184378662e-01  ,8.101578829786e-01  ,8.999591735968e-01  ,9.033482623912e-01  ,4.187999546637e-01  ,1.381118392530e+00  ,1.308427203881e+00  ,4.982693209019e-01  
  4.310382826800e-07  ,-9.777080929315e-01  ,8.216480689521e-01  ,8.999591414397e-01  ,9.033348394908e-01  ,4.111050949739e-01  ,1.388813187905e+00  ,1.314158873967e+00  ,4.925108050147e-01  
  4.311382834414e-07  ,-9.929430085654e-01  ,8.330079343726e-01  ,8.999591098087e-01  ,9.033208772575e-01  ,4.034876055261e-01  ,1.396430614091e+00  ,1.319824844444e+00  ,4.868169100712e-01  
  4.312382842029e-07  ,-1.008020386447e+00  ,8.442353887251e-01  ,8.999590787085e-01  ,9.033063779672e-01  ,3.959488854849e-01  ,1.403969271932e+00  ,1.325424072330e+00  ,4.811886836047e-01  
  4.313382849643e-07  ,-1.022938139754e+00  ,8.553288610404e-01  ,8.999590481421e-01  ,9.032913436134e-01  ,3.884899782651e-01  ,1.411428118019e+00  ,1.330955774134e+00  ,4.756269130932e-01  
  4.314382857258e-07  ,-1.037694025907e+00  ,8.662866663451e-01  ,8.999590181144e-01  ,9.032757764251e-01  ,3.811120051611e-01  ,1.418806031068e+00  ,1.336419109598e+00  ,4.701324432526e-01  
  4.315382864872e-07  ,-1.052285762278e+00  ,8.771070959582e-01  ,8.999589886304e-01  ,9.032596788409e-01  ,3.738161074916e-01  ,1.426101869769e+00  ,1.341813226820e+00  ,4.647061308618e-01  
  4.316382872487e-07  ,-1.066711622325e+00  ,8.877888706262e-01  ,8.999589596944e-01  ,9.032430528521e-01  ,3.666031485318e-01  ,1.433314770857e+00  ,1.347137488165e+00  ,4.593486175390e-01  
  4.317382880101e-07  ,-1.080968733524e+00  ,8.983298727772e-01  ,8.999589313130e-01  ,9.032259020083e-01  ,3.594745645509e-01  ,1.440443298075e+00  ,1.352390838397e+00  ,4.540609656197e-01  
  4.318382887716e-07  ,-1.095054471425e+00  ,9.087281638200e-01  ,8.999589034906e-01  ,9.032082300090e-01  ,3.524316677780e-01  ,1.447486139203e+00  ,1.357572311919e+00  ,4.488441480990e-01  
  4.319382895330e-07  ,-1.108966887197e+00  ,9.189822902157e-01  ,8.999588762302e-01  ,9.031900396469e-01  ,3.454754326315e-01  ,1.454442319829e+00  ,1.362681184755e+00  ,4.436988945390e-01  
  4.320382902945e-07  ,-1.122703890985e+00  ,9.290906954170e-01  ,8.999588495358e-01  ,9.031713338514e-01  ,3.386069040432e-01  ,1.461310795028e+00  ,1.367716681560e+00  ,4.386259861429e-01  
  4.321382910559e-07  ,-1.136263360010e+00  ,9.390518038175e-01  ,8.999588234119e-01  ,9.031521155134e-01  ,3.318271434067e-01  ,1.468090503417e+00  ,1.372678017422e+00  ,4.336262136046e-01  
  4.322382918174e-07  ,-1.149643691440e+00  ,9.488644376892e-01  ,8.999587978619e-01  ,9.031323867542e-01  ,3.251369521420e-01  ,1.474780643582e+00  ,1.377564605599e+00  ,4.287001679097e-01  
  4.323382925788e-07  ,-1.162842222073e+00  ,9.585266501725e-01  ,8.999587728917e-01  ,9.031121510812e-01  ,3.185376618551e-01  ,1.481379883928e+00  ,1.382375476167e+00  ,4.238488259949e-01  
  4.324382933403e-07  ,-1.175856526202e+00  ,9.680366652752e-01  ,8.999587485051e-01  ,9.030914119265e-01  ,3.120304854043e-01  ,1.487887011606e+00  ,1.387109744564e+00  ,4.190730792889e-01  
  4.325382941017e-07  ,-1.188685242666e+00  ,9.773934842072e-01  ,8.999587247044e-01  ,9.030701714653e-01  ,3.056161033714e-01  ,1.494301346037e+00  ,1.391766913569e+00  ,4.143734293617e-01  
  4.326382948632e-07  ,-1.201326004936e+00  ,9.865953753139e-01  ,8.999587014940e-01  ,9.030484337145e-01  ,2.992956990260e-01  ,1.500621703962e+00  ,1.396346121371e+00  ,4.097507460576e-01  
  4.327382956246e-07  ,-1.213776821350e+00  ,9.956408852106e-01  ,8.999586788778e-01  ,9.030262023747e-01  ,2.930702682031e-01  ,1.506847089553e+00  ,1.400846644980e+00  ,4.052057597694e-01  
  4.328382963861e-07  ,-1.226035426802e+00  ,1.004528352105e+00  ,8.999586568588e-01  ,9.030034817515e-01  ,2.869409434580e-01  ,1.512976370260e+00  ,1.405267657804e+00  ,4.007393056991e-01  
  4.329382971475e-07  ,-1.238100545052e+00  ,1.013256843109e+00  ,8.999586354398e-01  ,9.029802743558e-01  ,2.809083629137e-01  ,1.519008907966e+00  ,1.409608695910e+00  ,3.963518528016e-01  
  4.330382979090e-07  ,-1.249969655058e+00  ,1.021824517714e+00  ,8.999586146257e-01  ,9.029565854195e-01  ,2.749737870967e-01  ,1.524943442155e+00  ,1.413868844276e+00  ,3.920443265625e-01  
  4.331382986704e-07  ,-1.261641516667e+00  ,1.030230476808e+00  ,8.999585944187e-01  ,9.029324176514e-01  ,2.691378360850e-01  ,1.530779352752e+00  ,1.418047656056e+00  ,3.878171792472e-01  
  4.332382994319e-07  ,-1.273113684869e+00  ,1.038472947860e+00  ,8.999585748221e-01  ,9.029077762216e-01  ,2.634017323875e-01  ,1.536515417257e+00  ,1.422144250152e+00  ,3.836713022916e-01  
  4.333383001933e-07  ,-1.284384576218e+00  ,1.046550781751e+00  ,8.999585558387e-01  ,9.028826642828e-01  ,2.577662677299e-01  ,1.542150843947e+00  ,1.426158055158e+00  ,3.796072734074e-01  
  4.334383009548e-07  ,-1.295452499623e+00  ,1.054462754293e+00  ,8.999585374712e-01  ,9.028570853229e-01  ,2.522322876595e-01  ,1.547684787283e+00  ,1.430088462469e+00  ,3.756257081766e-01  
  4.335383017162e-07  ,-1.306316161241e+00  ,1.062207938336e+00  ,8.999585197222e-01  ,9.028310421760e-01  ,2.468004391015e-01  ,1.553116600343e+00  ,1.433935011344e+00  ,3.717270730082e-01  
  4.336383024777e-07  ,-1.316973410718e+00  ,1.069784802047e+00  ,8.999585025961e-01  ,9.028045398475e-01  ,2.414717972369e-01  ,1.558445207955e+00  ,1.437696940871e+00  ,3.679121388240e-01  
  4.337383032391e-07  ,-1.327422558842e+00  ,1.077192149445e+00  ,8.999584860954e-01  ,9.027775827256e-01  ,2.362472066746e-01  ,1.563669765516e+00  ,1.441373657448e+00  ,3.641815080033e-01  
  4.338383040006e-07  ,-1.337661701446e+00  ,1.084428621837e+00  ,8.999584702223e-01  ,9.027501759848e-01  ,2.311276194994e-01  ,1.568789320945e+00  ,1.444964486903e+00  ,3.605358650660e-01  
  4.339383047620e-07  ,-1.347689431514e+00  ,1.091493212166e+00  ,8.999584549789e-01  ,9.027223237192e-01  ,2.261137392217e-01  ,1.573803170736e+00  ,1.448468929802e+00  ,3.569757176363e-01  
  4.340383055235e-07  ,-1.357504248693e+00  ,1.098384851026e+00  ,8.999584403677e-01  ,9.026940305183e-01  ,2.212063160213e-01  ,1.578710564714e+00  ,1.451886456031e+00  ,3.535016050055e-01  
  4.341383062849e-07  ,-1.367105007284e+00  ,1.105102730944e+00  ,8.999584263904e-01  ,9.026652999421e-01  ,2.164059227482e-01  ,1.583510930033e+00  ,1.455216665414e+00  ,3.501139344701e-01  
  4.342383070464e-07  ,-1.376489567632e+00  ,1.111645350169e+00  ,8.999584130505e-01  ,9.026361386017e-01  ,2.117136292346e-01  ,1.588203196866e+00  ,1.458458813686e+00  ,3.468134635170e-01  
  4.343383078078e-07  ,-1.385656631502e+00  ,1.118011799504e+00  ,8.999584003495e-01  ,9.026065504669e-01  ,2.071300845986e-01  ,1.592786716100e+00  ,1.461612450219e+00  ,3.436006507151e-01  
  4.344383085692e-07  ,-1.394605155571e+00  ,1.124201353412e+00  ,8.999583882887e-01  ,9.025765387555e-01  ,2.026558105033e-01  ,1.597260966074e+00  ,1.464677215462e+00  ,3.404758620492e-01  
  4.345383093307e-07  ,-1.403333174325e+00  ,1.130212648055e+00  ,8.999583768708e-01  ,9.025461097828e-01  ,1.982917897081e-01  ,1.601624964034e+00  ,1.467652433810e+00  ,3.374397857553e-01  
  4.346383100921e-07  ,-1.411839483977e+00  ,1.136044849143e+00  ,8.999583660972e-01  ,9.025152677657e-01  ,1.940386241086e-01  ,1.605878108086e+00  ,1.470537692337e+00  ,3.344928431942e-01  
  4.347383108536e-07  ,-1.420123118033e+00  ,1.141697292235e+00  ,8.999583559691e-01  ,9.024840161781e-01  ,1.898967969524e-01  ,1.610019914986e+00  ,1.473332662296e+00  ,3.316353700605e-01  
  4.348383116150e-07  ,-1.428182462994e+00  ,1.147168874458e+00  ,8.999583464890e-01  ,9.024523609841e-01  ,1.858671149918e-01  ,1.614049577986e+00  ,1.476036798213e+00  ,3.288679237550e-01  
  4.349383123765e-07  ,-1.436016048810e+00  ,1.152458595163e+00  ,8.999583376586e-01  ,9.024203082072e-01  ,1.819503132536e-01  ,1.617966362064e+00  ,1.478649605789e+00  ,3.261910106255e-01  
  4.350383131379e-07  ,-1.443622801305e+00  ,1.157565721842e+00  ,8.999583294785e-01  ,9.023878626955e-01  ,1.781469288262e-01  ,1.621769730131e+00  ,1.481170723617e+00  ,3.236050017745e-01  
  4.351383138994e-07  ,-1.451001858887e+00  ,1.162489672998e+00  ,8.999583219499e-01  ,9.023550284326e-01  ,1.744573925063e-01  ,1.625459251394e+00  ,1.483599864932e+00  ,3.211101919335e-01  
  4.352383146608e-07  ,-1.458151785215e+00  ,1.167229486512e+00  ,8.999583150747e-01  ,9.023218121119e-01  ,1.708824224673e-01  ,1.629034207682e+00  ,1.485936555368e+00  ,3.187070688560e-01  
  4.353383154223e-07  ,-1.465071277467e+00  ,1.171784296993e+00  ,8.999583088537e-01  ,9.022882198808e-01  ,1.674226701203e-01  ,1.632493947587e+00  ,1.488180368377e+00  ,3.163960713844e-01  
  4.354383161837e-07  ,-1.471759616698e+00  ,1.176153629455e+00  ,8.999583032872e-01  ,9.022542551760e-01  ,1.640784949380e-01  ,1.635838111636e+00  ,1.490331069903e+00  ,3.141774404488e-01  
  4.355383169452e-07  ,-1.478215403085e+00  ,1.180336563322e+00  ,8.999582983767e-01  ,9.022199249629e-01  ,1.608505968341e-01  ,1.639065999919e+00  ,1.492388206624e+00  ,3.120516433017e-01  
  4.356383177066e-07  ,-1.484437752366e+00  ,1.184332521995e+00  ,8.999582941226e-01  ,9.021852340059e-01  ,1.577394179397e-01  ,1.642177170305e+00  ,1.494351495003e+00  ,3.100189730084e-01  
  4.357383184681e-07  ,-1.490425959208e+00  ,1.188141050970e+00  ,8.999582905254e-01  ,9.021501861942e-01  ,1.547453109215e-01  ,1.645171270129e+00  ,1.496220711679e+00  ,3.080796607094e-01  
  4.358383192295e-07  ,-1.496178853929e+00  ,1.191761403548e+00  ,8.999582875863e-01  ,9.021147881284e-01  ,1.518688606216e-01  ,1.648047714551e+00  ,1.497995489903e+00  ,3.062340863542e-01  
  4.359383199910e-07  ,-1.501695529239e+00  ,1.195193010272e+00  ,8.999582853058e-01  ,9.020790453215e-01  ,1.491105206862e-01  ,1.650806049925e+00  ,1.499675550458e+00  ,3.044825401853e-01  
  4.360383207524e-07  ,-1.506974985799e+00  ,1.198435247478e+00  ,8.999582836838e-01  ,9.020429645904e-01  ,1.464707907844e-01  ,1.653445776583e+00  ,1.501260588330e+00  ,3.028253408511e-01  
  4.361383215139e-07  ,-1.512016677186e+00  ,1.201487778768e+00  ,8.999582827205e-01  ,9.020065500139e-01  ,1.439499441273e-01  ,1.655966621314e+00  ,1.502750439398e+00  ,3.012626606298e-01  
  4.362383222753e-07  ,-1.516819548155e+00  ,1.204349961401e+00  ,8.999582824163e-01  ,9.019698097302e-01  ,1.415485083386e-01  ,1.658368056494e+00  ,1.504144790431e+00  ,2.997948290296e-01  
  4.363383230368e-07  ,-1.521383100700e+00  ,1.207021499091e+00  ,8.999582827711e-01  ,9.019327477112e-01  ,1.392667324211e-01  ,1.660649833121e+00  ,1.505443497257e+00  ,2.984219981658e-01  
  4.364383237982e-07  ,-1.525706487093e+00  ,1.209501893470e+00  ,8.999582837850e-01  ,9.018953707948e-01  ,1.371050402382e-01  ,1.662811527332e+00  ,1.506646317530e+00  ,2.971444240597e-01  
  4.365383245597e-07  ,-1.529788924694e+00  ,1.211790696570e+00  ,8.999582854578e-01  ,9.018576857560e-01  ,1.350638231110e-01  ,1.664852747805e+00  ,1.507753034041e+00  ,2.959623374711e-01  
  4.366383253211e-07  ,-1.533629859016e+00  ,1.213887598510e+00  ,8.999582877891e-01  ,9.018196978695e-01  ,1.331433582813e-01  ,1.666773217297e+00  ,1.508763497125e+00  ,2.948758986144e-01  
  4.367383260826e-07  ,-1.537228855032e+00  ,1.215792361853e+00  ,8.999582907785e-01  ,9.017814114326e-01  ,1.313438632624e-01  ,1.668572718295e+00  ,1.509677592359e+00  ,2.938852305061e-01  
  4.368383268440e-07  ,-1.540585203083e+00  ,1.217504607779e+00  ,8.999582944257e-01  ,9.017428336954e-01  ,1.296656928843e-01  ,1.670250895967e+00  ,1.510495137585e+00  ,2.929905298060e-01  
  4.369383276055e-07  ,-1.543698374464e+00  ,1.219024068787e+00  ,8.999582987303e-01  ,9.017039705869e-01  ,1.281091114981e-01  ,1.671807485962e+00  ,1.511216004980e+00  ,2.921919361937e-01  
  4.370383283669e-07  ,-1.546567880800e+00  ,1.220350507909e+00  ,8.999583036912e-01  ,9.016648282145e-01  ,1.266743632913e-01  ,1.673242244091e+00  ,1.511840082169e+00  ,2.914895742599e-01  
  4.371383291284e-07  ,-1.549193206399e+00  ,1.221483690280e+00  ,8.999583093078e-01  ,9.016254141100e-01  ,1.253617061084e-01  ,1.674554912507e+00  ,1.512367259250e+00  ,2.908835689700e-01  
  4.372383298898e-07  ,-1.551573998510e+00  ,1.222423468663e+00  ,8.999583155792e-01  ,9.015857341180e-01  ,1.241713163244e-01  ,1.675745314834e+00  ,1.512797468450e+00  ,2.903739997863e-01  
  4.373383306513e-07  ,-1.553709987528e+00  ,1.223169737886e+00  ,8.999583225045e-01  ,9.015457929351e-01  ,1.231033287403e-01  ,1.676813316269e+00  ,1.513130661878e+00  ,2.899609239920e-01  
  4.374383314127e-07  ,-1.555600697107e+00  ,1.223722329989e+00  ,8.999583300826e-01  ,9.015055994796e-01  ,1.221579815293e-01  ,1.677758678636e+00  ,1.513366764474e+00  ,2.896444344849e-01  
  4.375383321742e-07  ,-1.557245933426e+00  ,1.224081192408e+00  ,8.999583383125e-01  ,9.014651579842e-01  ,1.213353715997e-01  ,1.678581305025e+00  ,1.513505754188e+00  ,2.894245617802e-01  
  4.376383329356e-07  ,-1.558645383307e+00  ,1.224246253587e+00  ,8.999583471929e-01  ,9.014244758982e-01  ,1.206356555395e-01  ,1.679281038846e+00  ,1.513547602692e+00  ,2.893013491045e-01  
  4.377383336971e-07  ,-1.559798798161e+00  ,1.224217493054e+00  ,8.999583567219e-01  ,9.013835607206e-01  ,1.200589576416e-01  ,1.679857755802e+00  ,1.513492307247e+00  ,2.892748141937e-01  
  4.378383344585e-07  ,-1.560706028148e+00  ,1.223994926997e+00  ,8.999583668983e-01  ,9.013424181129e-01  ,1.196053528241e-01  ,1.680311380973e+00  ,1.513339881611e+00  ,2.893449546143e-01  
  4.379383352200e-07  ,-1.561366970233e+00  ,1.223578583054e+00  ,8.999583777209e-01  ,9.013010526690e-01  ,1.192748926047e-01  ,1.680641862837e+00  ,1.513090344196e+00  ,2.895117611422e-01  
  4.380383359814e-07  ,-1.561781469135e+00  ,1.222968548708e+00  ,8.999583891875e-01  ,9.012594733428e-01  ,1.190676546201e-01  ,1.680849123755e+00  ,1.512743747697e+00  ,2.897751989887e-01  
  4.381383367429e-07  ,-1.561949486150e+00  ,1.222164894026e+00  ,8.999584012968e-01  ,9.012176845777e-01  ,1.189836582216e-01  ,1.680933144372e+00  ,1.512300131591e+00  ,2.901352375646e-01  
  4.382383375043e-07  ,-1.561870979933e+00  ,1.221167762044e+00  ,8.999584140465e-01  ,9.011756942732e-01  ,1.190229240801e-01  ,1.680893904013e+00  ,1.511759575295e+00  ,2.905918132511e-01  
  4.383383382658e-07  ,-1.561545964221e+00  ,1.219977314002e+00  ,8.999584274348e-01  ,9.011335093285e-01  ,1.191854453242e-01  ,1.680731409545e+00  ,1.511122166329e+00  ,2.911448523274e-01  
  4.384383390272e-07  ,-1.560974490911e+00  ,1.218593741721e+00  ,8.999584414594e-01  ,9.010911365751e-01  ,1.194711960037e-01  ,1.680445686915e+00  ,1.510388007436e+00  ,2.917942657146e-01  
  4.385383397887e-07  ,-1.560156670449e+00  ,1.217017310575e+00  ,8.999584561181e-01  ,9.010485839149e-01  ,1.198801208937e-01  ,1.680036791342e+00  ,1.509557239202e+00  ,2.925399286275e-01  
  4.386383405501e-07  ,-1.559092624859e+00  ,1.215248254385e+00  ,8.999584714087e-01  ,9.010058573824e-01  ,1.204121589791e-01  ,1.679504783838e+00  ,1.508629984575e+00  ,2.933817301897e-01  
  4.387383413116e-07  ,-1.557782473985e+00  ,1.213286777513e+00  ,8.999584873295e-01  ,9.009629618769e-01  ,1.210672503372e-01  ,1.678849724322e+00  ,1.507606350633e+00  ,2.943195731205e-01  
  4.388383420730e-07  ,-1.556226491639e+00  ,1.211133307005e+00  ,8.999585038770e-01  ,9.009199067752e-01  ,1.218452580576e-01  ,1.678071749696e+00  ,1.506486560278e+00  ,2.953532532728e-01  
  4.389383428345e-07  ,-1.554424846023e+00  ,1.208788075662e+00  ,8.999585210493e-01  ,9.008766965465e-01  ,1.227460980378e-01  ,1.677170944061e+00  ,1.505270734377e+00  ,2.964826587156e-01  
  4.390383435959e-07  ,-1.552377858172e+00  ,1.206251511092e+00  ,8.999585388435e-01  ,9.008333390364e-01  ,1.237696097574e-01  ,1.676147467930e+00  ,1.503959094582e+00  ,2.977075834904e-01  
  4.391383443574e-07  ,-1.550085851890e+00  ,1.203524018036e+00  ,8.999585572567e-01  ,9.007898410769e-01  ,1.249156313115e-01  ,1.675001483202e+00  ,1.502551850095e+00  ,2.990278320587e-01  
  4.392383451188e-07  ,-1.547549187778e+00  ,1.200606031446e+00  ,8.999585762860e-01  ,9.007462096415e-01  ,1.261839823968e-01  ,1.673733170175e+00  ,1.501049225364e+00  ,3.004431939186e-01  
  4.393383458803e-07  ,-1.544768264011e+00  ,1.197498016406e+00  ,8.999585959286e-01  ,9.007024517835e-01  ,1.275744639232e-01  ,1.672342727934e+00  ,1.499451459986e+00  ,3.019534435806e-01  
  4.394383466417e-07  ,-1.541743592419e+00  ,1.194200556403e+00  ,8.999586161809e-01  ,9.006585757436e-01  ,1.290868199715e-01  ,1.670830412390e+00  ,1.497758853945e+00  ,3.035582975420e-01  
  4.395383474032e-07  ,-1.538475599079e+00  ,1.190714127056e+00  ,8.999586370404e-01  ,9.006145877950e-01  ,1.307208375010e-01  ,1.669196436580e+00  ,1.495971651323e+00  ,3.052575242670e-01  
  4.396383481646e-07  ,-1.534964652990e+00  ,1.187039128904e+00  ,8.999586585043e-01  ,9.005704930332e-01  ,1.324763320095e-01  ,1.667440984999e+00  ,1.494090057485e+00  ,3.070509285810e-01  
  4.397383489261e-07  ,-1.531211412260e+00  ,1.183176262329e+00  ,8.999586805685e-01  ,9.005263000704e-01  ,1.343529744383e-01  ,1.665564386699e+00  ,1.492114431235e+00  ,3.089381689058e-01  
  4.398383496875e-07  ,-1.527216471657e+00  ,1.179126141838e+00  ,8.999587032294e-01  ,9.004820159116e-01  ,1.363504674007e-01  ,1.663566939058e+00  ,1.490045086831e+00  ,3.109189449925e-01  
  4.399383504490e-07  ,-1.522980566647e+00  ,1.174889524625e+00  ,8.999587264835e-01  ,9.004376486612e-01  ,1.384684431602e-01  ,1.661449009807e+00  ,1.487882410974e+00  ,3.129928863488e-01  
  4.400383512104e-07  ,-1.518504143321e+00  ,1.170466863028e+00  ,8.999587503282e-01  ,9.003932029393e-01  ,1.407066786677e-01  ,1.659210821989e+00  ,1.485626634453e+00  ,3.151597714253e-01  
  4.401383519719e-07  ,-1.513788010980e+00  ,1.165858968231e+00  ,8.999587747588e-01  ,9.003486868585e-01  ,1.430647692686e-01  ,1.656852780249e+00  ,1.483278170974e+00  ,3.174192027430e-01  
  4.402383527333e-07  ,-1.508832913147e+00  ,1.161066572543e+00  ,8.999587997715e-01  ,9.003041074559e-01  ,1.455423431982e-01  ,1.654375256345e+00  ,1.480837393727e+00  ,3.197708211846e-01  
  4.403383534948e-07  ,-1.503639628360e+00  ,1.156090437447e+00  ,8.999588253626e-01  ,9.002594718666e-01  ,1.481390111826e-01  ,1.651778639543e+00  ,1.478304690590e+00  ,3.222142531433e-01  
  4.404383542562e-07  ,-1.498208971381e+00  ,1.150931353480e+00  ,8.999588515278e-01  ,9.002147872703e-01  ,1.508543658373e-01  ,1.649063337218e+00  ,1.475680464011e+00  ,3.247491105302e-01  
  4.405383550177e-07  ,-1.492541793720e+00  ,1.145590140114e+00  ,8.999588782631e-01  ,9.001700608007e-01  ,1.536879814033e-01  ,1.646229775123e+00  ,1.472965130858e+00  ,3.273749907439e-01  
  4.406383557791e-07  ,-1.486638983821e+00  ,1.140067645625e+00  ,8.999589055647e-01  ,9.001252995494e-01  ,1.566394136544e-01  ,1.643278397475e+00  ,1.470159122362e+00  ,3.300914767371e-01  
  4.407383565406e-07  ,-1.480501467079e+00  ,1.134364746950e+00  ,8.999589334282e-01  ,9.000805106805e-01  ,1.597081998885e-01  ,1.640209666968e+00  ,1.467262884156e+00  ,3.328981372052e-01  
  4.408383573020e-07  ,-1.474130205767e+00  ,1.128482349537e+00  ,8.999589618492e-01  ,9.000357014265e-01  ,1.628938589656e-01  ,1.637024064733e+00  ,1.464276876195e+00  ,3.357945266580e-01  
  4.409383580635e-07  ,-1.467526198906e+00  ,1.122421387199e+00  ,8.999589908234e-01  ,8.999908788973e-01  ,1.661958913705e-01  ,1.633722090276e+00  ,1.461201572497e+00  ,3.387801852979e-01  
  4.410383588249e-07  ,-1.460690482127e+00  ,1.116182821986e+00  ,8.999590203459e-01  ,8.999460500284e-01  ,1.696137792826e-01  ,1.630304261409e+00  ,1.458037461021e+00  ,3.418546390355e-01  
  4.411383595864e-07  ,-1.453624127517e+00  ,1.109767644032e+00  ,8.999590504126e-01  ,8.999012217834e-01  ,1.731469866544e-01  ,1.626771114171e+00  ,1.454785043799e+00  ,3.450173997675e-01  
  4.412383603478e-07  ,-1.446328243446e+00  ,1.103176871389e+00  ,8.999590810186e-01  ,8.998564013115e-01  ,1.767949592959e-01  ,1.623123202741e+00  ,1.451444837006e+00  ,3.482679656169e-01  
  4.413383611093e-07  ,-1.438803974393e+00  ,1.096411549861e+00  ,8.999591121588e-01  ,8.998115958301e-01  ,1.805571249622e-01  ,1.619361099355e+00  ,1.448017370760e+00  ,3.516058208997e-01  
  4.414383618707e-07  ,-1.431052500768e+00  ,1.089472752839e+00  ,8.999591438287e-01  ,8.997668124348e-01  ,1.844328934447e-01  ,1.615485394213e+00  ,1.444503188854e+00  ,3.550304360154e-01  
  4.415383626322e-07  ,-1.423075038724e+00  ,1.082361581149e+00  ,8.999591760231e-01  ,8.997220581096e-01  ,1.884216566609e-01  ,1.611496695385e+00  ,1.440902848684e+00  ,3.585412675351e-01  
  4.416383633936e-07  ,-1.414872839975e+00  ,1.075079162878e+00  ,8.999592087372e-01  ,8.996773399525e-01  ,1.925227887497e-01  ,1.607395628725e+00  ,1.437216921391e+00  ,3.621377585137e-01  
  4.417383641550e-07  ,-1.406447191594e+00  ,1.067626653173e+00  ,8.999592419657e-01  ,8.996326652494e-01  ,1.967356461686e-01  ,1.603182837763e+00  ,1.433445991836e+00  ,3.658193386630e-01  
  4.418383649165e-07  ,-1.397799633501e+00  ,1.060005436240e+00  ,8.999592757029e-01  ,8.995880423670e-01  ,2.010594589523e-01  ,1.598859092453e+00  ,1.429590760487e+00  ,3.695853242472e-01  
  4.419383656779e-07  ,-1.388931071973e+00  ,1.052216320828e+00  ,8.999593099452e-01  ,8.995434759254e-01  ,2.054937739588e-01  ,1.594424845932e+00  ,1.425651636339e+00  ,3.734353155115e-01  
  4.420383664394e-07  ,-1.379843123122e+00  ,1.044260739899e+00  ,8.999593446860e-01  ,8.994989740007e-01  ,2.100377831251e-01  ,1.589880906247e+00  ,1.421629343950e+00  ,3.773686040510e-01  
  4.421383672008e-07  ,-1.370537220972e+00  ,1.036139954988e+00  ,8.999593799197e-01  ,8.994545436162e-01  ,2.146907694335e-01  ,1.585227990406e+00  ,1.417524521110e+00  ,3.813845661223e-01  
  4.422383679623e-07  ,-1.361014829588e+00  ,1.027855253733e+00  ,8.999594156411e-01  ,8.994101919091e-01  ,2.194520008473e-01  ,1.580466830435e+00  ,1.413337818776e+00  ,3.854825650427e-01  
  4.423383687237e-07  ,-1.351277445060e+00  ,1.019407949673e+00  ,8.999594518445e-01  ,8.993659259089e-01  ,2.243207293145e-01  ,1.575598174374e+00  ,1.409069900746e+00  ,3.896619510723e-01  
  4.424383694852e-07  ,-1.341326596391e+00  ,1.010799382048e+00  ,8.999594885240e-01  ,8.993217524675e-01  ,2.292961903283e-01  ,1.570622786720e+00  ,1.404721443491e+00  ,3.939220614436e-01  
  4.425383702466e-07  ,-1.331164101781e+00  ,1.002031147956e+00  ,8.999595256740e-01  ,8.992776796346e-01  ,2.343774747833e-01  ,1.565541576565e+00  ,1.400293253612e+00  ,3.982621056568e-01  
  4.426383710081e-07  ,-1.320791025842e+00  ,9.931041768467e-01  ,8.999595632899e-01  ,8.992337121422e-01  ,2.395640503689e-01  ,1.560355076211e+00  ,1.395785800566e+00  ,4.026816237189e-01  
  4.427383717695e-07  ,-1.310209261698e+00  ,9.840201119232e-01  ,8.999596013643e-01  ,8.991898583029e-01  ,2.448549705155e-01  ,1.555064232213e+00  ,1.391199914264e+00  ,4.071798023413e-01  
  4.428383725310e-07  ,-1.299420751902e+00  ,9.747806377952e-01  ,8.999596398909e-01  ,8.991461262511e-01  ,2.502492639400e-01  ,1.549670015842e+00  ,1.386536445149e+00  ,4.117558073535e-01  
  4.429383732924e-07  ,-1.288426997917e+00  ,9.653870634039e-01  ,8.999596788648e-01  ,8.991025220280e-01  ,2.557461799061e-01  ,1.544173177824e+00  ,1.381796053730e+00  ,4.164089903260e-01  
  4.430383740539e-07  ,-1.277229246790e+00  ,9.558404637326e-01  ,8.999597182813e-01  ,8.990590505732e-01  ,2.613450948864e-01  ,1.538574341676e+00  ,1.376979282439e+00  ,4.211388187069e-01  
  4.431383748153e-07  ,-1.265829934683e+00  ,9.461429330290e-01  ,8.999597581313e-01  ,8.990157214832e-01  ,2.670447907899e-01  ,1.532874725473e+00  ,1.372087187998e+00  ,4.259442549686e-01  
  4.432383755768e-07  ,-1.254230266093e+00  ,9.362954984613e-01  ,8.999597984106e-01  ,8.989725393925e-01  ,2.728446653643e-01  ,1.527074931457e+00  ,1.367120288623e+00  ,4.308247901618e-01  
  4.433383763382e-07  ,-1.242432372552e+00  ,9.262999733023e-01  ,8.999598391117e-01  ,8.989295123165e-01  ,2.787436528355e-01  ,1.521176025388e+00  ,1.362079498968e+00  ,4.357795256653e-01  
  4.434383770997e-07  ,-1.230438118708e+00  ,9.161579414008e-01  ,8.999598802279e-01  ,8.988866469269e-01  ,2.847408208740e-01  ,1.515178939582e+00  ,1.356965617627e+00  ,4.408076762265e-01  
  4.435383778611e-07  ,-1.218249392842e+00  ,9.058710097628e-01  ,8.999599217530e-01  ,8.988439498139e-01  ,2.908352253323e-01  ,1.509084618174e+00  ,1.351779454695e+00  ,4.459084449326e-01  
  4.436383786226e-07  ,-1.205868110583e+00  ,8.954408082974e-01  ,8.999599636810e-01  ,8.988014276474e-01  ,2.970259083895e-01  ,1.502894018972e+00  ,1.346521831796e+00  ,4.510810234987e-01  
  4.437383793840e-07  ,-1.193296533482e+00  ,8.848692693045e-01  ,8.999600060040e-01  ,8.987590883281e-01  ,3.033117392630e-01  ,1.496608272745e+00  ,1.341193722980e+00  ,4.563244536759e-01  
  4.438383801455e-07  ,-1.180535977854e+00  ,8.741575118300e-01  ,8.999600487180e-01  ,8.987169363498e-01  ,3.096920597908e-01  ,1.490228037645e+00  ,1.335795692265e+00  ,4.616381804348e-01  
  4.439383809069e-07  ,-1.167588776677e+00  ,8.633075089094e-01  ,8.999600918145e-01  ,8.986749795032e-01  ,3.161657034759e-01  ,1.483754480153e+00  ,1.330328733958e+00  ,4.670212250485e-01  
  4.440383816684e-07  ,-1.154456974078e+00  ,8.523209793792e-01  ,8.999601352865e-01  ,8.986332243842e-01  ,3.227316482474e-01  ,1.477188622326e+00  ,1.324793714074e+00  ,4.724727346946e-01  
  4.441383824298e-07  ,-1.141142973766e+00  ,8.411999578481e-01  ,8.999601791276e-01  ,8.985916787739e-01  ,3.293886922444e-01  ,1.470531666011e+00  ,1.319191657698e+00  ,4.779916998498e-01  
  4.442383831913e-07  ,-1.127648171345e+00  ,8.299456211066e-01  ,8.999602233329e-01  ,8.985503471446e-01  ,3.361361376604e-01  ,1.463784309005e+00  ,1.313523157698e+00  ,4.835775365914e-01  
  4.443383839527e-07  ,-1.113975037524e+00  ,8.185600425016e-01  ,8.999602678932e-01  ,8.985092372477e-01  ,3.429727491311e-01  ,1.456947786655e+00  ,1.307789258498e+00  ,4.892292159969e-01  
  4.444383847142e-07  ,-1.100125732293e+00  ,8.070450254328e-01  ,8.999603128017e-01  ,8.984683555466e-01  ,3.498974466550e-01  ,1.450023178948e+00  ,1.301990868263e+00  ,4.949458428302e-01  
  4.445383854756e-07  ,-1.086102791430e+00  ,7.954027016119e-01  ,8.999603580512e-01  ,8.984277094524e-01  ,3.569089623363e-01  ,1.443011753766e+00  ,1.296129060258e+00  ,5.007263586465e-01  
  4.446383862371e-07  ,-1.071907685167e+00  ,7.836343025602e-01  ,8.999604036362e-01  ,8.983873031884e-01  ,3.640065610527e-01  ,1.435914246220e+00  ,1.290204454468e+00  ,5.065701519083e-01  
  4.447383869985e-07  ,-1.057543014307e+00  ,7.717419966476e-01  ,8.999604495477e-01  ,8.983471441097e-01  ,3.711889423943e-01  ,1.428731956701e+00  ,1.284218142434e+00  ,5.124761457859e-01  
  4.448383877600e-07  ,-1.043011048866e+00  ,7.597276672764e-01  ,8.999604957785e-01  ,8.983072384415e-01  ,3.784549713457e-01  ,1.421466020211e+00  ,1.278171072080e+00  ,5.184434048033e-01  
  4.449383885214e-07  ,-1.028314450150e+00  ,7.475935378849e-01  ,8.999605423215e-01  ,8.982675934652e-01  ,3.858033172464e-01  ,1.414117767397e+00  ,1.272064362408e+00  ,5.244708245228e-01  
  4.450383892829e-07  ,-1.013455259904e+00  ,7.353413220690e-01  ,8.999605891704e-01  ,8.982282147909e-01  ,3.932329592183e-01  ,1.406688219123e+00  ,1.265898875825e+00  ,5.305575537564e-01  
  4.451383900443e-07  ,-9.984351653153e-01  ,7.229724208902e-01  ,8.999606363192e-01  ,8.981891069574e-01  ,4.007430536616e-01  ,1.399178218977e+00  ,1.259675317403e+00  ,5.367028965124e-01  
  4.452383908058e-07  ,-9.832570566389e-01  ,7.104892192764e-01  ,8.999606837578e-01  ,8.981502775897e-01  ,4.083321554383e-01  ,1.391589212077e+00  ,1.253394887228e+00  ,5.429056679515e-01  
  4.453383915672e-07  ,-9.679233436940e-01  ,6.978936939038e-01  ,8.999607314788e-01  ,8.981117328655e-01  ,4.159990596319e-01  ,1.383922403326e+00  ,1.247058579817e+00  ,5.491648859136e-01  
  4.454383923287e-07  ,-9.524364480285e-01  ,6.851878391646e-01  ,8.999607794758e-01  ,8.980734789947e-01  ,4.237425554615e-01  ,1.376179003490e+00  ,1.240667398577e+00  ,5.554795594124e-01  
  4.455383930901e-07  ,-9.367992046214e-01  ,6.723740054600e-01  ,8.999608277398e-01  ,8.980355230435e-01  ,4.315612254291e-01  ,1.368360430050e+00  ,1.234222525773e+00  ,5.618485203135e-01  
  4.456383938516e-07  ,-9.210132528953e-01  ,6.594535472443e-01  ,8.999608762656e-01  ,8.979978688523e-01  ,4.394542498179e-01  ,1.360467502713e+00  ,1.227724642474e+00  ,5.682710952301e-01  
  4.457383946130e-07  ,-9.050814884647e-01  ,6.464288459699e-01  ,8.999609250441e-01  ,8.979605230710e-01  ,4.474201808118e-01  ,1.352501669276e+00  ,1.221174946056e+00  ,5.747461000861e-01  
  4.458383953745e-07  ,-8.890068373951e-01  ,6.333023105677e-01  ,8.999609740667e-01  ,8.979234924886e-01  ,4.554575553691e-01  ,1.344464392764e+00  ,1.214574647772e+00  ,5.812723372048e-01  
  4.459383961359e-07  ,-8.727915353321e-01  ,6.200757929927e-01  ,8.999610233271e-01  ,8.978867823952e-01  ,4.635652556611e-01  ,1.336356790993e+00  ,1.207924678892e+00  ,5.878488858989e-01  
  4.460383968974e-07  ,-8.564374259478e-01  ,6.067508053629e-01  ,8.999610728192e-01  ,8.978503969979e-01  ,4.717423598453e-01  ,1.328179785793e+00  ,1.201225799679e+00  ,5.944749943165e-01  
  4.461383976588e-07  ,-8.399476621798e-01  ,5.933299183658e-01  ,8.999611225321e-01  ,8.978143432596e-01  ,4.799872914422e-01  ,1.319934953622e+00  ,1.194479302442e+00  ,6.011493840767e-01  
  4.462383984203e-07  ,-8.233248637148e-01  ,5.798152566315e-01  ,8.999611724587e-01  ,8.977786267643e-01  ,4.882987406012e-01  ,1.311623604316e+00  ,1.187686255080e+00  ,6.078709984485e-01  
  4.463383991817e-07  ,-8.065720814374e-01  ,5.662093189436e-01  ,8.999612225914e-01  ,8.977432543294e-01  ,4.966751818727e-01  ,1.303247263310e+00  ,1.180847913801e+00  ,6.146385948576e-01  
  4.464383999432e-07  ,-7.896910739688e-01  ,5.525135427585e-01  ,8.999612729240e-01  ,8.977082298627e-01  ,5.051157359396e-01  ,1.294806809908e+00  ,1.173965001242e+00  ,6.214514584834e-01  
  4.465384007046e-07  ,-7.726849429776e-01  ,5.387304529946e-01  ,8.999613234459e-01  ,8.976735599056e-01  ,5.136188519571e-01  ,1.286303794935e+00  ,1.167038786403e+00  ,6.283083334083e-01  
  4.466384014661e-07  ,-7.555563790850e-01  ,5.248622313924e-01  ,8.999613741498e-01  ,8.976392495475e-01  ,5.221831846073e-01  ,1.277739563692e+00  ,1.160070365244e+00  ,6.352081338513e-01  
  4.467384022275e-07  ,-7.383085211215e-01  ,5.109114415220e-01  ,8.999614250276e-01  ,8.976053048176e-01  ,5.308071644669e-01  ,1.269115685588e+00  ,1.153061025579e+00  ,6.421495840566e-01  
  4.468384029890e-07  ,-7.209437655897e-01  ,4.968800499950e-01  ,8.999614760722e-01  ,8.975717305651e-01  ,5.394895932773e-01  ,1.260433358867e+00  ,1.146011755563e+00  ,6.491317055676e-01  
  4.469384037504e-07  ,-7.034640869357e-01  ,4.827696606288e-01  ,8.999615272770e-01  ,8.975385306560e-01  ,5.482294838091e-01  ,1.251693570745e+00  ,1.138923360970e+00  ,6.561537003416e-01  
  4.470384045119e-07  ,-6.858733073942e-01  ,4.685833714918e-01  ,8.999615786306e-01  ,8.975057122547e-01  ,5.570249249335e-01  ,1.242898232328e+00  ,1.131797398001e+00  ,6.632140265088e-01  
  4.471384052733e-07  ,-6.681738890185e-01  ,4.543231818694e-01  ,8.999616301268e-01  ,8.974732798411e-01  ,5.658746856175e-01  ,1.234048574636e+00  ,1.124634870776e+00  ,6.703116889063e-01  
  4.472384060348e-07  ,-6.503678538578e-01  ,4.399907216308e-01  ,8.999616817593e-01  ,8.974412371692e-01  ,5.747777548305e-01  ,1.225145608688e+00  ,1.117436597985e+00  ,6.774458763538e-01  
  4.473384067962e-07  ,-6.324586492560e-01  ,4.255887575723e-01  ,8.999617335170e-01  ,8.974095907067e-01  ,5.837324088890e-01  ,1.216191058145e+00  ,1.110203969493e+00  ,6.846152119205e-01  
  4.474384075577e-07  ,-6.144495804149e-01  ,4.111199508543e-01  ,8.999617853906e-01  ,8.973783464879e-01  ,5.927369951831e-01  ,1.207186575598e+00  ,1.102938321915e+00  ,6.918183710607e-01  
  4.475384083191e-07  ,-5.963425427002e-01  ,3.965858291618e-01  ,8.999618373754e-01  ,8.973475076867e-01  ,6.017905660253e-01  ,1.198133108725e+00  ,1.095640422268e+00  ,6.990545931058e-01  
  4.476384090806e-07  ,-5.781408719396e-01  ,3.819890727242e-01  ,8.999618894611e-01  ,8.973170797106e-01  ,6.108914534913e-01  ,1.189032325431e+00  ,1.088311616073e+00  ,7.063225433484e-01  
  4.477384098420e-07  ,-5.598474503229e-01  ,3.673319914642e-01  ,8.999619416386e-01  ,8.972870671290e-01  ,6.200382164771e-01  ,1.179885666800e+00  ,1.080953062861e+00  ,7.136210713970e-01  
  4.478384106035e-07  ,-5.414656312306e-01  ,3.526172931161e-01  ,8.999619939003e-01  ,8.972574753925e-01  ,6.292291782850e-01  ,1.170694809516e+00  ,1.073566121951e+00  ,7.209488288345e-01  
  4.479384113649e-07  ,-5.229979687023e-01  ,3.378470500526e-01  ,8.999620462392e-01  ,8.972283085096e-01  ,6.384630618880e-01  ,1.161461030590e+00  ,1.066151833536e+00  ,7.283047834833e-01  
  4.480384121264e-07  ,-5.044465638739e-01  ,3.230229501600e-01  ,8.999620986484e-01  ,8.971995696690e-01  ,6.477388167115e-01  ,1.152185380585e+00  ,1.058711044749e+00  ,7.356880945890e-01  
  4.481384128878e-07  ,-4.858154775475e-01  ,3.081482487212e-01  ,8.999621511164e-01  ,8.971712650694e-01  ,6.570544123427e-01  ,1.142869889890e+00  ,1.051245389430e+00  ,7.430971407087e-01  
  4.482384136493e-07  ,-4.671066808471e-01  ,2.932245157188e-01  ,8.999622036377e-01  ,8.971433978235e-01  ,6.664088632141e-01  ,1.133515544061e+00  ,1.043755655683e+00  ,7.505311399641e-01  
  4.483384144107e-07  ,-4.483236353928e-01  ,2.782545036671e-01  ,8.999622562022e-01  ,8.971159734671e-01  ,6.758004385058e-01  ,1.124124073899e+00  ,1.036243225301e+00  ,7.579887216336e-01  
  4.484384151722e-07  ,-4.294697990381e-01  ,2.632409772695e-01  ,8.999623088007e-01  ,8.970889973129e-01  ,6.852274092817e-01  ,1.114697208320e+00  ,1.028709485948e+00  ,7.654685086781e-01  
  4.485384159336e-07  ,-4.105471545445e-01  ,2.481855209208e-01  ,8.999623614279e-01  ,8.970624720916e-01  ,6.946887841557e-01  ,1.105235938700e+00  ,1.021155232552e+00  ,7.729697116311e-01  
  4.486384166951e-07  ,-3.915591895372e-01  ,2.330909116253e-01  ,8.999624140735e-01  ,8.970364024285e-01  ,7.041828193049e-01  ,1.095742008842e+00  ,1.013581858241e+00  ,7.804909466159e-01  
  4.487384174565e-07  ,-3.725089127980e-01  ,2.179595375648e-01  ,8.999624667281e-01  ,8.970107922413e-01  ,7.137080103291e-01  ,1.086216923127e+00  ,1.005990561024e+00  ,7.880310234589e-01  
  4.488384182180e-07  ,-3.533998187277e-01  ,2.027941926697e-01  ,8.999625193839e-01  ,8.969856461953e-01  ,7.232626100201e-01  ,1.076662428748e+00  ,9.983827425302e-01  ,7.955885498605e-01  
  4.489384189794e-07  ,-3.342345636836e-01  ,1.875970110965e-01  ,8.999625720338e-01  ,8.969609675683e-01  ,7.328452901920e-01  ,1.067079853876e+00  ,9.907594731166e-01  ,8.031624620200e-01  
  4.490384197409e-07  ,-3.150160383275e-01  ,1.723703086737e-01  ,8.999626246696e-01  ,8.969367597743e-01  ,7.424546055059e-01  ,1.057470643833e+00  ,9.831219141112e-01  ,8.107516054375e-01  
  4.491384205023e-07  ,-2.957464945505e-01  ,1.571158693533e-01  ,8.999626772847e-01  ,8.969130254894e-01  ,7.520894300094e-01  ,1.047835924560e+00  ,9.754709601661e-01  ,8.183550908127e-01  
  4.492384212637e-07  ,-2.764302261716e-01  ,1.418370876383e-01  ,8.999627298668e-01  ,8.968897701291e-01  ,7.617476167810e-01  ,1.038177842953e+00  ,9.678083139482e-01  ,8.259712263099e-01  
  4.493384220252e-07  ,-2.570699437808e-01  ,1.265361130149e-01  ,8.999627824094e-01  ,8.968669973469e-01  ,7.714278105190e-01  ,1.028497754300e+00  ,9.601350538544e-01  ,8.335989408395e-01  
  4.494384227866e-07  ,-2.376678654759e-01  ,1.112146935205e-01  ,8.999628349062e-01  ,8.968447099837e-01  ,7.811289021682e-01  ,1.018796767644e+00  ,9.524520567440e-01  ,8.412373632235e-01  
  4.495384235481e-07  ,-2.182282583684e-01  ,9.587619419480e-02  ,8.999628873448e-01  ,8.968229130492e-01  ,7.908487581607e-01  ,1.009077016529e+00  ,9.447610101466e-01  ,8.488848159518e-01  
  4.496384243095e-07  ,-1.987538440731e-01  ,8.052277247070e-02  ,8.999629397188e-01  ,8.968016093432e-01  ,8.005860176823e-01  ,9.993398617554e-01  ,9.370629955785e-01  ,8.565402231078e-01  
  4.497384250710e-07  ,-1.792468505037e-01  ,6.515618230137e-02  ,8.999629920218e-01  ,8.967808011400e-01  ,8.103395667700e-01  ,9.895864172736e-01  ,9.293588922907e-01  ,8.642027099893e-01  
  4.498384258324e-07  ,-1.597115643339e-01  ,4.977979877510e-02  ,8.999630442416e-01  ,8.967604928055e-01  ,8.201072620746e-01  ,9.798188264085e-01  ,9.216503921930e-01  ,8.718705934179e-01  
  4.499384265939e-07  ,-1.401501380034e-01  ,3.439524345613e-02  ,8.999630963682e-01  ,8.967406863420e-01  ,8.298880273665e-01  ,9.700381653699e-01  ,9.139383080701e-01  ,8.795430646139e-01  
  4.500384273553e-07  ,-1.205663104050e-01  ,1.900535482938e-02  ,8.999631483905e-01  ,8.967213850413e-01  ,8.396799931880e-01  ,9.602463035930e-01  ,9.062240624560e-01  ,8.872187076266e-01  
  4.501384281168e-07  ,-1.009631115264e-01  ,3.612567069298e-03  ,8.999632003095e-01  ,8.967025914043e-01  ,8.494816445463e-01  ,9.504447560727e-01  ,8.985088749389e-01  ,8.948963078696e-01  
  4.502384288782e-07  ,-8.134393039786e-02  ,-1.178027939961e-02  ,8.999632521228e-01  ,8.966843084783e-01  ,8.592912869238e-01  ,9.406352173217e-01  ,8.907941687785e-01  ,9.025744481781e-01  
  4.503384296397e-07  ,-6.171134920644e-02  ,-2.717102052628e-02  ,8.999633038200e-01  ,8.966665389724e-01  ,8.691076292168e-01  ,9.308189784232e-01  ,8.830810287092e-01  ,9.102520492355e-01  
  4.504384304011e-07  ,-4.206758687738e-02  ,-4.255789826921e-02  ,8.999633553910e-01  ,8.966492853108e-01  ,8.789295619523e-01  ,9.209971488297e-01  ,8.753703361762e-01  ,9.179282344454e-01  
  4.505384311626e-07  ,-2.241647364061e-02  ,-5.793793809139e-02  ,8.999634068218e-01  ,8.966325519071e-01  ,8.887551700015e-01  ,9.111716436421e-01  ,8.676635828614e-01  ,9.256015209528e-01  
  4.506384319240e-07  ,-2.761204436937e-03  ,-7.330870770772e-02  ,8.999634581040e-01  ,8.966163425916e-01  ,8.985828558855e-01  ,9.013440603224e-01  ,8.599619887378e-01  ,9.332706964455e-01  
  4.507384326855e-07  ,1.689450365507e-02  ,-8.866737160683e-02  ,8.999635092299e-01  ,8.966006605729e-01  ,9.084107610574e-01  ,8.915162574024e-01  ,8.522669747695e-01  ,9.409343463764e-01  
  4.508384334469e-07  ,3.654784838238e-02  ,-1.040117714233e-01  ,8.999635601915e-01  ,8.965855071388e-01  ,9.182374843827e-01  ,8.816896360003e-01  ,8.445796214272e-01  ,9.485913928505e-01  
  4.509384342084e-07  ,5.619655605011e-02  ,-1.193401546212e-01  ,8.999636109830e-01  ,8.965708832715e-01  ,9.280618890081e-01  ,8.718653329580e-01  ,8.369008059609e-01  ,9.562409605821e-01  
  4.510384349698e-07  ,7.583678448421e-02  ,-1.346495574441e-01  ,8.999636615947e-01  ,8.965567909737e-01  ,9.378820538368e-01  ,8.620452693526e-01  ,8.292320122517e-01  ,9.638815696957e-01  
  4.511384357313e-07  ,9.546491252364e-02  ,-1.499371563829e-01  ,8.999637120149e-01  ,8.965432326598e-01  ,9.476961682767e-01  ,8.522312557531e-01  ,8.215746544683e-01  ,9.715118108512e-01  
  4.512384364927e-07  ,1.150788776083e-01  ,-1.652013403365e-01  ,8.999637622375e-01  ,8.965302092583e-01  ,9.575032010417e-01  ,8.424243234333e-01  ,8.139295390900e-01  ,9.791308794265e-01  
  4.513384372542e-07  ,1.346745644643e-01  ,-1.804388908272e-01  ,8.999638122533e-01  ,8.965177218823e-01  ,9.673010944855e-01  ,8.326265300211e-01  ,8.062982764687e-01  ,9.867371672959e-01  
  4.514384380156e-07  ,1.542492456549e-01  ,-1.956476672748e-01  ,8.999638620578e-01  ,8.965057716941e-01  ,9.770884848853e-01  ,8.228392392303e-01  ,7.986819380567e-01  ,9.943296053315e-01  
  4.515384387771e-07  ,1.737999670298e-01  ,-2.108253544875e-01  ,8.999639116455e-01  ,8.964943612843e-01  ,9.868638951604e-01  ,8.130639281306e-01  ,7.910816840405e-01  ,1.001907038528e+00  
  4.516384395385e-07  ,1.933236942574e-01  ,-2.259695825434e-01  ,8.999639610092e-01  ,8.964834940816e-01  ,9.966258081379e-01  ,8.033021138805e-01  ,7.834987028099e-01  ,1.009468285353e+00  
  4.517384403000e-07  ,2.128181123804e-01  ,-2.410785623867e-01  ,8.999640101421e-01  ,8.964731726134e-01  ,1.006373066332e+00  ,7.935549539519e-01  ,7.759338914201e-01  ,1.017012453807e+00  
  4.518384410614e-07  ,2.322793428564e-01  ,-2.561493119507e-01  ,8.999640590329e-01  ,8.964634003254e-01  ,1.016103730461e+00  ,7.838243876047e-01  ,7.683887443501e-01  ,1.024538056301e+00  
  4.519384418229e-07  ,2.517037820775e-01  ,-2.711790524180e-01  ,8.999641076731e-01  ,8.964541786426e-01  ,1.025815998712e+00  ,7.741122166343e-01  ,7.608646524337e-01  ,1.032043704852e+00  
  4.520384425843e-07  ,2.710887224923e-01  ,-2.861656734398e-01  ,8.999641560562e-01  ,8.964455083427e-01  ,1.035508517302e+00  ,7.644197948101e-01  ,7.533626716228e-01  ,1.039528345063e+00  
  4.521384433458e-07  ,2.904319507779e-01  ,-3.011074637073e-01  ,8.999642041753e-01  ,8.964373900579e-01  ,1.045180179564e+00  ,7.547482287863e-01  ,7.458836582043e-01  ,1.046991121912e+00  
  4.522384441072e-07  ,3.097292170200e-01  ,-3.160011405224e-01  ,8.999642520180e-01  ,8.964298245736e-01  ,1.054828860528e+00  ,7.450996435080e-01  ,7.384292543124e-01  ,1.054430394835e+00  
  4.523384448687e-07  ,3.289778227004e-01  ,-3.308446133919e-01  ,8.999642995790e-01  ,8.964228117999e-01  ,1.064453210929e+00  ,7.354753882288e-01  ,7.310005051040e-01  ,1.061845118496e+00  
  4.524384456301e-07  ,3.481755649315e-01  ,-3.456361875888e-01  ,8.999643468528e-01  ,8.964163516601e-01  ,1.074052129319e+00  ,7.258765643870e-01  ,7.235982578657e-01  ,1.069234445454e+00  
  4.525384463916e-07  ,3.673187086884e-01  ,-3.603730013461e-01  ,8.999643938296e-01  ,8.964104444361e-01  ,1.083623748174e+00  ,7.163050394854e-01  ,7.162239437631e-01  ,1.076596945109e+00  
  4.526384471530e-07  ,3.864037192781e-01  ,-3.750523384806e-01  ,8.999644405018e-01  ,8.964050918290e-01  ,1.093166300141e+00  ,7.067625808628e-01  ,7.088789225886e-01  ,1.083931261069e+00  
  4.527384479145e-07  ,4.054279388755e-01  ,-3.896721390345e-01  ,8.999644868647e-01  ,8.964002957258e-01  ,1.102678456302e+00  ,6.972505174270e-01  ,7.015642262086e-01  ,1.091236365243e+00  
  4.528384486759e-07  ,4.243891954299e-01  ,-4.042307338157e-01  ,8.999645329122e-01  ,8.963960575652e-01  ,1.112159130627e+00  ,6.877699351972e-01  ,6.942806906574e-01  ,1.098511424473e+00  
  4.529384494374e-07  ,4.432838041501e-01  ,-4.187253054517e-01  ,8.999645786336e-01  ,8.963923794340e-01  ,1.121606480709e+00  ,6.783226765585e-01  ,6.870297267082e-01  ,1.105755032160e+00  
  4.530384501988e-07  ,4.621082759744e-01  ,-4.331531829517e-01  ,8.999646240216e-01  ,8.963892623387e-01  ,1.131018762009e+00  ,6.689104860344e-01  ,6.798126708628e-01  ,1.112965853815e+00  
  4.531384509603e-07  ,4.808606280429e-01  ,-4.475128471061e-01  ,8.999646690715e-01  ,8.963867064555e-01  ,1.140394983093e+00  ,6.595343550501e-01  ,6.726302829025e-01  ,1.120143130009e+00  
  4.532384517217e-07  ,4.995369128293e-01  ,-4.618012705639e-01  ,8.999647137734e-01  ,8.963847115627e-01  ,1.149733170188e+00  ,6.501962573588e-01  ,6.654840762807e-01  ,1.127285346845e+00  
  4.533384524832e-07  ,5.181351603191e-01  ,-4.760169490397e-01  ,8.999647581223e-01  ,8.963832771149e-01  ,1.159032338282e+00  ,6.408971779628e-01  ,6.583748025950e-01  ,1.134391751635e+00  
  4.534384532446e-07  ,5.366519238206e-01  ,-4.901572578520e-01  ,8.999648021101e-01  ,8.963824020578e-01  ,1.168290764020e+00  ,6.316388401998e-01  ,6.513037731318e-01  ,1.141461030984e+00  
  4.535384540061e-07  ,5.550837938008e-01  ,-5.042195922202e-01  ,8.999648457291e-01  ,8.963820856853e-01  ,1.177506742630e+00  ,6.224229488287e-01  ,6.442722895752e-01  ,1.148491881795e+00  
  4.536384547675e-07  ,5.734288307789e-01  ,-5.182024719200e-01  ,8.999648889747e-01  ,8.963823280047e-01  ,1.186679304364e+00  ,6.132504735853e-01  ,6.372810920447e-01  ,1.155483563965e+00  
  4.537384555290e-07  ,5.916836397021e-01  ,-5.321033149874e-01  ,8.999649318382e-01  ,8.963831292843e-01  ,1.195806751689e+00  ,6.041231119872e-01  ,6.303314717906e-01  ,1.162434786778e+00  
  4.538384562904e-07  ,6.098453222375e-01  ,-5.459199244983e-01  ,8.999649743124e-01  ,8.963844900453e-01  ,1.204887635431e+00  ,5.950423131937e-01  ,6.234245277962e-01  ,1.169344452294e+00  
  4.539384570519e-07  ,6.279105435915e-01  ,-5.596497555875e-01  ,8.999650163913e-01  ,8.963864109819e-01  ,1.213920288187e+00  ,5.860097445956e-01  ,6.165615331882e-01  ,1.176211288776e+00  
  4.540384578133e-07  ,6.458774048914e-01  ,-5.732913632279e-01  ,8.999650580701e-01  ,8.963888924879e-01  ,1.222903760516e+00  ,5.770263556244e-01  ,6.097432108740e-01  ,1.183034574102e+00  
  4.541384585748e-07  ,6.637421260446e-01  ,-5.868418715476e-01  ,8.999650993393e-01  ,8.963919348186e-01  ,1.231836162362e+00  ,5.680940363170e-01  ,6.029709990448e-01  ,1.189812870592e+00  
  4.542384593362e-07  ,6.815028220421e-01  ,-6.002998545783e-01  ,8.999651401946e-01  ,8.963955374994e-01  ,1.240716551216e+00  ,5.592137291736e-01  ,5.962456102103e-01  ,1.196545464789e+00  
  4.543384600977e-07  ,6.991557467322e-01  ,-6.136624752608e-01  ,8.999651806279e-01  ,8.963996989086e-01  ,1.249543053994e+00  ,5.503873072619e-01  ,5.895684612782e-01  ,1.203230936539e+00  
  4.544384608591e-07  ,7.166990361864e-01  ,-6.269283276245e-01  ,8.999652206346e-01  ,8.964044179201e-01  ,1.258314738728e+00  ,5.416157025414e-01  ,5.829402541079e-01  ,1.209868581732e+00  
  4.545384616206e-07  ,7.341294336628e-01  ,-6.400949615661e-01  ,8.999652602065e-01  ,8.964096926924e-01  ,1.267029977038e+00  ,5.329005433750e-01  ,5.763622119093e-01  ,1.216457173475e+00  
  4.546384623820e-07  ,7.514441687055e-01  ,-6.531602967689e-01  ,8.999652993372e-01  ,8.964155219186e-01  ,1.275687383690e+00  ,5.242432149844e-01  ,5.698353735342e-01  ,1.222995670303e+00  
  4.547384631435e-07  ,7.686400607233e-01  ,-6.661219280695e-01  ,8.999653380207e-01  ,8.964219043365e-01  ,1.284285368382e+00  ,5.156453076591e-01  ,5.633609403018e-01  ,1.229482868371e+00  
  4.548384639049e-07  ,7.857153019437e-01  ,-6.789784919939e-01  ,8.999653762528e-01  ,8.964288393844e-01  ,1.292823027225e+00  ,5.071077252809e-01  ,5.569395933874e-01  ,1.235918085381e+00  
  4.549384646664e-07  ,8.026667309669e-01  ,-6.917276135938e-01  ,8.999654140253e-01  ,8.964363263103e-01  ,1.301298779509e+00  ,4.986320485419e-01  ,5.505725195134e-01  ,1.242300133107e+00  
  4.550384654278e-07  ,8.194912268791e-01  ,-7.043669461681e-01  ,8.999654513319e-01  ,8.964443646854e-01  ,1.309711064771e+00  ,4.902198378923e-01  ,5.442608916013e-01  ,1.248627837769e+00  
  4.551384661893e-07  ,8.361864489411e-01  ,-7.168947198579e-01  ,8.999654881682e-01  ,8.964529538925e-01  ,1.318058712639e+00  ,4.818722636976e-01  ,5.380055939635e-01  ,1.254900313821e+00  
  4.552384669507e-07  ,8.527504892602e-01  ,-7.293095050490e-01  ,8.999655245295e-01  ,8.964620931569e-01  ,1.326340769160e+00  ,4.735902798994e-01  ,5.318073406324e-01  ,1.261116845681e+00  
  4.553384677122e-07  ,8.691801197128e-01  ,-7.416088959969e-01  ,8.999655604077e-01  ,8.964717807527e-01  ,1.334555620264e+00  ,4.653755005513e-01  ,5.256673327543e-01  ,1.267276228751e+00  
  4.554384684736e-07  ,8.854723040558e-01  ,-7.537906294897e-01  ,8.999655957970e-01  ,8.964820142719e-01  ,1.342701747825e+00  ,4.572294437691e-01  ,5.195866995270e-01  ,1.273377329017e+00  
  4.555384692351e-07  ,9.016253251104e-01  ,-7.658534247365e-01  ,8.999656306941e-01  ,8.964927922301e-01  ,1.350778293249e+00  ,4.491529681389e-01  ,5.135660798618e-01  ,1.279419504598e+00  
  4.556384699965e-07  ,9.176361855287e-01  ,-7.777950530212e-01  ,8.999656650915e-01  ,8.965041119609e-01  ,1.358783757856e+00  ,4.411475723272e-01  ,5.076065854503e-01  ,1.285401638472e+00  
  4.557384707580e-07  ,9.335019375155e-01  ,-7.896133175900e-01  ,8.999656989830e-01  ,8.965159707247e-01  ,1.366716667741e+00  ,4.332147302253e-01  ,5.017093119297e-01  ,1.291322629520e+00  
  4.558384715194e-07  ,9.492209118574e-01  ,-8.013069761582e-01  ,8.999657323656e-01  ,8.965283670845e-01  ,1.374576188294e+00  ,4.253552764369e-01  ,4.958748790054e-01  ,1.297181855164e+00  
  4.559384722809e-07  ,9.647901945589e-01  ,-8.128738679187e-01  ,8.999657652322e-01  ,8.965412988244e-01  ,1.382360862512e+00  ,4.175706679528e-01  ,4.901043648650e-01  ,1.302978232784e+00  
  4.560384730423e-07  ,9.802073127512e-01  ,-8.243121659254e-01  ,8.999657975770e-01  ,8.965547645265e-01  ,1.390069453953e+00  ,4.098621412014e-01  ,4.843986815639e-01  ,1.308710847489e+00  
  4.561384738038e-07  ,9.954694363244e-01  ,-8.356197664994e-01  ,8.999658293960e-01  ,8.965687624240e-01  ,1.397700547558e+00  ,4.022311112337e-01  ,4.787588791743e-01  ,1.314378645674e+00  
  4.562384745652e-07  ,1.010574445863e+00  ,-8.467950883423e-01  ,8.999658606848e-01  ,8.965832907610e-01  ,1.405253083616e+00  ,3.946786377532e-01  ,4.731857465899e-01  ,1.319980834932e+00  
  4.563384753267e-07  ,1.025520616409e+00  ,-8.578368565849e-01  ,8.999658914394e-01  ,8.965983479753e-01  ,1.412726199644e+00  ,3.872055832350e-01  ,4.676799196829e-01  ,1.325516776268e+00  
  4.564384760881e-07  ,1.040305033662e+00  ,-8.687429298205e-01  ,8.999659216528e-01  ,8.966139312755e-01  ,1.420118438484e+00  ,3.798134048219e-01  ,4.622424663652e-01  ,1.330985396186e+00  
  4.565384768496e-07  ,1.054924966864e+00  ,-8.795113030427e-01  ,8.999659513202e-01  ,8.966300375962e-01  ,1.427428434752e+00  ,3.725034678882e-01  ,4.568743860748e-01  ,1.336385689118e+00  
  4.566384776110e-07  ,1.069378381160e+00  ,-8.901404713472e-01  ,8.999659804380e-01  ,8.966466642489e-01  ,1.434655171018e+00  ,3.652767898579e-01  ,4.515764285753e-01  ,1.341716899922e+00  
  4.567384783724e-07  ,1.083663091156e+00  ,-9.006288219428e-01  ,8.999660090016e-01  ,8.966638081357e-01  ,1.441797554579e+00  ,3.581344634237e-01  ,4.463493971643e-01  ,1.346978219107e+00  
  4.568384791339e-07  ,1.097776873999e+00  ,-9.109747208440e-01  ,8.999660370063e-01  ,8.966814661112e-01  ,1.448854474006e+00  ,3.510776000068e-01  ,4.411941056892e-01  ,1.352168826533e+00  
  4.569384798953e-07  ,1.111717508438e+00  ,-9.211765420547e-01  ,8.999660644474e-01  ,8.966996352358e-01  ,1.455824818666e+00  ,3.441073102286e-01  ,4.361113642084e-01  ,1.357287906263e+00  
  4.570384806568e-07  ,1.125483326515e+00  ,-9.312330766452e-01  ,8.999660913211e-01  ,8.967183134705e-01  ,1.462707754578e+00  ,3.372244280637e-01  ,4.311017751479e-01  ,1.362334851793e+00  
  4.571384814182e-07  ,1.139071560132e+00  ,-9.411423276491e-01  ,8.999661176210e-01  ,8.967374975494e-01  ,1.469501897687e+00  ,3.304303375549e-01  ,4.261663337248e-01  ,1.367308661374e+00  
  4.572384821797e-07  ,1.152479692483e+00  ,-9.509024745509e-01  ,8.999661433431e-01  ,8.967571843613e-01  ,1.476205989585e+00  ,3.237262971015e-01  ,4.213059470859e-01  ,1.372208421637e+00  
  4.573384829411e-07  ,1.165705857910e+00  ,-9.605121547805e-01  ,8.999661684849e-01  ,8.967773712220e-01  ,1.482819097440e+00  ,3.171132395299e-01  ,4.165212938317e-01  ,1.377033448612e+00  
  4.574384837026e-07  ,1.178748057961e+00  ,-9.699699111247e-01  ,8.999661930425e-01  ,8.967980550917e-01  ,1.489340222023e+00  ,3.105921640622e-01  ,4.118130995293e-01  ,1.381783010654e+00  
  4.575384844640e-07  ,1.191604265145e+00  ,-9.792742707675e-01  ,8.999662170119e-01  ,8.968192327418e-01  ,1.495768349585e+00  ,3.041640844392e-01  ,4.071820973580e-01  ,1.386456368126e+00  
  4.576384852255e-07  ,1.204272950281e+00  ,-9.884241343132e-01  ,8.999662403897e-01  ,8.968409016409e-01  ,1.502102715530e+00  ,2.978297652493e-01  ,4.026288344843e-01  ,1.391052968797e+00  
  4.577384859869e-07  ,1.216751574796e+00  ,-9.974176864843e-01  ,8.999662631703e-01  ,8.968630573863e-01  ,1.508342050568e+00  ,2.915904757723e-01  ,3.981542141441e-01  ,1.395571900628e+00  
  4.578384867484e-07  ,1.229037831476e+00  ,-1.006253276245e+00  ,8.999662853503e-01  ,8.968856954294e-01  ,1.514485201088e+00  ,2.854473696125e-01  ,3.937590573068e-01  ,1.400012333552e+00  
  4.579384875098e-07  ,1.241130427437e+00  ,-1.014929976800e+00  ,8.999663069278e-01  ,8.969088130991e-01  ,1.520531520647e+00  ,2.794010932091e-01  ,3.894438246991e-01  ,1.404373801499e+00  
  4.580384882713e-07  ,1.253026813260e+00  ,-1.023445959781e+00  ,8.999663278985e-01  ,8.969324052304e-01  ,1.526479734529e+00  ,2.734529212684e-01  ,3.852094253401e-01  ,1.408655385121e+00  
  4.581384890327e-07  ,1.264725336588e+00  ,-1.031800038246e+00  ,8.999663482596e-01  ,8.969564686604e-01  ,1.532329016554e+00  ,2.676036799656e-01  ,3.810564495373e-01  ,1.412856487784e+00  
  4.582384897942e-07  ,1.276224660569e+00  ,-1.039991259936e+00  ,8.999663680085e-01  ,8.969810008855e-01  ,1.538078698293e+00  ,2.618540377238e-01  ,3.769853709175e-01  ,1.416976630853e+00  
  4.583384905556e-07  ,1.287522248791e+00  ,-1.048017822514e+00  ,8.999663871403e-01  ,8.970059970156e-01  ,1.543727511536e+00  ,2.562052627450e-01  ,3.729970857585e-01  ,1.421014908273e+00  
  4.584384913171e-07  ,1.298616527524e+00  ,-1.055878608059e+00  ,8.999664056527e-01  ,8.970314536754e-01  ,1.549274669415e+00  ,2.506581418905e-01  ,3.690921496459e-01  ,1.424970757705e+00  
  4.585384920785e-07  ,1.309506226211e+00  ,-1.063572720668e+00  ,8.999664235434e-01  ,8.970573679982e-01  ,1.554719536649e+00  ,2.452133104378e-01  ,3.652710076642e-01  ,1.428843728332e+00  
  4.586384928400e-07  ,1.320189212656e+00  ,-1.071098664182e+00  ,8.999664408085e-01  ,8.970837350011e-01  ,1.560061047137e+00  ,2.398718344803e-01  ,3.615344029103e-01  ,1.432633067092e+00  
  4.587384936014e-07  ,1.330663518978e+00  ,-1.078455058837e+00  ,8.999664574454e-01  ,8.971105496990e-01  ,1.565298216934e+00  ,2.346346979566e-01  ,3.578830202807e-01  ,1.436338079117e+00  
  4.588384943629e-07  ,1.340927692997e+00  ,-1.085640881291e+00  ,8.999664734524e-01  ,8.971378081589e-01  ,1.570430319951e+00  ,2.295026269537e-01  ,3.543173675136e-01  ,1.439958248804e+00  
  4.589384951243e-07  ,1.350980186349e+00  ,-1.092655044327e+00  ,8.999664888269e-01  ,8.971655059814e-01  ,1.575456582001e+00  ,2.244763956524e-01  ,3.508379838180e-01  ,1.443493028145e+00  
  4.590384958858e-07  ,1.360819437149e+00  ,-1.099496457376e+00  ,8.999665035662e-01  ,8.971936385867e-01  ,1.580376222141e+00  ,2.195567849917e-01  ,3.474454098989e-01  ,1.446941867274e+00  
  4.591384966472e-07  ,1.370443898601e+00  ,-1.106164046945e+00  ,8.999665176678e-01  ,8.972222014129e-01  ,1.585188466968e+00  ,2.147445683674e-01  ,3.441401779405e-01  ,1.450304224885e+00  
  4.592384974087e-07  ,1.379852418887e+00  ,-1.112657022502e+00  ,8.999665311296e-01  ,8.972511911076e-01  ,1.589892740573e+00  ,2.100403216860e-01  ,3.409226798565e-01  ,1.453579702359e+00  
  4.593384981701e-07  ,1.389043099385e+00  ,-1.118974088634e+00  ,8.999665439484e-01  ,8.972806021741e-01  ,1.594488093641e+00  ,2.054449942560e-01  ,3.377935578569e-01  ,1.456767646491e+00  
  4.594384989316e-07  ,1.398014471417e+00  ,-1.125114249536e+00  ,8.999665561224e-01  ,8.973104302550e-01  ,1.598973791831e+00  ,2.009593204139e-01  ,3.347533054871e-01  ,1.459867555023e+00  
  4.595384996930e-07  ,1.406764889511e+00  ,-1.131076381561e+00  ,8.999665676503e-01  ,8.973406699793e-01  ,1.603349012406e+00  ,1.965841228946e-01  ,3.318024791990e-01  ,1.462878860760e+00  
  4.596385004545e-07  ,1.415293437269e+00  ,-1.136859861398e+00  ,8.999665785308e-01  ,8.973713181387e-01  ,1.607613297165e+00  ,1.923198598964e-01  ,3.289413874400e-01  ,1.465801248838e+00  
  4.597385012159e-07  ,1.423598318585e+00  ,-1.142463470773e+00  ,8.999665887613e-01  ,8.974023682395e-01  ,1.611765748054e+00  ,1.881674294687e-01  ,3.261706328531e-01  ,1.468634103626e+00  
  4.598385019774e-07  ,1.431678384067e+00  ,-1.147886433340e+00  ,8.999665983406e-01  ,8.974338158590e-01  ,1.615805790374e+00  ,1.841274063072e-01  ,3.234905991888e-01  ,1.471377032529e+00  
  4.599385027388e-07  ,1.439532415627e+00  ,-1.153127930706e+00  ,8.999666072674e-01  ,8.974656561036e-01  ,1.619732815081e+00  ,1.802003994537e-01  ,3.209016907508e-01  ,1.474029621457e+00  
  4.600385035003e-07  ,1.447159488691e+00  ,-1.158187349214e+00  ,8.999666155401e-01  ,8.974978851321e-01  ,1.623546359886e+00  ,1.763868711946e-01  ,3.184042105254e-01  ,1.476591559739e+00  
  4.601385042617e-07  ,1.454558077218e+00  ,-1.163063684039e+00  ,8.999666231568e-01  ,8.975304964399e-01  ,1.627245661766e+00  ,1.726875845479e-01  ,3.159986544206e-01  ,1.479062338459e+00  
  4.602385050232e-07  ,1.461726818413e+00  ,-1.167756045025e+00  ,8.999666301167e-01  ,8.975634839188e-01  ,1.630830039323e+00  ,1.691032209104e-01  ,3.136854614062e-01  ,1.481441506431e+00  
  4.603385057846e-07  ,1.468664721157e+00  ,-1.172263784150e+00  ,8.999666364193e-01  ,8.975968430457e-01  ,1.634298996998e+00  ,1.656342758406e-01  ,3.114649509709e-01  ,1.483728735120e+00  
  4.604385065461e-07  ,1.475370739972e+00  ,-1.176586222501e+00  ,8.999666420634e-01  ,8.976305689174e-01  ,1.637652012049e+00  ,1.622812720777e-01  ,3.093374576668e-01  ,1.485923680168e+00  
  4.605385073075e-07  ,1.481844085013e+00  ,-1.180722854046e+00  ,8.999666470480e-01  ,8.976646577142e-01  ,1.640888689555e+00  ,1.590446045414e-01  ,3.073032306910e-01  ,1.488026084737e+00  
  4.606385080690e-07  ,1.488083297734e+00  ,-1.184672751965e+00  ,8.999666513716e-01  ,8.976991020299e-01  ,1.644008300239e+00  ,1.559250025044e-01  ,3.053627260472e-01  ,1.490035478013e+00  
  4.607385088304e-07  ,1.494087512683e+00  ,-1.188435372753e+00  ,8.999666550338e-01  ,8.977338970192e-01  ,1.647010411375e+00  ,1.529228986922e-01  ,3.035162106425e-01  ,1.491951583396e+00  
  4.608385095919e-07  ,1.499856041593e+00  ,-1.192010288816e+00  ,8.999666580341e-01  ,8.977690386937e-01  ,1.649894678831e+00  ,1.500386372375e-01  ,3.017638942859e-01  ,1.493774183101e+00  
  4.609385103533e-07  ,1.505387603972e+00  ,-1.195396711141e+00  ,8.999666603718e-01  ,8.978045192430e-01  ,1.652660462358e+00  ,1.472728583859e-01  ,3.001061636724e-01  ,1.495502874814e+00  
  4.610385111148e-07  ,1.510681435313e+00  ,-1.198594175544e+00  ,8.999666620468e-01  ,8.978403335169e-01  ,1.655307379703e+00  ,1.446259443904e-01  ,2.985432457447e-01  ,1.497137421289e+00  
  4.611385118762e-07  ,1.515736929626e+00  ,-1.201602318999e+00  ,8.999666630591e-01  ,8.978764773150e-01  ,1.657835127872e+00  ,1.420981982459e-01  ,2.970753178153e-01  ,1.498677636815e+00  
  4.612385126377e-07  ,1.520552964284e+00  ,-1.204420476932e+00  ,8.999666634082e-01  ,8.979129425927e-01  ,1.660243145550e+00  ,1.396901812660e-01  ,2.957027041268e-01  ,1.500123181059e+00  
  4.613385133991e-07  ,1.525129034339e+00  ,-1.207048357817e+00  ,8.999666630940e-01  ,8.979497255286e-01  ,1.662531180263e+00  ,1.374021459246e-01  ,2.944255466202e-01  ,1.501473904437e+00  
  4.614385141606e-07  ,1.529464281258e+00  ,-1.209485471551e+00  ,8.999666621166e-01  ,8.979868194514e-01  ,1.664698802746e+00  ,1.352345214875e-01  ,2.932440836758e-01  ,1.502729555227e+00  
  4.615385149220e-07  ,1.533558018366e+00  ,-1.211731436073e+00  ,8.999666604761e-01  ,8.980242186276e-01  ,1.666745669659e+00  ,1.331876512929e-01  ,2.921585005909e-01  ,1.503889936664e+00  
  4.616385156835e-07  ,1.537409501092e+00  ,-1.213785846794e+00  ,8.999666581729e-01  ,8.980619162786e-01  ,1.668671408719e+00  ,1.312619076269e-01  ,2.911689928816e-01  ,1.504954839676e+00  
  4.617385164449e-07  ,1.541018329098e+00  ,-1.215648492717e+00  ,8.999666552073e-01  ,8.980999084920e-01  ,1.670475819757e+00  ,1.294574906581e-01  ,2.902756621337e-01  ,1.505924154850e+00  
  4.618385172064e-07  ,1.544383825840e+00  ,-1.217319024834e+00  ,8.999666515799e-01  ,8.981381883691e-01  ,1.672158564500e+00  ,1.277747386600e-01  ,2.894786759523e-01  ,1.506797700786e+00  
  4.619385179678e-07  ,1.547505379182e+00  ,-1.218797144773e+00  ,8.999666472911e-01  ,8.981767488255e-01  ,1.673719336882e+00  ,1.262139577002e-01  ,2.887781764388e-01  ,1.507575321212e+00  
  4.620385187293e-07  ,1.550382665030e+00  ,-1.220082702327e+00  ,8.999666423418e-01  ,8.982155857205e-01  ,1.675157974857e+00  ,1.247753098270e-01  ,2.881742345570e-01  ,1.508256936884e+00  
  4.621385194907e-07  ,1.553015141059e+00  ,-1.221175454937e+00  ,8.999666367325e-01  ,8.982546917576e-01  ,1.676474207262e+00  ,1.234590662028e-01  ,2.876669642889e-01  ,1.508842419226e+00  
  4.622385202522e-07  ,1.555402329677e+00  ,-1.222075210854e+00  ,8.999666304644e-01  ,8.982940596084e-01  ,1.677667795303e+00  ,1.222654656258e-01  ,2.872564541812e-01  ,1.509331665036e+00  
  4.623385210136e-07  ,1.557543907901e+00  ,-1.222781855635e+00  ,8.999666235384e-01  ,8.983336837298e-01  ,1.678738577489e+00  ,1.211946695877e-01  ,2.869427559125e-01  ,1.509724611547e+00  
  4.624385217751e-07  ,1.559439630889e+00  ,-1.223295310712e+00  ,8.999666159552e-01  ,8.983735596218e-01  ,1.679686431400e+00  ,1.202468005108e-01  ,2.867259042656e-01  ,1.510021214978e+00  
  4.625385225365e-07  ,1.561089113120e+00  ,-1.223615466234e+00  ,8.999666077162e-01  ,8.984136796584e-01  ,1.680511164276e+00  ,1.194220511561e-01  ,2.866059465413e-01  ,1.510221412775e+00  
  4.626385232980e-07  ,1.562492093285e+00  ,-1.223742274905e+00  ,8.999665988227e-01  ,8.984540375751e-01  ,1.681212645465e+00  ,1.187205521801e-01  ,2.865829001227e-01  ,1.510325175027e+00  
  4.627385240594e-07  ,1.563648349845e+00  ,-1.223675719995e+00  ,8.999665892762e-01  ,8.984946270877e-01  ,1.681790764199e+00  ,1.181424143535e-01  ,2.866567670900e-01  ,1.510332487085e+00  
  4.628385248209e-07  ,1.564557700576e+00  ,-1.223415815354e+00  ,8.999665790780e-01  ,8.985354418753e-01  ,1.682245429366e+00  ,1.176877287900e-01  ,2.868275341982e-01  ,1.510243349552e+00  
  4.629385255823e-07  ,1.565220002365e+00  ,-1.222962605407e+00  ,8.999665682300e-01  ,8.985764755255e-01  ,1.682576569412e+00  ,1.173565670475e-01  ,2.870951728218e-01  ,1.510057778229e+00  
  4.630385263438e-07  ,1.565635151137e+00  ,-1.222316165151e+00  ,8.999665567338e-01  ,8.986177215077e-01  ,1.682784132302e+00  ,1.171489811655e-01  ,2.874596389320e-01  ,1.509775804083e+00  
  4.631385271052e-07  ,1.565803081828e+00  ,-1.221476600137e+00  ,8.999665445911e-01  ,8.986591732116e-01  ,1.682868085505e+00  ,1.170650036769e-01  ,2.879208731430e-01  ,1.509397473280e+00  
  4.632385278667e-07  ,1.565723769995e+00  ,-1.220444075060e+00  ,8.999665318043e-01  ,8.987008228915e-01  ,1.682828416802e+00  ,1.171046468068e-01  ,2.884787853616e-01  ,1.508922860422e+00  
  4.633385286281e-07  ,1.565397228087e+00  ,-1.219218704366e+00  ,8.999665183747e-01  ,8.987426661251e-01  ,1.682665132418e+00  ,1.172679043312e-01  ,2.891333139419e-01  ,1.508352018308e+00  
  4.634385293896e-07  ,1.564823505053e+00  ,-1.217800708652e+00  ,8.999665043048e-01  ,8.987846951766e-01  ,1.682378256831e+00  ,1.175547517783e-01  ,2.898843408505e-01  ,1.507685049503e+00  
  4.635385301510e-07  ,1.564002693032e+00  ,-1.216190315431e+00  ,8.999664895968e-01  ,8.988269034291e-01  ,1.681967836113e+00  ,1.179651430807e-01  ,2.907317457138e-01  ,1.506922061144e+00  
  4.636385309125e-07  ,1.562934949355e+00  ,-1.214387831511e+00  ,8.999664742533e-01  ,8.988692831747e-01  ,1.681433948931e+00  ,1.184989995758e-01  ,2.916753674192e-01  ,1.506063198930e+00  
  4.637385316739e-07  ,1.561620390474e+00  ,-1.212393452454e+00  ,8.999664582759e-01  ,8.989118300052e-01  ,1.680776653513e+00  ,1.191562630391e-01  ,2.927151037780e-01  ,1.505108556232e+00  
  4.638385324354e-07  ,1.560059247922e+00  ,-1.210207540704e+00  ,8.999664416678e-01  ,8.989545361850e-01  ,1.679996065629e+00  ,1.199368177066e-01  ,2.938507658329e-01  ,1.504058306537e+00  
  4.639385331968e-07  ,1.558251816266e+00  ,-1.207830509176e+00  ,8.999664244318e-01  ,8.989973938836e-01  ,1.679092332565e+00  ,1.208405162986e-01  ,2.950821392953e-01  ,1.502912648472e+00  
  4.640385339582e-07  ,1.556198356747e+00  ,-1.205262703795e+00  ,8.999664065702e-01  ,8.990403970531e-01  ,1.678065584944e+00  ,1.218672281965e-01  ,2.964090451553e-01  ,1.501671748951e+00  
  4.641385347197e-07  ,1.553899103378e+00  ,-1.202504419857e+00  ,8.999663880853e-01  ,8.990835407549e-01  ,1.676915939774e+00  ,1.230168363962e-01  ,2.978313308264e-01  ,1.500335750683e+00  
  4.642385354811e-07  ,1.551354485019e+00  ,-1.199556179857e+00  ,8.999663689809e-01  ,8.991268166055e-01  ,1.675643611490e+00  ,1.242891264713e-01  ,2.993487266769e-01  ,1.498904906534e+00  
  4.643385362426e-07  ,1.548564979699e+00  ,-1.196418537240e+00  ,8.999663492602e-01  ,8.991702165561e-01  ,1.674248839110e+00  ,1.256838594108e-01  ,3.009609479360e-01  ,1.497379485176e+00  
  4.644385370040e-07  ,1.545530986156e+00  ,-1.193091944701e+00  ,8.999663289257e-01  ,8.992137344710e-01  ,1.672731822004e+00  ,1.272008358479e-01  ,3.026677621206e-01  ,1.495759706821e+00  
  4.645385377655e-07  ,1.542252850725e+00  ,-1.189576784141e+00  ,8.999663079801e-01  ,8.992573653753e-01  ,1.671092733343e+00  ,1.288398826174e-01  ,3.044689733046e-01  ,1.494045757446e+00  
  4.646385385269e-07  ,1.538731192830e+00  ,-1.185873724386e+00  ,8.999662864277e-01  ,8.993011008735e-01  ,1.669331882842e+00  ,1.306006900129e-01  ,3.063642386805e-01  ,1.492237963067e+00  
  4.647385392884e-07  ,1.534966575496e+00  ,-1.181983354101e+00  ,8.999662642718e-01  ,8.993449341298e-01  ,1.667449552020e+00  ,1.324829765240e-01  ,3.083532570794e-01  ,1.490336611180e+00  
  4.648385400498e-07  ,1.530959596640e+00  ,-1.177906291550e+00  ,8.999662415157e-01  ,8.993888582967e-01  ,1.665446039836e+00  ,1.344864431958e-01  ,3.104357125219e-01  ,1.488342004072e+00  
  4.649385408113e-07  ,1.526710890831e+00  ,-1.173643184501e+00  ,8.999662181631e-01  ,8.994328665015e-01  ,1.663321663579e+00  ,1.366107727474e-01  ,3.126112742508e-01  ,1.486254458752e+00  
  4.650385415727e-07  ,1.522221130116e+00  ,-1.169194710133e+00  ,8.999661942178e-01  ,8.994769518605e-01  ,1.661076759276e+00  ,1.388556291600e-01  ,3.148795967939e-01  ,1.484074306927e+00  
  4.651385423342e-07  ,1.517491024352e+00  ,-1.164561574927e+00  ,8.999661696833e-01  ,8.995211074512e-01  ,1.658711681859e+00  ,1.412206575072e-01  ,3.172403199876e-01  ,1.481801894915e+00  
  4.652385430956e-07  ,1.512521321322e+00  ,-1.159744514549e+00  ,8.999661445637e-01  ,8.995653262483e-01  ,1.656226805225e+00  ,1.437054839025e-01  ,3.196930689736e-01  ,1.479437583523e+00  
  4.653385438571e-07  ,1.507312806709e+00  ,-1.154744293724e+00  ,8.999661188628e-01  ,8.996096011439e-01  ,1.653622522217e+00  ,1.463097155082e-01  ,3.222374542818e-01  ,1.476981748006e+00  
  4.654385446185e-07  ,1.501866304011e+00  ,-1.149561706116e+00  ,8.999660925848e-01  ,8.996539250723e-01  ,1.650899244590e+00  ,1.490329405791e-01  ,3.248730720141e-01  ,1.474434778131e+00  
  4.655385453800e-07  ,1.496182674432e+00  ,-1.144197574211e+00  ,8.999660657338e-01  ,8.996982910510e-01  ,1.648057402950e+00  ,1.518747285177e-01  ,3.275995039456e-01  ,1.471797078156e+00  
  4.656385461414e-07  ,1.490262816748e+00  ,-1.138652749176e+00  ,8.999660383137e-01  ,8.997426920915e-01  ,1.645097446688e+00  ,1.548346299399e-01  ,3.304163175033e-01  ,1.469069066680e+00  
  4.657385469029e-07  ,1.484107667157e+00  ,-1.132928110722e+00  ,8.999660103291e-01  ,8.997871211394e-01  ,1.642019843908e+00  ,1.579121767507e-01  ,3.333230657784e-01  ,1.466251176500e+00  
  4.658385476643e-07  ,1.477718199129e+00  ,-1.127024566954e+00  ,8.999659817847e-01  ,8.998315711599e-01  ,1.638825081349e+00  ,1.611068822200e-01  ,3.363192876831e-01  ,1.463343854637e+00  
  4.659385484258e-07  ,1.471095423245e+00  ,-1.120943054243e+00  ,8.999659526846e-01  ,8.998760352394e-01  ,1.635513664307e+00  ,1.644182410622e-01  ,3.394045081178e-01  ,1.460347562361e+00  
  4.660385491872e-07  ,1.464240387031e+00  ,-1.114684537091e+00  ,8.999659230337e-01  ,8.999205065203e-01  ,1.632086116549e+00  ,1.678457295183e-01  ,3.425782379748e-01  ,1.457262775066e+00  
  4.661385499487e-07  ,1.457154174793e+00  ,-1.108250007972e+00  ,8.999658928366e-01  ,8.999649780386e-01  ,1.628542980233e+00  ,1.713888054402e-01  ,3.458399740525e-01  ,1.454089982025e+00  
  4.662385507101e-07  ,1.449837907437e+00  ,-1.101640487166e+00  ,8.999658620980e-01  ,9.000094426701e-01  ,1.624884815817e+00  ,1.750469083793e-01  ,3.491891990871e-01  ,1.450829686253e+00  
  4.663385514716e-07  ,1.442292742295e+00  ,-1.094857022587e+00  ,8.999658308231e-01  ,9.000538933142e-01  ,1.621112201970e+00  ,1.788194596758e-01  ,3.526253820205e-01  ,1.447482404608e+00  
  4.664385522330e-07  ,1.434519872931e+00  ,-1.087900689634e+00  ,8.999657990164e-01  ,9.000983230027e-01  ,1.617225735482e+00  ,1.827058625507e-01  ,3.561479781855e-01  ,1.444048667820e+00  
  4.665385529945e-07  ,1.426520528962e+00  ,-1.080772591020e+00  ,8.999657666831e-01  ,9.001427247508e-01  ,1.613226031164e+00  ,1.867055022021e-01  ,3.597564292407e-01  ,1.440529020261e+00  
  4.666385537559e-07  ,1.418296184515e+00  ,-1.073474050129e+00  ,8.999657338288e-01  ,9.001870902621e-01  ,1.609113826086e+00  ,1.908176415713e-01  ,3.634500651975e-01  ,1.436924115327e+00  
  4.667385545174e-07  ,1.409847708627e+00  ,-1.066005841123e+00  ,8.999657004572e-01  ,9.002314148158e-01  ,1.604889554771e+00  ,1.950418461437e-01  ,3.672284942541e-01  ,1.433234335378e+00  
  4.668385552788e-07  ,1.401176652473e+00  ,-1.058369336607e+00  ,8.999656665748e-01  ,9.002756902423e-01  ,1.600553992811e+00  ,1.993773403383e-01  ,3.710910219388e-01  ,1.429460358546e+00  
  4.669385560403e-07  ,1.392284395131e+00  ,-1.050565746708e+00  ,8.999656321870e-01  ,9.003199096669e-01  ,1.596107829753e+00  ,2.038234346215e-01  ,3.750370363129e-01  ,1.425602783021e+00  
  4.670385568017e-07  ,1.383172346564e+00  ,-1.042596307952e+00  ,8.999655972989e-01  ,9.003640662003e-01  ,1.591551770581e+00  ,2.083794240168e-01  ,3.790659122241e-01  ,1.421662220177e+00  
  4.671385575632e-07  ,1.373841949535e+00  ,-1.034462283068e+00  ,8.999655619163e-01  ,9.004081528744e-01  ,1.586886536684e+00  ,2.130445871489e-01  ,3.831770113402e-01  ,1.417639294409e+00  
  4.672385583246e-07  ,1.364294680447e+00  ,-1.026164960781e+00  ,8.999655260448e-01  ,9.004521627257e-01  ,1.582112866268e+00  ,2.178181858215e-01  ,3.873696823354e-01  ,1.413534643116e+00  
  4.673385590861e-07  ,1.354532049630e+00  ,-1.017705655608e+00  ,8.999654896897e-01  ,9.004960888920e-01  ,1.577231514505e+00  ,2.226994648747e-01  ,3.916432610879e-01  ,1.409348916696e+00  
  4.674385598475e-07  ,1.344555854551e+00  ,-1.009085935930e+00  ,8.999654528576e-01  ,9.005399233199e-01  ,1.572243380133e+00  ,2.276875255824e-01  ,3.959969553550e-01  ,1.405082891285e+00  
  4.675385606090e-07  ,1.334367148322e+00  ,-1.000306714848e+00  ,8.999654155527e-01  ,9.005836613210e-01  ,1.567148989714e+00  ,2.327818413918e-01  ,4.004303038968e-01  ,1.400737018745e+00  
  4.676385613704e-07  ,1.323967804211e+00  ,-9.913696070391e-01  ,8.999653777821e-01  ,9.006272947073e-01  ,1.561949279887e+00  ,2.379814756767e-01  ,4.049424911878e-01  ,1.396312098227e+00  
  4.677385621319e-07  ,1.313359475892e+00  ,-9.822760280603e-01  ,8.999653395520e-01  ,9.006708165749e-01  ,1.556645077498e+00  ,2.432856016059e-01  ,4.095328025447e-01  ,1.391808830605e+00  
  4.678385628933e-07  ,1.302543845292e+00  ,-9.730274181784e-01  ,8.999653008678e-01  ,9.007142201102e-01  ,1.551237223514e+00  ,2.486933782220e-01  ,4.142005110210e-01  ,1.387227929199e+00  
  4.679385636548e-07  ,1.291522904697e+00  ,-9.636254909604e-01  ,8.999652617363e-01  ,9.007574973074e-01  ,1.545726714085e+00  ,2.542038093877e-01  ,4.189447518272e-01  ,1.382570242788e+00  
  4.680385644162e-07  ,1.280297817374e+00  ,-9.540712417246e-01  ,8.999652221621e-01  ,9.008006435982e-01  ,1.540114130849e+00  ,2.598163134752e-01  ,4.237650227359e-01  ,1.377836264460e+00  
  4.681385651777e-07  ,1.268870648883e+00  ,-9.443664282644e-01  ,8.999651821528e-01  ,9.008436510610e-01  ,1.534400506594e+00  ,2.655298577113e-01  ,4.286604369289e-01  ,1.373026865193e+00  
  4.682385659391e-07  ,1.257243511966e+00  ,-9.345128480539e-01  ,8.999651417155e-01  ,9.008865118827e-01  ,1.528586897698e+00  ,2.713433857326e-01  ,4.336300878558e-01  ,1.368142935910e+00  
  4.683385667006e-07  ,1.245417635709e+00  ,-9.245115438788e-01  ,8.999651008544e-01  ,9.009292215755e-01  ,1.522673918709e+00  ,2.772562830000e-01  ,4.386734496361e-01  ,1.363184993515e+00  
  4.684385674620e-07  ,1.233395199421e+00  ,-9.143643561052e-01  ,8.999650595776e-01  ,9.009717722638e-01  ,1.516662659288e+00  ,2.832674598670e-01  ,4.437895942112e-01  ,1.358153950316e+00  
  4.685385682235e-07  ,1.221178115001e+00  ,-9.040728913498e-01  ,8.999650178920e-01  ,9.010141572187e-01  ,1.510554075393e+00  ,2.893759603913e-01  ,4.489777115438e-01  ,1.353050602894e+00  
  4.686385689849e-07  ,1.208768319188e+00  ,-8.936387790137e-01  ,8.999649758032e-01  ,9.010563697847e-01  ,1.504349135397e+00  ,2.955808162094e-01  ,4.542369802779e-01  ,1.347875759292e+00  
  4.687385697464e-07  ,1.196168096418e+00  ,-8.830639506550e-01  ,8.999649333186e-01  ,9.010984021622e-01  ,1.498048981527e+00  ,3.018808851098e-01  ,4.595664268347e-01  ,1.342630377490e+00  
  4.688385705078e-07  ,1.183378775710e+00  ,-8.723495248243e-01  ,8.999648904433e-01  ,9.011402498691e-01  ,1.491654278298e+00  ,3.082755025881e-01  ,4.649654874569e-01  ,1.337315012281e+00  
  4.689385712693e-07  ,1.170402712138e+00  ,-8.614974736151e-01  ,8.999648471855e-01  ,9.011819051231e-01  ,1.485166203255e+00  ,3.147634911165e-01  ,4.704331683156e-01  ,1.331930641931e+00  
  4.690385720307e-07  ,1.157241968512e+00  ,-8.505095149108e-01  ,8.999648035523e-01  ,9.012233613911e-01  ,1.478585787808e+00  ,3.213438192966e-01  ,4.759686039357e-01  ,1.326478118847e+00  
  4.691385727922e-07  ,1.143898970036e+00  ,-8.393876820488e-01  ,8.999647595507e-01  ,9.012646110949e-01  ,1.471914244569e+00  ,3.280152745328e-01  ,4.815707700705e-01  ,1.320958452119e+00  
  4.692385735536e-07  ,1.130375124575e+00  ,-8.281331510217e-01  ,8.999647151855e-01  ,9.013056498840e-01  ,1.465152277473e+00  ,3.347771528981e-01  ,4.872390743732e-01  ,1.315372225395e+00  
  4.693385743151e-07  ,1.116673273979e+00  ,-8.167482946194e-01  ,8.999646704664e-01  ,9.013464691216e-01  ,1.458301307456e+00  ,3.416280334767e-01  ,4.929723218119e-01  ,1.309720616431e+00  
  4.694385750765e-07  ,1.102794869534e+00  ,-8.052343164479e-01  ,8.999646253981e-01  ,9.013870645485e-01  ,1.451362060165e+00  ,3.485671906312e-01  ,4.987699063245e-01  ,1.304004222772e+00  
  4.695385758380e-07  ,1.088742476030e+00  ,-7.935933363352e-01  ,8.999645799892e-01  ,9.014274287076e-01  ,1.444335818004e+00  ,3.555933419743e-01  ,5.046307605400e-01  ,1.298224096875e+00  
  4.696385765994e-07  ,1.074518329012e+00  ,-7.818271966686e-01  ,8.999645342471e-01  ,9.014675551607e-01  ,1.437223698753e+00  ,3.627053697412e-01  ,5.105539568264e-01  ,1.292381153495e+00  
  4.697385773609e-07  ,1.060125049404e+00  ,-7.699380737133e-01  ,8.999644881796e-01  ,9.015074364493e-01  ,1.430027012882e+00  ,3.699019634776e-01  ,5.165383995927e-01  ,1.286476473306e+00  
  4.698385781223e-07  ,1.045564155376e+00  ,-7.579272239930e-01  ,8.999644417916e-01  ,9.015470684244e-01  ,1.422746519480e+00  ,3.771823641035e-01  ,5.225834564279e-01  ,1.280510680421e+00  
  4.699385788838e-07  ,1.030838331273e+00  ,-7.457968591671e-01  ,8.999643950922e-01  ,9.015864438860e-01  ,1.415383560729e+00  ,3.845452294559e-01  ,5.286880143025e-01  ,1.274484873470e+00  
  4.700385796452e-07  ,1.015949917801e+00  ,-7.335488988500e-01  ,8.999643480891e-01  ,9.016255566416e-01  ,1.407939306990e+00  ,3.919893891885e-01  ,5.348511072166e-01  ,1.268400006067e+00  
  4.701385804067e-07  ,1.000901657051e+00  ,-7.211856077513e-01  ,8.999643007896e-01  ,9.016643993439e-01  ,1.400415129315e+00  ,3.995134722641e-01  ,5.410715954683e-01  ,1.262257203220e+00  
  4.702385811681e-07  ,9.856956511788e-01  ,-7.087087301819e-01  ,8.999642532003e-01  ,9.017029665508e-01  ,1.392812078790e+00  ,4.071164276109e-01  ,5.473486014598e-01  ,1.256057331642e+00  
  4.703385819296e-07  ,9.703336364963e-01  ,-6.961196918266e-01  ,8.999642053273e-01  ,9.017412539447e-01  ,1.385131023575e+00  ,4.147973870791e-01  ,5.536814080315e-01  ,1.249801099858e+00  
  4.704385826910e-07  ,9.548189837162e-01  ,-6.834212540872e-01  ,8.999641571813e-01  ,9.017792532390e-01  ,1.377373649039e+00  ,4.225546653232e-01  ,5.600686261955e-01  ,1.243489880283e+00  
  4.705385834525e-07  ,9.391533415153e-01  ,-6.706147583714e-01  ,8.999641087674e-01  ,9.018169603697e-01  ,1.369540779525e+00  ,4.303874380097e-01  ,5.665095811840e-01  ,1.237124339555e+00  
  4.706385842139e-07  ,9.233396143341e-01  ,-6.577025634145e-01  ,8.999640600949e-01  ,9.018543681372e-01  ,1.361633867262e+00  ,4.382942529279e-01  ,5.730030864299e-01  ,1.230705649844e+00  
  4.707385849754e-07  ,9.073803187302e-01  ,-6.446867121244e-01  ,8.999640111720e-01  ,9.018914704711e-01  ,1.353654170537e+00  ,4.462738518069e-01  ,5.795481144090e-01  ,1.224234826533e+00  
  4.708385857368e-07  ,8.912783938123e-01  ,-6.315696100979e-01  ,8.999639620063e-01  ,9.019282608315e-01  ,1.345603158912e+00  ,4.543247651002e-01  ,5.861434557825e-01  ,1.217713065880e+00  
  4.709385864983e-07  ,8.750355367460e-01  ,-6.183526426255e-01  ,8.999639126031e-01  ,9.019647355520e-01  ,1.337481680976e+00  ,4.624461442301e-01  ,5.927884142392e-01  ,1.211141056865e+00  
  4.710385872597e-07  ,8.586547431973e-01  ,-6.050382443841e-01  ,8.999638629726e-01  ,9.020008880092e-01  ,1.329291234571e+00  ,4.706364913739e-01  ,5.994817658171e-01  ,1.204520010201e+00  
  4.711385880212e-07  ,8.421386159309e-01  ,-5.916285217215e-01  ,8.999638131229e-01  ,9.020367122262e-01  ,1.321033121088e+00  ,4.788945051575e-01  ,6.062224513655e-01  ,1.197850973087e+00  
  4.712385887826e-07  ,8.254901947892e-01  ,-5.781259524020e-01  ,8.999637630618e-01  ,9.020722015352e-01  ,1.312708860456e+00  ,4.872186656672e-01  ,6.130092253342e-01  ,1.191135177736e+00  
  4.713385895441e-07  ,8.087112342021e-01  ,-5.645319620688e-01  ,8.999637127949e-01  ,9.021073523940e-01  ,1.304319329896e+00  ,4.956080956938e-01  ,6.198413713596e-01  ,1.184373333428e+00  
  4.714385903055e-07  ,7.918048295594e-01  ,-5.508490551600e-01  ,8.999636623320e-01  ,9.021421586015e-01  ,1.295866077112e+00  ,5.040612475523e-01  ,6.267176310215e-01  ,1.177566686181e+00  
  4.715385910669e-07  ,7.747736675903e-01  ,-5.370793961812e-01  ,8.999636116808e-01  ,9.021766145563e-01  ,1.287350445476e+00  ,5.125767778857e-01  ,6.336369164656e-01  ,1.170716312647e+00  
  4.716385918284e-07  ,7.576208831432e-01  ,-5.232255288693e-01  ,8.999635608497e-01  ,9.022107133691e-01  ,1.278774002421e+00  ,5.211531192781e-01  ,6.405979489344e-01  ,1.163823477804e+00  
  4.717385925898e-07  ,7.403482838559e-01  ,-5.092889156103e-01  ,8.999635098447e-01  ,9.022444513093e-01  ,1.270137651773e+00  ,5.297893679168e-01  ,6.475999935042e-01  ,1.156888909114e+00  
  4.718385933513e-07  ,7.229590573250e-01  ,-4.952721242070e-01  ,8.999634586762e-01  ,9.022778222483e-01  ,1.261442987339e+00  ,5.384839300137e-01  ,6.546417601448e-01  ,1.149913884352e+00  
  4.719385941127e-07  ,7.054559672443e-01  ,-4.811773717485e-01  ,8.999634073520e-01  ,9.023108213623e-01  ,1.252691390974e+00  ,5.472354237299e-01  ,6.617221354881e-01  ,1.142899507237e+00  
  4.720385948742e-07  ,6.878422352029e-01  ,-4.670072614821e-01  ,8.999633558805e-01  ,9.023434425584e-01  ,1.243884473482e+00  ,5.560422382790e-01  ,6.688398118174e-01  ,1.135847073299e+00  
  4.721385956356e-07  ,6.701203188168e-01  ,-4.527637890354e-01  ,8.999633042687e-01  ,9.023756810443e-01  ,1.235023463677e+00  ,5.649031448603e-01  ,6.759937865266e-01  ,1.128757575562e+00  
  4.722385963971e-07  ,6.522928991903e-01  ,-4.384491253270e-01  ,8.999632525245e-01  ,9.024075319435e-01  ,1.226109702120e+00  ,5.738168029293e-01  ,6.831829692800e-01  ,1.121632094607e+00  
  4.723385971585e-07  ,6.343620700518e-01  ,-4.240649464769e-01  ,8.999632006549e-01  ,9.024389916832e-01  ,1.217144235681e+00  ,5.827821656290e-01  ,6.904065184448e-01  ,1.114471464922e+00  
  4.724385979200e-07  ,6.163313704792e-01  ,-4.096140687364e-01  ,8.999631486713e-01  ,9.024700543058e-01  ,1.208128833911e+00  ,5.917974634317e-01  ,6.976630199376e-01  ,1.107277088674e+00  
  4.725385986814e-07  ,5.982041479465e-01  ,-3.950991603897e-01  ,8.999630965821e-01  ,9.025007139180e-01  ,1.199065170555e+00  ,6.008610226089e-01  ,7.049511337231e-01  ,1.100050294113e+00  
  4.726385994429e-07  ,5.799823190686e-01  ,-3.805217528837e-01  ,8.999630443926e-01  ,9.025309670569e-01  ,1.189954203927e+00  ,6.099718848583e-01  ,7.122700906150e-01  ,1.092791843499e+00  
  4.727386002043e-07  ,5.616697225441e-01  ,-3.658849187651e-01  ,8.999629921141e-01  ,9.025608071947e-01  ,1.180797853386e+00  ,6.191281308420e-01  ,7.196183478121e-01  ,1.085503266577e+00  
  4.728386009658e-07  ,5.432682946800e-01  ,-3.511902021974e-01  ,8.999629397523e-01  ,9.025902313870e-01  ,1.171597087092e+00  ,6.283287924123e-01  ,7.269951302883e-01  ,1.078185332486e+00  
  4.729386017272e-07  ,5.247819124158e-01  ,-3.364407004392e-01  ,8.999628873178e-01  ,9.026192337105e-01  ,1.162353843526e+00  ,6.375719311099e-01  ,7.343988834909e-01  ,1.070839583930e+00  
  4.730386024887e-07  ,5.062131623694e-01  ,-3.216384892342e-01  ,8.999628348175e-01  ,9.026478100273e-01  ,1.153069416002e+00  ,6.468562536328e-01  ,7.418285654102e-01  ,1.063467054644e+00  
  4.731386032501e-07  ,4.875641685992e-01  ,-3.067852589839e-01  ,8.999627822582e-01  ,9.026759569758e-01  ,1.143744866558e+00  ,6.561806979586e-01  ,7.492833274838e-01  ,1.056068586468e+00  
  4.732386040116e-07  ,4.688390303082e-01  ,-2.918842692985e-01  ,8.999627296519e-01  ,9.027036683704e-01  ,1.134382244806e+00  ,6.655432144978e-01  ,7.567615337212e-01  ,1.048645803020e+00  
  4.733386047730e-07  ,4.500397336152e-01  ,-2.769370918341e-01  ,8.999626770040e-01  ,9.027309414605e-01  ,1.124982543812e+00  ,6.749428101964e-01  ,7.642623955435e-01  ,1.041199487378e+00  
  4.734386055345e-07  ,4.311697655142e-01  ,-2.619464817515e-01  ,8.999626243237e-01  ,9.027577713874e-01  ,1.115547507081e+00  ,6.843777415666e-01  ,7.717845305117e-01  ,1.033731012263e+00  
  4.735386062959e-07  ,4.122326072566e-01  ,-2.469152056612e-01  ,8.999625716205e-01  ,9.027841529796e-01  ,1.106078875249e+00  ,6.938462679922e-01  ,7.793265501490e-01  ,1.026241755810e+00  
  4.736386070574e-07  ,3.932302544165e-01  ,-2.318448487333e-01  ,8.999625188999e-01  ,9.028100832499e-01  ,1.096577646108e+00  ,7.033473916916e-01  ,7.868876588833e-01  ,1.018732507617e+00  
  4.737386078188e-07  ,3.741662165753e-01  ,-2.167381890269e-01  ,8.999624661725e-01  ,9.028355572402e-01  ,1.087045574460e+00  ,7.128793578849e-01  ,7.944664627268e-01  ,1.011204651754e+00  
  4.738386085803e-07  ,3.550435203900e-01  ,-2.015976150866e-01  ,8.999624134472e-01  ,9.028605711735e-01  ,1.077484173642e+00  ,7.224406532523e-01  ,8.020617636302e-01  ,1.003659378717e+00  
  4.739386093417e-07  ,3.358656799546e-01  ,-1.864259207085e-01  ,8.999623607319e-01  ,9.028851206299e-01  ,1.067895200709e+00  ,7.320295207546e-01  ,8.096721602756e-01  ,9.960980809841e-01  
  4.740386101032e-07  ,3.166353657652e-01  ,-1.712252394738e-01  ,8.999623080337e-01  ,9.029092020798e-01  ,1.058279990916e+00  ,7.416446251511e-01  ,8.172965823429e-01  ,9.885218218167e-01  
  4.741386108646e-07  ,2.973547716205e-01  ,-1.559973070044e-01  ,8.999622553596e-01  ,9.029328127232e-01  ,1.048639641170e+00  ,7.512848695493e-01  ,8.249341592210e-01  ,9.809314662254e-01  
  4.742386116261e-07  ,2.780276356897e-01  ,-1.407450636758e-01  ,8.999622027207e-01  ,9.029559480019e-01  ,1.038976020566e+00  ,7.609483848759e-01  ,8.325834161640e-01  ,9.733284798397e-01  
  4.743386123875e-07  ,2.586575328644e-01  ,-1.254713233335e-01  ,8.999621501255e-01  ,9.029786038039e-01  ,1.029290916558e+00  ,7.706333836934e-01  ,8.402429421372e-01  ,9.657142654707e-01  
  4.744386131490e-07  ,2.392465067639e-01  ,-1.101776961184e-01  ,8.999620975793e-01  ,9.030007776949e-01  ,1.019585350961e+00  ,7.803388441973e-01  ,8.479119296357e-01  ,9.580896257541e-01  
  4.745386139104e-07  ,2.197981471237e-01  ,-9.486700175177e-02  ,8.999620450928e-01  ,9.030224653701e-01  ,1.009861118655e+00  ,7.900629715309e-01  ,8.555889644942e-01  ,9.504559662460e-01  
  4.746386146719e-07  ,2.003160378538e-01  ,-7.954206446421e-02  ,8.999619926755e-01  ,9.030436627518e-01  ,1.000120011602e+00  ,7.998039737486e-01  ,8.632726305197e-01  ,9.428146949839e-01  
  4.747386154333e-07  ,1.808028939485e-01  ,-6.420503828113e-02  ,8.999619403333e-01  ,9.030643669930e-01  ,9.903633873075e-01  ,8.095604933590e-01  ,8.709618478524e-01  ,9.351668861336e-01  
  4.748386161948e-07  ,1.612610516314e-01  ,-4.885767417518e-02  ,8.999618880781e-01  ,9.030845757867e-01  ,9.805924138938e-01  ,8.193313622624e-01  ,8.786557386991e-01  ,9.275134128743e-01  
  4.749386169562e-07  ,1.416949364665e-01  ,-3.350334102068e-02  ,8.999618359232e-01  ,9.031042847201e-01  ,9.708093041565e-01  ,8.291143676899e-01  ,8.863526142098e-01  ,9.198559552305e-01  
  4.750386177177e-07  ,1.221072110623e-01  ,-1.814419651018e-02  ,8.999617838676e-01  ,9.031234911833e-01  ,9.610153893987e-01  ,8.389081783364e-01  ,8.940513929282e-01  ,9.121955894384e-01  
  4.751386184791e-07  ,1.025007408116e-01  ,-2.782578606894e-03  ,8.999617319156e-01  ,9.031421925817e-01  ,9.512121023214e-01  ,8.487113615098e-01  ,9.017509032783e-01  ,9.045334818852e-01  
  4.752386192406e-07  ,8.287775775898e-02  ,1.257971406354e-02  ,8.999616800753e-01  ,9.031603869683e-01  ,9.414005589548e-01  ,8.585228011958e-01  ,9.094502440000e-01  ,8.968705299365e-01  
  4.753386200020e-07  ,6.324199200147e-02  ,2.793966877437e-02  ,8.999616283575e-01  ,9.031780708708e-01  ,9.315826243582e-01  ,8.683406323568e-01  ,9.171479052580e-01  ,8.892082364837e-01  
  4.754386207635e-07  ,4.359700310311e-02  ,4.329445321939e-02  ,8.999615767701e-01  ,9.031952402154e-01  ,9.217600783217e-01  ,8.781630752186e-01  ,9.248424668251e-01  ,8.815480136057e-01  
  4.755386215249e-07  ,2.394549678045e-02  ,5.864191049129e-02  ,8.999615253202e-01  ,9.032118917725e-01  ,9.119342737104e-01  ,8.879887769300e-01  ,9.325328470181e-01  ,8.738909365268e-01  
  4.756386222864e-07  ,4.290498079867e-03  ,7.397970503124e-02  ,8.999614740194e-01  ,9.032280225604e-01  ,9.021067230593e-01  ,8.978162249794e-01  ,9.402178750760e-01  ,8.662381700448e-01  
  4.757386230478e-07  ,-1.536498909309e-02  ,8.930544289095e-02  ,8.999614228715e-01  ,9.032436300315e-01  ,8.922789283250e-01  ,9.076439174181e-01  ,9.478963514769e-01  ,8.585909085860e-01  
  4.758386238093e-07  ,-3.501782094257e-02  ,1.046167121064e-01  ,8.999613718879e-01  ,9.032587118258e-01  ,8.824524614167e-01  ,9.174702823592e-01  ,9.555670678790e-01  ,8.509503557727e-01  
  4.759386245707e-07  ,-5.466478554457e-02  ,1.199110964407e-01  ,8.999613210810e-01  ,9.032732656252e-01  ,8.726289283087e-01  ,9.272937138533e-01  ,9.632288138456e-01  ,8.433177174049e-01  
  4.760386253322e-07  ,-7.430345398469e-02  ,1.351867837404e-01  ,8.999612704594e-01  ,9.032872897981e-01  ,8.628095434670e-01  ,9.371129974517e-01  ,9.708806816683e-01  ,8.356938979279e-01  
  4.761386260936e-07  ,-9.392979450940e-02  ,1.504407557038e-01  ,8.999612200340e-01  ,9.033007820486e-01  ,8.529963227793e-01  ,9.469261172887e-01  ,9.785211599005e-01  ,8.280804041966e-01  
  4.762386268551e-07  ,-1.135406398052e-01  ,1.656706018016e-01  ,8.999611698113e-01  ,9.033137415392e-01  ,8.431908499087e-01  ,9.567314897139e-01  ,9.861490424400e-01  ,8.204784406384e-01  
  4.763386276165e-07  ,-1.331328790604e-01  ,1.808739151955e-01  ,8.999611197987e-01  ,9.033261679260e-01  ,8.333946802685e-01  ,9.665275593289e-01  ,9.937631255238e-01  ,8.128892103283e-01  
  4.764386283780e-07  ,-1.527034279609e-01  ,1.960482931318e-01  ,8.999610700019e-01  ,9.033380602053e-01  ,8.236093560215e-01  ,9.763127839824e-01  ,1.001362206771e+00  ,8.053139136394e-01  
  4.765386291394e-07  ,-1.722487217553e-01  ,2.111909387187e-01  ,8.999610204283e-01  ,9.033494154808e-01  ,8.138366595506e-01  ,9.860853813059e-01  ,1.008944884840e+00  ,7.977539461215e-01  
  4.766386299009e-07  ,-1.917667210216e-01  ,2.263002571051e-01  ,8.999609710829e-01  ,9.033602317027e-01  ,8.040776105721e-01  ,9.958443315937e-01  ,1.016510360255e+00  ,7.902101031502e-01  
  4.767386306623e-07  ,-2.112538453919e-01  ,2.413734608705e-01  ,8.999609219743e-01  ,9.033705055861e-01  ,7.943339992784e-01  ,1.005587844670e+00  ,1.024057236021e+00  ,7.826837751509e-01  
  4.768386314238e-07  ,-2.307070200215e-01  ,2.564081677564e-01  ,8.999608731092e-01  ,9.033802349050e-01  ,7.846073630984e-01  ,1.015314383120e+00  ,1.031584318783e+00  ,7.751761510268e-01  
  4.769386321852e-07  ,-2.501226903907e-01  ,2.714016067940e-01  ,8.999608244940e-01  ,9.033894168771e-01  ,7.748994792987e-01  ,1.025022169689e+00  ,1.039090220274e+00  ,7.676886134801e-01  
  4.770386329467e-07  ,-2.694981678808e-01  ,2.863516737744e-01  ,8.999607761359e-01  ,9.033980491858e-01  ,7.652116921955e-01  ,1.034709860076e+00  ,1.046573886073e+00  ,7.602222122986e-01  
  4.771386337081e-07  ,-2.888312505798e-01  ,3.012566624278e-01  ,8.999607280420e-01  ,9.034061303564e-01  ,7.555451027521e-01  ,1.044376353332e+00  ,1.054034461570e+00  ,7.527777991425e-01  
  4.772386344696e-07  ,-3.081181971547e-01  ,3.161136908008e-01  ,8.999606802245e-01  ,9.034136589112e-01  ,7.459015816472e-01  ,1.054019778802e+00  ,1.061470504312e+00  ,7.453568135108e-01  
  4.773386352310e-07  ,-3.273559428450e-01  ,3.309204114218e-01  ,8.999606326916e-01  ,9.034206353557e-01  ,7.362826612691e-01  ,1.063638604114e+00  ,1.068880841067e+00  ,7.379604296448e-01  
  4.774386359925e-07  ,-3.465409592713e-01  ,3.456740965229e-01  ,8.999605854506e-01  ,9.034270602848e-01  ,7.266901058149e-01  ,1.073231065086e+00  ,1.076264108546e+00  ,7.305900120234e-01  
  4.775386367539e-07  ,-3.656705844758e-01  ,3.603726766394e-01  ,8.999605385082e-01  ,9.034329333114e-01  ,7.171252462703e-01  ,1.082795830746e+00  ,1.083619271631e+00  ,7.232465949917e-01  
  4.776386375154e-07  ,-3.847426408740e-01  ,3.750144745403e-01  ,8.999604918704e-01  ,9.034382538956e-01  ,7.075891714334e-01  ,1.092331812307e+00  ,1.090945491166e+00  ,7.159310166255e-01  
  4.777386382768e-07  ,-4.037534318910e-01  ,3.895966587299e-01  ,8.999604455469e-01  ,9.034430209551e-01  ,6.980837296014e-01  ,1.101837161492e+00  ,1.098241350320e+00  ,7.086446915902e-01  
  4.778386390383e-07  ,-4.226994534104e-01  ,4.041165434237e-01  ,8.999603995444e-01  ,9.034472330351e-01  ,6.886106728392e-01  ,1.111310126250e+00  ,1.105505504747e+00  ,7.013889613233e-01  
  4.779386397997e-07  ,-4.415787135219e-01  ,4.185726004308e-01  ,8.999603538675e-01  ,9.034508890770e-01  ,6.791709971065e-01  ,1.120749710628e+00  ,1.112737189292e+00  ,6.941645888616e-01  
  4.780386405612e-07  ,-4.603877248760e-01  ,4.329621622137e-01  ,8.999603085252e-01  ,9.034539871391e-01  ,6.697664460871e-01  ,1.130154170963e+00  ,1.119935068246e+00  ,6.869729060323e-01  
  4.781386413226e-07  ,-4.791235085110e-01  ,4.472829554641e-01  ,8.999602635252e-01  ,9.034565258404e-01  ,6.603985092698e-01  ,1.139522017781e+00  ,1.127098003572e+00  ,6.798150481084e-01  
  4.782386420841e-07  ,-4.977826332456e-01  ,4.615323430253e-01  ,8.999602188735e-01  ,9.034585047162e-01  ,6.510689022507e-01  ,1.148851535496e+00  ,1.134224676229e+00  ,6.726923332035e-01  
  4.783386428455e-07  ,-5.163631432025e-01  ,4.757088255674e-01  ,8.999601745753e-01  ,9.034599239471e-01  ,6.417786029740e-01  ,1.158141746177e+00  ,1.141314336731e+00  ,6.656055111634e-01  
  4.784386436070e-07  ,-5.348611415681e-01  ,4.898094162133e-01  ,8.999601306410e-01  ,9.034607842240e-01  ,6.325295598569e-01  ,1.167390701425e+00  ,1.148365492331e+00  ,6.585560761173e-01  
  4.785386443684e-07  ,-5.532740553753e-01  ,5.038321388183e-01  ,8.999600870759e-01  ,9.034610862919e-01  ,6.233230593882e-01  ,1.176597114764e+00  ,1.155377155701e+00  ,6.515450168827e-01  
  4.786386451299e-07  ,-5.715997846621e-01  ,5.177753936279e-01  ,8.999600438854e-01  ,9.034608307247e-01  ,6.141601515543e-01  ,1.185759936216e+00  ,1.162348527539e+00  ,6.445731339108e-01  
  4.787386458913e-07  ,-5.898343053272e-01  ,5.316361184136e-01  ,8.999600010793e-01  ,9.034600182328e-01  ,6.050428484157e-01  ,1.194877153743e+00  ,1.169278077440e+00  ,6.376419590260e-01  
  4.788386466528e-07  ,-6.079756918784e-01  ,5.454128551137e-01  ,8.999599586623e-01  ,9.034586487327e-01  ,5.959721127231e-01  ,1.203947804602e+00  ,1.176165076290e+00  ,6.307522211758e-01  
  4.789386474142e-07  ,-6.260201222749e-01  ,5.591027010386e-01  ,8.999599166427e-01  ,9.034567216762e-01  ,5.869498555053e-01  ,1.212969977780e+00  ,1.183008072195e+00  ,6.239053711569e-01  
  4.790386481757e-07  ,-6.439650858251e-01  ,5.727037382554e-01  ,8.999598750261e-01  ,9.034542365954e-01  ,5.779773321135e-01  ,1.221942417939e+00  ,1.189806105723e+00  ,6.171023674677e-01  
  4.791386489371e-07  ,-6.618085358732e-01  ,5.862144150960e-01  ,8.999598338176e-01  ,9.034511932777e-01  ,5.690555658810e-01  ,1.230864101754e+00  ,1.196558400826e+00  ,6.103439857297e-01  
  4.792386496985e-07  ,-6.795470077091e-01  ,5.996321165024e-01  ,8.999597930263e-01  ,9.034475916546e-01  ,5.601862891718e-01  ,1.239733296881e+00  ,1.203263649906e+00  ,6.036315334034e-01  
  4.793386504600e-07  ,-6.971772361454e-01  ,6.129543729070e-01  ,8.999597526590e-01  ,9.034434323717e-01  ,5.513711345864e-01  ,1.248548370732e+00  ,1.209920618825e+00  ,5.969662459182e-01  
  4.794386512214e-07  ,-7.146973705997e-01  ,6.261797832495e-01  ,8.999597127197e-01  ,9.034387160929e-01  ,5.426110274198e-01  ,1.257308398020e+00  ,1.216528607718e+00  ,5.903488244682e-01  
  4.795386519829e-07  ,-7.321041765936e-01  ,6.393059059988e-01  ,8.999596732161e-01  ,9.034334443225e-01  ,5.339075849193e-01  ,1.266011761513e+00  ,1.223086397322e+00  ,5.837804913231e-01  
  4.796386527443e-07  ,-7.493949011504e-01  ,6.523306681419e-01  ,8.999596341548e-01  ,9.034276188755e-01  ,5.252621835796e-01  ,1.274657084730e+00  ,1.229592952946e+00  ,5.772622848046e-01  
  4.797386535058e-07  ,-7.665663833249e-01  ,6.652516730475e-01  ,8.999595955409e-01  ,9.034212416876e-01  ,5.166764038784e-01  ,1.283242787203e+00  ,1.236047078211e+00  ,5.707954051639e-01  
  4.798386542672e-07  ,-7.836168264545e-01  ,6.780675621590e-01  ,8.999595573789e-01  ,9.034143134971e-01  ,5.081511441517e-01  ,1.291767970606e+00  ,1.242448094577e+00  ,5.643805324176e-01  
  4.799386550287e-07  ,-8.005426584637e-01  ,6.907756351540e-01  ,8.999595196778e-01  ,9.034068354002e-01  ,4.996881904459e-01  ,1.300230848910e+00  ,1.248794652977e+00  ,5.580190178232e-01  
  4.800386557901e-07  ,-8.173421020011e-01  ,7.033745559888e-01  ,8.999594824413e-01  ,9.033988077923e-01  ,4.912884314407e-01  ,1.308630533442e+00  ,1.255086085787e+00  ,5.517115297979e-01  
  4.801386565516e-07  ,-8.340120532414e-01  ,7.158619981326e-01  ,8.999594456762e-01  ,9.033902314293e-01  ,4.829534190555e-01  ,1.316965472297e+00  ,1.261321230496e+00  ,5.454592323630e-01  
  4.802386573130e-07  ,-8.505498752625e-01  ,7.282359894995e-01  ,8.999594093887e-01  ,9.033811070317e-01  ,4.746844717574e-01  ,1.325234347020e+00  ,1.267499101781e+00  ,5.392631122820e-01  
  4.803386580745e-07  ,-8.669525451156e-01  ,7.404942538629e-01  ,8.999593735842e-01  ,9.033714357067e-01  ,4.664831010264e-01  ,1.333435646142e+00  ,1.273618562638e+00  ,5.331243087752e-01  
  4.804386588359e-07  ,-8.832177946366e-01  ,7.526350760779e-01  ,8.999593382673e-01  ,9.033612189066e-01  ,4.583504409490e-01  ,1.341568235586e+00  ,1.279678756945e+00  ,5.270436808676e-01  
  4.805386595974e-07  ,-8.993437754368e-01  ,7.646570714427e-01  ,8.999593034428e-01  ,9.033504581190e-01  ,4.502874157244e-01  ,1.349631191161e+00  ,1.285678993840e+00  ,5.210219223977e-01  
  4.806386603588e-07  ,-9.153273609488e-01  ,7.765579109338e-01  ,8.999592691186e-01  ,9.033391561488e-01  ,4.422955886443e-01  ,1.357622949593e+00  ,1.291618111616e+00  ,5.150602006818e-01  
  4.807386611203e-07  ,-9.311656129609e-01  ,7.883354062353e-01  ,8.999592353002e-01  ,9.033273158540e-01  ,4.343764288197e-01  ,1.365542041781e+00  ,1.297495018972e+00  ,5.091596127364e-01  
  4.808386618817e-07  ,-9.468568710175e-01  ,7.999883199163e-01  ,8.999592019909e-01  ,9.033149387060e-01  ,4.265307664822e-01  ,1.373387637500e+00  ,1.303309098664e+00  ,5.033207787479e-01  
  4.809386626432e-07  ,-9.623982381652e-01  ,8.115144996852e-01  ,8.999591691977e-01  ,9.033020272255e-01  ,4.187600501150e-01  ,1.381158288280e+00  ,1.309059277068e+00  ,4.975447773829e-01  
  4.810386634046e-07  ,-9.777868686518e-01  ,8.229118265891e-01  ,8.999591369258e-01  ,9.032885838083e-01  ,4.110657025998e-01  ,1.388852571252e+00  ,1.314744497103e+00  ,4.918326705138e-01  
  4.811386641661e-07  ,-9.930211524382e-01  ,8.341791033711e-01  ,8.999591051780e-01  ,9.032746096686e-01  ,4.034485289589e-01  ,1.396469681397e+00  ,1.320364161354e+00  ,4.861850579831e-01  
  4.812386649275e-07  ,-1.008097897400e+00  ,8.453139562288e-01  ,8.999590739612e-01  ,9.032601069564e-01  ,3.959101252613e-01  ,1.404008022661e+00  ,1.325917085071e+00  ,4.806031288420e-01  
  4.813386656890e-07  ,-1.023015014674e+00  ,8.563148289717e-01  ,8.999590432798e-01  ,9.032450771377e-01  ,3.884515359426e-01  ,1.411466550617e+00  ,1.331402491624e+00  ,4.750876626519e-01  
  4.814386664504e-07  ,-1.037770806855e+00  ,8.671804672504e-01  ,8.999590131375e-01  ,9.032295216728e-01  ,3.810736097101e-01  ,1.418844416565e+00  ,1.336819755298e+00  ,4.696392880476e-01  
  4.815386672119e-07  ,-1.052362409290e+00  ,8.779087645627e-01  ,8.999589835408e-01  ,9.032134434759e-01  ,3.737777788959e-01  ,1.426140188186e+00  ,1.342167825757e+00  ,4.642590611945e-01  
  4.816386679733e-07  ,-1.066787142965e+00  ,8.884977496394e-01  ,8.999589544943e-01  ,9.031968460609e-01  ,3.665653830115e-01  ,1.433352525977e+00  ,1.347445720881e+00  ,4.589479712412e-01  
  4.817386687348e-07  ,-1.081043497729e+00  ,8.989463107793e-01  ,8.999589260007e-01  ,9.031797314639e-01  ,3.594371771364e-01  ,1.440480674865e+00  ,1.352652886854e+00  ,4.537065760742e-01  
  4.818386694962e-07  ,-1.095128485152e+00  ,9.092522469725e-01  ,8.999588980661e-01  ,9.031621038201e-01  ,3.523946554903e-01  ,1.447523140642e+00  ,1.357788227306e+00  ,4.485359803339e-01  
  4.819386702577e-07  ,-1.109040155888e+00  ,9.194141192696e-01  ,8.999588706944e-01  ,9.031439659958e-01  ,3.454387927503e-01  ,1.454478948638e+00  ,1.362851025631e+00  ,4.434369063610e-01  
  4.820386710191e-07  ,-1.122776928003e+00  ,9.294307693061e-01  ,8.999588438888e-01  ,9.031253202908e-01  ,3.385703798871e-01  ,1.461347307890e+00  ,1.367840704944e+00  ,4.384099356378e-01  
  4.821386717806e-07  ,-1.136335789608e+00  ,9.392999952414e-01  ,8.999588176555e-01  ,9.031061708444e-01  ,3.317909228517e-01  ,1.468126712459e+00  ,1.372756168465e+00  ,4.334561732237e-01  
  4.822386725420e-07  ,-1.149715315869e+00  ,9.490207614041e-01  ,8.999587919977e-01  ,9.030865193941e-01  ,3.251011340632e-01  ,1.474816449932e+00  ,1.377596900096e+00  ,4.285761386921e-01  
  4.823386733035e-07  ,-1.162912695322e+00  ,9.585910200295e-01  ,8.999587669201e-01  ,9.030663694049e-01  ,3.185024192590e-01  ,1.481415114581e+00  ,1.382361879420e+00  ,4.237708593902e-01  
  4.824386740649e-07  ,-1.175926102196e+00  ,9.680094358499e-01  ,8.999587424257e-01  ,9.030457234327e-01  ,3.119956913277e-01  ,1.487921793524e+00  ,1.387050441358e+00  ,4.190410055077e-01  
  4.825386748264e-07  ,-1.188754057042e+00  ,9.772749353290e-01  ,8.999587185175e-01  ,9.030245837290e-01  ,3.055816899964e-01  ,1.494335747039e+00  ,1.391662051393e+00  ,4.143871160644e-01  
  4.826386755878e-07  ,-1.201394069230e+00  ,9.863857200466e-01  ,8.999586952008e-01  ,9.030029543026e-01  ,2.992616605855e-01  ,1.500655729816e+00  ,1.396195814326e+00  ,4.098100942793e-01  
  4.827386763493e-07  ,-1.213844138325e+00  ,9.953403525521e-01  ,8.999586724792e-01  ,9.029808387136e-01  ,2.930366033165e-01  ,1.506880741642e+00  ,1.400651014990e+00  ,4.053106624375e-01  
  4.828386771107e-07  ,-1.226101994388e+00  ,1.004137189541e+00  ,8.999586503560e-01  ,9.029582413857e-01  ,2.869076531618e-01  ,1.513009647550e+00  ,1.405026836156e+00  ,4.008896466149e-01  
  4.829386778722e-07  ,-1.238165949927e+00  ,1.012775004901e+00  ,8.999586288342e-01  ,9.029351659626e-01  ,2.808756538708e-01  ,1.519041603798e+00  ,1.409322668413e+00  ,3.965476635123e-01  
  4.830386786336e-07  ,-1.250034197774e+00  ,1.021252490270e+00  ,8.999586079170e-01  ,9.029116163928e-01  ,2.749415090298e-01  ,1.524975706804e+00  ,1.413537861528e+00  ,3.922853712578e-01  
  4.831386793951e-07  ,-1.261705352079e+00  ,1.029568653233e+00  ,8.999585876073e-01  ,9.028875956055e-01  ,2.691059115679e-01  ,1.530811263647e+00  ,1.417671922222e+00  ,3.881032689892e-01  
  4.832386801565e-07  ,-1.273177105633e+00  ,1.037721851900e+00  ,8.999585679097e-01  ,9.028631082648e-01  ,2.633700150930e-01  ,1.536547120726e+00  ,1.421724034215e+00  ,3.840021823150e-01  
  4.833386809180e-07  ,-1.284447639525e+00  ,1.045710800260e+00  ,8.999585488273e-01  ,9.028381577862e-01  ,2.577347290648e-01  ,1.542182368590e+00  ,1.425693557916e+00  ,3.799827576562e-01  
  4.834386816794e-07  ,-1.295514898624e+00  ,1.053534033332e+00  ,8.999585303625e-01  ,9.028127483734e-01  ,2.522010810504e-01  ,1.547715979675e+00  ,1.429579765039e+00  ,3.760457317075e-01  
  4.835386824409e-07  ,-1.306377360701e+00  ,1.061190462116e+00  ,8.999585125177e-01  ,9.027868835481e-01  ,2.467698321673e-01  ,1.553147192868e+00  ,1.433382114606e+00  ,3.721916524901e-01  
  4.836386832023e-07  ,-1.317033399588e+00  ,1.068678927777e+00  ,8.999584952954e-01  ,9.027605672018e-01  ,2.414417955013e-01  ,1.558475195090e+00  ,1.437100031090e+00  ,3.684211033135e-01  
  4.837386839638e-07  ,-1.327481371798e+00  ,1.075998265786e+00  ,8.999584786986e-01  ,9.027338033846e-01  ,2.362177927998e-01  ,1.563699164597e+00  ,1.440732936278e+00  ,3.647346704915e-01  
  4.838386847252e-07  ,-1.337720042831e+00  ,1.083147611359e+00  ,8.999584627298e-01  ,9.027065952437e-01  ,2.310984413144e-01  ,1.568818484145e+00  ,1.444280400923e+00  ,3.611327895643e-01  
  4.839386854867e-07  ,-1.347747370672e+00  ,1.090125542873e+00  ,8.999584473929e-01  ,9.026789482550e-01  ,2.260847620569e-01  ,1.573832132729e+00  ,1.447741719692e+00  ,3.576161768184e-01  
  4.840386862481e-07  ,-1.357561516207e+00  ,1.096930782212e+00  ,8.999584326901e-01  ,9.026508680778e-01  ,2.211776745864e-01  ,1.578739190794e+00  ,1.451116259184e+00  ,3.541854769716e-01  
  4.841386870096e-07  ,-1.367161127974e+00  ,1.103562383906e+00  ,8.999584186225e-01  ,9.026223590631e-01  ,2.163778546355e-01  ,1.583538982609e+00  ,1.454403551016e+00  ,3.508411671101e-01  
  4.842386877710e-07  ,-1.376545117009e+00  ,1.110019592742e+00  ,8.999584051920e-01  ,9.025934246198e-01  ,2.116858466873e-01  ,1.588230963697e+00  ,1.457603220991e+00  ,3.475836282490e-01  
  4.843386885325e-07  ,-1.385711659715e+00  ,1.116301151549e+00  ,8.999583924019e-01  ,9.025640703067e-01  ,2.071025625445e-01  ,1.592814222259e+00  ,1.460714646081e+00  ,3.444134945324e-01  
  4.844386892939e-07  ,-1.394659082570e+00  ,1.122405910782e+00  ,8.999583802541e-01  ,9.025343011588e-01  ,2.026288389691e-01  ,1.597287921539e+00  ,1.463737256550e+00  ,3.413313457676e-01  
  4.845386900554e-07  ,-1.403386454094e+00  ,1.128333232194e+00  ,8.999583687499e-01  ,9.025041201566e-01  ,1.982651417027e-01  ,1.601651595797e+00  ,1.466670736254e+00  ,3.383375040595e-01  
  4.846386908168e-07  ,-1.411892163889e+00  ,1.134082017570e+00  ,8.999583578916e-01  ,9.024735326880e-01  ,1.940122759473e-01  ,1.605904439836e+00  ,1.469514541473e+00  ,3.354325239031e-01  
  4.847386915783e-07  ,-1.420174664931e+00  ,1.139651215685e+00  ,8.999583476810e-01  ,9.024425444130e-01  ,1.898710152155e-01  ,1.610045680146e+00  ,1.472268152255e+00  ,3.326169365705e-01  
  4.848386923397e-07  ,-1.428232821919e+00  ,1.145040055103e+00  ,8.999583381186e-01  ,9.024111596654e-01  ,1.858419271594e-01  ,1.614074749078e+00  ,1.474931187217e+00  ,3.298911321141e-01  
  4.849386931012e-07  ,-1.436065722426e+00  ,1.150247922542e+00  ,8.999583292059e-01  ,9.023793820121e-01  ,1.819254679929e-01  ,1.617991190419e+00  ,1.477503343283e+00  ,3.272554207413e-01  
  4.850386938626e-07  ,-1.443671649508e+00  ,1.155273670750e+00  ,8.999583209453e-01  ,9.023472185503e-01  ,1.781224961911e-01  ,1.621794145699e+00  ,1.479984053925e+00  ,3.247103831752e-01  
  4.851386946241e-07  ,-1.451049555717e+00  ,1.160116604878e+00  ,8.999583133374e-01  ,9.023146741030e-01  ,1.744335354790e-01  ,1.625483091196e+00  ,1.482372976542e+00  ,3.222563716641e-01  
  4.852386953855e-07  ,-1.458198602697e+00  ,1.164776174015e+00  ,8.999583063834e-01  ,9.022817526113e-01  ,1.708590050350e-01  ,1.629057607732e+00  ,1.484669839619e+00  ,3.198936656036e-01  
  4.853386961470e-07  ,-1.465117395131e+00  ,1.169251467788e+00  ,8.999583000849e-01  ,9.022484606732e-01  ,1.673996025197e-01  ,1.632516997650e+00  ,1.486874194567e+00  ,3.176227267793e-01  
  4.854386969084e-07  ,-1.471804671745e+00  ,1.173541670159e+00  ,8.999582944431e-01  ,9.022148043475e-01  ,1.640559585705e-01  ,1.635860630316e+00  ,1.488985639427e+00  ,3.154439692680e-01  
  4.855386976699e-07  ,-1.478259516805e+00  ,1.177646189752e+00  ,8.999582894582e-01  ,9.021807882213e-01  ,1.608285310559e-01  ,1.639088047860e+00  ,1.491003883098e+00  ,3.133576933451e-01  
  4.856386984313e-07  ,-1.484481198967e+00  ,1.181564559948e+00  ,8.999582851310e-01  ,9.021464160885e-01  ,1.577176856473e-01  ,1.642198884615e+00  ,1.492928696062e+00  ,3.113641361146e-01  
  4.857386991928e-07  ,-1.490468504049e+00  ,1.185296013342e+00  ,8.999582814629e-01  ,9.021116944754e-01  ,1.547240294385e-01  ,1.645192533487e+00  ,1.494759701147e+00  ,3.094636878042e-01  
  4.858386999542e-07  ,-1.496220342279e+00  ,1.188839871133e+00  ,8.999582784540e-01  ,9.020766297847e-01  ,1.518481073146e-01  ,1.648068449593e+00  ,1.496496565351e+00  ,3.076566942180e-01  
  4.859387007157e-07  ,-1.501736116793e+00  ,1.192195765204e+00  ,8.999582761046e-01  ,9.020412256976e-01  ,1.490902177082e-01  ,1.650826334501e+00  ,1.498139108299e+00  ,3.059433430958e-01  
  4.860387014771e-07  ,-1.507014672262e+00  ,1.195362989091e+00  ,8.999582744152e-01  ,9.020054897007e-01  ,1.464509382842e-01  ,1.653465610546e+00  ,1.499686984246e+00  ,3.043239951554e-01  
  4.861387022386e-07  ,-1.512055460795e+00  ,1.198341214408e+00  ,8.999582733860e-01  ,9.019694256722e-01  ,1.439305429884e-01  ,1.655986003784e+00  ,1.501140032876e+00  ,3.027988184681e-01  
  4.862387030000e-07  ,-1.516857425432e+00  ,1.201129814295e+00  ,8.999582730171e-01  ,9.019330414806e-01  ,1.415295603010e-01  ,1.658386985733e+00  ,1.502497948628e+00  ,3.013681343329e-01  
  4.863387037615e-07  ,-1.521419910921e+00  ,1.203728408563e+00  ,8.999582733084e-01  ,9.018963423860e-01  ,1.392483178480e-01  ,1.660668228769e+00  ,1.503760546668e+00  ,3.000321381042e-01  
  4.864387045229e-07  ,-1.525742236590e+00  ,1.206136609083e+00  ,8.999582742598e-01  ,9.018593340226e-01  ,1.370871559647e-01  ,1.662829392555e+00  ,1.504927638564e+00  ,2.987910294812e-01  
  4.865387052844e-07  ,-1.529823736814e+00  ,1.208354044905e+00  ,8.999582758715e-01  ,9.018220221462e-01  ,1.350464074643e-01  ,1.664870144279e+00  ,1.505999044599e+00  ,2.976449996938e-01  
  4.866387060458e-07  ,-1.533663775061e+00  ,1.210380370840e+00  ,8.999582781431e-01  ,9.017844125798e-01  ,1.331263906127e-01  ,1.666790165674e+00  ,1.506974598000e+00  ,2.965942271599e-01  
  4.867387068073e-07  ,-1.537261893170e+00  ,1.212215345750e+00  ,8.999582810745e-01  ,9.017465097236e-01  ,1.313273344895e-01  ,1.668589227660e+00  ,1.507854182599e+00  ,2.956388368488e-01  
  4.868387075687e-07  ,-1.540617357149e+00  ,1.213858592548e+00  ,8.999582846654e-01  ,9.017083209488e-01  ,1.296496060909e-01  ,1.670266963240e+00  ,1.508637617223e+00  ,2.947790246747e-01  
  4.869387083302e-07  ,-1.543729636884e+00  ,1.215309854498e+00  ,8.999582889150e-01  ,9.016698522304e-01  ,1.280934704732e-01  ,1.671823107357e+00  ,1.509324779479e+00  ,2.940149249816e-01  
  4.870387090916e-07  ,-1.546598244011e+00  ,1.216568905204e+00  ,8.999582938226e-01  ,9.016311096505e-01  ,1.266591718172e-01  ,1.673257415828e+00  ,1.509915562253e+00  ,2.933466570485e-01  
  4.871387098531e-07  ,-1.549222729913e+00  ,1.217635548655e+00  ,8.999582993875e-01  ,9.015920994487e-01  ,1.253469344310e-01  ,1.674569664344e+00  ,1.510409873776e+00  ,2.927743251211e-01  
  4.872387106145e-07  ,-1.551602684788e+00  ,1.218509619253e+00  ,8.999583056088e-01  ,9.015528279829e-01  ,1.241569632150e-01  ,1.675759648003e+00  ,1.510807637609e+00  ,2.922980183564e-01  
  4.873387113759e-07  ,-1.553737683243e+00  ,1.219190965232e+00  ,8.999583124851e-01  ,9.015133026627e-01  ,1.230894708634e-01  ,1.676827154107e+00  ,1.511108785279e+00  ,2.919178200468e-01  
  4.874387121374e-07  ,-1.555627440731e+00  ,1.219679502547e+00  ,8.999583200156e-01  ,9.014735290915e-01  ,1.221445996503e-01  ,1.677772040381e+00  ,1.511313280365e+00  ,2.916337778179e-01  
  4.875387128988e-07  ,-1.557271743529e+00  ,1.219975177298e+00  ,8.999583281995e-01  ,9.014335118275e-01  ,1.213224564348e-01  ,1.678594199964e+00  ,1.511421100477e+00  ,2.914459231784e-01  
  4.876387136603e-07  ,-1.558670222857e+00  ,1.220077919952e+00  ,8.999583370349e-01  ,9.013932596575e-01  ,1.206232256062e-01  ,1.679293448464e+00  ,1.511432219634e+00  ,2.913542996815e-01  
  4.877387144217e-07  ,-1.559822736769e+00  ,1.219987725039e+00  ,8.999583465209e-01  ,9.013527768013e-01  ,1.200469781365e-01  ,1.679869714905e+00  ,1.511346639321e+00  ,2.913589142819e-01  
  4.878387151832e-07  ,-1.560729062970e+00  ,1.219704603316e+00  ,8.999583566558e-01  ,9.013120706230e-01  ,1.195938251706e-01  ,1.680322888141e+00  ,1.511164372281e+00  ,2.914597689650e-01  
  4.879387159446e-07  ,-1.561389060146e+00  ,1.219228602487e+00  ,8.999583674379e-01  ,9.012711474312e-01  ,1.192638373647e-01  ,1.680652897511e+00  ,1.510885448675e+00  ,2.916568461878e-01  
  4.880387167061e-07  ,-1.561802625667e+00  ,1.218559800742e+00  ,8.999583788657e-01  ,9.012300136373e-01  ,1.190570660323e-01  ,1.680859691699e+00  ,1.510509914008e+00  ,2.919501132662e-01  
  4.881387174675e-07  ,-1.561969695485e+00  ,1.217698306746e+00  ,8.999583909374e-01  ,9.011886758224e-01  ,1.189735431949e-01  ,1.680943238680e+00  ,1.510037829196e+00  ,2.923395224493e-01  
  4.882387182290e-07  ,-1.561890244104e+00  ,1.216644259619e+00  ,8.999584036511e-01  ,9.011471406770e-01  ,1.190132815990e-01  ,1.680903525703e+00  ,1.509469270486e+00  ,2.928250108678e-01  
  4.883387189904e-07  ,-1.561564284570e+00  ,1.215397828915e+00  ,8.999584170049e-01  ,9.011054149037e-01  ,1.191762747201e-01  ,1.680740559290e+00  ,1.508804329361e+00  ,2.934065004464e-01  
  4.884387197519e-07  ,-1.560991868473e+00  ,1.213959214598e+00  ,8.999584309966e-01  ,9.010635051944e-01  ,1.194624967603e-01  ,1.680454365233e+00  ,1.508043112493e+00  ,2.940838978955e-01  
  4.885387205133e-07  ,-1.560173106155e+00  ,1.212328691281e+00  ,8.999584456238e-01  ,9.010214193870e-01  ,1.198718925463e-01  ,1.680044998701e+00  ,1.507185765028e+00  ,2.948570737465e-01  
  4.886387212748e-07  ,-1.559108086994e+00  ,1.210506436097e+00  ,8.999584608849e-01  ,9.009791619540e-01  ,1.204044173877e-01  ,1.679512504382e+00  ,1.506232380003e+00  ,2.957259439055e-01  
  4.887387220362e-07  ,-1.557796994734e+00  ,1.208492779209e+00  ,8.999584767770e-01  ,9.009367406841e-01  ,1.210599794102e-01  ,1.678856974144e+00  ,1.505183130289e+00  ,2.966903510796e-01  
  4.888387227977e-07  ,-1.556240075663e+00  ,1.206288101188e+00  ,8.999584932972e-01  ,9.008941632924e-01  ,1.218384554655e-01  ,1.678078531129e+00  ,1.504038213886e+00  ,2.977501126985e-01  
  4.889387235591e-07  ,-1.554437554111e+00  ,1.203892723284e+00  ,8.999585104436e-01  ,9.008514356875e-01  ,1.227397333882e-01  ,1.677177287499e+00  ,1.502797797329e+00  ,2.989050740457e-01  
  4.890387243206e-07  ,-1.552389633626e+00  ,1.201306920734e+00  ,8.999585282140e-01  ,9.008085627169e-01  ,1.237637114013e-01  ,1.676153345027e+00  ,1.501462023084e+00  ,3.001551023501e-01  
  4.891387250820e-07  ,-1.550096748911e+00  ,1.198531256502e+00  ,8.999585466045e-01  ,9.007655538038e-01  ,1.249101721488e-01  ,1.675006921060e+00  ,1.500031182055e+00  ,3.014999255530e-01  
  4.892387258435e-07  ,-1.547559145567e+00  ,1.195566028302e+00  ,8.999585656131e-01  ,9.007224135376e-01  ,1.261789928295e-01  ,1.673738138397e+00  ,1.498505427689e+00  ,3.029393993865e-01  
  4.893387266049e-07  ,-1.544777280102e+00  ,1.192411777086e+00  ,8.999585852364e-01  ,9.006791499717e-01  ,1.275699451855e-01  ,1.672347225287e+00  ,1.496885038515e+00  ,3.044732614286e-01  
  4.894387273664e-07  ,-1.541751668063e+00  ,1.189069093588e+00  ,8.999586054708e-01  ,9.006357712041e-01  ,1.290827714392e-01  ,1.670834439502e+00  ,1.495170317998e+00  ,3.061012244100e-01  
  4.895387281278e-07  ,-1.538482736706e+00  ,1.185538458744e+00  ,8.999586263138e-01  ,9.005922834102e-01  ,1.307172579606e-01  ,1.669199994667e+00  ,1.493361512782e+00  ,3.078230540383e-01  
  4.896387288893e-07  ,-1.534970855628e+00  ,1.181820277320e+00  ,8.999586477628e-01  ,9.005486915972e-01  ,1.324732199490e-01  ,1.667444075577e+00  ,1.491458830257e+00  ,3.096385529373e-01  
  4.897387296507e-07  ,-1.531216683562e+00  ,1.177915256698e+00  ,8.999586698135e-01  ,9.005050042172e-01  ,1.343503280326e-01  ,1.665567011594e+00  ,1.489462632566e+00  ,3.115473758680e-01  
  4.898387304122e-07  ,-1.527220915887e+00  ,1.173824125879e+00  ,8.999586924620e-01  ,9.004612292933e-01  ,1.363482345186e-01  ,1.663569150405e+00  ,1.487373292233e+00  ,3.135491663540e-01  
  4.899387311736e-07  ,-1.522984114511e+00  ,1.169547470752e+00  ,8.999587157056e-01  ,9.004173729265e-01  ,1.384666584504e-01  ,1.661450772961e+00  ,1.485191108303e+00  ,3.156436375504e-01  
  4.900387319351e-07  ,-1.518506758972e+00  ,1.165085781182e+00  ,8.999587395414e-01  ,9.003734400763e-01  ,1.407053600554e-01  ,1.659212119027e+00  ,1.482916330667e+00  ,3.178305494852e-01  
  4.901387326965e-07  ,-1.513789694442e+00  ,1.160439908264e+00  ,8.999587639644e-01  ,9.003294391572e-01  ,1.430639167436e-01  ,1.656853611185e+00  ,1.480549393289e+00  ,3.201094850254e-01  
  4.902387334580e-07  ,-1.508833667929e+00  ,1.155610588978e+00  ,8.999587889709e-01  ,9.002853771270e-01  ,1.455419550066e-01  ,1.654375622935e+00  ,1.478090671616e+00  ,3.224800826379e-01  
  4.903387342194e-07  ,-1.503639459449e+00  ,1.150598589280e+00  ,8.999588145574e-01  ,9.002412610379e-01  ,1.481390848328e-01  ,1.651778544282e+00  ,1.475540555678e+00  ,3.249419663977e-01  
  4.904387349809e-07  ,-1.498207884287e+00  ,1.145404703974e+00  ,8.999588407195e-01  ,9.001970979749e-01  ,1.508548985759e-01  ,1.649062782863e+00  ,1.472899449962e+00  ,3.274947459881e-01  
  4.905387357423e-07  ,-1.492539794049e+00  ,1.140029756592e+00  ,8.999588674532e-01  ,9.001528949568e-01  ,1.536889704289e-01  ,1.646228764478e+00  ,1.470167773253e+00  ,3.301380166606e-01  
  4.906387365038e-07  ,-1.486636077098e+00  ,1.134474599277e+00  ,8.999588947547e-01  ,9.001086589545e-01  ,1.566408562059e-01  ,1.643276933304e+00  ,1.467345958593e+00  ,3.328713593159e-01  
  4.907387372652e-07  ,-1.480497658697e+00  ,1.128740112625e+00  ,8.999589226194e-01  ,9.000643970102e-01  ,1.597100932708e-01  ,1.640207751968e+00  ,1.464434453323e+00  ,3.356943406979e-01  
  4.908387380267e-07  ,-1.474125500988e+00  ,1.122827205537e+00  ,8.999589510430e-01  ,9.000201162241e-01  ,1.628962005492e-01  ,1.637021701537e+00  ,1.461433718993e+00  ,3.386065134557e-01  
  4.909387387881e-07  ,-1.467520602884e+00  ,1.116736815085e+00  ,8.999589800211e-01  ,8.999758235878e-01  ,1.661986785792e-01  ,1.633719281463e+00  ,1.458344231130e+00  ,3.416074160450e-01  
  4.910387395496e-07  ,-1.460683999946e+00  ,1.110469906386e+00  ,8.999590095492e-01  ,8.999315259365e-01  ,1.696170095764e-01  ,1.630301009522e+00  ,1.455166479129e+00  ,3.446965727434e-01  
  4.911387403110e-07  ,-1.453616764219e+00  ,1.104027472444e+00  ,8.999590396230e-01  ,8.998872301674e-01  ,1.731506575135e-01  ,1.626767421732e+00  ,1.451900966390e+00  ,3.478734939452e-01  
  4.912387410725e-07  ,-1.446320004063e+00  ,1.097410533980e+00  ,8.999590702375e-01  ,8.998429433905e-01  ,1.767990682061e-01  ,1.623119072269e+00  ,1.448548210381e+00  ,3.511376764004e-01  
  4.913387418339e-07  ,-1.438794863971e+00  ,1.090620139258e+00  ,8.999591013877e-01  ,8.997986727669e-01  ,1.805616694024e-01  ,1.619356533373e+00  ,1.445108742396e+00  ,3.544886031380e-01  
  4.914387425954e-07  ,-1.431042524385e+00  ,1.083657363933e+00  ,8.999591330691e-01  ,8.997544252933e-01  ,1.844378708766e-01  ,1.615480395262e+00  ,1.441583107260e+00  ,3.579257433270e-01  
  4.915387433568e-07  ,-1.423064201513e+00  ,1.076523310896e+00  ,8.999591652765e-01  ,8.997102078567e-01  ,1.884270645202e-01  ,1.611491266033e+00  ,1.437971863305e+00  ,3.614485524088e-01  
  4.916387441183e-07  ,-1.414861147133e+00  ,1.069219110094e+00  ,8.999591980049e-01  ,8.996660274715e-01  ,1.925286244384e-01  ,1.607389771571e+00  ,1.434275582518e+00  ,3.650564724247e-01  
  4.917387448797e-07  ,-1.406434648398e+00  ,1.061745918326e+00  ,8.999592312492e-01  ,8.996218913099e-01  ,1.967419070500e-01  ,1.603176555448e+00  ,1.430494850473e+00  ,3.687489321471e-01  
  4.918387456412e-07  ,-1.397786027634e+00  ,1.054104919057e+00  ,8.999592650040e-01  ,8.995778064124e-01  ,2.010662511872e-01  ,1.598852278821e+00  ,1.426630265941e+00  ,3.725253468839e-01  
  4.919387464026e-07  ,-1.388916642132e+00  ,1.046297322250e+00  ,8.999592992644e-01  ,8.995337795623e-01  ,2.055009781984e-01  ,1.594417620330e+00  ,1.422682440687e+00  ,3.763851184375e-01  
  4.920387471641e-07  ,-1.379827883943e+00  ,1.038324364185e+00  ,8.999593340250e-01  ,8.994898175447e-01  ,2.100453920534e-01  ,1.589873275997e+00  ,1.418651999637e+00  ,3.803276354523e-01  
  4.921387479255e-07  ,-1.370521179660e+00  ,1.030187307261e+00  ,8.999593692800e-01  ,8.994459273682e-01  ,2.146987794499e-01  ,1.585219959110e+00  ,1.414539580999e+00  ,3.843522737375e-01  
  4.922387486870e-07  ,-1.360997990199e+00  ,1.021887439784e+00  ,8.999594050241e-01  ,8.994021160984e-01  ,2.194604099247e-01  ,1.580458400124e+00  ,1.410345835991e+00  ,3.884583962063e-01  
  4.923387494484e-07  ,-1.351259810572e+00  ,1.013426075758e+00  ,8.999594412518e-01  ,8.993583906485e-01  ,2.243295359658e-01  ,1.575589346538e+00  ,1.406071428528e+00  ,3.926453527693e-01  
  4.924387502099e-07  ,-1.341308169660e+00  ,1.004804554691e+00  ,8.999594779572e-01  ,8.993147578049e-01  ,2.293053931270e-01  ,1.570613562787e+00  ,1.401717035150e+00  ,3.969124804593e-01  
  4.925387509713e-07  ,-1.331144886043e+00  ,9.960244737237e-01  ,8.999595151343e-01  ,8.992712256273e-01  ,2.343870721129e-01  ,1.565531958156e+00  ,1.397283462489e+00  ,4.012589887654e-01  
  4.926387517328e-07  ,-1.320771372155e+00  ,9.870870756442e-01  ,8.999595527780e-01  ,8.992278003639e-01  ,2.395738667005e-01  ,1.560345238855e+00  ,1.392771338186e+00  ,4.056842625418e-01  
  4.927387524942e-07  ,-1.310188803364e+00  ,9.779933819113e-01  ,8.999595908836e-01  ,8.991844870484e-01  ,2.448651892017e-01  ,1.555053992566e+00  ,1.388181178004e+00  ,4.101877960927e-01  
  4.928387532557e-07  ,-1.299399479972e+00  ,9.687453843934e-01  ,8.999596294425e-01  ,8.991412952127e-01  ,2.502598894567e-01  ,1.549659369428e+00  ,1.383513987409e+00  ,4.147686030160e-01  
  4.929387540171e-07  ,-1.288404542394e+00  ,9.593440615797e-01  ,8.999596684505e-01  ,8.990982293503e-01  ,2.557573972534e-01  ,1.544161939648e+00  ,1.378770260140e+00  ,4.194261985605e-01  
  4.930387547786e-07  ,-1.277206010513e+00  ,9.497911419087e-01  ,8.999597079005e-01  ,8.990552973469e-01  ,2.613567026440e-01  ,1.538562713157e+00  ,1.373950868301e+00  ,4.241597263925e-01  
  4.931387555400e-07  ,-1.265805654456e+00  ,9.400881371884e-01  ,8.999597477860e-01  ,8.990125059876e-01  ,2.670569205581e-01  ,1.532862575014e+00  ,1.369056574582e+00  ,4.289684373934e-01  
  4.932387563015e-07  ,-1.254205269115e+00  ,9.302365829265e-01  ,8.999597881012e-01  ,8.989698619747e-01  ,2.728571535435e-01  ,1.527062422659e+00  ,1.364088153438e+00  ,4.338515705114e-01  
  4.933387570629e-07  ,-1.242406677668e+00  ,9.202380380852e-01  ,8.999598288398e-01  ,8.989273718843e-01  ,2.787564900058e-01  ,1.521163167674e+00  ,1.359046390927e+00  ,4.388083528416e-01  
  4.934387578244e-07  ,-1.230412035477e+00  ,9.100943529764e-01  ,8.999598699944e-01  ,8.988850434405e-01  ,2.847538522560e-01  ,1.515165887733e+00  ,1.353932219929e+00  ,4.438378669523e-01  
  4.935387585858e-07  ,-1.218222598566e+00  ,8.998066001929e-01  ,8.999599115609e-01  ,8.988428811313e-01  ,2.908486122781e-01  ,1.509071210844e+00  ,1.348746181228e+00  ,4.489395810349e-01  
  4.936387593473e-07  ,-1.205840594585e+00  ,8.893766718795e-01  ,8.999599535310e-01  ,8.988008928143e-01  ,2.970396562385e-01  ,1.502880250824e+00  ,1.343489228754e+00  ,4.541125568746e-01  
  4.937387601087e-07  ,-1.193267978191e+00  ,8.788062183000e-01  ,8.999599958980e-01  ,8.987590851689e-01  ,3.033260068027e-01  ,1.496593984993e+00  ,1.338162194319e+00  ,4.593559760189e-01  
  4.938387608702e-07  ,-1.180506728624e+00  ,8.680969119008e-01  ,8.999600386563e-01  ,8.987174648113e-01  ,3.097066743441e-01  ,1.490213402969e+00  ,1.332765920762e+00  ,4.646690088609e-01  
  4.939387616316e-07  ,-1.167559179022e+00  ,8.572507336204e-01  ,8.999600817983e-01  ,8.986760394889e-01  ,3.161804922871e-01  ,1.483739671310e+00  ,1.327301406299e+00  ,4.700506726787e-01  
  4.940387623931e-07  ,-1.154427127265e+00  ,8.462692150848e-01  ,8.999601253183e-01  ,8.986348150791e-01  ,3.227465616857e-01  ,1.477173688951e+00  ,1.321769422621e+00  ,4.755002075367e-01  
  4.941387631545e-07  ,-1.141112062647e+00  ,8.351536107860e-01  ,8.999601692109e-01  ,8.985937963065e-01  ,3.294041378873e-01  ,1.470516200534e+00  ,1.316170601700e+00  ,4.810169909135e-01  
  4.942387639160e-07  ,-1.127616541846e+00  ,8.239060596732e-01  ,8.999602134664e-01  ,8.985529910934e-01  ,3.361519425432e-01  ,1.463768484390e+00  ,1.310506020930e+00  ,4.865999612568e-01  
  4.943387646774e-07  ,-1.113942706007e+00  ,8.125283409952e-01  ,8.999602580776e-01  ,8.985124058218e-01  ,3.429889050739e-01  ,1.456931611081e+00  ,1.304776576319e+00  ,4.922482353242e-01  
  4.944387654389e-07  ,-1.100092712906e+00  ,8.010222545326e-01  ,8.999603030386e-01  ,8.984720468290e-01  ,3.499139465856e-01  ,1.450006659492e+00  ,1.298983174095e+00  ,4.979609195627e-01  
  4.945387662003e-07  ,-1.086069096796e+00  ,7.893899275390e-01  ,8.999603483411e-01  ,8.984319213550e-01  ,3.569257999429e-01  ,1.442994896739e+00  ,1.293126885124e+00  ,5.037369575855e-01  
  4.946387669618e-07  ,-1.071873327345e+00  ,7.776325888745e-01  ,8.999603939804e-01  ,8.983920334836e-01  ,3.640237303079e-01  ,1.435897057653e+00  ,1.287208327921e+00  ,5.095757390464e-01  
  4.947387677232e-07  ,-1.057508368840e+00  ,7.657527158340e-01  ,8.999604399472e-01  ,8.983523915115e-01  ,3.712062555273e-01  ,1.428714624367e+00  ,1.281228749429e+00  ,5.154760335945e-01  
  4.948387684847e-07  ,-1.042975733075e+00  ,7.537515632382e-01  ,8.999604862364e-01  ,8.983129997137e-01  ,3.784726196990e-01  ,1.421448352774e+00  ,1.275188781333e+00  ,5.214372180946e-01  
  4.949387692461e-07  ,-1.028278090122e+00  ,7.416313397020e-01  ,8.999605328386e-01  ,8.982738655807e-01  ,3.858214877777e-01  ,1.414099577900e+00  ,1.269089535432e+00  ,5.274581957297e-01  
  4.950387700076e-07  ,-1.013418140267e+00  ,7.293942852145e-01  ,8.999605797461e-01  ,8.982349963671e-01  ,3.932515096125e-01  ,1.406669649880e+00  ,1.262932138974e+00  ,5.335378537599e-01  
  4.951387707690e-07  ,-9.983974438281e-01  ,7.170416920723e-01  ,8.999606269543e-01  ,8.981963960678e-01  ,4.007619050403e-01  ,1.399159348868e+00  ,1.256717242104e+00  ,5.396755500316e-01  
  4.952387715305e-07  ,-9.832187571897e-01  ,7.045758338818e-01  ,8.999606744542e-01  ,8.981580717045e-01  ,4.083512958593e-01  ,1.391570053049e+00  ,1.250445988645e+00  ,5.458701547636e-01  
  4.953387722919e-07  ,-9.678848680179e-01  ,6.919990140696e-01  ,8.999607222372e-01  ,8.981200304662e-01  ,4.160182882282e-01  ,1.383903156246e+00  ,1.244119537501e+00  ,5.521205234314e-01  
  4.954387730533e-07  ,-9.523979087104e-01  ,6.793130056920e-01  ,8.999607702976e-01  ,8.980822777511e-01  ,4.237618159424e-01  ,1.376159724653e+00  ,1.237738780597e+00  ,5.584257749051e-01  
  4.955387738148e-07  ,-9.367602118349e-01  ,6.665197430585e-01  ,8.999608186278e-01  ,8.980448191796e-01  ,4.315807127104e-01  ,1.368340924545e+00  ,1.231304690709e+00  ,5.647849476504e-01  
  4.956387745762e-07  ,-9.209736040452e-01  ,6.536207234422e-01  ,8.999608672213e-01  ,8.980076589722e-01  ,4.394740651987e-01  ,1.360447669244e+00  ,1.224818020693e+00  ,5.711972972511e-01  
  4.957387753377e-07  ,-9.050411804486e-01  ,6.406184681112e-01  ,8.999609160673e-01  ,8.979708042040e-01  ,4.474403258430e-01  ,1.352481506292e+00  ,1.218280038260e+00  ,5.776615701484e-01  
  4.958387760991e-07  ,-8.889654774779e-01  ,6.275150331041e-01  ,8.999609651587e-01  ,8.979342607344e-01  ,4.554782264197e-01  ,1.344443703898e+00  ,1.211691777286e+00  ,5.841767441823e-01  
  4.959387768606e-07  ,-8.727490366883e-01  ,6.143124903901e-01  ,8.999610144885e-01  ,8.978980345400e-01  ,4.635864961443e-01  ,1.336335532833e+00  ,1.205054279735e+00  ,5.907417893450e-01  
  4.960387776220e-07  ,-8.563948271960e-01  ,6.010132784569e-01  ,8.999610640479e-01  ,8.978621322144e-01  ,4.717636504499e-01  ,1.328158477646e+00  ,1.198368771443e+00  ,5.973554929860e-01  
  4.961387783835e-07  ,-8.399045634518e-01  ,5.876188009077e-01  ,8.999611138316e-01  ,8.978265573341e-01  ,4.800088321057e-01  ,1.319913395558e+00  ,1.191635957788e+00  ,6.040171568802e-01  
  4.962387791449e-07  ,-8.232812713419e-01  ,5.741315240023e-01  ,8.999611638303e-01  ,8.977913162534e-01  ,4.883205281594e-01  ,1.311601799501e+00  ,1.184857078255e+00  ,6.107255542523e-01  
  4.963387799064e-07  ,-8.065280035057e-01  ,5.605539384495e-01  ,8.999612140347e-01  ,8.977564157043e-01  ,4.966972122818e-01  ,1.303225215788e+00  ,1.178033384929e+00  ,6.174794464795e-01  
  4.964387806678e-07  ,-7.896465191235e-01  ,5.468874769818e-01  ,8.999612644395e-01  ,8.977218595329e-01  ,5.051380048777e-01  ,1.294784524001e+00  ,1.171165598024e+00  ,6.242781210420e-01  
  4.965387814293e-07  ,-7.726403526868e-01  ,5.331350189109e-01  ,8.999613150346e-01  ,8.976876549798e-01  ,5.136411386912e-01  ,1.286281491378e+00  ,1.164255164435e+00  ,6.311201455244e-01  
  4.966387821907e-07  ,-7.555118755522e-01  ,5.192985009262e-01  ,8.999613658135e-01  ,8.976538065375e-01  ,5.222054280374e-01  ,1.277717303590e+00  ,1.157303057001e+00  ,6.380045560744e-01  
  4.967387829522e-07  ,-7.382630393074e-01  ,5.053795028033e-01  ,8.999614167702e-01  ,8.976203179619e-01  ,5.308298971165e-01  ,1.269092936424e+00  ,1.150310069364e+00  ,6.449305665602e-01  
  4.968387837136e-07  ,-7.208976192710e-01  ,4.913810769648e-01  ,8.999614678931e-01  ,8.975871967695e-01  ,5.395126582576e-01  ,1.260410277529e+00  ,1.143277735252e+00  ,6.518966582871e-01  
  4.969387844751e-07  ,-7.034174519662e-01  ,4.773047001565e-01  ,8.999615191763e-01  ,8.975544466596e-01  ,5.482527931932e-01  ,1.251670245159e+00  ,1.136206796738e+00  ,6.589020965813e-01  
  4.970387852365e-07  ,-6.858257668453e-01  ,4.631529647812e-01  ,8.999615706098e-01  ,8.975220738281e-01  ,5.570486871872e-01  ,1.242874454032e+00  ,1.129098556219e+00  ,6.659455914375e-01  
  4.971387859980e-07  ,-6.681253513335e-01  ,4.489281080222e-01  ,8.999616221855e-01  ,8.974900830276e-01  ,5.658989465187e-01  ,1.234024297852e+00  ,1.121954137039e+00  ,6.730260290165e-01  
  4.972387867594e-07  ,-6.503194504280e-01  ,4.346327555665e-01  ,8.999616738952e-01  ,8.974584797202e-01  ,5.748019486812e-01  ,1.225121399109e+00  ,1.114774857503e+00  ,6.801421019369e-01  
  4.973387875209e-07  ,-6.324105379904e-01  ,4.202689193814e-01  ,8.999617257321e-01  ,8.974272683566e-01  ,5.837564567369e-01  ,1.216166994727e+00  ,1.107561728047e+00  ,6.872928086659e-01  
  4.974387882823e-07  ,-6.144006506363e-01  ,4.058382392208e-01  ,8.999617776894e-01  ,8.973964525745e-01  ,5.927614523712e-01  ,1.207162103008e+00  ,1.100315572185e+00  ,6.944773329640e-01  
  4.975387890438e-07  ,-5.962937277342e-01  ,3.913438800840e-01  ,8.999618297551e-01  ,8.973660391654e-01  ,6.018149658880e-01  ,1.198108693622e+00  ,1.093037979207e+00  ,7.016940991234e-01  
  4.976387898052e-07  ,-5.780923030919e-01  ,3.767878814443e-01  ,8.999618819231e-01  ,8.973360322473e-01  ,6.109157303771e-01  ,1.189008033469e+00  ,1.085729972969e+00  ,7.089420915252e-01  
  4.977387905667e-07  ,-5.597991306752e-01  ,3.621724602882e-01  ,8.999619341859e-01  ,8.973064363212e-01  ,6.200623688483e-01  ,1.179861499523e+00  ,1.078392666465e+00  ,7.162202061771e-01  
  4.978387913281e-07  ,-5.414163556659e-01  ,3.474993271489e-01  ,8.999619865365e-01  ,8.972772549141e-01  ,6.292538087035e-01  ,1.170670164369e+00  ,1.071026918489e+00  ,7.235275913397e-01  
  4.979387920896e-07  ,-5.229475987252e-01  ,3.327713544097e-01  ,8.999620389633e-01  ,8.972484939854e-01  ,6.384882396006e-01  ,1.161435838326e+00  ,1.063634171190e+00  ,7.308628167806e-01  
  4.980387928510e-07  ,-5.043962753907e-01  ,3.179912595507e-01  ,8.999620914577e-01  ,8.972201589961e-01  ,6.477639537624e-01  ,1.152160229153e+00  ,1.056215788771e+00  ,7.382245292207e-01  
  4.981387936125e-07  ,-4.857643397490e-01  ,3.031606008693e-01  ,8.999621440146e-01  ,8.971922528548e-01  ,6.570799741401e-01  ,1.142844313889e+00  ,1.048772553289e+00  ,7.456119524201e-01  
  4.982387943739e-07  ,-4.670552276706e-01  ,2.882821106081e-01  ,8.999621966232e-01  ,8.971647804646e-01  ,6.664345827879e-01  ,1.133489810458e+00  ,1.041305835769e+00  ,7.530237251605e-01  
  4.983387951354e-07  ,-4.482723786367e-01  ,2.733585336506e-01  ,8.999622492739e-01  ,8.971377464786e-01  ,6.758260599556e-01  ,1.124098438592e+00  ,1.033817013304e+00  ,7.604584796533e-01  
  4.984387958968e-07  ,-4.294184048937e-01  ,2.583919686302e-01  ,8.999623019611e-01  ,8.971111545148e-01  ,6.852530995142e-01  ,1.114671504408e+00  ,1.026307138830e+00  ,7.679151701997e-01  
  4.985387966583e-07  ,-4.104954530937e-01  ,2.433841238200e-01  ,8.999623546778e-01  ,8.970850075545e-01  ,6.947146281310e-01  ,1.105210081225e+00  ,1.018777069464e+00  ,7.753929456444e-01  
  4.986387974197e-07  ,-3.915071827415e-01  ,2.283378949862e-01  ,8.999624074123e-01  ,8.970593106541e-01  ,7.042088160416e-01  ,1.095715998783e+00  ,1.011228258147e+00  ,7.828903631610e-01  
  4.987387981812e-07  ,-3.724566139849e-01  ,2.132556600424e-01  ,8.999624601568e-01  ,8.970340679004e-01  ,7.137341531644e-01  ,1.086190767149e+00  ,1.003661897922e+00  ,7.904062378792e-01  
  4.988387989426e-07  ,-3.533472459619e-01  ,1.981402008649e-01  ,8.999625129039e-01  ,8.970092839805e-01  ,7.232888899229e-01  ,1.076636135885e+00  ,9.960793844129e-01  ,7.979391835480e-01  
  4.989387997041e-07  ,-3.341810862818e-01  ,1.829931105885e-01  ,8.999625656472e-01  ,8.969849615919e-01  ,7.328720225063e-01  ,1.067053108788e+00  ,9.884815168861e-01  ,8.054884062977e-01  
  4.990388004655e-07  ,-3.149621553467e-01  ,1.678175802469e-01  ,8.999626183752e-01  ,8.969611060934e-01  ,7.424815407018e-01  ,1.057443696049e+00  ,9.808698962168e-01  ,8.130523159699e-01  
  4.991388012270e-07  ,-2.956924791459e-01  ,1.526152091498e-01  ,8.999626710823e-01  ,8.969377200704e-01  ,7.521164315093e-01  ,1.047808910655e+00  ,9.732453246453e-01  ,8.206301154955e-01  
  4.992388019884e-07  ,-2.763756170153e-01  ,1.373887987854e-01  ,8.999627237579e-01  ,8.969148078915e-01  ,7.617749152503e-01  ,1.038150532266e+00  ,9.656092072842e-01  ,8.282204084988e-01  
  4.993388027499e-07  ,-2.570146326295e-01  ,1.221407552922e-01  ,8.999627763932e-01  ,8.968923730020e-01  ,7.714554600785e-01  ,1.028470092708e+00  ,9.579627506481e-01  ,8.358219953559e-01  
  4.994388035113e-07  ,-2.376130791724e-01  ,1.068738903596e-01  ,8.999628289803e-01  ,8.968704191160e-01  ,7.811562893941e-01  ,1.018769368566e+00  ,9.503073642957e-01  ,8.434334739362e-01  
  4.995388042728e-07  ,-2.181736543210e-01  ,9.159034922053e-02  ,8.999628815122e-01  ,8.968489489811e-01  ,7.908760543518e-01  ,1.009049708673e+00  ,9.426441235914e-01  ,8.510537743708e-01  
  4.996388050342e-07  ,-1.986985730111e-01  ,7.629187604726e-02  ,8.999629339824e-01  ,8.968279648996e-01  ,8.006136474768e-01  ,9.993122204879e-01  ,9.349739029232e-01  ,8.586820268759e-01  
  4.997388057957e-07  ,-1.791916076265e-01  ,6.098142419949e-02  ,8.999629863792e-01  ,8.968074709180e-01  ,8.103671825660e-01  ,9.895587901925e-01  ,9.272981830178e-01  ,8.663167588183e-01  
  4.998388065571e-07  ,-1.596563617924e-01  ,4.566181634990e-02  ,8.999630386940e-01  ,8.967874710914e-01  ,8.201348577978e-01  ,9.797912195902e-01  ,9.196183792664e-01  ,8.739565629165e-01  
  4.999388073186e-07  ,-1.400949795889e-01  ,3.033466640311e-02  ,8.999630909174e-01  ,8.967679676232e-01  ,8.299156011230e-01  ,9.700105807119e-01  ,9.119353008248e-01  ,8.816006344217e-01  
  5.000000000000e-07  ,-1.281135928016e-01  ,2.095308557681e-02  ,8.999631228230e-01  ,8.967562793429e-01  ,8.359063264222e-01  ,9.640199192238e-01  ,9.072328221313e-01  ,8.862797365545e-01  
