  Frequency            , DB(V(N00099)-V(N00103)), DB(V(N00115)-V(N00119)), DB(V(N00107)-V(N00111)), DB(V(N00123)-V(N00131)), DB((V(N00115)-V(N00119))/(V(N00099)-V(N00103))), DB((V(N00123)-V(N00131))/(V(N00107)-V(N00111)))
  1.000000000000e+05  ,-1.070730770722e+01  ,-1.279031018966e+01  ,-1.312036572082e+01  ,-1.520238777301e+01  ,-2.083002482438e+00  ,-2.082022052186e+00  
  1.005773063002e+05  ,-1.065915611590e+01  ,-1.274217513858e+01  ,-1.304077072199e+01  ,-1.512280931787e+01  ,-2.083019022678e+00  ,-2.082038595883e+00  
  1.011579454260e+05  ,-1.061099865432e+01  ,-1.269403440351e+01  ,-1.296100689417e+01  ,-1.504306221991e+01  ,-2.083035749198e+00  ,-2.082055325743e+00  
  1.017419366181e+05  ,-1.056284218843e+01  ,-1.264589485211e+01  ,-1.288108252129e+01  ,-1.496315476484e+01  ,-2.083052663678e+00  ,-2.082072243550e+00  
  1.023292992281e+05  ,-1.051469353301e+01  ,-1.259776330122e+01  ,-1.280100590959e+01  ,-1.488309526118e+01  ,-2.083069768212e+00  ,-2.082089351590e+00  
  1.029200527194e+05  ,-1.046655945446e+01  ,-1.254964651943e+01  ,-1.272078540275e+01  ,-1.480289205465e+01  ,-2.083087064976e+00  ,-2.082106651896e+00  
  1.035142166679e+05  ,-1.041844667709e+01  ,-1.250155123315e+01  ,-1.264042940779e+01  ,-1.472255355435e+01  ,-2.083104556057e+00  ,-2.082124146559e+00  
  1.041118107623e+05  ,-1.037036188269e+01  ,-1.245348412623e+01  ,-1.255994641035e+01  ,-1.464208824790e+01  ,-2.083122243536e+00  ,-2.082141837545e+00  
  1.047128548051e+05  ,-1.032231171451e+01  ,-1.240545184400e+01  ,-1.247934499757e+01  ,-1.456150472474e+01  ,-2.083140129487e+00  ,-2.082159727172e+00  
  1.053173687130e+05  ,-1.027430278352e+01  ,-1.235746099966e+01  ,-1.239863387888e+01  ,-1.448081169639e+01  ,-2.083158216145e+00  ,-2.082177817512e+00  
  1.059253725177e+05  ,-1.022634167052e+01  ,-1.230951817621e+01  ,-1.231782190761e+01  ,-1.440001801842e+01  ,-2.083176505684e+00  ,-2.082196110809e+00  
  1.065368863668e+05  ,-1.017843492726e+01  ,-1.226162992753e+01  ,-1.223691810591e+01  ,-1.431913271503e+01  ,-2.083195000269e+00  ,-2.082214609116e+00  
  1.071519305238e+05  ,-1.013058908571e+01  ,-1.221380278793e+01  ,-1.215593168656e+01  ,-1.423816500131e+01  ,-2.083213702217e+00  ,-2.082233314752e+00  
  1.077705253694e+05  ,-1.008281065481e+01  ,-1.216604326845e+01  ,-1.207487207414e+01  ,-1.415712430424e+01  ,-2.083232613638e+00  ,-2.082252230103e+00  
  1.083926914021e+05  ,-1.003510613016e+01  ,-1.211835786700e+01  ,-1.199374893651e+01  ,-1.407602029370e+01  ,-2.083251736840e+00  ,-2.082271357186e+00  
  1.090184492385e+05  ,-9.987481993799e+00  ,-1.207075306800e+01  ,-1.191257220475e+01  ,-1.399486290326e+01  ,-2.083271074202e+00  ,-2.082290698510e+00  
  1.096478196143e+05  ,-9.939944720298e+00  ,-1.202323534808e+01  ,-1.183135210229e+01  ,-1.391366235847e+01  ,-2.083290627784e+00  ,-2.082310256181e+00  
  1.102808233850e+05  ,-9.892500779599e+00  ,-1.197581117976e+01  ,-1.175009917152e+01  ,-1.383242920405e+01  ,-2.083310400156e+00  ,-2.082330032536e+00  
  1.109174815262e+05  ,-9.845156639058e+00  ,-1.192848703280e+01  ,-1.166882430210e+01  ,-1.375117433236e+01  ,-2.083330393743e+00  ,-2.082350030255e+00  
  1.115578151351e+05  ,-9.797918771648e+00  ,-1.188126938235e+01  ,-1.158753875958e+01  ,-1.366990901082e+01  ,-2.083350610704e+00  ,-2.082370251241e+00  
  1.122018454302e+05  ,-9.750793653874e+00  ,-1.183416470741e+01  ,-1.150625421487e+01  ,-1.358864491324e+01  ,-2.083371053536e+00  ,-2.082390698370e+00  
  1.128495937528e+05  ,-9.703787776434e+00  ,-1.178717950115e+01  ,-1.142498277772e+01  ,-1.350739415144e+01  ,-2.083391724717e+00  ,-2.082411373717e+00  
  1.135010815672e+05  ,-9.656907640282e+00  ,-1.174032026701e+01  ,-1.134373702351e+01  ,-1.342616930346e+01  ,-2.083412626724e+00  ,-2.082432279958e+00  
  1.141563304619e+05  ,-9.610159768593e+00  ,-1.169359353045e+01  ,-1.126253003107e+01  ,-1.334498345058e+01  ,-2.083433761857e+00  ,-2.082453419510e+00  
  1.148153621497e+05  ,-9.563550702766e+00  ,-1.164700583562e+01  ,-1.118137541227e+01  ,-1.326385020716e+01  ,-2.083455132856e+00  ,-2.082474794889e+00  
  1.154781984689e+05  ,-9.517087012480e+00  ,-1.160056375452e+01  ,-1.110028735009e+01  ,-1.318278375865e+01  ,-2.083476742037e+00  ,-2.082496408552e+00  
  1.161448613840e+05  ,-9.470775296628e+00  ,-1.155427388869e+01  ,-1.101928063044e+01  ,-1.310179889334e+01  ,-2.083498592058e+00  ,-2.082518262897e+00  
  1.168153729861e+05  ,-9.424622186691e+00  ,-1.150814287213e+01  ,-1.093837068147e+01  ,-1.302091104233e+01  ,-2.083520685443e+00  ,-2.082540360857e+00  
  1.174897554940e+05  ,-9.378634351157e+00  ,-1.146217737595e+01  ,-1.085757361075e+01  ,-1.294013631562e+01  ,-2.083543024794e+00  ,-2.082562704870e+00  
  1.181680312545e+05  ,-9.332818501480e+00  ,-1.141638411431e+01  ,-1.077690624121e+01  ,-1.285949153872e+01  ,-2.083565612828e+00  ,-2.082585297508e+00  
  1.188502227437e+05  ,-9.287181392052e+00  ,-1.137076984416e+01  ,-1.069638615276e+01  ,-1.277899429433e+01  ,-2.083588452111e+00  ,-2.082608141576e+00  
  1.195363525674e+05  ,-9.241729826531e+00  ,-1.132534137190e+01  ,-1.061603172250e+01  ,-1.269866296207e+01  ,-2.083611545374e+00  ,-2.082631239578e+00  
  1.202264434617e+05  ,-9.196470660751e+00  ,-1.128010555600e+01  ,-1.053586216261e+01  ,-1.261851675690e+01  ,-2.083634895247e+00  ,-2.082654594290e+00  
  1.209205182943e+05  ,-9.151410807983e+00  ,-1.123506931246e+01  ,-1.045589756614e+01  ,-1.253857577462e+01  ,-2.083658504480e+00  ,-2.082678208481e+00  
  1.216186000646e+05  ,-9.106557238610e+00  ,-1.119023961478e+01  ,-1.037615894579e+01  ,-1.245886103072e+01  ,-2.083682376165e+00  ,-2.082702084930e+00  
  1.223207119050e+05  ,-9.061916987731e+00  ,-1.114562350011e+01  ,-1.029666827688e+01  ,-1.237939450305e+01  ,-2.083706512383e+00  ,-2.082726226173e+00  
  1.230268770812e+05  ,-9.017497158559e+00  ,-1.110122807494e+01  ,-1.021744854268e+01  ,-1.230019917801e+01  ,-2.083730916385e+00  ,-2.082750635328e+00  
  1.237371189935e+05  ,-8.973304922877e+00  ,-1.105706051402e+01  ,-1.013852377667e+01  ,-1.222129909178e+01  ,-2.083755591138e+00  ,-2.082775315110e+00  
  1.244514611771e+05  ,-8.929347527909e+00  ,-1.101312806714e+01  ,-1.005991910475e+01  ,-1.214271937306e+01  ,-2.083780539230e+00  ,-2.082800268317e+00  
  1.251699273032e+05  ,-8.885632298250e+00  ,-1.096943806191e+01  ,-9.981660791729e+00  ,-1.206448628971e+01  ,-2.083805763660e+00  ,-2.082825497978e+00  
  1.258925411794e+05  ,-8.842166638518e+00  ,-1.092599790579e+01  ,-9.903776279683e+00  ,-1.198662728650e+01  ,-2.083831267273e+00  ,-2.082851006813e+00  
  1.266193267511e+05  ,-8.798958038426e+00  ,-1.088281509160e+01  ,-9.826294236422e+00  ,-1.190917103448e+01  ,-2.083857053178e+00  ,-2.082876798058e+00  
  1.273503081017e+05  ,-8.756014073985e+00  ,-1.083989719802e+01  ,-9.749244594474e+00  ,-1.183214746889e+01  ,-2.083883124034e+00  ,-2.082902874413e+00  
  1.280855094536e+05  ,-8.713342413983e+00  ,-1.079725189720e+01  ,-9.672658588147e+00  ,-1.175558782716e+01  ,-2.083909483220e+00  ,-2.082929239014e+00  
  1.288249551693e+05  ,-8.670950818775e+00  ,-1.075488695233e+01  ,-9.596568802350e+00  ,-1.167952469726e+01  ,-2.083936133554e+00  ,-2.082955894910e+00  
  1.295686697517e+05  ,-8.628847145206e+00  ,-1.071281022327e+01  ,-9.521009199294e+00  ,-1.160399204436e+01  ,-2.083963078062e+00  ,-2.082982845063e+00  
  1.303166778452e+05  ,-8.587039350845e+00  ,-1.067102967076e+01  ,-9.446015161621e+00  ,-1.152902525418e+01  ,-2.083990319917e+00  ,-2.083010092562e+00  
  1.310690042366e+05  ,-8.545535494625e+00  ,-1.062955335683e+01  ,-9.371623520664e+00  ,-1.145466116133e+01  ,-2.084017862208e+00  ,-2.083037640661e+00  
  1.318256738556e+05  ,-8.504343739396e+00  ,-1.058838944751e+01  ,-9.297872588997e+00  ,-1.138093808129e+01  ,-2.084045708112e+00  ,-2.083065492295e+00  
  1.325867117761e+05  ,-8.463472356149e+00  ,-1.054754621684e+01  ,-9.224802181488e+00  ,-1.130789583227e+01  ,-2.084073860696e+00  ,-2.083093650783e+00  
  1.333521432163e+05  ,-8.422929725000e+00  ,-1.050703204824e+01  ,-9.152453642760e+00  ,-1.123557576206e+01  ,-2.084102323237e+00  ,-2.083122119305e+00  
  1.341219935405e+05  ,-8.382724336133e+00  ,-1.046685543521e+01  ,-9.080869856414e+00  ,-1.116402075756e+01  ,-2.084131099077e+00  ,-2.083150901150e+00  
  1.348962882592e+05  ,-8.342864793032e+00  ,-1.042702498431e+01  ,-9.010095262258e+00  ,-1.109327526168e+01  ,-2.084160191274e+00  ,-2.083179999421e+00  
  1.356750530300e+05  ,-8.303359815677e+00  ,-1.038754941895e+01  ,-8.940175855977e+00  ,-1.102338527360e+01  ,-2.084189603273e+00  ,-2.083209417628e+00  
  1.364583136589e+05  ,-8.264218239233e+00  ,-1.034843757751e+01  ,-8.871159188187e+00  ,-1.095439834696e+01  ,-2.084219338278e+00  ,-2.083239158771e+00  
  1.372460961008e+05  ,-8.225449016505e+00  ,-1.030969841608e+01  ,-8.803094352533e+00  ,-1.088636357903e+01  ,-2.084249399573e+00  ,-2.083269226494e+00  
  1.380384264603e+05  ,-8.187061218586e+00  ,-1.027134100933e+01  ,-8.736031969122e+00  ,-1.081933159319e+01  ,-2.084279790748e+00  ,-2.083299624064e+00  
  1.388353309929e+05  ,-8.149064035539e+00  ,-1.023337455065e+01  ,-8.670024150965e+00  ,-1.075335450576e+01  ,-2.084310515107e+00  ,-2.083330354791e+00  
  1.396368361056e+05  ,-8.111466777648e+00  ,-1.019580835377e+01  ,-8.605124466976e+00  ,-1.068848588934e+01  ,-2.084341576118e+00  ,-2.083361422366e+00  
  1.404429683578e+05  ,-8.074278875759e+00  ,-1.015865185288e+01  ,-8.541387892575e+00  ,-1.062478072279e+01  ,-2.084372977121e+00  ,-2.083392830214e+00  
  1.412537544623e+05  ,-8.037509878422e+00  ,-1.012191460033e+01  ,-8.478870742468e+00  ,-1.056229532390e+01  ,-2.084404721907e+00  ,-2.083424581432e+00  
  1.420692212860e+05  ,-8.001169454524e+00  ,-1.008560626815e+01  ,-8.417630600833e+00  ,-1.050108728077e+01  ,-2.084436813624e+00  ,-2.083456679937e+00  
  1.428893958511e+05  ,-7.965267391730e+00  ,-1.004973664790e+01  ,-8.357726225674e+00  ,-1.044121535504e+01  ,-2.084469256173e+00  ,-2.083489129361e+00  
  1.437143053356e+05  ,-7.929813592575e+00  ,-1.001431564553e+01  ,-8.299217447176e+00  ,-1.038273938031e+01  ,-2.084502052958e+00  ,-2.083521933137e+00  
  1.445439770746e+05  ,-7.894818078007e+00  ,-9.979353285672e+00  ,-8.242165051301e+00  ,-1.032572014621e+01  ,-2.084535207664e+00  ,-2.083555094906e+00  
  1.453784385608e+05  ,-7.860290980852e+00  ,-9.944859704748e+00  ,-8.186630638459e+00  ,-1.027021925670e+01  ,-2.084568723896e+00  ,-2.083588618243e+00  
  1.462177174457e+05  ,-7.826242544140e+00  ,-9.910845149716e+00  ,-8.132676478606e+00  ,-1.021629898567e+01  ,-2.084602605576e+00  ,-2.083622507068e+00  
  1.470618415405e+05  ,-7.792683120150e+00  ,-9.877319976293e+00  ,-8.080365340282e+00  ,-1.016402210513e+01  ,-2.084636856143e+00  ,-2.083656764848e+00  
  1.479108388168e+05  ,-7.759623165281e+00  ,-9.844294644655e+00  ,-8.029760306415e+00  ,-1.011345170207e+01  ,-2.084671479374e+00  ,-2.083691395655e+00  
  1.487647374080e+05  ,-7.727073237402e+00  ,-9.811779716624e+00  ,-7.980924574801e+00  ,-1.006465097763e+01  ,-2.084706479223e+00  ,-2.083726402826e+00  
  1.496235656094e+05  ,-7.695043990562e+00  ,-9.779785850119e+00  ,-7.933921238660e+00  ,-1.001768302935e+01  ,-2.084741859557e+00  ,-2.083761790693e+00  
  1.504873518803e+05  ,-7.663546170369e+00  ,-9.748323794189e+00  ,-7.888813053992e+00  ,-9.972610616672e+00  ,-2.084777623820e+00  ,-2.083797562680e+00  
  1.513561248436e+05  ,-7.632590607906e+00  ,-9.717404384283e+00  ,-7.845662192263e+00  ,-9.929495915146e+00  ,-2.084813776377e+00  ,-2.083833722883e+00  
  1.522299132880e+05  ,-7.602188216524e+00  ,-9.687038537382e+00  ,-7.804529974722e+00  ,-9.888400249926e+00  ,-2.084850320858e+00  ,-2.083870275204e+00  
  1.531087461682e+05  ,-7.572349980854e+00  ,-9.657237242208e+00  ,-7.765476597898e+00  ,-9.849383821583e+00  ,-2.084887261354e+00  ,-2.083907223686e+00  
  1.539926526059e+05  ,-7.543086953741e+00  ,-9.628011555407e+00  ,-7.728560843345e+00  ,-9.812505415298e+00  ,-2.084924601666e+00  ,-2.083944571953e+00  
  1.548816618912e+05  ,-7.514410245949e+00  ,-9.599372592095e+00  ,-7.693839782734e+00  ,-9.777822107227e+00  ,-2.084962346146e+00  ,-2.083982324493e+00  
  1.557758034832e+05  ,-7.486331018380e+00  ,-9.571331516738e+00  ,-7.661368467661e+00  ,-9.745388952728e+00  ,-2.085000498358e+00  ,-2.084020485066e+00  
  1.566751070108e+05  ,-7.458860473727e+00  ,-9.543899536666e+00  ,-7.631199620819e+00  ,-9.715258678656e+00  ,-2.085039062939e+00  ,-2.084059057837e+00  
  1.575796022744e+05  ,-7.432009846295e+00  ,-9.517087889881e+00  ,-7.603383320031e+00  ,-9.687481366855e+00  ,-2.085078043585e+00  ,-2.084098046824e+00  
  1.584893192461e+05  ,-7.405790390635e+00  ,-9.490907835212e+00  ,-7.577966682673e+00  ,-9.662104139069e+00  ,-2.085117444576e+00  ,-2.084137456396e+00  
  1.594042880712e+05  ,-7.380213372647e+00  ,-9.465370642783e+00  ,-7.554993551668e+00  ,-9.639170842267e+00  ,-2.085157270136e+00  ,-2.084177290599e+00  
  1.603245390690e+05  ,-7.355290057261e+00  ,-9.440487581719e+00  ,-7.534504190876e+00  ,-9.618721744532e+00  ,-2.085197524459e+00  ,-2.084217553656e+00  
  1.612501027338e+05  ,-7.331031693040e+00  ,-9.416269904918e+00  ,-7.516534982091e+00  ,-9.600793231970e+00  ,-2.085238211878e+00  ,-2.084258249879e+00  
  1.621810097359e+05  ,-7.307449503548e+00  ,-9.392728839990e+00  ,-7.501118142187e+00  ,-9.585417525561e+00  ,-2.085279336441e+00  ,-2.084299383374e+00  
  1.631172909228e+05  ,-7.284554671286e+00  ,-9.369875573993e+00  ,-7.488281449177e+00  ,-9.572622407891e+00  ,-2.085320902707e+00  ,-2.084340958714e+00  
  1.640589773200e+05  ,-7.262358322859e+00  ,-9.347721237858e+00  ,-7.478047987471e+00  ,-9.562430967570e+00  ,-2.085362914999e+00  ,-2.084382980099e+00  
  1.650061001320e+05  ,-7.240871515611e+00  ,-9.326276893233e+00  ,-7.470435918099e+00  ,-9.554861370075e+00  ,-2.085405377622e+00  ,-2.084425451975e+00  
  1.659586907438e+05  ,-7.220105219532e+00  ,-9.305553514523e+00  ,-7.465458269107e+00  ,-9.549926647890e+00  ,-2.085448294991e+00  ,-2.084468378783e+00  
  1.669167807211e+05  ,-7.200070302998e+00  ,-9.285561974712e+00  ,-7.463122753476e+00  ,-9.547634518444e+00  ,-2.085491671715e+00  ,-2.084511764968e+00  
  1.678804018123e+05  ,-7.180777513889e+00  ,-9.266313026039e+00  ,-7.463431616653e+00  ,-9.547987231606e+00  ,-2.085535512150e+00  ,-2.084555614953e+00  
  1.688495859487e+05  ,-7.162237462569e+00  ,-9.247817283287e+00  ,-7.466381513471e+00  ,-9.550981446804e+00  ,-2.085579820719e+00  ,-2.084599933333e+00  
  1.698243652462e+05  ,-7.144460604460e+00  ,-9.230085206759e+00  ,-7.471963420145e+00  ,-9.556608144848e+00  ,-2.085624602299e+00  ,-2.084644724702e+00  
  1.708047720060e+05  ,-7.127457218494e+00  ,-9.213127079657e+00  ,-7.480162575289e+00  ,-9.564852568888e+00  ,-2.085669861163e+00  ,-2.084689993599e+00  
  1.717908387158e+05  ,-7.111237389475e+00  ,-9.196952991521e+00  ,-7.490958459883e+00  ,-9.575694204559e+00  ,-2.085715602046e+00  ,-2.084735744676e+00  
  1.727825980508e+05  ,-7.095810988532e+00  ,-9.181572818321e+00  ,-7.504324806871e+00  ,-9.589106789445e+00  ,-2.085761829789e+00  ,-2.084781982574e+00  
  1.737800828749e+05  ,-7.081187651879e+00  ,-9.166996200679e+00  ,-7.520229647114e+00  ,-9.605058359011e+00  ,-2.085808548800e+00  ,-2.084828711896e+00  
  1.747833262418e+05  ,-7.067376756704e+00  ,-9.153232520811e+00  ,-7.538635389544e+00  ,-9.623511327266e+00  ,-2.085855764107e+00  ,-2.084875937722e+00  
  1.757923613959e+05  ,-7.054387405270e+00  ,-9.140290885471e+00  ,-7.559498930341e+00  ,-9.644422594907e+00  ,-2.085903480202e+00  ,-2.084923664566e+00  
  1.768072217734e+05  ,-7.042228398719e+00  ,-9.128180100848e+00  ,-7.582771793865e+00  ,-9.667743691048e+00  ,-2.085951702130e+00  ,-2.084971897183e+00  
  1.778279410039e+05  ,-7.030908215738e+00  ,-9.116908650322e+00  ,-7.608400303650e+00  ,-9.693420944189e+00  ,-2.086000434584e+00  ,-2.085020640539e+00  
  1.788545529108e+05  ,-7.020434990388e+00  ,-9.106484672911e+00  ,-7.636325776460e+00  ,-9.721395675888e+00  ,-2.086049682523e+00  ,-2.085069899428e+00  
  1.798870915129e+05  ,-7.010816489649e+00  ,-9.096915940444e+00  ,-7.666484743267e+00  ,-9.751604422132e+00  ,-2.086099450795e+00  ,-2.085119678865e+00  
  1.809255910254e+05  ,-7.002060088672e+00  ,-9.088209833122e+00  ,-7.698809189854e+00  ,-9.783979173622e+00  ,-2.086149744450e+00  ,-2.085169983768e+00  
  1.819700858610e+05  ,-6.994172749473e+00  ,-9.080373317641e+00  ,-7.733226812923e+00  ,-9.818447631814e+00  ,-2.086200568168e+00  ,-2.085220818891e+00  
  1.830206106311e+05  ,-6.987160995541e+00  ,-9.073412922808e+00  ,-7.769661297403e+00  ,-9.854933487072e+00  ,-2.086251927267e+00  ,-2.085272189669e+00  
  1.840772001469e+05  ,-6.981030890095e+00  ,-9.067334716954e+00  ,-7.808032599966e+00  ,-9.893356700886e+00  ,-2.086303826858e+00  ,-2.085324100920e+00  
  1.851398894205e+05  ,-6.975788012178e+00  ,-9.062144283816e+00  ,-7.848257245133e+00  ,-9.933633802722e+00  ,-2.086356271638e+00  ,-2.085376557589e+00  
  1.862087136663e+05  ,-6.971437432176e+00  ,-9.057846699260e+00  ,-7.890248626348e+00  ,-9.975678191385e+00  ,-2.086409267084e+00  ,-2.085429565037e+00  
  1.872837083018e+05  ,-6.967983689041e+00  ,-9.054446507182e+00  ,-7.933917312404e+00  ,-1.001940044063e+01  ,-2.086462818141e+00  ,-2.085483128222e+00  
  1.883649089490e+05  ,-6.965430769693e+00  ,-9.051947699740e+00  ,-7.979171351726e+00  ,-1.006470860431e+01  ,-2.086516930047e+00  ,-2.085537252584e+00  
  1.894523514357e+05  ,-6.963782082170e+00  ,-9.050353690255e+00  ,-8.025916578160e+00  ,-1.011150852125e+01  ,-2.086571608085e+00  ,-2.085591943087e+00  
  1.905460717963e+05  ,-6.963040435621e+00  ,-9.049667293009e+00  ,-8.074056912625e+00  ,-1.015970411774e+01  ,-2.086626857388e+00  ,-2.085647205115e+00  
  1.916461062735e+05  ,-6.963208017114e+00  ,-9.049890700703e+00  ,-8.123494657835e+00  ,-1.020919770184e+01  ,-2.086682683589e+00  ,-2.085703044009e+00  
  1.927524913191e+05  ,-6.964286371054e+00  ,-9.051025462509e+00  ,-8.174130787058e+00  ,-1.025989025199e+01  ,-2.086739091455e+00  ,-2.085759464935e+00  
  1.938652635952e+05  ,-6.966276377512e+00  ,-9.053072464313e+00  ,-8.225865224701e+00  ,-1.031168169820e+01  ,-2.086796086801e+00  ,-2.085816473503e+00  
  1.949844599758e+05  ,-6.969178229817e+00  ,-9.056031904549e+00  ,-8.278597115907e+00  ,-1.036447119054e+01  ,-2.086853674732e+00  ,-2.085874074630e+00  
  1.961101175476e+05  ,-6.972991417169e+00  ,-9.059903278125e+00  ,-8.332225086253e+00  ,-1.041815736054e+01  ,-2.086911860956e+00  ,-2.085932274292e+00  
  1.972422736115e+05  ,-6.977714703718e+00  ,-9.064685354265e+00  ,-8.386647490322e+00  ,-1.047263856789e+01  ,-2.086970650547e+00  ,-2.085991077564e+00  
  1.983809656837e+05  ,-6.983346110173e+00  ,-9.070376159478e+00  ,-8.441762647986e+00  ,-1.052781313812e+01  ,-2.087030049305e+00  ,-2.086050490131e+00  
  1.995262314969e+05  ,-6.989882895493e+00  ,-9.076972958184e+00  ,-8.497469068743e+00  ,-1.058357958635e+01  ,-2.087090062691e+00  ,-2.086110517611e+00  
  2.006781090018e+05  ,-6.997321540917e+00  ,-9.084472237047e+00  ,-8.553665665383e+00  ,-1.063983683057e+01  ,-2.087150696130e+00  ,-2.086171165183e+00  
  2.018366363682e+05  ,-7.005657731770e+00  ,-9.092869687019e+00  ,-8.610251953364e+00  ,-1.069648439216e+01  ,-2.087211955249e+00  ,-2.086232438793e+00  
  2.030018519860e+05  ,-7.014886344389e+00  ,-9.102160190271e+00  ,-8.667128241321e+00  ,-1.075342258521e+01  ,-2.087273845881e+00  ,-2.086294343891e+00  
  2.041737944670e+05  ,-7.025001429689e+00  ,-9.112337803203e+00  ,-8.724195807956e+00  ,-1.081055269415e+01  ,-2.087336373514e+00  ,-2.086356886191e+00  
  2.053525026457e+05  ,-7.035996201670e+00  ,-9.123395745424e+00  ,-8.781357070407e+00  ,-1.086777714191e+01  ,-2.087399543754e+00  ,-2.086420071503e+00  
  2.065380155811e+05  ,-7.047863023503e+00  ,-9.135326385941e+00  ,-8.838515740068e+00  ,-1.092499964537e+01  ,-2.087463362438e+00  ,-2.086483905305e+00  
  2.077303725573e+05  ,-7.060593396796e+00  ,-9.148121231970e+00  ,-8.895576971366e+00  ,-1.098212536482e+01  ,-2.087527835174e+00  ,-2.086548393454e+00  
  2.089296130854e+05  ,-7.074177951931e+00  ,-9.161770920023e+00  ,-8.952447500138e+00  ,-1.103906104205e+01  ,-2.087592968092e+00  ,-2.086613541909e+00  
  2.101357769047e+05  ,-7.088606437989e+00  ,-9.176265204597e+00  ,-9.009035773806e+00  ,-1.109571512986e+01  ,-2.087658766608e+00  ,-2.086679356051e+00  
  2.113489039837e+05  ,-7.103867716228e+00  ,-9.191592952925e+00  ,-9.065252074751e+00  ,-1.115199791694e+01  ,-2.087725236697e+00  ,-2.086745842191e+00  
  2.125690345217e+05  ,-7.119949751684e+00  ,-9.207742136058e+00  ,-9.121008636229e+00  ,-1.120782164219e+01  ,-2.087792384374e+00  ,-2.086813005963e+00  
  2.137962089502e+05  ,-7.136839609355e+00  ,-9.224699824527e+00  ,-9.176219751002e+00  ,-1.126310060425e+01  ,-2.087860215173e+00  ,-2.086880853246e+00  
  2.150304679340e+05  ,-7.154523448613e+00  ,-9.242452184124e+00  ,-9.230801876340e+00  ,-1.131775126635e+01  ,-2.087928735511e+00  ,-2.086949390009e+00  
  2.162718523727e+05  ,-7.172986520628e+00  ,-9.260984471630e+00  ,-9.284673732123e+00  ,-1.137169235441e+01  ,-2.087997951002e+00  ,-2.087018622289e+00  
  2.175204034020e+05  ,-7.192213167589e+00  ,-9.280281035320e+00  ,-9.337756392854e+00  ,-1.142484494893e+01  ,-2.088067867731e+00  ,-2.087088556075e+00  
  2.187761623950e+05  ,-7.212186820903e+00  ,-9.300325312579e+00  ,-9.389973378536e+00  ,-1.147713257576e+01  ,-2.088138491675e+00  ,-2.087159197226e+00  
  2.200391709637e+05  ,-7.232890002624e+00  ,-9.321099831537e+00  ,-9.441250737782e+00  ,-1.152848128972e+01  ,-2.088209828913e+00  ,-2.087230551939e+00  
  2.213094709606e+05  ,-7.254304327959e+00  ,-9.342586213507e+00  ,-9.491517128654e+00  ,-1.157881975497e+01  ,-2.088281885548e+00  ,-2.087302626313e+00  
  2.225871044793e+05  ,-7.276410508769e+00  ,-9.364765176539e+00  ,-9.540703895835e+00  ,-1.162807932223e+01  ,-2.088354667769e+00  ,-2.087375426397e+00  
  2.238721138568e+05  ,-7.299188359114e+00  ,-9.387616540693e+00  ,-9.588745141082e+00  ,-1.167619409932e+01  ,-2.088428181579e+00  ,-2.087448958242e+00  
  2.251645416745e+05  ,-7.322616799702e+00  ,-9.411119232766e+00  ,-9.635577794345e+00  ,-1.172310102262e+01  ,-2.088502433064e+00  ,-2.087523228271e+00  
  2.264644307593e+05  ,-7.346673868175e+00  ,-9.435251296678e+00  ,-9.681141676503e+00  ,-1.176873991867e+01  ,-2.088577428502e+00  ,-2.087598242166e+00  
  2.277718241857e+05  ,-7.371336727421e+00  ,-9.459989901509e+00  ,-9.725379560707e+00  ,-1.181305356736e+01  ,-2.088653174088e+00  ,-2.087674006656e+00  
  2.290867652768e+05  ,-7.396581676377e+00  ,-9.485311352387e+00  ,-9.768237228025e+00  ,-1.185598775566e+01  ,-2.088729676011e+00  ,-2.087750527636e+00  
  2.304092976056e+05  ,-7.422384162413e+00  ,-9.511191103103e+00  ,-9.809663519310e+00  ,-1.189749133098e+01  ,-2.088806940690e+00  ,-2.087827811673e+00  
  2.317394649968e+05  ,-7.448718795081e+00  ,-9.537603769314e+00  ,-9.849610381044e+00  ,-1.193751624578e+01  ,-2.088884974234e+00  ,-2.087905864733e+00  
  2.330773115283e+05  ,-7.475559362195e+00  ,-9.564523145123e+00  ,-9.888032907702e+00  ,-1.197601760101e+01  ,-2.088963782928e+00  ,-2.087984693310e+00  
  2.344228815320e+05  ,-7.502878846475e+00  ,-9.591922219671e+00  ,-9.924889376972e+00  ,-1.201295368050e+01  ,-2.089043373196e+00  ,-2.088064303532e+00  
  2.357762195961e+05  ,-7.530649444583e+00  ,-9.619773196035e+00  ,-9.960141280199e+00  ,-1.204828598221e+01  ,-2.089123751452e+00  ,-2.088144702013e+00  
  2.371373705662e+05  ,-7.558842588449e+00  ,-9.648047512243e+00  ,-9.993753346339e+00  ,-1.208197924135e+01  ,-2.089204923795e+00  ,-2.088225895012e+00  
  2.385063795465e+05  ,-7.587428965471e+00  ,-9.676715862443e+00  ,-1.002569355884e+01  ,-1.211400144768e+01  ,-2.089286896972e+00  ,-2.088307888839e+00  
  2.398832919020e+05  ,-7.616378545216e+00  ,-9.705748222287e+00  ,-1.005593316705e+01  ,-1.214432385705e+01  ,-2.089369677072e+00  ,-2.088390690003e+00  
  2.412681532592e+05  ,-7.645660602973e+00  ,-9.735113873634e+00  ,-1.008444668940e+01  ,-1.217292099424e+01  ,-2.089453270661e+00  ,-2.088474304843e+00  
  2.426610095082e+05  ,-7.675243750049e+00  ,-9.764781434171e+00  ,-1.011121190931e+01  ,-1.219977064923e+01  ,-2.089537684122e+00  ,-2.088558739924e+00  
  2.440619068042e+05  ,-7.705095961411e+00  ,-9.794718885529e+00  ,-1.013620986437e+01  ,-1.222485386604e+01  ,-2.089622924119e+00  ,-2.088644001673e+00  
  2.454708915685e+05  ,-7.735184609453e+00  ,-9.824893606289e+00  ,-1.015942482657e+01  ,-1.224815492304e+01  ,-2.089708996836e+00  ,-2.088730096468e+00  
  2.468880104906e+05  ,-7.765476495857e+00  ,-9.855272404903e+00  ,-1.018084427675e+01  ,-1.226966130781e+01  ,-2.089795909046e+00  ,-2.088817031061e+00  
  2.483133105296e+05  ,-7.795937888946e+00  ,-9.885821556098e+00  ,-1.020045886836e+01  ,-1.228936368010e+01  ,-2.089883667152e+00  ,-2.088904811735e+00  
  2.497468389154e+05  ,-7.826534561618e+00  ,-9.916506839278e+00  ,-1.021826238604e+01  ,-1.230725583104e+01  ,-2.089972277660e+00  ,-2.088993445003e+00  
  2.511886431510e+05  ,-7.857231830573e+00  ,-9.947293577718e+00  ,-1.023425169528e+01  ,-1.232333463294e+01  ,-2.090061747144e+00  ,-2.089082937661e+00  
  2.526387710132e+05  ,-7.887994600396e+00  ,-9.978146682439e+00  ,-1.024842668382e+01  ,-1.233759997979e+01  ,-2.090152082043e+00  ,-2.089173295972e+00  
  2.540972705549e+05  ,-7.918787405486e+00  ,-1.000903069469e+01  ,-1.026079019795e+01  ,-1.235005472464e+01  ,-2.090243289202e+00  ,-2.089264526691e+00  
  2.555641901064e+05  ,-7.949574459354e+00  ,-1.003990983440e+01  ,-1.027134796860e+01  ,-1.236070460493e+01  ,-2.090335375047e+00  ,-2.089356636332e+00  
  2.570395782769e+05  ,-7.980319703135e+00  ,-1.007074804929e+01  ,-1.028010853291e+01  ,-1.236955816462e+01  ,-2.090428346159e+00  ,-2.089449631716e+00  
  2.585234839562e+05  ,-8.010986855946e+00  ,-1.010150906511e+01  ,-1.028708314948e+01  ,-1.237662666855e+01  ,-2.090522209161e+00  ,-2.089543519073e+00  
  2.600159563165e+05  ,-8.041539467663e+00  ,-1.013215643832e+01  ,-1.029228570543e+01  ,-1.238192401067e+01  ,-2.090616970659e+00  ,-2.089638305242e+00  
  2.615170448138e+05  ,-8.071940976691e+00  ,-1.016265361395e+01  ,-1.029573262087e+01  ,-1.238546661764e+01  ,-2.090712637263e+00  ,-2.089733996772e+00  
  2.630267991895e+05  ,-8.102154765450e+00  ,-1.019296398114e+01  ,-1.029744274608e+01  ,-1.238727334657e+01  ,-2.090809215689e+00  ,-2.089830600489e+00  
  2.645452694724e+05  ,-8.132144221424e+00  ,-1.022305093387e+01  ,-1.029743725529e+01  ,-1.238736537801e+01  ,-2.090906712442e+00  ,-2.089928122717e+00  
  2.660725059799e+05  ,-8.161872797359e+00  ,-1.025287793169e+01  ,-1.029573953780e+01  ,-1.238576610807e+01  ,-2.091005134327e+00  ,-2.090026570276e+00  
  2.676085593199e+05  ,-8.191304076309e+00  ,-1.028240856403e+01  ,-1.029237508247e+01  ,-1.238250103230e+01  ,-2.091104487723e+00  ,-2.090125949826e+00  
  2.691534803927e+05  ,-8.220401834748e+00  ,-1.031160661441e+01  ,-1.028737136357e+01  ,-1.237759763140e+01  ,-2.091204779659e+00  ,-2.090226267836e+00  
  2.707073203921e+05  ,-8.249130112428e+00  ,-1.034043612883e+01  ,-1.028075772253e+01  ,-1.237108525368e+01  ,-2.091306016403e+00  ,-2.090327531147e+00  
  2.722701308078e+05  ,-8.277453276617e+00  ,-1.036886148156e+01  ,-1.027256524742e+01  ,-1.236299499396e+01  ,-2.091408204942e+00  ,-2.090429746540e+00  
  2.738419634264e+05  ,-8.305336094166e+00  ,-1.039684744582e+01  ,-1.026282665430e+01  ,-1.235335957465e+01  ,-2.091511351651e+00  ,-2.090532920353e+00  
  2.754228703338e+05  ,-8.332743801795e+00  ,-1.042435926514e+01  ,-1.025157616599e+01  ,-1.234221322539e+01  ,-2.091615463341e+00  ,-2.090637059398e+00  
  2.770129039164e+05  ,-8.359642175911e+00  ,-1.045136272251e+01  ,-1.023884939253e+01  ,-1.232959156284e+01  ,-2.091720546597e+00  ,-2.090742170313e+00  
  2.786121168630e+05  ,-8.385997605619e+00  ,-1.047782421366e+01  ,-1.022468321174e+01  ,-1.231553147148e+01  ,-2.091826608045e+00  ,-2.090848259739e+00  
  2.802205621667e+05  ,-8.411777164990e+00  ,-1.050371081928e+01  ,-1.020911565218e+01  ,-1.230007098645e+01  ,-2.091933654294e+00  ,-2.090955334265e+00  
  2.818382931264e+05  ,-8.436948683292e+00  ,-1.052899037563e+01  ,-1.019218577672e+01  ,-1.228324917733e+01  ,-2.092041692335e+00  ,-2.091063400611e+00  
  2.834653633490e+05  ,-8.461480819551e+00  ,-1.055363154781e+01  ,-1.017393356949e+01  ,-1.226510603482e+01  ,-2.092150728255e+00  ,-2.091172465334e+00  
  2.851018267504e+05  ,-8.485343131878e+00  ,-1.057760390080e+01  ,-1.015439982551e+01  ,-1.224568236056e+01  ,-2.092260768923e+00  ,-2.091282535052e+00  
  2.867477375581e+05  ,-8.508506148307e+00  ,-1.060087796931e+01  ,-1.013362604268e+01  ,-1.222501965920e+01  ,-2.092371820999e+00  ,-2.091393616512e+00  
  2.884031503127e+05  ,-8.530941434841e+00  ,-1.062342532584e+01  ,-1.011165431824e+01  ,-1.220316003426e+01  ,-2.092483891001e+00  ,-2.091505716026e+00  
  2.900681198693e+05  ,-8.552621665753e+00  ,-1.064521865130e+01  ,-1.008852724748e+01  ,-1.218014608796e+01  ,-2.092596985550e+00  ,-2.091618840475e+00  
  2.917427014001e+05  ,-8.573520685747e+00  ,-1.066623179691e+01  ,-1.006428782823e+01  ,-1.215602082453e+01  ,-2.092711111163e+00  ,-2.091732996298e+00  
  2.934269503956e+05  ,-8.593613574588e+00  ,-1.068643984901e+01  ,-1.003897936802e+01  ,-1.213082755796e+01  ,-2.092826274422e+00  ,-2.091848189942e+00  
  2.951209226666e+05  ,-8.612876707891e+00  ,-1.070581918986e+01  ,-1.001264539590e+01  ,-1.210460982417e+01  ,-2.092942481972e+00  ,-2.091964428275e+00  
  2.968246743463e+05  ,-8.631287813754e+00  ,-1.072434755391e+01  ,-9.985329578957e+00  ,-1.207741129649e+01  ,-2.093059740159e+00  ,-2.092081717537e+00  
  2.985382618918e+05  ,-8.648826026875e+00  ,-1.074200408238e+01  ,-9.957075643178e+00  ,-1.204927570738e+01  ,-2.093178055509e+00  ,-2.092200064199e+00  
  3.002617420861e+05  ,-8.665471939247e+00  ,-1.075876937387e+01  ,-9.927927298252e+00  ,-1.202024677320e+01  ,-2.093297434621e+00  ,-2.092319474948e+00  
  3.019951720402e+05  ,-8.681207646333e+00  ,-1.077462553012e+01  ,-9.897928167558e+00  ,-1.199036812373e+01  ,-2.093417883786e+00  ,-2.092439956176e+00  
  3.037386091946e+05  ,-8.696016787898e+00  ,-1.078955619754e+01  ,-9.867121722836e+00  ,-1.195968323712e+01  ,-2.093539409637e+00  ,-2.092561514282e+00  
  3.054921113216e+05  ,-8.709884588127e+00  ,-1.080354660657e+01  ,-9.835551222211e+00  ,-1.192823537773e+01  ,-2.093662018448e+00  ,-2.092684155517e+00  
  3.072557365267e+05  ,-8.722797883471e+00  ,-1.081658359991e+01  ,-9.803259652833e+00  ,-1.189606753927e+01  ,-2.093785716439e+00  ,-2.092807886440e+00  
  3.090295432514e+05  ,-8.734745156369e+00  ,-1.082865566659e+01  ,-9.770289679092e+00  ,-1.186322239260e+01  ,-2.093910510223e+00  ,-2.092932713508e+00  
  3.108135902740e+05  ,-8.745716551220e+00  ,-1.083975295728e+01  ,-9.736683593781e+00  ,-1.182974223661e+01  ,-2.094036406057e+00  ,-2.093058642825e+00  
  3.126079367124e+05  ,-8.755703894360e+00  ,-1.084986730448e+01  ,-9.702483272121e+00  ,-1.179566895288e+01  ,-2.094163410115e+00  ,-2.093185680763e+00  
  3.144126420259e+05  ,-8.764700704692e+00  ,-1.085899223348e+01  ,-9.667730132846e+00  ,-1.176104396646e+01  ,-2.094291528792e+00  ,-2.093313833611e+00  
  3.162277660168e+05  ,-8.772702198887e+00  ,-1.086712296713e+01  ,-9.632465098836e+00  ,-1.172590820642e+01  ,-2.094420768246e+00  ,-2.093443107585e+00  
  3.180533688330e+05  ,-8.779705292201e+00  ,-1.087425642680e+01  ,-9.596728565551e+00  ,-1.169030207435e+01  ,-2.094551134597e+00  ,-2.093573508797e+00  
  3.198895109691e+05  ,-8.785708589906e+00  ,-1.088039122407e+01  ,-9.560560368839e+00  ,-1.165426541230e+01  ,-2.094682634166e+00  ,-2.093705043460e+00  
  3.217362532696e+05  ,-8.790712378566e+00  ,-1.088552765137e+01  ,-9.523999758822e+00  ,-1.161783747635e+01  ,-2.094815272799e+00  ,-2.093837717529e+00  
  3.235936569296e+05  ,-8.794718609958e+00  ,-1.088966766668e+01  ,-9.487085374620e+00  ,-1.158105691195e+01  ,-2.094949056726e+00  ,-2.093971537328e+00  
  3.254617834980e+05  ,-8.797730872879e+00  ,-1.089281486481e+01  ,-9.449855223661e+00  ,-1.154396173242e+01  ,-2.095083991933e+00  ,-2.094106508754e+00  
  3.273406948788e+05  ,-8.799754371962e+00  ,-1.089497445630e+01  ,-9.412346661673e+00  ,-1.150658929934e+01  ,-2.095220084340e+00  ,-2.094242637664e+00  
  3.292304533334e+05  ,-8.800795890241e+00  ,-1.089615323013e+01  ,-9.374596376874e+00  ,-1.146897630705e+01  ,-2.095357339885e+00  ,-2.094379930181e+00  
  3.311311214826e+05  ,-8.800863753545e+00  ,-1.089635951801e+01  ,-9.336640374217e+00  ,-1.143115876613e+01  ,-2.095495764461e+00  ,-2.094518391911e+00  
  3.330427623087e+05  ,-8.799967785891e+00  ,-1.089560314969e+01  ,-9.298513964267e+00  ,-1.139317199328e+01  ,-2.095635363795e+00  ,-2.094658029015e+00  
  3.349654391578e+05  ,-8.798119265777e+00  ,-1.089389540945e+01  ,-9.260251751944e+00  ,-1.135505059887e+01  ,-2.095776143669e+00  ,-2.094798846922e+00  
  3.368992157415e+05  ,-8.795330871204e+00  ,-1.089124898119e+01  ,-9.221887627049e+00  ,-1.131682847870e+01  ,-2.095918109989e+00  ,-2.094940851651e+00  
  3.388441561392e+05  ,-8.791616627710e+00  ,-1.088767789588e+01  ,-9.183454757485e+00  ,-1.127853880611e+01  ,-2.096061268171e+00  ,-2.095084048627e+00  
  3.408003248004e+05  ,-8.786991849792e+00  ,-1.088319747364e+01  ,-9.144985582391e+00  ,-1.124021402595e+01  ,-2.096205623849e+00  ,-2.095228443555e+00  
  3.427677865465e+05  ,-8.781473078347e+00  ,-1.087782426095e+01  ,-9.106511807385e+00  ,-1.120188584936e+01  ,-2.096351182608e+00  ,-2.095374041977e+00  
  3.447466065732e+05  ,-8.775078019379e+00  ,-1.087157596935e+01  ,-9.068064401568e+00  ,-1.116358525091e+01  ,-2.096497949975e+00  ,-2.095520849343e+00  
  3.467368504525e+05  ,-8.767825473979e+00  ,-1.086447140512e+01  ,-9.029673592522e+00  ,-1.112534246335e+01  ,-2.096645931141e+00  ,-2.095668870828e+00  
  3.487385841352e+05  ,-8.759735274649e+00  ,-1.085653040635e+01  ,-8.991368866180e+00  ,-1.108718697838e+01  ,-2.096795131699e+00  ,-2.095818112200e+00  
  3.507518739526e+05  ,-8.750828211661e+00  ,-1.084777376850e+01  ,-8.953178964270e+00  ,-1.104914754286e+01  ,-2.096945556838e+00  ,-2.095968578588e+00  
  3.527767866189e+05  ,-8.741125965721e+00  ,-1.083822317736e+01  ,-8.915131883846e+00  ,-1.101125215896e+01  ,-2.097097211637e+00  ,-2.096120275118e+00  
  3.548133892336e+05  ,-8.730651034008e+00  ,-1.082790113531e+01  ,-8.877254876538e+00  ,-1.097352808347e+01  ,-2.097250101304e+00  ,-2.096273206932e+00  
  3.568617492835e+05  ,-8.719426659493e+00  ,-1.081683089029e+01  ,-8.839574448856e+00  ,-1.093600182777e+01  ,-2.097404230792e+00  ,-2.096427378912e+00  
  3.589219346450e+05  ,-8.707476758173e+00  ,-1.080503636343e+01  ,-8.802116363198e+00  ,-1.089869915962e+01  ,-2.097559605258e+00  ,-2.096582796421e+00  
  3.609940135864e+05  ,-8.694825847341e+00  ,-1.079254207675e+01  ,-8.764905637530e+00  ,-1.086164510155e+01  ,-2.097716229409e+00  ,-2.096739464023e+00  
  3.630780547701e+05  ,-8.681498975436e+00  ,-1.077937308354e+01  ,-8.727966547145e+00  ,-1.082486393386e+01  ,-2.097874108105e+00  ,-2.096897386712e+00  
  3.651741272548e+05  ,-8.667521649670e+00  ,-1.076555489583e+01  ,-8.691322625517e+00  ,-1.078837919473e+01  ,-2.098033246157e+00  ,-2.097056569212e+00  
  3.672823004981e+05  ,-8.652919769293e+00  ,-1.075111341741e+01  ,-8.654996665392e+00  ,-1.075221368140e+01  ,-2.098193648121e+00  ,-2.097217016004e+00  
  3.694026443583e+05  ,-8.637719556311e+00  ,-1.073607487482e+01  ,-8.619010720437e+00  ,-1.071638945209e+01  ,-2.098355318506e+00  ,-2.097378731658e+00  
  3.715352290972e+05  ,-8.621947489589e+00  ,-1.072046575149e+01  ,-8.583386107036e+00  ,-1.068092782792e+01  ,-2.098518261903e+00  ,-2.097541720885e+00  
  3.736801253821e+05  ,-8.605630240106e+00  ,-1.070431272274e+01  ,-8.548143404492e+00  ,-1.064584939243e+01  ,-2.098682482638e+00  ,-2.097705987938e+00  
  3.758374042884e+05  ,-8.588794610524e+00  ,-1.068764259537e+01  ,-8.513302458447e+00  ,-1.061117399547e+01  ,-2.098847984844e+00  ,-2.097871537022e+00  
  3.780071373018e+05  ,-8.571467473022e+00  ,-1.067048224586e+01  ,-8.478882380878e+00  ,-1.057692075330e+01  ,-2.099014772839e+00  ,-2.098038372418e+00  
  3.801893963206e+05  ,-8.553675713190e+00  ,-1.065285856402e+01  ,-8.444901552869e+00  ,-1.054310805110e+01  ,-2.099182850829e+00  ,-2.098206498229e+00  
  3.823842536581e+05  ,-8.535446174222e+00  ,-1.063479839675e+01  ,-8.411377624915e+00  ,-1.050975354337e+01  ,-2.099352222523e+00  ,-2.098375918455e+00  
  3.845917820454e+05  ,-8.516805604986e+00  ,-1.061632849697e+01  ,-8.378327520682e+00  ,-1.047687415747e+01  ,-2.099522891980e+00  ,-2.098546636792e+00  
  3.868120546331e+05  ,-8.497780608609e+00  ,-1.059747547141e+01  ,-8.345767436271e+00  ,-1.044448609342e+01  ,-2.099694862797e+00  ,-2.098718657154e+00  
  3.890451449943e+05  ,-8.478397596530e+00  ,-1.057826573535e+01  ,-8.313712844395e+00  ,-1.041260482761e+01  ,-2.099868138818e+00  ,-2.098891983211e+00  
  3.912911271269e+05  ,-8.458682744282e+00  ,-1.055872546793e+01  ,-8.282178494218e+00  ,-1.038124511287e+01  ,-2.100042723647e+00  ,-2.099066618652e+00  
  3.935500754558e+05  ,-8.438661949113e+00  ,-1.053888056962e+01  ,-8.251178415551e+00  ,-1.035042098235e+01  ,-2.100218620503e+00  ,-2.099242566799e+00  
  3.958220648357e+05  ,-8.418360789769e+00  ,-1.051875662268e+01  ,-8.220725918588e+00  ,-1.032014574942e+01  ,-2.100395832916e+00  ,-2.099419830829e+00  
  3.981071705535e+05  ,-8.397804493075e+00  ,-1.049837885706e+01  ,-8.190833598703e+00  ,-1.029043201312e+01  ,-2.100574363982e+00  ,-2.099598414415e+00  
  4.004054683306e+05  ,-8.377017898378e+00  ,-1.047777211538e+01  ,-8.161513336585e+00  ,-1.026129165679e+01  ,-2.100754217002e+00  ,-2.099778320200e+00  
  4.027170343255e+05  ,-8.356025427023e+00  ,-1.045696082169e+01  ,-8.132776303362e+00  ,-1.023273585483e+01  ,-2.100935394664e+00  ,-2.099959551467e+00  
  4.050419451365e+05  ,-8.334851055325e+00  ,-1.043596895550e+01  ,-8.104632961223e+00  ,-1.020477507233e+01  ,-2.101117900170e+00  ,-2.100142111105e+00  
  4.073802778041e+05  ,-8.313518287747e+00  ,-1.041482002366e+01  ,-8.077093068358e+00  ,-1.017741906999e+01  ,-2.101301735917e+00  ,-2.100326001627e+00  
  4.097321098135e+05  ,-8.292050133777e+00  ,-1.039353703848e+01  ,-8.050165682197e+00  ,-1.015067690796e+01  ,-2.101486904699e+00  ,-2.100511225761e+00  
  4.120975190973e+05  ,-8.270469088029e+00  ,-1.037214249708e+01  ,-8.023859162629e+00  ,-1.012455694869e+01  ,-2.101673409051e+00  ,-2.100697786062e+00  
  4.144765840379e+05  ,-8.248797111793e+00  ,-1.035065836300e+01  ,-7.998181177302e+00  ,-1.009906686226e+01  ,-2.101861251212e+00  ,-2.100885684956e+00  
  4.168693834703e+05  ,-8.227055616114e+00  ,-1.032910604961e+01  ,-7.973138705203e+00  ,-1.007421362973e+01  ,-2.102050433491e+00  ,-2.101074924530e+00  
  4.192759966846e+05  ,-8.205265449444e+00  ,-1.030750640723e+01  ,-7.948738042756e+00  ,-1.005000354972e+01  ,-2.102240957788e+00  ,-2.101265506967e+00  
  4.216965034286e+05  ,-8.183446883784e+00  ,-1.028587971021e+01  ,-7.924984808883e+00  ,-1.002644224304e+01  ,-2.102432826423e+00  ,-2.101457434161e+00  
  4.241309839105e+05  ,-8.161619606801e+00  ,-1.026424564763e+01  ,-7.901883951070e+00  ,-1.000353465904e+01  ,-2.102626040830e+00  ,-2.101650707967e+00  
  4.265795188016e+05  ,-8.139802712255e+00  ,-1.024262331510e+01  ,-7.879439752352e+00  ,-9.981285082326e+00  ,-2.102820602845e+00  ,-2.101845329974e+00  
  4.290421892389e+05  ,-8.118014694966e+00  ,-1.022103120908e+01  ,-7.857655837144e+00  ,-9.959697139014e+00  ,-2.103016514111e+00  ,-2.102041301871e+00  
  4.315190768278e+05  ,-8.096273444557e+00  ,-1.019948722046e+01  ,-7.836535180575e+00  ,-9.938773805753e+00  ,-2.103213775906e+00  ,-2.102238625178e+00  
  4.340102636447e+05  ,-8.074596245041e+00  ,-1.017800863468e+01  ,-7.816080115081e+00  ,-9.918517415959e+00  ,-2.103412389644e+00  ,-2.102437300877e+00  
  4.365158322402e+05  ,-8.052999770242e+00  ,-1.015661212618e+01  ,-7.796292339868e+00  ,-9.898929670077e+00  ,-2.103612355941e+00  ,-2.102637330209e+00  
  4.390358656410e+05  ,-8.031500086215e+00  ,-1.013531376251e+01  ,-7.777172929988e+00  ,-9.880011644127e+00  ,-2.103813676299e+00  ,-2.102838714140e+00  
  4.415704473533e+05  ,-8.010112650525e+00  ,-1.011412900179e+01  ,-7.758722345882e+00  ,-9.861763799353e+00  ,-2.104016351270e+00  ,-2.103041453471e+00  
  4.441196613656e+05  ,-7.988852315134e+00  ,-1.009307269672e+01  ,-7.740940444604e+00  ,-9.844185993354e+00  ,-2.104220381586e+00  ,-2.103245548750e+00  
  4.466835921510e+05  ,-7.967733330838e+00  ,-1.007215909837e+01  ,-7.723826489541e+00  ,-9.827277490278e+00  ,-2.104425767536e+00  ,-2.103451000737e+00  
  4.492623246703e+05  ,-7.946769349682e+00  ,-1.005140185949e+01  ,-7.707379162557e+00  ,-9.811036972065e+00  ,-2.104632509803e+00  ,-2.103657809508e+00  
  4.518559443749e+05  ,-7.925973431272e+00  ,-1.003081403948e+01  ,-7.691596576145e+00  ,-9.795462551554e+00  ,-2.104840608213e+00  ,-2.103865975409e+00  
  4.544645372095e+05  ,-7.905358049346e+00  ,-1.001040811235e+01  ,-7.676476286031e+00  ,-9.780551784453e+00  ,-2.105050063000e+00  ,-2.104075498422e+00  
  4.570881896149e+05  ,-7.884935098294e+00  ,-9.990195972388e+00  ,-7.662015303412e+00  ,-9.766301681815e+00  ,-2.105260874094e+00  ,-2.104286378403e+00  
  4.597269885309e+05  ,-7.864715899543e+00  ,-9.970188940539e+00  ,-7.648210109834e+00  ,-9.752708724967e+00  ,-2.105473040996e+00  ,-2.104498615133e+00  
  4.623810213993e+05  ,-7.844711213108e+00  ,-9.950397776304e+00  ,-7.635056670570e+00  ,-9.739768878640e+00  ,-2.105686563195e+00  ,-2.104712208070e+00  
  4.650503761666e+05  ,-7.824931242002e+00  ,-9.930832682262e+00  ,-7.622550449017e+00  ,-9.727477605620e+00  ,-2.105901440260e+00  ,-2.104927156603e+00  
  4.677351412872e+05  ,-7.805385644951e+00  ,-9.911503316375e+00  ,-7.610686422275e+00  ,-9.715829882274e+00  ,-2.106117671424e+00  ,-2.105143459999e+00  
  4.704354057260e+05  ,-7.786083545190e+00  ,-9.892418800723e+00  ,-7.599459095898e+00  ,-9.704820213115e+00  ,-2.106335255533e+00  ,-2.105361117217e+00  
  4.731512589615e+05  ,-7.767033540128e+00  ,-9.873587731644e+00  ,-7.588862520295e+00  ,-9.694442647569e+00  ,-2.106554191516e+00  ,-2.105580127275e+00  
  4.758827909888e+05  ,-7.748243711526e+00  ,-9.855018189643e+00  ,-7.578890306580e+00  ,-9.684690795284e+00  ,-2.106774478117e+00  ,-2.105800488704e+00  
  4.786300923226e+05  ,-7.729721637982e+00  ,-9.836717751772e+00  ,-7.569535642740e+00  ,-9.675557842916e+00  ,-2.106996113790e+00  ,-2.106022200176e+00  
  4.813932540002e+05  ,-7.711474403873e+00  ,-9.818693500904e+00  ,-7.560791310777e+00  ,-9.667036570845e+00  ,-2.107219097031e+00  ,-2.106245260068e+00  
  4.841723675841e+05  ,-7.693508611932e+00  ,-9.800952037688e+00  ,-7.552649703631e+00  ,-9.659119370045e+00  ,-2.107443425756e+00  ,-2.106469666414e+00  
  4.869675251659e+05  ,-7.675830393931e+00  ,-9.783499492218e+00  ,-7.545102842220e+00  ,-9.651798259569e+00  ,-2.107669098287e+00  ,-2.106695417350e+00  
  4.897788193685e+05  ,-7.658445422988e+00  ,-9.766341535225e+00  ,-7.538142392847e+00  ,-9.645064903607e+00  ,-2.107896112237e+00  ,-2.106922510761e+00  
  4.926063433496e+05  ,-7.641358924831e+00  ,-9.749483390019e+00  ,-7.531759684464e+00  ,-9.638910628524e+00  ,-2.108124465188e+00  ,-2.107150944060e+00  
  4.954501908048e+05  ,-7.624575688252e+00  ,-9.732929842915e+00  ,-7.525945726829e+00  ,-9.633326441766e+00  ,-2.108354154664e+00  ,-2.107380714937e+00  
  4.983104559705e+05  ,-7.608100078488e+00  ,-9.716685256696e+00  ,-7.520691227584e+00  ,-9.628303048207e+00  ,-2.108585178208e+00  ,-2.107611820623e+00  
  5.011872336273e+05  ,-7.591936049326e+00  ,-9.700753581955e+00  ,-7.515986610196e+00  ,-9.623830868428e+00  ,-2.108817532629e+00  ,-2.107844258231e+00  
  5.040806191027e+05  ,-7.576087152557e+00  ,-9.685138367472e+00  ,-7.511822031640e+00  ,-9.619900056557e+00  ,-2.109051214915e+00  ,-2.108078024917e+00  
  5.069907082747e+05  ,-7.560556550354e+00  ,-9.669842772233e+00  ,-7.508187399689e+00  ,-9.616500516700e+00  ,-2.109286221879e+00  ,-2.108313117011e+00  
  5.099175975749e+05  ,-7.545347029323e+00  ,-9.654869579494e+00  ,-7.505072390817e+00  ,-9.613621922282e+00  ,-2.109522550171e+00  ,-2.108549531465e+00  
  5.128613839914e+05  ,-7.530461009287e+00  ,-9.640221205248e+00  ,-7.502466467683e+00  ,-9.611253732186e+00  ,-2.109760195961e+00  ,-2.108787264503e+00  
  5.158221650723e+05  ,-7.515900555576e+00  ,-9.625899711204e+00  ,-7.500358895710e+00  ,-9.609385208134e+00  ,-2.109999155628e+00  ,-2.109026312424e+00  
  5.188000389290e+05  ,-7.501667390773e+00  ,-9.611906815934e+00  ,-7.498738760880e+00  ,-9.608005432219e+00  ,-2.110239425161e+00  ,-2.109266671339e+00  
  5.217951042390e+05  ,-7.487762905716e+00  ,-9.598243905988e+00  ,-7.497594985979e+00  ,-9.607103322700e+00  ,-2.110481000272e+00  ,-2.109508336721e+00  
  5.248074602498e+05  ,-7.474188170085e+00  ,-9.584912046880e+00  ,-7.496916347560e+00  ,-9.606667652181e+00  ,-2.110723876795e+00  ,-2.109751304621e+00  
  5.278372067816e+05  ,-7.460943944570e+00  ,-9.571911994709e+00  ,-7.496691492570e+00  ,-9.606687062942e+00  ,-2.110968050139e+00  ,-2.109995570372e+00  
  5.308844442310e+05  ,-7.448030690952e+00  ,-9.559244206439e+00  ,-7.496908953684e+00  ,-9.607150083077e+00  ,-2.111213515487e+00  ,-2.110241129393e+00  
  5.339492735742e+05  ,-7.435448582137e+00  ,-9.546908850157e+00  ,-7.497557164951e+00  ,-9.608045141587e+00  ,-2.111460268020e+00  ,-2.110487976636e+00  
  5.370317963703e+05  ,-7.423197515062e+00  ,-9.534905817716e+00  ,-7.498624478370e+00  ,-9.609360585505e+00  ,-2.111708302654e+00  ,-2.110736107135e+00  
  5.401321147646e+05  ,-7.411277117987e+00  ,-9.523234732176e+00  ,-7.500099176914e+00  ,-9.611084692546e+00  ,-2.111957614190e+00  ,-2.110985515632e+00  
  5.432503314924e+05  ,-7.399686762165e+00  ,-9.511894959359e+00  ,-7.501969491494e+00  ,-9.613205688145e+00  ,-2.112208197194e+00  ,-2.111236196651e+00  
  5.463865498819e+05  ,-7.388425573060e+00  ,-9.500885619015e+00  ,-7.504223613017e+00  ,-9.615711757654e+00  ,-2.112460045955e+00  ,-2.111488144637e+00  
  5.495408738576e+05  ,-7.377492437843e+00  ,-9.490205592470e+00  ,-7.506849707275e+00  ,-9.618591061041e+00  ,-2.112713154626e+00  ,-2.111741353766e+00  
  5.527134079444e+05  ,-7.366886016228e+00  ,-9.479853533627e+00  ,-7.509835928491e+00  ,-9.621831746572e+00  ,-2.112967517399e+00  ,-2.111995818082e+00  
  5.559042572704e+05  ,-7.356604749896e+00  ,-9.469827877692e+00  ,-7.513170431424e+00  ,-9.625421962753e+00  ,-2.113223127796e+00  ,-2.112251531329e+00  
  5.591135275706e+05  ,-7.346646872295e+00  ,-9.460126852143e+00  ,-7.516841384640e+00  ,-9.629349872033e+00  ,-2.113479979848e+00  ,-2.112508487393e+00  
  5.623413251904e+05  ,-7.337010415622e+00  ,-9.450748482411e+00  ,-7.520836982301e+00  ,-9.633603661752e+00  ,-2.113738066789e+00  ,-2.112766679451e+00  
  5.655877570892e+05  ,-7.327693222577e+00  ,-9.441690604502e+00  ,-7.525145455249e+00  ,-9.638171556291e+00  ,-2.113997381925e+00  ,-2.113026101042e+00  
  5.688529308439e+05  ,-7.318692953250e+00  ,-9.432950871706e+00  ,-7.529755082650e+00  ,-9.643041827945e+00  ,-2.114257918455e+00  ,-2.113286745295e+00  
  5.721369546523e+05  ,-7.310007092597e+00  ,-9.424526761799e+00  ,-7.534654202917e+00  ,-9.648202807910e+00  ,-2.114519669202e+00  ,-2.113548604993e+00  
  5.754399373372e+05  ,-7.301632962079e+00  ,-9.416415589129e+00  ,-7.539831222814e+00  ,-9.653642895945e+00  ,-2.114782627050e+00  ,-2.113811673131e+00  
  5.787619883491e+05  ,-7.293567724743e+00  ,-9.408614509201e+00  ,-7.545274627923e+00  ,-9.659350569948e+00  ,-2.115046784459e+00  ,-2.114075942025e+00  
  5.821032177709e+05  ,-7.285808393788e+00  ,-9.401120527723e+00  ,-7.550972992202e+00  ,-9.665314396592e+00  ,-2.115312133935e+00  ,-2.114341404390e+00  
  5.854637363206e+05  ,-7.278351840924e+00  ,-9.393930508701e+00  ,-7.556914985681e+00  ,-9.671523037994e+00  ,-2.115578667778e+00  ,-2.114608052313e+00  
  5.888436553556e+05  ,-7.271194803677e+00  ,-9.387041181646e+00  ,-7.563089383709e+00  ,-9.677965261852e+00  ,-2.115846377970e+00  ,-2.114875878144e+00  
  5.922430868761e+05  ,-7.264333891465e+00  ,-9.380449147933e+00  ,-7.569485074122e+00  ,-9.684629947549e+00  ,-2.116115256467e+00  ,-2.115144873427e+00  
  5.956621435290e+05  ,-7.257765595269e+00  ,-9.374150890108e+00  ,-7.576091065393e+00  ,-9.691506095533e+00  ,-2.116385294839e+00  ,-2.115415030141e+00  
  5.991009386114e+05  ,-7.251486292084e+00  ,-9.368142777102e+00  ,-7.582896492719e+00  ,-9.698582832498e+00  ,-2.116656485017e+00  ,-2.115686339779e+00  
  6.025595860744e+05  ,-7.245492252189e+00  ,-9.362421070133e+00  ,-7.589890625114e+00  ,-9.705849418933e+00  ,-2.116928817944e+00  ,-2.115958793818e+00  
  6.060382005271e+05  ,-7.239779647042e+00  ,-9.356981932405e+00  ,-7.597062871705e+00  ,-9.713295255356e+00  ,-2.117202285363e+00  ,-2.116232383651e+00  
  6.095368972402e+05  ,-7.234344553901e+00  ,-9.351821431838e+00  ,-7.604402786346e+00  ,-9.720909886425e+00  ,-2.117476877937e+00  ,-2.116507100080e+00  
  6.130557921498e+05  ,-7.229182962753e+00  ,-9.346935549635e+00  ,-7.611900074265e+00  ,-9.728683008622e+00  ,-2.117752586882e+00  ,-2.116782934357e+00  
  6.165950018615e+05  ,-7.224290782694e+00  ,-9.342320185676e+00  ,-7.619544595839e+00  ,-9.736604472997e+00  ,-2.118029402981e+00  ,-2.117059877158e+00  
  6.201546436538e+05  ,-7.219663846236e+00  ,-9.337971163019e+00  ,-7.627326371712e+00  ,-9.744664290898e+00  ,-2.118307316783e+00  ,-2.117337919186e+00  
  6.237348354824e+05  ,-7.215297917523e+00  ,-9.333884236153e+00  ,-7.635235586811e+00  ,-9.752852637725e+00  ,-2.118586318629e+00  ,-2.117617050914e+00  
  6.273356959840e+05  ,-7.211188694940e+00  ,-9.330055093972e+00  ,-7.643262593520e+00  ,-9.761159856080e+00  ,-2.118866399033e+00  ,-2.117897262560e+00  
  6.309573444802e+05  ,-7.207331818318e+00  ,-9.326479366553e+00  ,-7.651397915800e+00  ,-9.769576460304e+00  ,-2.119147548235e+00  ,-2.118178544504e+00  
  6.345999009813e+05  ,-7.203722872742e+00  ,-9.323152628808e+00  ,-7.659632252013e+00  ,-9.778093138802e+00  ,-2.119429756066e+00  ,-2.118460886789e+00  
  6.382634861906e+05  ,-7.200357394650e+00  ,-9.320070407351e+00  ,-7.667956477650e+00  ,-9.786700756935e+00  ,-2.119713012702e+00  ,-2.118744279285e+00  
  6.419482215080e+05  ,-7.197230875912e+00  ,-9.317228183589e+00  ,-7.676361647345e+00  ,-9.795390359149e+00  ,-2.119997307676e+00  ,-2.119028711804e+00  
  6.456542290347e+05  ,-7.194338767654e+00  ,-9.314621398480e+00  ,-7.684838997533e+00  ,-9.804153171541e+00  ,-2.120282630825e+00  ,-2.119314174008e+00  
  6.493816315762e+05  ,-7.191676487106e+00  ,-9.312245458540e+00  ,-7.693379948146e+00  ,-9.812980603456e+00  ,-2.120568971434e+00  ,-2.119600655310e+00  
  6.531305526475e+05  ,-7.189239419344e+00  ,-9.310095738394e+00  ,-7.701976103713e+00  ,-9.821864249076e+00  ,-2.120856319050e+00  ,-2.119888145364e+00  
  6.569011164763e+05  ,-7.187022922682e+00  ,-9.308167585678e+00  ,-7.710619255207e+00  ,-9.830795888357e+00  ,-2.121144662996e+00  ,-2.120176633150e+00  
  6.606934480076e+05  ,-7.185022331746e+00  ,-9.306456323976e+00  ,-7.719301380688e+00  ,-9.839767488852e+00  ,-2.121433992230e+00  ,-2.120466108163e+00  
  6.645076729078e+05  ,-7.183232962552e+00  ,-9.304957258475e+00  ,-7.728014646219e+00  ,-9.848771205459e+00  ,-2.121724295922e+00  ,-2.120756559239e+00  
  6.683439175686e+05  ,-7.181650115528e+00  ,-9.303665678443e+00  ,-7.736751406089e+00  ,-9.857799381336e+00  ,-2.122015562915e+00  ,-2.121047975247e+00  
  6.722023091116e+05  ,-7.180269078373e+00  ,-9.302576860401e+00  ,-7.745504203725e+00  ,-9.866844548916e+00  ,-2.122307782028e+00  ,-2.121340345191e+00  
  6.760829753920e+05  ,-7.179085130586e+00  ,-9.301686072466e+00  ,-7.754265771105e+00  ,-9.875899428687e+00  ,-2.122600941880e+00  ,-2.121633657582e+00  
  6.799860450033e+05  ,-7.178093546182e+00  ,-9.300988577376e+00  ,-7.763029029018e+00  ,-9.884956930342e+00  ,-2.122895031194e+00  ,-2.121927901324e+00  
  6.839116472814e+05  ,-7.177289596402e+00  ,-9.300479634808e+00  ,-7.771787087196e+00  ,-9.894010151801e+00  ,-2.123190038406e+00  ,-2.122223064605e+00  
  6.878599123088e+05  ,-7.176668553869e+00  ,-9.300154505820e+00  ,-7.780533242656e+00  ,-9.903052378646e+00  ,-2.123485951951e+00  ,-2.122519135991e+00  
  6.918309709189e+05  ,-7.176225693007e+00  ,-9.300008453145e+00  ,-7.789260979964e+00  ,-9.912077083897e+00  ,-2.123782760138e+00  ,-2.122816103933e+00  
  6.958249547006e+05  ,-7.175956296266e+00  ,-9.300036747424e+00  ,-7.797963970730e+00  ,-9.921077927160e+00  ,-2.124080451158e+00  ,-2.123113956431e+00  
  6.998419960023e+05  ,-7.175855653763e+00  ,-9.300234666829e+00  ,-7.806636071410e+00  ,-9.930048753246e+00  ,-2.124379013066e+00  ,-2.123412681836e+00  
  7.038822279365e+05  ,-7.175919066444e+00  ,-9.300597500464e+00  ,-7.815271323597e+00  ,-9.938983591818e+00  ,-2.124678434021e+00  ,-2.123712268221e+00  
  7.079457843842e+05  ,-7.176141850340e+00  ,-9.301120552372e+00  ,-7.823863951775e+00  ,-9.947876655257e+00  ,-2.124978702032e+00  ,-2.124012703482e+00  
  7.120327999992e+05  ,-7.176519335262e+00  ,-9.301799140393e+00  ,-7.832408362232e+00  ,-9.956722337866e+00  ,-2.125279805131e+00  ,-2.124313975634e+00  
  7.161434102129e+05  ,-7.177046870540e+00  ,-9.302628601477e+00  ,-7.840899142416e+00  ,-9.965515215070e+00  ,-2.125581730937e+00  ,-2.124616072654e+00  
  7.202777512384e+05  ,-7.177719824261e+00  ,-9.303604291787e+00  ,-7.849331057890e+00  ,-9.974250040184e+00  ,-2.125884467526e+00  ,-2.124918982294e+00  
  7.244359600750e+05  ,-7.178533587241e+00  ,-9.304721589567e+00  ,-7.857699051801e+00  ,-9.982921743930e+00  ,-2.126188002325e+00  ,-2.125222692128e+00  
  7.286181745132e+05  ,-7.179483572976e+00  ,-9.305975896258e+00  ,-7.865998242616e+00  ,-9.991525432782e+00  ,-2.126492323283e+00  ,-2.125527190166e+00  
  7.328245331389e+05  ,-7.180565221066e+00  ,-9.307362638983e+00  ,-7.874223922493e+00  ,-1.000005638665e+01  ,-2.126797417917e+00  ,-2.125832464159e+00  
  7.370551753379e+05  ,-7.181773997486e+00  ,-9.308877271435e+00  ,-7.882371555109e+00  ,-1.000851005625e+01  ,-2.127103273949e+00  ,-2.126138501141e+00  
  7.413102413009e+05  ,-7.183105396522e+00  ,-9.310515275443e+00  ,-7.890436773847e+00  ,-1.001688206315e+01  ,-2.127409878921e+00  ,-2.126445289302e+00  
  7.455898720278e+05  ,-7.184554943544e+00  ,-9.312272163670e+00  ,-7.898415379805e+00  ,-1.002516819584e+01  ,-2.127717220126e+00  ,-2.126752816038e+00  
  7.498942093325e+05  ,-7.186118193259e+00  ,-9.314143478643e+00  ,-7.906303339451e+00  ,-1.003336440823e+01  ,-2.128025285384e+00  ,-2.127061068780e+00  
  7.542233958476e+05  ,-7.187790733663e+00  ,-9.316124795734e+00  ,-7.914096782203e+00  ,-1.004146681733e+01  ,-2.128334062070e+00  ,-2.127370035124e+00  
  7.585775750292e+05  ,-7.189568186591e+00  ,-9.318211724239e+00  ,-7.921791998709e+00  ,-1.004947170123e+01  ,-2.128643537649e+00  ,-2.127679702521e+00  
  7.629568911615e+05  ,-7.191446207574e+00  ,-9.320399907209e+00  ,-7.929385438662e+00  ,-1.005737549716e+01  ,-2.128953699634e+00  ,-2.127990058493e+00  
  7.673614893618e+05  ,-7.193420489334e+00  ,-9.322685024828e+00  ,-7.936873707267e+00  ,-1.006517479779e+01  ,-2.129264535495e+00  ,-2.128301090525e+00  
  7.717915155850e+05  ,-7.195486759362e+00  ,-9.325062791863e+00  ,-7.944253564913e+00  ,-1.007286635088e+01  ,-2.129576032501e+00  ,-2.128612785970e+00  
  7.762471166287e+05  ,-7.197640783588e+00  ,-9.327528961934e+00  ,-7.951521922324e+00  ,-1.008044705492e+01  ,-2.129888178347e+00  ,-2.128925132594e+00  
  7.807284401379e+05  ,-7.199878365609e+00  ,-9.330079325950e+00  ,-7.958675840077e+00  ,-1.008791395762e+01  ,-2.130200960342e+00  ,-2.129238117539e+00  
  7.852356346101e+05  ,-7.202195348512e+00  ,-9.332709714658e+00  ,-7.965712525413e+00  ,-1.009526425410e+01  ,-2.130514366146e+00  ,-2.129551728686e+00  
  7.897688493999e+05  ,-7.204587614861e+00  ,-9.335415997826e+00  ,-7.972629330201e+00  ,-1.010249528333e+01  ,-2.130828382964e+00  ,-2.129865953125e+00  
  7.943282347243e+05  ,-7.207051086294e+00  ,-9.338194084915e+00  ,-7.979423747090e+00  ,-1.010960452603e+01  ,-2.131142998621e+00  ,-2.130180778943e+00  
  7.989139416674e+05  ,-7.209581726366e+00  ,-9.341039926835e+00  ,-7.986093408562e+00  ,-1.011658960168e+01  ,-2.131458200469e+00  ,-2.130496193122e+00  
  8.035261221856e+05  ,-7.212175538887e+00  ,-9.343949515173e+00  ,-7.992636083738e+00  ,-1.012344826755e+01  ,-2.131773976287e+00  ,-2.130812183815e+00  
  8.081649291126e+05  ,-7.214828569483e+00  ,-9.346918883008e+00  ,-7.999049675933e+00  ,-1.013017841438e+01  ,-2.132090313525e+00  ,-2.131128738450e+00  
  8.128305161641e+05  ,-7.217536905724e+00  ,-9.349944105678e+00  ,-8.005332219856e+00  ,-1.013677806437e+01  ,-2.132407199955e+00  ,-2.131445844510e+00  
  8.175230379437e+05  ,-7.220296677471e+00  ,-9.353021300872e+00  ,-8.011481879502e+00  ,-1.014324536966e+01  ,-2.132724623401e+00  ,-2.131763490163e+00  
  8.222426499471e+05  ,-7.223104056308e+00  ,-9.356146627704e+00  ,-8.017496945328e+00  ,-1.014957860813e+01  ,-2.133042571395e+00  ,-2.132081662802e+00  
  8.269895085679e+05  ,-7.225955257140e+00  ,-9.359316289259e+00  ,-8.023375831621e+00  ,-1.015577618240e+01  ,-2.133361032118e+00  ,-2.132400350781e+00  
  8.317637711027e+05  ,-7.228846537444e+00  ,-9.362526530491e+00  ,-8.029117074371e+00  ,-1.016183661622e+01  ,-2.133679993047e+00  ,-2.132719541845e+00  
  8.365655957558e+05  ,-7.231774197744e+00  ,-9.365773640479e+00  ,-8.034719328212e+00  ,-1.016775855206e+01  ,-2.133999442736e+00  ,-2.133039223848e+00  
  8.413951416452e+05  ,-7.234734581010e+00  ,-9.369053949764e+00  ,-8.040181364177e+00  ,-1.017354074918e+01  ,-2.134319368754e+00  ,-2.133359384998e+00  
  8.462525688073e+05  ,-7.237724074039e+00  ,-9.372363833574e+00  ,-8.045502067214e+00  ,-1.017918208081e+01  ,-2.134639759535e+00  ,-2.133680013593e+00  
  8.511380382024e+05  ,-7.240739106077e+00  ,-9.375699709473e+00  ,-8.050680433657e+00  ,-1.018468153149e+01  ,-2.134960603395e+00  ,-2.134001097833e+00  
  8.560517117201e+05  ,-7.243776149444e+00  ,-9.379058037725e+00  ,-8.055715568235e+00  ,-1.019003819414e+01  ,-2.135281888281e+00  ,-2.134322625901e+00  
  8.609937521846e+05  ,-7.246831720029e+00  ,-9.382435323104e+00  ,-8.060606682378e+00  ,-1.019525126892e+01  ,-2.135603603075e+00  ,-2.134644586545e+00  
  8.659643233601e+05  ,-7.249902375990e+00  ,-9.385828112106e+00  ,-8.065353091085e+00  ,-1.020032005933e+01  ,-2.135925736116e+00  ,-2.134966968245e+00  
  8.709635899561e+05  ,-7.252984718179e+00  ,-9.389232994254e+00  ,-8.069954210913e+00  ,-1.020524397057e+01  ,-2.136248276075e+00  ,-2.135289759656e+00  
  8.759917176331e+05  ,-7.256075390336e+00  ,-9.392646602136e+00  ,-8.074409557101e+00  ,-1.021002250674e+01  ,-2.136571211800e+00  ,-2.135612949641e+00  
  8.810488730080e+05  ,-7.259171078621e+00  ,-9.396065610674e+00  ,-8.078718741548e+00  ,-1.021465526865e+01  ,-2.136894532053e+00  ,-2.135936527098e+00  
  8.861352236595e+05  ,-7.262268511657e+00  ,-9.399486737714e+00  ,-8.082881469877e+00  ,-1.021914195105e+01  ,-2.137218226057e+00  ,-2.136260481177e+00  
  8.912509381338e+05  ,-7.265364459869e+00  ,-9.402906742599e+00  ,-8.086897539798e+00  ,-1.022348234057e+01  ,-2.137542282731e+00  ,-2.136584800774e+00  
  8.963961859500e+05  ,-7.268455735177e+00  ,-9.406322426908e+00  ,-8.090766837847e+00  ,-1.022767631350e+01  ,-2.137866691732e+00  ,-2.136909475649e+00  
  9.015711376060e+05  ,-7.271539192199e+00  ,-9.409730634339e+00  ,-8.094489337842e+00  ,-1.023172383288e+01  ,-2.138191442140e+00  ,-2.137234495035e+00  
  9.067759645839e+05  ,-7.274611725068e+00  ,-9.413128248816e+00  ,-8.098065097800e+00  ,-1.023562494628e+01  ,-2.138516523749e+00  ,-2.137559848483e+00  
  9.120108393559e+05  ,-7.277670271503e+00  ,-9.416512197717e+00  ,-8.101494258336e+00  ,-1.023937978413e+01  ,-2.138841926214e+00  ,-2.137885525797e+00  
  9.172759353898e+05  ,-7.280711807848e+00  ,-9.419879447400e+00  ,-8.104777039702e+00  ,-1.024298855686e+01  ,-2.139167639552e+00  ,-2.138211517161e+00  
  9.225714271548e+05  ,-7.283733351471e+00  ,-9.423227005195e+00  ,-8.107913740261e+00  ,-1.024645155267e+01  ,-2.139493653724e+00  ,-2.138537812407e+00  
  9.278974901274e+05  ,-7.286731960807e+00  ,-9.426551919764e+00  ,-8.110904733333e+00  ,-1.024976913527e+01  ,-2.139819958957e+00  ,-2.138864401935e+00  
  9.332543007970e+05  ,-7.289704733421e+00  ,-9.429851279263e+00  ,-8.113750465582e+00  ,-1.025294174177e+01  ,-2.140146545843e+00  ,-2.139191276193e+00  
  9.386420366722e+05  ,-7.292648806382e+00  ,-9.433122211001e+00  ,-8.116451455112e+00  ,-1.025596988070e+01  ,-2.140473404619e+00  ,-2.139518425587e+00  
  9.440608762859e+05  ,-7.295561356479e+00  ,-9.436361882942e+00  ,-8.119008288383e+00  ,-1.025885412980e+01  ,-2.140800526463e+00  ,-2.139845841414e+00  
  9.495109992022e+05  ,-7.298439599393e+00  ,-9.439567501524e+00  ,-8.121421618870e+00  ,-1.026159513301e+01  ,-2.141127902130e+00  ,-2.140173514140e+00  
  9.549925860215e+05  ,-7.301280789567e+00  ,-9.442736312322e+00  ,-8.123692164285e+00  ,-1.026419359950e+01  ,-2.141455522755e+00  ,-2.140501435218e+00  
  9.605058183868e+05  ,-7.304082219356e+00  ,-9.445865599234e+00  ,-8.125820705401e+00  ,-1.026665030149e+01  ,-2.141783379878e+00  ,-2.140829596091e+00  
  9.660508789898e+05  ,-7.306841219720e+00  ,-9.448952684618e+00  ,-8.127808082959e+00  ,-1.026896607122e+01  ,-2.142111464898e+00  ,-2.141157988257e+00  
  9.716279515771e+05  ,-7.309555159736e+00  ,-9.451994929297e+00  ,-8.129655196113e+00  ,-1.027114179966e+01  ,-2.142439769561e+00  ,-2.141486603546e+00  
  9.772372209558e+05  ,-7.312221445281e+00  ,-9.454989731415e+00  ,-8.131363000621e+00  ,-1.027317843458e+01  ,-2.142768286134e+00  ,-2.141815433957e+00  
  9.828788730001e+05  ,-7.314837519812e+00  ,-9.457934526155e+00  ,-8.132932506552e+00  ,-1.027507697823e+01  ,-2.143097006343e+00  ,-2.142144471679e+00  
  9.885530946570e+05  ,-7.317400863647e+00  ,-9.460826786539e+00  ,-8.134364776242e+00  ,-1.027683848561e+01  ,-2.143425922892e+00  ,-2.142473709370e+00  
  9.942600739530e+05  ,-7.319908994312e+00  ,-9.463664022881e+00  ,-8.135660922972e+00  ,-1.027846406247e+01  ,-2.143755028570e+00  ,-2.142803139500e+00  
  1.000000000000e+06  ,-7.322359466224e+00  ,-9.466443782211e+00  ,-8.136822108169e+00  ,-1.027995486327e+01  ,-2.144084315987e+00  ,-2.143132755098e+00  
  1.005773063002e+06  ,-7.324749869209e+00  ,-9.469163647696e+00  ,-8.137849540184e+00  ,-1.028131208959e+01  ,-2.144413778487e+00  ,-2.143462549402e+00  
  1.011579454260e+06  ,-7.327077830194e+00  ,-9.471821239433e+00  ,-8.138744472363e+00  ,-1.028253698799e+01  ,-2.144743409239e+00  ,-2.143792515627e+00  
  1.017419366181e+06  ,-7.329341011358e+00  ,-9.474414213307e+00  ,-8.139508200955e+00  ,-1.028363084838e+01  ,-2.145073201949e+00  ,-2.144122647422e+00  
  1.023292992281e+06  ,-7.331537112505e+00  ,-9.476940262839e+00  ,-8.140142063700e+00  ,-1.028459500237e+01  ,-2.145403150333e+00  ,-2.144452938671e+00  
  1.029200527194e+06  ,-7.333663867536e+00  ,-9.479397116170e+00  ,-8.140647437775e+00  ,-1.028543082143e+01  ,-2.145733248634e+00  ,-2.144783383653e+00  
  1.035142166679e+06  ,-7.335719047246e+00  ,-9.481782538329e+00  ,-8.141025738198e+00  ,-1.028613971488e+01  ,-2.146063491084e+00  ,-2.145113976679e+00  
  1.041118107623e+06  ,-7.337700458163e+00  ,-9.484094330699e+00  ,-8.141278415924e+00  ,-1.028672312829e+01  ,-2.146393872536e+00  ,-2.145444712362e+00  
  1.047128548051e+06  ,-7.339605942792e+00  ,-9.486330330337e+00  ,-8.141406956763e+00  ,-1.028718254243e+01  ,-2.146724387545e+00  ,-2.145775585671e+00  
  1.053173687130e+06  ,-7.341433379673e+00  ,-9.488488411047e+00  ,-8.141412879055e+00  ,-1.028751947080e+01  ,-2.147055031374e+00  ,-2.146106591740e+00  
  1.059253725177e+06  ,-7.343180682812e+00  ,-9.490566482421e+00  ,-8.141297732288e+00  ,-1.028773545836e+01  ,-2.147385799609e+00  ,-2.146437726076e+00  
  1.065368863668e+06  ,-7.344845803436e+00  ,-9.492562491036e+00  ,-8.141063095687e+00  ,-1.028783208001e+01  ,-2.147716687600e+00  ,-2.146768984319e+00  
  1.071519305238e+06  ,-7.346426729231e+00  ,-9.494474420859e+00  ,-8.140710576592e+00  ,-1.028781093917e+01  ,-2.148047691628e+00  ,-2.147100362577e+00  
  1.077705253694e+06  ,-7.347921483315e+00  ,-9.496300291045e+00  ,-8.140241808833e+00  ,-1.028767366589e+01  ,-2.148378807729e+00  ,-2.147431857059e+00  
  1.083926914021e+06  ,-7.349328128317e+00  ,-9.498038160881e+00  ,-8.139658451174e+00  ,-1.028742191543e+01  ,-2.148710032564e+00  ,-2.147763464256e+00  
  1.090184492385e+06  ,-7.350644762010e+00  ,-9.499686124822e+00  ,-8.138962186071e+00  ,-1.028705736735e+01  ,-2.149041362812e+00  ,-2.148095181277e+00  
  1.096478196143e+06  ,-7.351869521295e+00  ,-9.501242316967e+00  ,-8.138154718091e+00  ,-1.028658172314e+01  ,-2.149372795672e+00  ,-2.148427005048e+00  
  1.102808233850e+06  ,-7.353000582224e+00  ,-9.502704910672e+00  ,-8.137237772844e+00  ,-1.028599670598e+01  ,-2.149704328448e+00  ,-2.148758933137e+00  
  1.109174815262e+06  ,-7.354036158488e+00  ,-9.504072117535e+00  ,-8.136213094868e+00  ,-1.028530405800e+01  ,-2.150035959047e+00  ,-2.149090963130e+00  
  1.115578151351e+06  ,-7.354974504843e+00  ,-9.505342190096e+00  ,-8.135082446835e+00  ,-1.028450553999e+01  ,-2.150367685253e+00  ,-2.149423093157e+00  
  1.122018454302e+06  ,-7.355813915954e+00  ,-9.506513421447e+00  ,-8.133847608045e+00  ,-1.028360292981e+01  ,-2.150699505493e+00  ,-2.149755321768e+00  
  1.128495937528e+06  ,-7.356552728477e+00  ,-9.507584146679e+00  ,-8.132510373424e+00  ,-1.028259802070e+01  ,-2.151031418201e+00  ,-2.150087647277e+00  
  1.135010815672e+06  ,-7.357189321034e+00  ,-9.508552743431e+00  ,-8.131072552058e+00  ,-1.028149262076e+01  ,-2.151363422397e+00  ,-2.150420068700e+00  
  1.141563304619e+06  ,-7.357722115635e+00  ,-9.509417633090e+00  ,-8.129535965734e+00  ,-1.028028855128e+01  ,-2.151695517455e+00  ,-2.150752585544e+00  
  1.148153621497e+06  ,-7.358149579698e+00  ,-9.510177282284e+00  ,-8.127902447840e+00  ,-1.027898764491e+01  ,-2.152027702585e+00  ,-2.151085197075e+00  
  1.154781984689e+06  ,-7.358470225181e+00  ,-9.510830203001e+00  ,-8.126173842846e+00  ,-1.027759174627e+01  ,-2.152359977820e+00  ,-2.151417903423e+00  
  1.161448613840e+06  ,-7.358682612191e+00  ,-9.511374955582e+00  ,-8.124352003689e+00  ,-1.027610270831e+01  ,-2.152692343391e+00  ,-2.151750704625e+00  
  1.168153729861e+06  ,-7.358785349936e+00  ,-9.511810149471e+00  ,-8.122438792533e+00  ,-1.027452239389e+01  ,-2.153024799536e+00  ,-2.152083601359e+00  
  1.174897554940e+06  ,-7.358777095781e+00  ,-9.512134443062e+00  ,-8.120436077882e+00  ,-1.027285267216e+01  ,-2.153357347281e+00  ,-2.152416594276e+00  
  1.181680312545e+06  ,-7.358656561296e+00  ,-9.512346548998e+00  ,-8.118345734796e+00  ,-1.027109541958e+01  ,-2.153689987702e+00  ,-2.152749684781e+00  
  1.188502227437e+06  ,-7.358422511083e+00  ,-9.512445233330e+00  ,-8.116169643372e+00  ,-1.026925251764e+01  ,-2.154022722247e+00  ,-2.153082874269e+00  
  1.195363525674e+06  ,-7.358073765134e+00  ,-9.512429317707e+00  ,-8.113909687276e+00  ,-1.026732585186e+01  ,-2.154355552573e+00  ,-2.153416164580e+00  
  1.202264434617e+06  ,-7.357609201220e+00  ,-9.512297682266e+00  ,-8.111567753477e+00  ,-1.026531731132e+01  ,-2.154688481046e+00  ,-2.153749557841e+00  
  1.209205182943e+06  ,-7.357027758124e+00  ,-9.512049268001e+00  ,-8.109145731576e+00  ,-1.026322878822e+01  ,-2.155021509877e+00  ,-2.154083056644e+00  
  1.216186000646e+06  ,-7.356328436785e+00  ,-9.511683078810e+00  ,-8.106645511505e+00  ,-1.026106217525e+01  ,-2.155354642026e+00  ,-2.154416663748e+00  
  1.223207119050e+06  ,-7.355510302852e+00  ,-9.511198183028e+00  ,-8.104068983476e+00  ,-1.025881936573e+01  ,-2.155687880176e+00  ,-2.154750382252e+00  
  1.230268770812e+06  ,-7.354572489862e+00  ,-9.510593718231e+00  ,-8.101418037613e+00  ,-1.025650225338e+01  ,-2.156021228370e+00  ,-2.155084215766e+00  
  1.237371189935e+06  ,-7.353514203048e+00  ,-9.509868893176e+00  ,-8.098694561824e+00  ,-1.025411272973e+01  ,-2.156354690128e+00  ,-2.155418167910e+00  
  1.244514611771e+06  ,-7.352334719407e+00  ,-9.509022988822e+00  ,-8.095900442592e+00  ,-1.025165268589e+01  ,-2.156688269415e+00  ,-2.155752243301e+00  
  1.251699273032e+06  ,-7.351033394975e+00  ,-9.508055365780e+00  ,-8.093037562120e+00  ,-1.024912400812e+01  ,-2.157021970805e+00  ,-2.156086446003e+00  
  1.258925411794e+06  ,-7.349609665142e+00  ,-9.506965464297e+00  ,-8.090107799588e+00  ,-1.024652858059e+01  ,-2.157355799155e+00  ,-2.156420781004e+00  
  1.266193267511e+06  ,-7.348063048922e+00  ,-9.505752808602e+00  ,-8.087113029066e+00  ,-1.024386828268e+01  ,-2.157689759680e+00  ,-2.156755253610e+00  
  1.273503081017e+06  ,-7.346393152824e+00  ,-9.504417010455e+00  ,-8.084055119283e+00  ,-1.024114498852e+01  ,-2.158023857631e+00  ,-2.157089869237e+00  
  1.280855094536e+06  ,-7.344599675916e+00  ,-9.502957774948e+00  ,-8.080935932371e+00  ,-1.023836056620e+01  ,-2.158358099032e+00  ,-2.157424633827e+00  
  1.288249551693e+06  ,-7.342682411674e+00  ,-9.501374901465e+00  ,-8.077757324308e+00  ,-1.023551687801e+01  ,-2.158692489791e+00  ,-2.157759553702e+00  
  1.295686697517e+06  ,-7.340641254444e+00  ,-9.499668291314e+00  ,-8.074521143308e+00  ,-1.023261577860e+01  ,-2.159027036870e+00  ,-2.158094635290e+00  
  1.303166778452e+06  ,-7.338476202651e+00  ,-9.497837949451e+00  ,-8.071229229375e+00  ,-1.022965911481e+01  ,-2.159361746800e+00  ,-2.158429885439e+00  
  1.310690042366e+06  ,-7.336187363339e+00  ,-9.495883990073e+00  ,-8.067883413537e+00  ,-1.022664872518e+01  ,-2.159696626735e+00  ,-2.158765311647e+00  
  1.318256738556e+06  ,-7.333774956837e+00  ,-9.493806641333e+00  ,-8.064485517516e+00  ,-1.022358643896e+01  ,-2.160031684495e+00  ,-2.159100921440e+00  
  1.325867117761e+06  ,-7.331239324024e+00  ,-9.491606251828e+00  ,-8.061037353417e+00  ,-1.022047407616e+01  ,-2.160366927804e+00  ,-2.159436722747e+00  
  1.333521432163e+06  ,-7.328580927636e+00  ,-9.489283292658e+00  ,-8.057540722538e+00  ,-1.021731344641e+01  ,-2.160702365022e+00  ,-2.159772723869e+00  
  1.341219935405e+06  ,-7.325800361355e+00  ,-9.486838366019e+00  ,-8.053997415168e+00  ,-1.021410634876e+01  ,-2.161038004664e+00  ,-2.160108933591e+00  
  1.348962882592e+06  ,-7.322898352159e+00  ,-9.484272208105e+00  ,-8.050409210077e+00  ,-1.021085457094e+01  ,-2.161373855946e+00  ,-2.160445360865e+00  
  1.356750530300e+06  ,-7.319875767678e+00  ,-9.481585695309e+00  ,-8.046777873886e+00  ,-1.020755988881e+01  ,-2.161709927631e+00  ,-2.160782014922e+00  
  1.364583136589e+06  ,-7.316733622044e+00  ,-9.478779851832e+00  ,-8.043105160476e+00  ,-1.020422406616e+01  ,-2.162046229788e+00  ,-2.161118905683e+00  
  1.372460961008e+06  ,-7.313473080269e+00  ,-9.475855852651e+00  ,-8.039392811262e+00  ,-1.020084885448e+01  ,-2.162382772382e+00  ,-2.161456043219e+00  
  1.380384264603e+06  ,-7.310095465240e+00  ,-9.472815031088e+00  ,-8.035642553562e+00  ,-1.019743599129e+01  ,-2.162719565848e+00  ,-2.161793437732e+00  
  1.388353309929e+06  ,-7.306602264785e+00  ,-9.469658885379e+00  ,-8.031856101473e+00  ,-1.019398720166e+01  ,-2.163056620594e+00  ,-2.162131100186e+00  
  1.396368361056e+06  ,-7.302995134361e+00  ,-9.466389082133e+00  ,-8.028035154286e+00  ,-1.019050419602e+01  ,-2.163393947773e+00  ,-2.162469041736e+00  
  1.404429683578e+06  ,-7.299275906781e+00  ,-9.463007465730e+00  ,-8.024181396611e+00  ,-1.018698867031e+01  ,-2.163731558949e+00  ,-2.162807273694e+00  
  1.412537544623e+06  ,-7.295446596615e+00  ,-9.459516062375e+00  ,-8.020296498766e+00  ,-1.018344230654e+01  ,-2.164069465759e+00  ,-2.163145807770e+00  
  1.420692212860e+06  ,-7.291509405713e+00  ,-9.455917086088e+00  ,-8.016382114839e+00  ,-1.017986677131e+01  ,-2.164407680375e+00  ,-2.163484656476e+00  
  1.428893958511e+06  ,-7.287466729951e+00  ,-9.452212945098e+00  ,-8.012439883621e+00  ,-1.017626371571e+01  ,-2.164746215147e+00  ,-2.163823832092e+00  
  1.437143053356e+06  ,-7.283321166201e+00  ,-9.448406249186e+00  ,-8.008471427848e+00  ,-1.017263477540e+01  ,-2.165085082985e+00  ,-2.164163347557e+00  
  1.445439770746e+06  ,-7.279075515503e+00  ,-9.444499812334e+00  ,-8.004478353933e+00  ,-1.016898157019e+01  ,-2.165424296831e+00  ,-2.164503216253e+00  
  1.453784385608e+06  ,-7.274732790700e+00  ,-9.440496661100e+00  ,-8.000462251421e+00  ,-1.016530570283e+01  ,-2.165763870400e+00  ,-2.164843451414e+00  
  1.462177174457e+06  ,-7.270296221342e+00  ,-9.436400038929e+00  ,-7.996424693445e+00  ,-1.016160876060e+01  ,-2.166103817587e+00  ,-2.165184067159e+00  
  1.470618415405e+06  ,-7.265769258035e+00  ,-9.432213410341e+00  ,-7.992367235611e+00  ,-1.015789231336e+01  ,-2.166444152306e+00  ,-2.165525077744e+00  
  1.479108388168e+06  ,-7.261155577851e+00  ,-9.427940467041e+00  ,-7.988291416286e+00  ,-1.015415791402e+01  ,-2.166784889190e+00  ,-2.165866497734e+00  
  1.487647374080e+06  ,-7.256459088267e+00  ,-9.423585131621e+00  ,-7.984198756158e+00  ,-1.015040709832e+01  ,-2.167126043354e+00  ,-2.166208342161e+00  
  1.496235656094e+06  ,-7.251683932292e+00  ,-9.419151562173e+00  ,-7.980090758117e+00  ,-1.014664138438e+01  ,-2.167467629881e+00  ,-2.166550626260e+00  
  1.504873518803e+06  ,-7.246834488702e+00  ,-9.414644152836e+00  ,-7.975968906907e+00  ,-1.014286227260e+01  ,-2.167809664134e+00  ,-2.166893365698e+00  
  1.513561248436e+06  ,-7.241915378684e+00  ,-9.410067541003e+00  ,-7.971834669212e+00  ,-1.013907124564e+01  ,-2.168152162319e+00  ,-2.167236576426e+00  
  1.522299132880e+06  ,-7.236931464628e+00  ,-9.405426605236e+00  ,-7.967689493415e+00  ,-1.013526976841e+01  ,-2.168495140608e+00  ,-2.167580274998e+00  
  1.531087461682e+06  ,-7.231887854012e+00  ,-9.400726469730e+00  ,-7.963534809097e+00  ,-1.013145928693e+01  ,-2.168838615718e+00  ,-2.167924477837e+00  
  1.539926526060e+06  ,-7.226789898189e+00  ,-9.395972502465e+00  ,-7.959372027064e+00  ,-1.012764122907e+01  ,-2.169182604276e+00  ,-2.168269202009e+00  
  1.548816618913e+06  ,-7.221643193137e+00  ,-9.391170317123e+00  ,-7.955202539528e+00  ,-1.012381700448e+01  ,-2.169527123986e+00  ,-2.168614464956e+00  
  1.557758034832e+06  ,-7.216453577048e+00  ,-9.386325769092e+00  ,-7.951027719658e+00  ,-1.011998800418e+01  ,-2.169872192044e+00  ,-2.168960284521e+00  
  1.566751070108e+06  ,-7.211227128628e+00  ,-9.381444955458e+00  ,-7.946848921256e+00  ,-1.011615559967e+01  ,-2.170217826830e+00  ,-2.169306678410e+00  
  1.575796022744e+06  ,-7.205970165282e+00  ,-9.376534211731e+00  ,-7.942667479098e+00  ,-1.011232114443e+01  ,-2.170564046449e+00  ,-2.169653665328e+00  
  1.584893192461e+06  ,-7.200689234695e+00  ,-9.371600104177e+00  ,-7.938484708755e+00  ,-1.010848597260e+01  ,-2.170910869481e+00  ,-2.170001263848e+00  
  1.594042880712e+06  ,-7.195391112945e+00  ,-9.366649427992e+00  ,-7.934301906210e+00  ,-1.010465139926e+01  ,-2.171258315047e+00  ,-2.170349493046e+00  
  1.603245390690e+06  ,-7.190082794191e+00  ,-9.361689196545e+00  ,-7.930120347872e+00  ,-1.010081872006e+01  ,-2.171606402354e+00  ,-2.170698372187e+00  
  1.612501027338e+06  ,-7.184771484112e+00  ,-9.356726635055e+00  ,-7.925941290945e+00  ,-1.009698921228e+01  ,-2.171955150943e+00  ,-2.171047921331e+00  
  1.621810097359e+06  ,-7.179464588669e+00  ,-9.351769169756e+00  ,-7.921765972427e+00  ,-1.009316413274e+01  ,-2.172304581087e+00  ,-2.171398160315e+00  
  1.631172909228e+06  ,-7.174169703351e+00  ,-9.346824416345e+00  ,-7.917595610145e+00  ,-1.008934471972e+01  ,-2.172654712994e+00  ,-2.171749109573e+00  
  1.640589773200e+06  ,-7.168894599035e+00  ,-9.341900166275e+00  ,-7.913431402069e+00  ,-1.008553219198e+01  ,-2.173005567241e+00  ,-2.172100789907e+00  
  1.650061001320e+06  ,-7.163647208811e+00  ,-9.337004373702e+00  ,-7.909274526030e+00  ,-1.008172774828e+01  ,-2.173357164892e+00  ,-2.172453222252e+00  
  1.659586907438e+06  ,-7.158435610633e+00  ,-9.332145137634e+00  ,-7.905126140610e+00  ,-1.007793256860e+01  ,-2.173709527002e+00  ,-2.172806427987e+00  
  1.669167807211e+06  ,-7.153268008895e+00  ,-9.327330684449e+00  ,-7.900987384365e+00  ,-1.007414781340e+01  ,-2.174062675554e+00  ,-2.173160429036e+00  
  1.678804018123e+06  ,-7.148152717239e+00  ,-9.322569349504e+00  ,-7.896859375481e+00  ,-1.007037462267e+01  ,-2.174416632265e+00  ,-2.173515247193e+00  
  1.688495859487e+06  ,-7.143098134640e+00  ,-9.317869554074e+00  ,-7.892743213296e+00  ,-1.006661411828e+01  ,-2.174771419434e+00  ,-2.173870904989e+00  
  1.698243652462e+06  ,-7.138112724150e+00  ,-9.313239783971e+00  ,-7.888639976092e+00  ,-1.006286740122e+01  ,-2.175127059821e+00  ,-2.174227425126e+00  
  1.708047720060e+06  ,-7.133204990036e+00  ,-9.308688566169e+00  ,-7.884550723416e+00  ,-1.005913555395e+01  ,-2.175483576132e+00  ,-2.174584830536e+00  
  1.717908387158e+06  ,-7.128383449874e+00  ,-9.304224441802e+00  ,-7.880476494079e+00  ,-1.005541963861e+01  ,-2.175840991928e+00  ,-2.174943144529e+00  
  1.727825980508e+06  ,-7.123656608998e+00  ,-9.299855939256e+00  ,-7.876418307248e+00  ,-1.005172069811e+01  ,-2.176199330258e+00  ,-2.175302390859e+00  
  1.737800828749e+06  ,-7.119032931761e+00  ,-9.295591547257e+00  ,-7.872377162772e+00  ,-1.004803975627e+01  ,-2.176558615497e+00  ,-2.175662593499e+00  
  1.747833262418e+06  ,-7.114520814020e+00  ,-9.291439685651e+00  ,-7.868354039856e+00  ,-1.004437781650e+01  ,-2.176918871631e+00  ,-2.176023776649e+00  
  1.757923613959e+06  ,-7.110128550231e+00  ,-9.287408673417e+00  ,-7.864349898616e+00  ,-1.004073586356e+01  ,-2.177280123187e+00  ,-2.176385964947e+00  
  1.768072217734e+06  ,-7.105864304172e+00  ,-9.283506699154e+00  ,-7.860365678767e+00  ,-1.003711486205e+01  ,-2.177642394982e+00  ,-2.176749183281e+00  
  1.778279410039e+06  ,-7.101736077115e+00  ,-9.279741789265e+00  ,-7.856402300788e+00  ,-1.003351575773e+01  ,-2.178005712150e+00  ,-2.177113456941e+00  
  1.788545529108e+06  ,-7.097751675099e+00  ,-9.276121775366e+00  ,-7.852460665319e+00  ,-1.002993947681e+01  ,-2.178370100268e+00  ,-2.177478811490e+00  
  1.798870915129e+06  ,-7.093918677646e+00  ,-9.272654262545e+00  ,-7.848541653176e+00  ,-1.002638692604e+01  ,-2.178735584899e+00  ,-2.177845272860e+00  
  1.809255910254e+06  ,-7.090244404389e+00  ,-9.269346596640e+00  ,-7.844646125823e+00  ,-1.002285899286e+01  ,-2.179102192251e+00  ,-2.178212867038e+00  
  1.819700858610e+06  ,-7.086735883510e+00  ,-9.266205832144e+00  ,-7.840774924958e+00  ,-1.001935654545e+01  ,-2.179469948634e+00  ,-2.178581620491e+00  
  1.830206106311e+06  ,-7.083399820264e+00  ,-9.263238701030e+00  ,-7.836928872720e+00  ,-1.001588043284e+01  ,-2.179838880766e+00  ,-2.178951560123e+00  
  1.840772001469e+06  ,-7.080242565751e+00  ,-9.260451581314e+00  ,-7.833108772075e+00  ,-1.001243148497e+01  ,-2.180209015563e+00  ,-2.179322712893e+00  
  1.851398894205e+06  ,-7.077270087221e+00  ,-9.257850467568e+00  ,-7.829315406466e+00  ,-1.000901051271e+01  ,-2.180580380346e+00  ,-2.179695106244e+00  
  1.862087136663e+06  ,-7.074487939767e+00  ,-9.255440942509e+00  ,-7.825549539919e+00  ,-1.000561830781e+01  ,-2.180953002742e+00  ,-2.180068767888e+00  
  1.872837083018e+06  ,-7.071901238614e+00  ,-9.253228149260e+00  ,-7.821811917071e+00  ,-1.000225564283e+01  ,-2.181326910647e+00  ,-2.180443725755e+00  
  1.883649089490e+06  ,-7.069514633925e+00  ,-9.251216765996e+00  ,-7.818103263831e+00  ,-9.998923271987e+00  ,-2.181702132071e+00  ,-2.180820008156e+00  
  1.894523514357e+06  ,-7.067332286966e+00  ,-9.249410982468e+00  ,-7.814424286525e+00  ,-9.995621929989e+00  ,-2.182078695502e+00  ,-2.181197643464e+00  
  1.905460717963e+06  ,-7.065357850476e+00  ,-9.247814480398e+00  ,-7.810775672453e+00  ,-9.992352333360e+00  ,-2.182456629922e+00  ,-2.181576660907e+00  
  1.916461062735e+06  ,-7.063594447562e+00  ,-9.246430411838e+00  ,-7.807158090366e+00  ,-9.989115179706e+00  ,-2.182835964276e+00  ,-2.181957089340e+00  
  1.927524913191e+06  ,-7.062044656439e+00  ,-9.245261384226e+00  ,-7.803572189226e+00  ,-9.985911147556e+00  ,-2.183216727787e+00  ,-2.182338958330e+00  
  1.938652635952e+06  ,-7.060710499107e+00  ,-9.244309449363e+00  ,-7.800018600209e+00  ,-9.982740897792e+00  ,-2.183598950256e+00  ,-2.182722297583e+00  
  1.949844599758e+06  ,-7.059593426757e+00  ,-9.243576088279e+00  ,-7.796497935146e+00  ,-9.979605072198e+00  ,-2.183982661522e+00  ,-2.183107137052e+00  
  1.961101175476e+06  ,-7.058694314918e+00  ,-9.243062206667e+00  ,-7.793010786892e+00  ,-9.976504294014e+00  ,-2.184367891749e+00  ,-2.183493507122e+00  
  1.972422736115e+06  ,-7.058013459488e+00  ,-9.242768131032e+00  ,-7.789557730745e+00  ,-9.973439169129e+00  ,-2.184754671544e+00  ,-2.183881438384e+00  
  1.983809656837e+06  ,-7.057550572527e+00  ,-9.242693604066e+00  ,-7.786139322283e+00  ,-9.970410283947e+00  ,-2.185143031539e+00  ,-2.184270961664e+00  
  1.995262314969e+06  ,-7.057304787835e+00  ,-9.242837790674e+00  ,-7.782756099480e+00  ,-9.967418207620e+00  ,-2.185533002839e+00  ,-2.184662108140e+00  
  2.006781090018e+06  ,-7.057274663895e+00  ,-9.243199280745e+00  ,-7.779408581520e+00  ,-9.964463490635e+00  ,-2.185924616849e+00  ,-2.185054909115e+00  
  2.018366363682e+06  ,-7.057458192114e+00  ,-9.243776097174e+00  ,-7.776097269886e+00  ,-9.961546666340e+00  ,-2.186317905060e+00  ,-2.185449396453e+00  
  2.030018519860e+06  ,-7.057852808979e+00  ,-9.244565708243e+00  ,-7.772822647096e+00  ,-9.958668249124e+00  ,-2.186712899264e+00  ,-2.185845602029e+00  
  2.041737944670e+06  ,-7.058455409725e+00  ,-9.245565041446e+00  ,-7.769585178593e+00  ,-9.955828736593e+00  ,-2.187109631721e+00  ,-2.186243558000e+00  
  2.053525026457e+06  ,-7.059262365785e+00  ,-9.246770500701e+00  ,-7.766385310999e+00  ,-9.953028608068e+00  ,-2.187508134916e+00  ,-2.186643297069e+00  
  2.065380155811e+06  ,-7.060269543825e+00  ,-9.248177985087e+00  ,-7.763223473678e+00  ,-9.950268325519e+00  ,-2.187908441262e+00  ,-2.187044851841e+00  
  2.077303725573e+06  ,-7.061472329038e+00  ,-9.249782913038e+00  ,-7.760100077659e+00  ,-9.947548333135e+00  ,-2.188310584000e+00  ,-2.187448255476e+00  
  2.089296130854e+06  ,-7.062865648563e+00  ,-9.251580244699e+00  ,-7.757015516840e+00  ,-9.944869058069e+00  ,-2.188714596135e+00  ,-2.187853541229e+00  
  2.101357769047e+06  ,-7.064443998789e+00  ,-9.253564510030e+00  ,-7.753970167125e+00  ,-9.942230909717e+00  ,-2.189120511240e+00  ,-2.188260742592e+00  
  2.113489039837e+06  ,-7.066201473099e+00  ,-9.255729835981e+00  ,-7.750964387386e+00  ,-9.939634280962e+00  ,-2.189528362882e+00  ,-2.188669893576e+00  
  2.125690345217e+06  ,-7.068131792780e+00  ,-9.258069978022e+00  ,-7.747998518432e+00  ,-9.937079546318e+00  ,-2.189938185242e+00  ,-2.189081027886e+00  
  2.137962089502e+06  ,-7.070228336831e+00  ,-9.260578349192e+00  ,-7.745072884499e+00  ,-9.934567064762e+00  ,-2.190350012360e+00  ,-2.189494180262e+00  
  2.150304679340e+06  ,-7.072484175070e+00  ,-9.263248053835e+00  ,-7.742187792253e+00  ,-9.932097177381e+00  ,-2.190763878765e+00  ,-2.189909385128e+00  
  2.162718523727e+06  ,-7.074892101880e+00  ,-9.266071921199e+00  ,-7.739343531416e+00  ,-9.929670208611e+00  ,-2.191179819319e+00  ,-2.190326677195e+00  
  2.175204034020e+06  ,-7.077444667955e+00  ,-9.269042536648e+00  ,-7.736540374936e+00  ,-9.927286466657e+00  ,-2.191597868694e+00  ,-2.190746091721e+00  
  2.187761623950e+06  ,-7.080134214968e+00  ,-9.272152277541e+00  ,-7.733778578683e+00  ,-9.924946242593e+00  ,-2.192018062573e+00  ,-2.191167663909e+00  
  2.200391709637e+06  ,-7.082952910377e+00  ,-9.275393346268e+00  ,-7.731058381673e+00  ,-9.922649811024e+00  ,-2.192440435891e+00  ,-2.191591429351e+00  
  2.213094709606e+06  ,-7.085892779256e+00  ,-9.278757804033e+00  ,-7.728380006502e+00  ,-9.920397430301e+00  ,-2.192865024777e+00  ,-2.192017423799e+00  
  2.225871044793e+06  ,-7.088945738611e+00  ,-9.282237603415e+00  ,-7.725743659439e+00  ,-9.918189342806e+00  ,-2.193291864804e+00  ,-2.192445683367e+00  
  2.238721138568e+06  ,-7.092103628934e+00  ,-9.285824621451e+00  ,-7.723149529871e+00  ,-9.916025774176e+00  ,-2.193720992517e+00  ,-2.192876244305e+00  
  2.251645416745e+06  ,-7.095358246662e+00  ,-9.289510690613e+00  ,-7.720597791404e+00  ,-9.913906934471e+00  ,-2.194152443951e+00  ,-2.193309143067e+00  
  2.264644307593e+06  ,-7.098701372464e+00  ,-9.293287628363e+00  ,-7.718088601086e+00  ,-9.911833017544e+00  ,-2.194586255899e+00  ,-2.193744416458e+00  
  2.277718241857e+06  ,-7.102124804129e+00  ,-9.297147269311e+00  ,-7.715622100262e+00  ,-9.909804201609e+00  ,-2.195022465182e+00  ,-2.194182101347e+00  
  2.290867652768e+06  ,-7.105620380688e+00  ,-9.301081489720e+00  ,-7.713198413877e+00  ,-9.907820648828e+00  ,-2.195461109032e+00  ,-2.194622234951e+00  
  2.304092976056e+06  ,-7.109180011972e+00  ,-9.305082236628e+00  ,-7.710817651638e+00  ,-9.905882506357e+00  ,-2.195902224656e+00  ,-2.195064854719e+00  
  2.317394649969e+06  ,-7.112795700512e+00  ,-9.309141549819e+00  ,-7.708479907066e+00  ,-9.903989905183e+00  ,-2.196345849306e+00  ,-2.195509998117e+00  
  2.330773115283e+06  ,-7.116459568090e+00  ,-9.313251589078e+00  ,-7.706185258710e+00  ,-9.902142961729e+00  ,-2.196792020988e+00  ,-2.195957703019e+00  
  2.344228815320e+06  ,-7.120163874387e+00  ,-9.317404651868e+00  ,-7.703933768998e+00  ,-9.900341776553e+00  ,-2.197240777481e+00  ,-2.196408007555e+00  
  2.357762195961e+06  ,-7.123901036932e+00  ,-9.321593193992e+00  ,-7.701725485603e+00  ,-9.898586435485e+00  ,-2.197692157060e+00  ,-2.196860949881e+00  
  2.371373705662e+06  ,-7.127663651840e+00  ,-9.325809849818e+00  ,-7.699560440975e+00  ,-9.896877009469e+00  ,-2.198146197978e+00  ,-2.197316568494e+00  
  2.385063795465e+06  ,-7.131444506765e+00  ,-9.330047445520e+00  ,-7.697438652075e+00  ,-9.895213554100e+00  ,-2.198602938754e+00  ,-2.197774902025e+00  
  2.398832919020e+06  ,-7.135236598137e+00  ,-9.334299016324e+00  ,-7.695360121451e+00  ,-9.893596110707e+00  ,-2.199062418188e+00  ,-2.198235989256e+00  
  2.412681532592e+06  ,-7.139033141288e+00  ,-9.338557816418e+00  ,-7.693324836822e+00  ,-9.892024706019e+00  ,-2.199524675130e+00  ,-2.198699869197e+00  
  2.426610095082e+06  ,-7.142827583398e+00  ,-9.342817332180e+00  ,-7.691332770928e+00  ,-9.890499352111e+00  ,-2.199989748782e+00  ,-2.199166581182e+00  
  2.440619068042e+06  ,-7.146613612183e+00  ,-9.347071290647e+00  ,-7.689383882498e+00  ,-9.889020047248e+00  ,-2.200457678463e+00  ,-2.199636164749e+00  
  2.454708915685e+06  ,-7.150385163589e+00  ,-9.351313667114e+00  ,-7.687478115799e+00  ,-9.887586774854e+00  ,-2.200928503525e+00  ,-2.200108659055e+00  
  2.468880104906e+06  ,-7.154136428412e+00  ,-9.355538692166e+00  ,-7.685615400673e+00  ,-9.886199504937e+00  ,-2.201402263755e+00  ,-2.200584104265e+00  
  2.483133105296e+06  ,-7.157861856664e+00  ,-9.359740855681e+00  ,-7.683795653247e+00  ,-9.884858193450e+00  ,-2.201878999017e+00  ,-2.201062540203e+00  
  2.497468389154e+06  ,-7.161556161272e+00  ,-9.363914910368e+00  ,-7.682018775391e+00  ,-9.883562782325e+00  ,-2.202358749096e+00  ,-2.201544006934e+00  
  2.511886431510e+06  ,-7.165214319366e+00  ,-9.368055873740e+00  ,-7.680284655349e+00  ,-9.882313200089e+00  ,-2.202841554374e+00  ,-2.202028544740e+00  
  2.526387710132e+06  ,-7.168831575093e+00  ,-9.372159030216e+00  ,-7.678593168130e+00  ,-9.881109362309e+00  ,-2.203327455123e+00  ,-2.202516194179e+00  
  2.540972705549e+06  ,-7.172403437489e+00  ,-9.376219929393e+00  ,-7.676944175079e+00  ,-9.879951170767e+00  ,-2.203816491904e+00  ,-2.203006995688e+00  
  2.555641901064e+06  ,-7.175925679315e+00  ,-9.380234384522e+00  ,-7.675337524040e+00  ,-9.878838514205e+00  ,-2.204308705208e+00  ,-2.203500990164e+00  
  2.570395782769e+06  ,-7.179394335627e+00  ,-9.384198471514e+00  ,-7.673773050105e+00  ,-9.877771268547e+00  ,-2.204804135887e+00  ,-2.203998218442e+00  
  2.585234839562e+06  ,-7.182805700407e+00  ,-9.388108525402e+00  ,-7.672250575088e+00  ,-9.876749296415e+00  ,-2.205302824995e+00  ,-2.204498721327e+00  
  2.600159563165e+06  ,-7.186156322647e+00  ,-9.391961136114e+00  ,-7.670769908439e+00  ,-9.875772448885e+00  ,-2.205804813467e+00  ,-2.205002540446e+00  
  2.615170448138e+06  ,-7.189443000612e+00  ,-9.395753143185e+00  ,-7.669330846641e+00  ,-9.874840563550e+00  ,-2.206310142574e+00  ,-2.205509716908e+00  
  2.630267991895e+06  ,-7.192662778966e+00  ,-9.399481632629e+00  ,-7.667933174035e+00  ,-9.873953466150e+00  ,-2.206818853663e+00  ,-2.206020292115e+00  
  2.645452694724e+06  ,-7.195812940259e+00  ,-9.403143928352e+00  ,-7.666576662449e+00  ,-9.873110970124e+00  ,-2.207330988093e+00  ,-2.206534307675e+00  
  2.660725059799e+06  ,-7.198891000817e+00  ,-9.406737588324e+00  ,-7.665261071651e+00  ,-9.872312876754e+00  ,-2.207846587506e+00  ,-2.207051805103e+00  
  2.676085593199e+06  ,-7.201894703423e+00  ,-9.410260397087e+00  ,-7.663986149979e+00  ,-9.871558976499e+00  ,-2.208365693664e+00  ,-2.207572826520e+00  
  2.691534803927e+06  ,-7.204822009160e+00  ,-9.413710357423e+00  ,-7.662751633414e+00  ,-9.870849046892e+00  ,-2.208888348263e+00  ,-2.208097413478e+00  
  2.707073203921e+06  ,-7.207671091121e+00  ,-9.417085684262e+00  ,-7.661557246656e+00  ,-9.870182854973e+00  ,-2.209414593141e+00  ,-2.208625608316e+00  
  2.722701308078e+06  ,-7.210440329096e+00  ,-9.420384799566e+00  ,-7.660402703217e+00  ,-9.869560156082e+00  ,-2.209944470470e+00  ,-2.209157452865e+00  
  2.738419634264e+06  ,-7.213128296852e+00  ,-9.423606318962e+00  ,-7.659287705482e+00  ,-9.868980694874e+00  ,-2.210478022110e+00  ,-2.209692989392e+00  
  2.754228703338e+06  ,-7.215733758956e+00  ,-9.426749049408e+00  ,-7.658211944369e+00  ,-9.868444204587e+00  ,-2.211015290452e+00  ,-2.210232260218e+00  
  2.770129039164e+06  ,-7.218255660622e+00  ,-9.429811978106e+00  ,-7.657175100960e+00  ,-9.867950408504e+00  ,-2.211556317484e+00  ,-2.210775307545e+00  
  2.786121168630e+06  ,-7.220693121556e+00  ,-9.432794267178e+00  ,-7.656176844621e+00  ,-9.867499018546e+00  ,-2.212101145622e+00  ,-2.211322173924e+00  
  2.802205621667e+06  ,-7.223045424526e+00  ,-9.435695241838e+00  ,-7.655216835388e+00  ,-9.867089737078e+00  ,-2.212649817313e+00  ,-2.211872901690e+00  
  2.818382931265e+06  ,-7.225312013915e+00  ,-9.438514388765e+00  ,-7.654294722576e+00  ,-9.866722256070e+00  ,-2.213202374850e+00  ,-2.212427533494e+00  
  2.834653633490e+06  ,-7.227492480602e+00  ,-9.441251341347e+00  ,-7.653410145775e+00  ,-9.866396257623e+00  ,-2.213758860745e+00  ,-2.212986111848e+00  
  2.851018267504e+06  ,-7.229586560126e+00  ,-9.443905877720e+00  ,-7.652562734580e+00  ,-9.866111413928e+00  ,-2.214319317594e+00  ,-2.213548679347e+00  
  2.867477375581e+06  ,-7.231594122289e+00  ,-9.446477910184e+00  ,-7.651752109398e+00  ,-9.865867388138e+00  ,-2.214883787895e+00  ,-2.214115278741e+00  
  2.884031503127e+06  ,-7.233515164858e+00  ,-9.448967478887e+00  ,-7.650977881057e+00  ,-9.865663833505e+00  ,-2.215452314029e+00  ,-2.214685952447e+00  
  2.900681198693e+06  ,-7.235349805407e+00  ,-9.451374744127e+00  ,-7.650239651682e+00  ,-9.865500395043e+00  ,-2.216024938721e+00  ,-2.215260743361e+00  
  2.917427014001e+06  ,-7.237098275412e+00  ,-9.453699980035e+00  ,-7.649537013906e+00  ,-9.865376708070e+00  ,-2.216601704624e+00  ,-2.215839694164e+00  
  2.934269503956e+06  ,-7.238760913863e+00  ,-9.455943568146e+00  ,-7.648869552190e+00  ,-9.865292399692e+00  ,-2.217182654283e+00  ,-2.216422847502e+00  
  2.951209226666e+06  ,-7.240338158920e+00  ,-9.458105989094e+00  ,-7.648236842424e+00  ,-9.865247088405e+00  ,-2.217767830174e+00  ,-2.217010245981e+00  
  2.968246743463e+06  ,-7.241830542260e+00  ,-9.460187817370e+00  ,-7.647638452107e+00  ,-9.865240384595e+00  ,-2.218357275110e+00  ,-2.217601932488e+00  
  2.985382618918e+06  ,-7.243238683825e+00  ,-9.462189715255e+00  ,-7.647073940854e+00  ,-9.865271890288e+00  ,-2.218951031430e+00  ,-2.218197949434e+00  
  3.002617420861e+06  ,-7.244563285226e+00  ,-9.464112426889e+00  ,-7.646542861104e+00  ,-9.865341200780e+00  ,-2.219549141664e+00  ,-2.218798339676e+00  
  3.019951720402e+06  ,-7.245805123206e+00  ,-9.465956771589e+00  ,-7.646044756835e+00  ,-9.865447902331e+00  ,-2.220151648383e+00  ,-2.219403145496e+00  
  3.037386091946e+06  ,-7.246965045386e+00  ,-9.467723639288e+00  ,-7.645579165111e+00  ,-9.865591574578e+00  ,-2.220758593901e+00  ,-2.220012409467e+00  
  3.054921113216e+06  ,-7.248043963960e+00  ,-9.469413984653e+00  ,-7.645145616130e+00  ,-9.865771790311e+00  ,-2.221370020693e+00  ,-2.220626174181e+00  
  3.072557365268e+06  ,-7.249042852539e+00  ,-9.471028823307e+00  ,-7.644743633331e+00  ,-9.865988115193e+00  ,-2.221985970769e+00  ,-2.221244481862e+00  
  3.090295432514e+06  ,-7.249962738266e+00  ,-9.472569224832e+00  ,-7.644372733004e+00  ,-9.866240107954e+00  ,-2.222606486566e+00  ,-2.221867374950e+00  
  3.108135902740e+06  ,-7.250804699687e+00  ,-9.474036309661e+00  ,-7.644032425839e+00  ,-9.866527321203e+00  ,-2.223231609974e+00  ,-2.222494895365e+00  
  3.126079367124e+06  ,-7.251569861698e+00  ,-9.475431244840e+00  ,-7.643722215689e+00  ,-9.866849301105e+00  ,-2.223861383142e+00  ,-2.223127085416e+00  
  3.144126420259e+06  ,-7.252259390888e+00  ,-9.476755238735e+00  ,-7.643441601194e+00  ,-9.867205588122e+00  ,-2.224495847847e+00  ,-2.223763986928e+00  
  3.162277660168e+06  ,-7.252874491830e+00  ,-9.478009537818e+00  ,-7.643190075169e+00  ,-9.867595716969e+00  ,-2.225135045988e+00  ,-2.224405641799e+00  
  3.180533688330e+06  ,-7.253416403636e+00  ,-9.479195422593e+00  ,-7.642967124874e+00  ,-9.868019216597e+00  ,-2.225779018958e+00  ,-2.225052091723e+00  
  3.198895109692e+06  ,-7.253886396432e+00  ,-9.480314204650e+00  ,-7.642772232723e+00  ,-9.868475610774e+00  ,-2.226427808218e+00  ,-2.225703378051e+00  
  3.217362532696e+06  ,-7.254285767038e+00  ,-9.481367222212e+00  ,-7.642604875933e+00  ,-9.868964418370e+00  ,-2.227081455174e+00  ,-2.226359542437e+00  
  3.235936569296e+06  ,-7.254615836236e+00  ,-9.482355837054e+00  ,-7.642464527495e+00  ,-9.869485153359e+00  ,-2.227740000817e+00  ,-2.227020625864e+00  
  3.254617834981e+06  ,-7.254877946672e+00  ,-9.483281432696e+00  ,-7.642350655539e+00  ,-9.870037324864e+00  ,-2.228403486025e+00  ,-2.227686669325e+00  
  3.273406948788e+06  ,-7.255073457770e+00  ,-9.484145409440e+00  ,-7.642262724711e+00  ,-9.870620438498e+00  ,-2.229071951670e+00  ,-2.228357713788e+00  
  3.292304533334e+06  ,-7.255203746997e+00  ,-9.484949185060e+00  ,-7.642200195300e+00  ,-9.871233994841e+00  ,-2.229745438062e+00  ,-2.229033799541e+00  
  3.311311214826e+06  ,-7.255270202399e+00  ,-9.485694187820e+00  ,-7.642162523832e+00  ,-9.871877490853e+00  ,-2.230423985422e+00  ,-2.229714967022e+00  
  3.330427623088e+06  ,-7.255274223769e+00  ,-9.486381857698e+00  ,-7.642149164238e+00  ,-9.872550420669e+00  ,-2.231107633929e+00  ,-2.230401256430e+00  
  3.349654391578e+06  ,-7.255217219006e+00  ,-9.487013642152e+00  ,-7.642159566259e+00  ,-9.873252273736e+00  ,-2.231796423146e+00  ,-2.231092707477e+00  
  3.368992157415e+06  ,-7.255100602786e+00  ,-9.487590995441e+00  ,-7.642193177531e+00  ,-9.873982537123e+00  ,-2.232490392656e+00  ,-2.231789359592e+00  
  3.388441561392e+06  ,-7.254925793438e+00  ,-9.488115374921e+00  ,-7.642249442760e+00  ,-9.874740694889e+00  ,-2.233189581483e+00  ,-2.232491252130e+00  
  3.408003248004e+06  ,-7.254694212286e+00  ,-9.488588240842e+00  ,-7.642327804427e+00  ,-9.875526228487e+00  ,-2.233894028556e+00  ,-2.233198424061e+00  
  3.427677865465e+06  ,-7.254407281296e+00  ,-9.489011053856e+00  ,-7.642427702614e+00  ,-9.876338616587e+00  ,-2.234603772560e+00  ,-2.233910913973e+00  
  3.447466065732e+06  ,-7.254066421085e+00  ,-9.489385272550e+00  ,-7.642548575988e+00  ,-9.877177336162e+00  ,-2.235318851464e+00  ,-2.234628760174e+00  
  3.467368504525e+06  ,-7.253673051160e+00  ,-9.489712354330e+00  ,-7.642689860937e+00  ,-9.878041861247e+00  ,-2.236039303170e+00  ,-2.235352000310e+00  
  3.487385841352e+06  ,-7.253228587077e+00  ,-9.489993752229e+00  ,-7.642850993078e+00  ,-9.878931665264e+00  ,-2.236765165152e+00  ,-2.236080672186e+00  
  3.507518739526e+06  ,-7.252734438917e+00  ,-9.490230913487e+00  ,-7.643031406384e+00  ,-9.879846219260e+00  ,-2.237496474571e+00  ,-2.236814812876e+00  
  3.527767866189e+06  ,-7.252192010477e+00  ,-9.490425278233e+00  ,-7.643230534433e+00  ,-9.880784993411e+00  ,-2.238233267756e+00  ,-2.237554458978e+00  
  3.548133892336e+06  ,-7.251602699480e+00  ,-9.490578280795e+00  ,-7.643447809806e+00  ,-9.881747456863e+00  ,-2.238975581314e+00  ,-2.238299647057e+00  
  3.568617492835e+06  ,-7.250967894153e+00  ,-9.490691345016e+00  ,-7.643682664573e+00  ,-9.882733077109e+00  ,-2.239723450863e+00  ,-2.239050412536e+00  
  3.589219346450e+06  ,-7.250288974513e+00  ,-9.490765886220e+00  ,-7.643934531007e+00  ,-9.883741322195e+00  ,-2.240476911707e+00  ,-2.239806791188e+00  
  3.609940135864e+06  ,-7.249567309940e+00  ,-9.490803308598e+00  ,-7.644202841040e+00  ,-9.884771658726e+00  ,-2.241235998658e+00  ,-2.240568817686e+00  
  3.630780547701e+06  ,-7.248804259157e+00  ,-9.490805005137e+00  ,-7.644487027338e+00  ,-9.885823553845e+00  ,-2.242000745980e+00  ,-2.241336526508e+00  
  3.651741272549e+06  ,-7.248001169160e+00  ,-9.490772356699e+00  ,-7.644786522843e+00  ,-9.886896474279e+00  ,-2.242771187539e+00  ,-2.242109951436e+00  
  3.672823004981e+06  ,-7.247159375600e+00  ,-9.490706732211e+00  ,-7.645100761043e+00  ,-9.887989886695e+00  ,-2.243547356611e+00  ,-2.242889125652e+00  
  3.694026443583e+06  ,-7.246280200214e+00  ,-9.490609485958e+00  ,-7.645429176970e+00  ,-9.889103259105e+00  ,-2.244329285744e+00  ,-2.243674082135e+00  
  3.715352290972e+06  ,-7.245364952108e+00  ,-9.490481959089e+00  ,-7.645771206467e+00  ,-9.890236059205e+00  ,-2.245117006981e+00  ,-2.244464852738e+00  
  3.736801253821e+06  ,-7.244414925713e+00  ,-9.490325477600e+00  ,-7.646126286794e+00  ,-9.891387755936e+00  ,-2.245910551888e+00  ,-2.245261469141e+00  
  3.758374042885e+06  ,-7.243431402060e+00  ,-9.490141353355e+00  ,-7.646493857493e+00  ,-9.892557819557e+00  ,-2.246709951295e+00  ,-2.246063962064e+00  
  3.780071373018e+06  ,-7.242415647332e+00  ,-9.489930882581e+00  ,-7.646873359169e+00  ,-9.893745721214e+00  ,-2.247515235249e+00  ,-2.246872362045e+00  
  3.801893963206e+06  ,-7.241368912032e+00  ,-9.489695345251e+00  ,-7.647264235030e+00  ,-9.894950933378e+00  ,-2.248326433219e+00  ,-2.247686698348e+00  
  3.823842536581e+06  ,-7.240292431817e+00  ,-9.489436005795e+00  ,-7.647665930530e+00  ,-9.896172930238e+00  ,-2.249143573978e+00  ,-2.248506999708e+00  
  3.845917820454e+06  ,-7.239187426535e+00  ,-9.489154112287e+00  ,-7.648077893650e+00  ,-9.897411187958e+00  ,-2.249966685752e+00  ,-2.249333294308e+00  
  3.868120546331e+06  ,-7.238055100160e+00  ,-9.488850895663e+00  ,-7.648499575169e+00  ,-9.898665184617e+00  ,-2.250795795503e+00  ,-2.250165609449e+00  
  3.890451449943e+06  ,-7.236896640087e+00  ,-9.488527569951e+00  ,-7.648930428580e+00  ,-9.899934400370e+00  ,-2.251630929864e+00  ,-2.251003971790e+00  
  3.912911271269e+06  ,-7.235713217700e+00  ,-9.488185332125e+00  ,-7.649369910635e+00  ,-9.901218317636e+00  ,-2.252472114424e+00  ,-2.251848407001e+00  
  3.935500754558e+06  ,-7.234505988189e+00  ,-9.487825362430e+00  ,-7.649817481935e+00  ,-9.902516421622e+00  ,-2.253319374241e+00  ,-2.252698939687e+00  
  3.958220648357e+06  ,-7.233276090054e+00  ,-9.487448822994e+00  ,-7.650272605856e+00  ,-9.903828199922e+00  ,-2.254172732940e+00  ,-2.253555594066e+00  
  3.981071705535e+06  ,-7.232024644359e+00  ,-9.487056858088e+00  ,-7.650734749776e+00  ,-9.905153143104e+00  ,-2.255032213730e+00  ,-2.254418393328e+00  
  4.004054683306e+06  ,-7.230752756094e+00  ,-9.486650594948e+00  ,-7.651203385232e+00  ,-9.906490744791e+00  ,-2.255897838854e+00  ,-2.255287359560e+00  
  4.027170343255e+06  ,-7.229461513253e+00  ,-9.486231142508e+00  ,-7.651677987559e+00  ,-9.907840501452e+00  ,-2.256769629255e+00  ,-2.256162513893e+00  
  4.050419451365e+06  ,-7.228151986666e+00  ,-9.485799592113e+00  ,-7.652158036536e+00  ,-9.909201913439e+00  ,-2.257647605448e+00  ,-2.257043876903e+00  
  4.073802778041e+06  ,-7.226825229770e+00  ,-9.485357016171e+00  ,-7.652643016523e+00  ,-9.910574484120e+00  ,-2.258531786401e+00  ,-2.257931467597e+00  
  4.097321098136e+06  ,-7.225482280464e+00  ,-9.484904470849e+00  ,-7.653132416179e+00  ,-9.911957720281e+00  ,-2.259422190385e+00  ,-2.258825304102e+00  
  4.120975190973e+06  ,-7.224124158326e+00  ,-9.484442992805e+00  ,-7.653625728781e+00  ,-9.913351132540e+00  ,-2.260318834479e+00  ,-2.259725403759e+00  
  4.144765840380e+06  ,-7.222751866827e+00  ,-9.483973601276e+00  ,-7.654122453670e+00  ,-9.914754236194e+00  ,-2.261221734449e+00  ,-2.260631782524e+00  
  4.168693834704e+06  ,-7.221366391330e+00  ,-9.483497296769e+00  ,-7.654622094047e+00  ,-9.916166549192e+00  ,-2.262130905440e+00  ,-2.261544455145e+00  
  4.192759966846e+06  ,-7.219968701603e+00  ,-9.483015062541e+00  ,-7.655124158749e+00  ,-9.917587594191e+00  ,-2.263046360938e+00  ,-2.262463435442e+00  
  4.216965034286e+06  ,-7.218559750689e+00  ,-9.482527864169e+00  ,-7.655628162338e+00  ,-9.919016898353e+00  ,-2.263968113480e+00  ,-2.263388736015e+00  
  4.241309839105e+06  ,-7.217140473590e+00  ,-9.482036647866e+00  ,-7.656133624767e+00  ,-9.920453992743e+00  ,-2.264896174276e+00  ,-2.264320367977e+00  
  4.265795188016e+06  ,-7.215711789092e+00  ,-9.481542342186e+00  ,-7.656640071520e+00  ,-9.921898413016e+00  ,-2.265830553094e+00  ,-2.265258341496e+00  
  4.290421892389e+06  ,-7.214274600550e+00  ,-9.481045859590e+00  ,-7.657147033906e+00  ,-9.923349698975e+00  ,-2.266771259040e+00  ,-2.266202665068e+00  
  4.315190768278e+06  ,-7.212829793037e+00  ,-9.480548091834e+00  ,-7.657654049559e+00  ,-9.924807395805e+00  ,-2.267718298797e+00  ,-2.267153346245e+00  
  4.340102636448e+06  ,-7.211378236117e+00  ,-9.480049914855e+00  ,-7.658160661973e+00  ,-9.926271052825e+00  ,-2.268671678739e+00  ,-2.268110390852e+00  
  4.365158322402e+06  ,-7.209920783332e+00  ,-9.479552186501e+00  ,-7.658666420610e+00  ,-9.927740224223e+00  ,-2.269631403169e+00  ,-2.269073803613e+00  
  4.390358656410e+06  ,-7.208458270778e+00  ,-9.479055746021e+00  ,-7.659170881533e+00  ,-9.929214468914e+00  ,-2.270597475243e+00  ,-2.270043587381e+00  
  4.415704473533e+06  ,-7.206991519940e+00  ,-9.478561416389e+00  ,-7.659673607363e+00  ,-9.930693351223e+00  ,-2.271569896449e+00  ,-2.271019743861e+00  
  4.441196613656e+06  ,-7.205521335265e+00  ,-9.478070002037e+00  ,-7.660174166933e+00  ,-9.932176440167e+00  ,-2.272548666772e+00  ,-2.272002273234e+00  
  4.466835921510e+06  ,-7.204048505187e+00  ,-9.477582289862e+00  ,-7.660672136072e+00  ,-9.933663309976e+00  ,-2.273533784676e+00  ,-2.272991173904e+00  
  4.492623246703e+06  ,-7.202573803543e+00  ,-9.477099050483e+00  ,-7.661167097009e+00  ,-9.935153539926e+00  ,-2.274525246940e+00  ,-2.273986442916e+00  
  4.518559443749e+06  ,-7.201097987184e+00  ,-9.476621036033e+00  ,-7.661658639019e+00  ,-9.936646714335e+00  ,-2.275523048849e+00  ,-2.274988075316e+00  
  4.544645372095e+06  ,-7.199621798346e+00  ,-9.476148982197e+00  ,-7.662146358133e+00  ,-9.938142423012e+00  ,-2.276527183851e+00  ,-2.275996064879e+00  
  4.570881896149e+06  ,-7.198145963097e+00  ,-9.475683606619e+00  ,-7.662629857677e+00  ,-9.939640260851e+00  ,-2.277537643522e+00  ,-2.277010403173e+00  
  4.597269885309e+06  ,-7.196671193045e+00  ,-9.475225611169e+00  ,-7.663108747888e+00  ,-9.941139828344e+00  ,-2.278554418124e+00  ,-2.278031080456e+00  
  4.623810213993e+06  ,-7.195198183782e+00  ,-9.474775679378e+00  ,-7.663582646094e+00  ,-9.942640730922e+00  ,-2.279577495595e+00  ,-2.279058084828e+00  
  4.650503761666e+06  ,-7.193727617237e+00  ,-9.474334479417e+00  ,-7.664051177085e+00  ,-9.944142579726e+00  ,-2.280606862180e+00  ,-2.280091402641e+00  
  4.677351412872e+06  ,-7.192260158851e+00  ,-9.473902661233e+00  ,-7.664513972590e+00  ,-9.945644991076e+00  ,-2.281642502382e+00  ,-2.281131018485e+00  
  4.704354057260e+06  ,-7.190796460638e+00  ,-9.473480859043e+00  ,-7.664970672052e+00  ,-9.947147586867e+00  ,-2.282684398405e+00  ,-2.282176914815e+00  
  4.731512589615e+06  ,-7.189337158821e+00  ,-9.473069689658e+00  ,-7.665420922390e+00  ,-9.948649994480e+00  ,-2.283732530837e+00  ,-2.283229072090e+00  
  4.758827909888e+06  ,-7.187882876059e+00  ,-9.472669753962e+00  ,-7.665864377470e+00  ,-9.950151846285e+00  ,-2.284786877903e+00  ,-2.284287468815e+00  
  4.786300923227e+06  ,-7.186434220745e+00  ,-9.472281636742e+00  ,-7.666300699388e+00  ,-9.951652780700e+00  ,-2.285847415997e+00  ,-2.285352081312e+00  
  4.813932540002e+06  ,-7.184991786568e+00  ,-9.471905905734e+00  ,-7.666729557051e+00  ,-9.953152440938e+00  ,-2.286914119166e+00  ,-2.286422883887e+00  
  4.841723675841e+06  ,-7.183556152870e+00  ,-9.471543112088e+00  ,-7.667150627521e+00  ,-9.954650476151e+00  ,-2.287986959219e+00  ,-2.287499848630e+00  
  4.869675251659e+06  ,-7.182127886544e+00  ,-9.471193792497e+00  ,-7.667563595440e+00  ,-9.956146540661e+00  ,-2.289065905954e+00  ,-2.288582945221e+00  
  4.897788193685e+06  ,-7.180707538344e+00  ,-9.470858465090e+00  ,-7.667968152897e+00  ,-9.957640294209e+00  ,-2.290150926745e+00  ,-2.289672141312e+00  
  4.926063433496e+06  ,-7.179295647514e+00  ,-9.470537634025e+00  ,-7.668363999870e+00  ,-9.959131402109e+00  ,-2.291241986511e+00  ,-2.290767402239e+00  
  4.954501908048e+06  ,-7.177892738991e+00  ,-9.470231787070e+00  ,-7.668750843963e+00  ,-9.960619534425e+00  ,-2.292339048079e+00  ,-2.291868690461e+00  
  4.983104559705e+06  ,-7.176499324065e+00  ,-9.469941395619e+00  ,-7.669128400403e+00  ,-9.962104367078e+00  ,-2.293442071554e+00  ,-2.292975966675e+00  
  5.011872336273e+06  ,-7.175115900896e+00  ,-9.469666915637e+00  ,-7.669496392624e+00  ,-9.963585581363e+00  ,-2.294551014741e+00  ,-2.294089188738e+00  
  5.040806191027e+06  ,-7.173742954615e+00  ,-9.469408787398e+00  ,-7.669854551225e+00  ,-9.965062863230e+00  ,-2.295665832784e+00  ,-2.295208312005e+00  
  5.069907082747e+06  ,-7.172380957106e+00  ,-9.469167435303e+00  ,-7.670202615259e+00  ,-9.966535904402e+00  ,-2.296786478197e+00  ,-2.296333289142e+00  
  5.099175975749e+06  ,-7.171030367785e+00  ,-9.468943268848e+00  ,-7.670540330873e+00  ,-9.968004401488e+00  ,-2.297912901062e+00  ,-2.297464070615e+00  
  5.128613839914e+06  ,-7.169691632952e+00  ,-9.468736681278e+00  ,-7.670867452318e+00  ,-9.969468055968e+00  ,-2.299045048326e+00  ,-2.298600603650e+00  
  5.158221650723e+06  ,-7.168365186814e+00  ,-9.468548051490e+00  ,-7.671183742004e+00  ,-9.970926574947e+00  ,-2.300182864676e+00  ,-2.299742832943e+00  
  5.188000389290e+06  ,-7.167051450206e+00  ,-9.468377741935e+00  ,-7.671488969477e+00  ,-9.972379669996e+00  ,-2.301326291730e+00  ,-2.300890700519e+00  
  5.217951042390e+06  ,-7.165750832576e+00  ,-9.468226100749e+00  ,-7.671782912303e+00  ,-9.973827057697e+00  ,-2.302475268174e+00  ,-2.302044145394e+00  
  5.248074602498e+06  ,-7.164463729984e+00  ,-9.468093459916e+00  ,-7.672065356073e+00  ,-9.975268459892e+00  ,-2.303629729932e+00  ,-2.303203103819e+00  
  5.278372067816e+06  ,-7.163190527385e+00  ,-9.467980137228e+00  ,-7.672336093601e+00  ,-9.976703602387e+00  ,-2.304789609843e+00  ,-2.304367508787e+00  
  5.308844442310e+06  ,-7.161931597517e+00  ,-9.467886435227e+00  ,-7.672594926234e+00  ,-9.978132216880e+00  ,-2.305954837710e+00  ,-2.305537290646e+00  
  5.339492735742e+06  ,-7.160687300367e+00  ,-9.467812640591e+00  ,-7.672841661916e+00  ,-9.979554038200e+00  ,-2.307125340224e+00  ,-2.306712376284e+00  
  5.370317963703e+06  ,-7.159457985903e+00  ,-9.467759027078e+00  ,-7.673076117520e+00  ,-9.980968807478e+00  ,-2.308301041175e+00  ,-2.307892689958e+00  
  5.401321147647e+06  ,-7.158243990297e+00  ,-9.467725851059e+00  ,-7.673298116401e+00  ,-9.982376268588e+00  ,-2.309481860762e+00  ,-2.309078152187e+00  
  5.432503314925e+06  ,-7.157045639611e+00  ,-9.467713355592e+00  ,-7.673507490511e+00  ,-9.983776171040e+00  ,-2.310667715982e+00  ,-2.310268680529e+00  
  5.463865498819e+06  ,-7.155863248812e+00  ,-9.467721769686e+00  ,-7.673704078928e+00  ,-9.985168268223e+00  ,-2.311858520875e+00  ,-2.311464189294e+00  
  5.495408738576e+06  ,-7.154697119864e+00  ,-9.467751305509e+00  ,-7.673887728142e+00  ,-9.986552317395e+00  ,-2.313054185645e+00  ,-2.312664589253e+00  
  5.527134079445e+06  ,-7.153547545323e+00  ,-9.467802162632e+00  ,-7.674058292904e+00  ,-9.987928080730e+00  ,-2.314254617309e+00  ,-2.313869787825e+00  
  5.559042572704e+06  ,-7.152414805557e+00  ,-9.467874524721e+00  ,-7.674215634460e+00  ,-9.989295323479e+00  ,-2.315459719164e+00  ,-2.315079689019e+00  
  5.591135275706e+06  ,-7.151299170533e+00  ,-9.467968561831e+00  ,-7.674359622517e+00  ,-9.990653815786e+00  ,-2.316669391299e+00  ,-2.316294193269e+00  
  5.623413251904e+06  ,-7.150200898886e+00  ,-9.468084428745e+00  ,-7.674490133292e+00  ,-9.992003330597e+00  ,-2.317883529859e+00  ,-2.317513197305e+00  
  5.655877570892e+06  ,-7.149120239100e+00  ,-9.468222266525e+00  ,-7.674607051122e+00  ,-9.993343645529e+00  ,-2.319102027425e+00  ,-2.318736594406e+00  
  5.688529308439e+06  ,-7.148057428533e+00  ,-9.468382201444e+00  ,-7.674710267224e+00  ,-9.994674541255e+00  ,-2.320324772911e+00  ,-2.319964274031e+00  
  5.721369546523e+06  ,-7.147012694190e+00  ,-9.468564345335e+00  ,-7.674799680274e+00  ,-9.995995801988e+00  ,-2.321551651145e+00  ,-2.321196121715e+00  
  5.754399373372e+06  ,-7.145986252648e+00  ,-9.468768796058e+00  ,-7.674875196227e+00  ,-9.997307215748e+00  ,-2.322782543410e+00  ,-2.322432019521e+00  
  5.787619883491e+06  ,-7.144978310033e+00  ,-9.468995637023e+00  ,-7.674936727930e+00  ,-9.998608573135e+00  ,-2.324017326990e+00  ,-2.323671845206e+00  
  5.821032177709e+06  ,-7.143989062607e+00  ,-9.469244937744e+00  ,-7.674984195566e+00  ,-9.999899668657e+00  ,-2.325255875137e+00  ,-2.324915473091e+00  
  5.854637363206e+06  ,-7.143018696921e+00  ,-9.469516753963e+00  ,-7.675017526605e+00  ,-1.000118029949e+01  ,-2.326498057042e+00  ,-2.326162772888e+00  
  5.888436553556e+06  ,-7.142067387403e+00  ,-9.469811125107e+00  ,-7.675036655172e+00  ,-1.000245026587e+01  ,-2.327743737704e+00  ,-2.327413610700e+00  
  5.922430868762e+06  ,-7.141135301351e+00  ,-9.470128079604e+00  ,-7.675041522476e+00  ,-1.000370937084e+01  ,-2.328992778252e+00  ,-2.328667848361e+00  
  5.956621435290e+06  ,-7.140222594365e+00  ,-9.470467629619e+00  ,-7.675032076644e+00  ,-1.000495742016e+01  ,-2.330245035254e+00  ,-2.329925343515e+00  
  5.991009386114e+06  ,-7.139329413709e+00  ,-9.470829775090e+00  ,-7.675008272551e+00  ,-1.000619422214e+01  ,-2.331500361381e+00  ,-2.331185949589e+00  
  6.025595860744e+06  ,-7.138455895902e+00  ,-9.471214500510e+00  ,-7.674970072032e+00  ,-1.000741958774e+01  ,-2.332758604608e+00  ,-2.332449515703e+00  
  6.060382005271e+06  ,-7.137602168002e+00  ,-9.471621776691e+00  ,-7.674917443322e+00  ,-1.000863332994e+01  ,-2.334019608688e+00  ,-2.333715886616e+00  
  6.095368972402e+06  ,-7.136768348914e+00  ,-9.472051561807e+00  ,-7.674850361761e+00  ,-1.000983526449e+01  ,-2.335283212893e+00  ,-2.334984902731e+00  
  6.130557921498e+06  ,-7.135954547145e+00  ,-9.472503798991e+00  ,-7.674768808783e+00  ,-1.001102520878e+01  ,-2.336549251847e+00  ,-2.336256399997e+00  
  6.165950018615e+06  ,-7.135160862227e+00  ,-9.472978418177e+00  ,-7.674672772691e+00  ,-1.001220298251e+01  ,-2.337817555950e+00  ,-2.337530209817e+00  
  6.201546436538e+06  ,-7.134387384734e+00  ,-9.473475335332e+00  ,-7.674562248037e+00  ,-1.001336840702e+01  ,-2.339087950598e+00  ,-2.338806158982e+00  
  6.237348354824e+06  ,-7.133634196206e+00  ,-9.473994452996e+00  ,-7.674437235750e+00  ,-1.001452130544e+01  ,-2.340360256790e+00  ,-2.340084069688e+00  
  6.273356959841e+06  ,-7.132901369089e+00  ,-9.474535659699e+00  ,-7.674297743142e+00  ,-1.001566150262e+01  ,-2.341634290610e+00  ,-2.341363759483e+00  
  6.309573444802e+06  ,-7.132188967641e+00  ,-9.475098830994e+00  ,-7.674143783923e+00  ,-1.001678882511e+01  ,-2.342909863352e+00  ,-2.342645041185e+00  
  6.345999009813e+06  ,-7.131497047019e+00  ,-9.475683828754e+00  ,-7.673975377389e+00  ,-1.001790310015e+01  ,-2.344186781736e+00  ,-2.343927722759e+00  
  6.382634861906e+06  ,-7.130825653336e+00  ,-9.476290500577e+00  ,-7.673792549546e+00  ,-1.001900415713e+01  ,-2.345464847241e+00  ,-2.345211607585e+00  
  6.419482215081e+06  ,-7.130174825661e+00  ,-9.476918682068e+00  ,-7.673595331951e+00  ,-1.002009182559e+01  ,-2.346743856407e+00  ,-2.346496493642e+00  
  6.456542290347e+06  ,-7.129544592020e+00  ,-9.477568193313e+00  ,-7.673383762464e+00  ,-1.002116593710e+01  ,-2.348023601293e+00  ,-2.347782174632e+00  
  6.493816315762e+06  ,-7.128934974950e+00  ,-9.478238843102e+00  ,-7.673157884613e+00  ,-1.002222632362e+01  ,-2.349303868152e+00  ,-2.349068439003e+00  
  6.531305526475e+06  ,-7.128345987223e+00  ,-9.478930425942e+00  ,-7.672917747668e+00  ,-1.002327281762e+01  ,-2.350584438719e+00  ,-2.350355069955e+00  
  6.569011164763e+06  ,-7.127777634224e+00  ,-9.479642723688e+00  ,-7.672663406738e+00  ,-1.002430525273e+01  ,-2.351865089464e+00  ,-2.351641845988e+00  
  6.606934480076e+06  ,-7.127229912626e+00  ,-9.480375504150e+00  ,-7.672394922200e+00  ,-1.002532346247e+01  ,-2.353145591524e+00  ,-2.352928540265e+00  
  6.645076729078e+06  ,-7.126702811629e+00  ,-9.481128522561e+00  ,-7.672112360424e+00  ,-1.002632728147e+01  ,-2.354425710931e+00  ,-2.354214921043e+00  
  6.683439175686e+06  ,-7.126196312838e+00  ,-9.481901521233e+00  ,-7.671815793097e+00  ,-1.002731654424e+01  ,-2.355705208395e+00  ,-2.355500751139e+00  
  6.722023091116e+06  ,-7.125710389350e+00  ,-9.482694228763e+00  ,-7.671505296990e+00  ,-1.002829108523e+01  ,-2.356983839413e+00  ,-2.356785788240e+00  
  6.760829753920e+06  ,-7.125245007473e+00  ,-9.483506361662e+00  ,-7.671180954592e+00  ,-1.002925073968e+01  ,-2.358261354189e+00  ,-2.358069785086e+00  
  6.799860450033e+06  ,-7.124800125445e+00  ,-9.484337622648e+00  ,-7.670842853245e+00  ,-1.003019534178e+01  ,-2.359537497203e+00  ,-2.359352488532e+00  
  6.839116472815e+06  ,-7.124375694518e+00  ,-9.485187702475e+00  ,-7.670491085643e+00  ,-1.003112472633e+01  ,-2.360812007957e+00  ,-2.360633640682e+00  
  6.878599123088e+06  ,-7.123971658425e+00  ,-9.486056278829e+00  ,-7.670125749533e+00  ,-1.003203872771e+01  ,-2.362084620404e+00  ,-2.361912978174e+00  
  6.918309709190e+06  ,-7.123587952821e+00  ,-9.486943015687e+00  ,-7.669746947262e+00  ,-1.003293717915e+01  ,-2.363355062866e+00  ,-2.363190231886e+00  
  6.958249547006e+06  ,-7.123224508039e+00  ,-9.487847566135e+00  ,-7.669354786453e+00  ,-1.003381991430e+01  ,-2.364623058096e+00  ,-2.364465127850e+00  
  6.998419960023e+06  ,-7.122881245537e+00  ,-9.488769569234e+00  ,-7.668949379329e+00  ,-1.003468676587e+01  ,-2.365888323697e+00  ,-2.365737386545e+00  
  7.038822279365e+06  ,-7.122558081537e+00  ,-9.489708653029e+00  ,-7.668530842749e+00  ,-1.003553756544e+01  ,-2.367150571492e+00  ,-2.367006722693e+00  
  7.079457843842e+06  ,-7.122254923900e+00  ,-9.490664431730e+00  ,-7.668099298417e+00  ,-1.003637214457e+01  ,-2.368409507830e+00  ,-2.368272846148e+00  
  7.120327999992e+06  ,-7.121971674695e+00  ,-9.491636508117e+00  ,-7.667654872119e+00  ,-1.003719033294e+01  ,-2.369664833422e+00  ,-2.369535460819e+00  
  7.161434102129e+06  ,-7.121708228840e+00  ,-9.492624472283e+00  ,-7.667197694239e+00  ,-1.003799195947e+01  ,-2.370916243443e+00  ,-2.370794265229e+00  
  7.202777512384e+06  ,-7.121464474763e+00  ,-9.493627902127e+00  ,-7.666727900003e+00  ,-1.003877685287e+01  ,-2.372163427364e+00  ,-2.372048952869e+00  
  7.244359600750e+06  ,-7.121240295574e+00  ,-9.494646364906e+00  ,-7.666245627834e+00  ,-1.003954483908e+01  ,-2.373406069332e+00  ,-2.373299211243e+00  
  7.286181745133e+06  ,-7.121035566225e+00  ,-9.495679413862e+00  ,-7.665751021090e+00  ,-1.004029574386e+01  ,-2.374643847637e+00  ,-2.374544722769e+00  
  7.328245331389e+06  ,-7.120850156632e+00  ,-9.496726591744e+00  ,-7.665244227073e+00  ,-1.004102939122e+01  ,-2.375876435112e+00  ,-2.375785164143e+00  
  7.370551753380e+06  ,-7.120683930324e+00  ,-9.497787429283e+00  ,-7.664725396482e+00  ,-1.004174560339e+01  ,-2.377103498959e+00  ,-2.377020206904e+00  
  7.413102413009e+06  ,-7.120536744637e+00  ,-9.498861445549e+00  ,-7.664194684791e+00  ,-1.004244420176e+01  ,-2.378324700912e+00  ,-2.378249516965e+00  
  7.455898720278e+06  ,-7.120408450484e+00  ,-9.499948147347e+00  ,-7.663652250590e+00  ,-1.004312500550e+01  ,-2.379539696863e+00  ,-2.379472754909e+00  
  7.498942093325e+06  ,-7.120298895128e+00  ,-9.501047032633e+00  ,-7.663098256067e+00  ,-1.004378783202e+01  ,-2.380748137506e+00  ,-2.380689575952e+00  
  7.542233958476e+06  ,-7.120207916988e+00  ,-9.502157584922e+00  ,-7.662532867225e+00  ,-1.004443249717e+01  ,-2.381949667934e+00  ,-2.381899629949e+00  
  7.585775750292e+06  ,-7.120135351260e+00  ,-9.503279278882e+00  ,-7.661956253655e+00  ,-1.004505881500e+01  ,-2.383143927621e+00  ,-2.383102561347e+00  
  7.629568911616e+06  ,-7.120081026470e+00  ,-9.504411577133e+00  ,-7.661368587992e+00  ,-1.004566659758e+01  ,-2.384330550664e+00  ,-2.384298009589e+00  
  7.673614893619e+06  ,-7.120044766020e+00  ,-9.505553931903e+00  ,-7.660770046431e+00  ,-1.004625565502e+01  ,-2.385509165883e+00  ,-2.385485608593e+00  
  7.717915155850e+06  ,-7.120026388355e+00  ,-9.506705784860e+00  ,-7.660160808123e+00  ,-1.004682579543e+01  ,-2.386679396505e+00  ,-2.386664987307e+00  
  7.762471166287e+06  ,-7.120025705793e+00  ,-9.507866566468e+00  ,-7.659541055409e+00  ,-1.004737682488e+01  ,-2.387840860675e+00  ,-2.387835769475e+00  
  7.807284401379e+06  ,-7.120042526919e+00  ,-9.509035698035e+00  ,-7.658910973453e+00  ,-1.004790854723e+01  ,-2.388993171116e+00  ,-2.388997573775e+00  
  7.852356346101e+06  ,-7.120076653564e+00  ,-9.510212588937e+00  ,-7.658270750507e+00  ,-1.004842076446e+01  ,-2.390135935373e+00  ,-2.390150013957e+00  
  7.897688493999e+06  ,-7.120127885030e+00  ,-9.511396641175e+00  ,-7.657620577428e+00  ,-1.004891327620e+01  ,-2.391268756145e+00  ,-2.391292698767e+00  
  7.943282347243e+06  ,-7.120196013096e+00  ,-9.512587243816e+00  ,-7.656960648041e+00  ,-1.004938588036e+01  ,-2.392391230720e+00  ,-2.392425232315e+00  
  7.989139416674e+06  ,-7.120280827314e+00  ,-9.513783778866e+00  ,-7.656291158085e+00  ,-1.004983837169e+01  ,-2.393502951552e+00  ,-2.393547213606e+00  
  8.035261221857e+06  ,-7.120382111089e+00  ,-9.514985617416e+00  ,-7.655612306337e+00  ,-1.005027054382e+01  ,-2.394603506327e+00  ,-2.394658237484e+00  
  8.081649291126e+06  ,-7.120499643957e+00  ,-9.516192121938e+00  ,-7.654924293818e+00  ,-1.005068218770e+01  ,-2.395692477981e+00  ,-2.395757893880e+00  
  8.128305161641e+06  ,-7.120633201067e+00  ,-9.517402645668e+00  ,-7.654227324031e+00  ,-1.005107309243e+01  ,-2.396769444602e+00  ,-2.396845768399e+00  
  8.175230379437e+06  ,-7.120782553607e+00  ,-9.518616533484e+00  ,-7.653521601793e+00  ,-1.005144304417e+01  ,-2.397833979876e+00  ,-2.397921442374e+00  
  8.222426499471e+06  ,-7.120947467903e+00  ,-9.519833120795e+00  ,-7.652807334742e+00  ,-1.005179182753e+01  ,-2.398885652893e+00  ,-2.398984492792e+00  
  8.269895085680e+06  ,-7.121127706761e+00  ,-9.521051735559e+00  ,-7.652084732285e+00  ,-1.005211922531e+01  ,-2.399924028798e+00  ,-2.400034493029e+00  
  8.317637711027e+06  ,-7.121323029335e+00  ,-9.522271697498e+00  ,-7.651354005893e+00  ,-1.005242501798e+01  ,-2.400948668163e+00  ,-2.401071012085e+00  
  8.365655957558e+06  ,-7.121533190479e+00  ,-9.523492318177e+00  ,-7.650615367956e+00  ,-1.005270898336e+01  ,-2.401959127698e+00  ,-2.402093615405e+00  
  8.413951416452e+06  ,-7.121757941591e+00  ,-9.524712902051e+00  ,-7.649869033442e+00  ,-1.005297089833e+01  ,-2.402954960459e+00  ,-2.403101864889e+00  
  8.462525688073e+06  ,-7.121997029799e+00  ,-9.525932745303e+00  ,-7.649115218366e+00  ,-1.005321053711e+01  ,-2.403935715504e+00  ,-2.404095318740e+00  
  8.511380382024e+06  ,-7.122250200266e+00  ,-9.527151138844e+00  ,-7.648354140208e+00  ,-1.005342767258e+01  ,-2.404900938578e+00  ,-2.405073532372e+00  
  8.560517117201e+06  ,-7.122517193579e+00  ,-9.528367365498e+00  ,-7.647586017939e+00  ,-1.005362207592e+01  ,-2.405850171918e+00  ,-2.406036057982e+00  
  8.609937521846e+06  ,-7.122797747341e+00  ,-9.529580702106e+00  ,-7.646811071329e+00  ,-1.005379351603e+01  ,-2.406782954764e+00  ,-2.406982444701e+00  
  8.659643233601e+06  ,-7.123091595940e+00  ,-9.530790419418e+00  ,-7.646029521689e+00  ,-1.005394176096e+01  ,-2.407698823477e+00  ,-2.407912239274e+00  
  8.709635899561e+06  ,-7.123398470618e+00  ,-9.531995782163e+00  ,-7.645241591264e+00  ,-1.005406657731e+01  ,-2.408597311545e+00  ,-2.408824986044e+00  
  8.759917176332e+06  ,-7.123718100934e+00  ,-9.533196050974e+00  ,-7.644447502970e+00  ,-1.005416773004e+01  ,-2.409477950040e+00  ,-2.409720227070e+00  
  8.810488730081e+06  ,-7.124050211269e+00  ,-9.534390479122e+00  ,-7.643647480638e+00  ,-1.005424498325e+01  ,-2.410340267852e+00  ,-2.410597502614e+00  
  8.861352236595e+06  ,-7.124394525399e+00  ,-9.535578317177e+00  ,-7.642841748924e+00  ,-1.005429810003e+01  ,-2.411183791779e+00  ,-2.411456351106e+00  
  8.912509381338e+06  ,-7.124750763785e+00  ,-9.536758810735e+00  ,-7.642030532693e+00  ,-1.005432684233e+01  ,-2.412008046950e+00  ,-2.412296309642e+00  
  8.963961859500e+06  ,-7.125118644150e+00  ,-9.537931201248e+00  ,-7.641214057685e+00  ,-1.005433097218e+01  ,-2.412812557099e+00  ,-2.413116914499e+00  
  9.015711376060e+06  ,-7.125497881912e+00  ,-9.539094726519e+00  ,-7.640392549828e+00  ,-1.005431025052e+01  ,-2.413596844607e+00  ,-2.413917700692e+00  
  9.067759645839e+06  ,-7.125888190727e+00  ,-9.540248621839e+00  ,-7.639566235354e+00  ,-1.005426443826e+01  ,-2.414360431111e+00  ,-2.414698202903e+00  
  9.120108393559e+06  ,-7.126289281448e+00  ,-9.541392119245e+00  ,-7.638735340368e+00  ,-1.005419329618e+01  ,-2.415102837797e+00  ,-2.415457955814e+00  
  9.172759353898e+06  ,-7.126700863154e+00  ,-9.542524448737e+00  ,-7.637900091490e+00  ,-1.005409658543e+01  ,-2.415823585582e+00  ,-2.416196493945e+00  
  9.225714271548e+06  ,-7.127122643413e+00  ,-9.543644838825e+00  ,-7.637060715224e+00  ,-1.005397406792e+01  ,-2.416522195412e+00  ,-2.416913352695e+00  
  9.278974901274e+06  ,-7.127554326857e+00  ,-9.544752515583e+00  ,-7.636217437685e+00  ,-1.005382550559e+01  ,-2.417198188725e+00  ,-2.417608067906e+00  
  9.332543007970e+06  ,-7.127995617109e+00  ,-9.545846704989e+00  ,-7.635370484716e+00  ,-1.005365066159e+01  ,-2.417851087880e+00  ,-2.418280176876e+00  
  9.386420366722e+06  ,-7.128446216487e+00  ,-9.546926633070e+00  ,-7.634520082036e+00  ,-1.005344930063e+01  ,-2.418480416583e+00  ,-2.418929218591e+00  
  9.440608762860e+06  ,-7.128905825253e+00  ,-9.547991525142e+00  ,-7.633666454864e+00  ,-1.005322118890e+01  ,-2.419085699889e+00  ,-2.419554734038e+00  
  9.495109992022e+06  ,-7.129374142854e+00  ,-9.549040608080e+00  ,-7.632809827636e+00  ,-1.005296609427e+01  ,-2.419666465226e+00  ,-2.420156266635e+00  
  9.549925860215e+06  ,-7.129850866216e+00  ,-9.550073108535e+00  ,-7.631950424425e+00  ,-1.005268378725e+01  ,-2.420222242319e+00  ,-2.420733362824e+00  
  9.605058183868e+06  ,-7.130335691804e+00  ,-9.551088255639e+00  ,-7.631088468321e+00  ,-1.005237404039e+01  ,-2.420752563835e+00  ,-2.421285572072e+00  
  9.660508789899e+06  ,-7.130828316346e+00  ,-9.552085282439e+00  ,-7.630224181720e+00  ,-1.005203662981e+01  ,-2.421256966092e+00  ,-2.421812448094e+00  
  9.716279515771e+06  ,-7.131328432600e+00  ,-9.553063421580e+00  ,-7.629357785965e+00  ,-1.005167133462e+01  ,-2.421734988980e+00  ,-2.422313548660e+00  
  9.772372209559e+06  ,-7.131835734834e+00  ,-9.554021911760e+00  ,-7.628489501053e+00  ,-1.005127793760e+01  ,-2.422186176926e+00  ,-2.422788436545e+00  
  9.828788730001e+06  ,-7.132349915917e+00  ,-9.554959995166e+00  ,-7.627619546451e+00  ,-1.005085622623e+01  ,-2.422610079249e+00  ,-2.423236679774e+00  
  9.885530946570e+06  ,-7.132870667054e+00  ,-9.555876917854e+00  ,-7.626748139862e+00  ,-1.005040599198e+01  ,-2.423006250800e+00  ,-2.423657852122e+00  
  9.942600739530e+06  ,-7.133397680634e+00  ,-9.556771932965e+00  ,-7.625875497675e+00  ,-1.004992703194e+01  ,-2.423374252331e+00  ,-2.424051534261e+00  
  1.000000000000e+07  ,-7.133930647016e+00  ,-9.557644298321e+00  ,-7.625001835199e+00  ,-1.004941914846e+01  ,-2.423713651305e+00  ,-2.424417313263e+00  
  1.005773063002e+07  ,-7.134469256236e+00  ,-9.558493278037e+00  ,-7.624127365815e+00  ,-1.004888215013e+01  ,-2.424024021801e+00  ,-2.424754784318e+00  
  1.011579454260e+07  ,-7.135013199104e+00  ,-9.559318145543e+00  ,-7.623252300940e+00  ,-1.004831585140e+01  ,-2.424304946439e+00  ,-2.425063550455e+00  
  1.017419366181e+07  ,-7.135562165380e+00  ,-9.560118181152e+00  ,-7.622376851302e+00  ,-1.004772007528e+01  ,-2.424556015772e+00  ,-2.425343223978e+00  
  1.023292992281e+07  ,-7.136115844792e+00  ,-9.560892674131e+00  ,-7.621501224664e+00  ,-1.004709465083e+01  ,-2.424776829339e+00  ,-2.425593426164e+00  
  1.029200527194e+07  ,-7.136673926988e+00  ,-9.561640923504e+00  ,-7.620625627469e+00  ,-1.004643941635e+01  ,-2.424966996515e+00  ,-2.425813788878e+00  
  1.035142166679e+07  ,-7.137236102248e+00  ,-9.562362239425e+00  ,-7.619750264076e+00  ,-1.004575421859e+01  ,-2.425126137177e+00  ,-2.426003954514e+00  
  1.041118107623e+07  ,-7.137802059330e+00  ,-9.563055941215e+00  ,-7.618875336384e+00  ,-1.004503891379e+01  ,-2.425253881884e+00  ,-2.426163577409e+00  
  1.047128548051e+07  ,-7.138371489512e+00  ,-9.563721362917e+00  ,-7.618001044602e+00  ,-1.004429336815e+01  ,-2.425349873405e+00  ,-2.426292323545e+00  
  1.053173687130e+07  ,-7.138944082930e+00  ,-9.564357849531e+00  ,-7.617127586089e+00  ,-1.004351745873e+01  ,-2.425413766601e+00  ,-2.426389872642e+00  
  1.059253725177e+07  ,-7.139519529840e+00  ,-9.564964760034e+00  ,-7.616255156016e+00  ,-1.004271107354e+01  ,-2.425445230194e+00  ,-2.426455917527e+00  
  1.065368863668e+07  ,-7.140097521830e+00  ,-9.565541468073e+00  ,-7.615383947353e+00  ,-1.004187411322e+01  ,-2.425443946243e+00  ,-2.426490165863e+00  
  1.071519305238e+07  ,-7.140677750205e+00  ,-9.566087362509e+00  ,-7.614514150023e+00  ,-1.004100649076e+01  ,-2.425409612304e+00  ,-2.426492340734e+00  
  1.077705253694e+07  ,-7.141259908407e+00  ,-9.566601849887e+00  ,-7.613645951443e+00  ,-1.004010813272e+01  ,-2.425341941480e+00  ,-2.426462181281e+00  
  1.083926914021e+07  ,-7.141843688695e+00  ,-9.567084351643e+00  ,-7.612779536362e+00  ,-1.003917897975e+01  ,-2.425240662948e+00  ,-2.426399443384e+00  
  1.090184492385e+07  ,-7.142428784844e+00  ,-9.567534308728e+00  ,-7.611915086417e+00  ,-1.003821898742e+01  ,-2.425105523884e+00  ,-2.426303901008e+00  
  1.096478196143e+07  ,-7.143014891836e+00  ,-9.567951181097e+00  ,-7.611052780615e+00  ,-1.003722812733e+01  ,-2.424936289261e+00  ,-2.426175346716e+00  
  1.102808233850e+07  ,-7.143601704405e+00  ,-9.568334447697e+00  ,-7.610192794585e+00  ,-1.003620638729e+01  ,-2.424732743292e+00  ,-2.426013592709e+00  
  1.109174815262e+07  ,-7.144188919581e+00  ,-9.568683609774e+00  ,-7.609335301258e+00  ,-1.003515377280e+01  ,-2.424494690193e+00  ,-2.425818471543e+00  
  1.115578151351e+07  ,-7.144776234865e+00  ,-9.568998190227e+00  ,-7.608480470049e+00  ,-1.003407030742e+01  ,-2.424221955361e+00  ,-2.425589837370e+00  
  1.122018454302e+07  ,-7.145363348098e+00  ,-9.569277733841e+00  ,-7.607628467153e+00  ,-1.003295603356e+01  ,-2.423914385743e+00  ,-2.425327566412e+00  
  1.128495937528e+07  ,-7.145949959565e+00  ,-9.569521811006e+00  ,-7.606779455070e+00  ,-1.003181101325e+01  ,-2.423571851441e+00  ,-2.425031558175e+00  
  1.135010815672e+07  ,-7.146535769490e+00  ,-9.569730015913e+00  ,-7.605933593682e+00  ,-1.003063533026e+01  ,-2.423194246423e+00  ,-2.424701736573e+00  
  1.141563304619e+07  ,-7.147120480573e+00  ,-9.569901969603e+00  ,-7.605091038225e+00  ,-1.002942908889e+01  ,-2.422781489030e+00  ,-2.424338050661e+00  
  1.148153621497e+07  ,-7.147703795422e+00  ,-9.570037319544e+00  ,-7.604251941236e+00  ,-1.002819241702e+01  ,-2.422333524122e+00  ,-2.423940475784e+00  
  1.154781984690e+07  ,-7.148285418733e+00  ,-9.570135741517e+00  ,-7.603416450765e+00  ,-1.002692546508e+01  ,-2.421850322784e+00  ,-2.423509014312e+00  
  1.161448613840e+07  ,-7.148865056803e+00  ,-9.570196941268e+00  ,-7.602584711856e+00  ,-1.002562840879e+01  ,-2.421331884465e+00  ,-2.423043696931e+00  
  1.168153729861e+07  ,-7.149442416633e+00  ,-9.570220653837e+00  ,-7.601756864813e+00  ,-1.002430144840e+01  ,-2.420778237205e+00  ,-2.422544583586e+00  
  1.174897554940e+07  ,-7.150017207109e+00  ,-9.570206646375e+00  ,-7.600933046630e+00  ,-1.002294481121e+01  ,-2.420189439266e+00  ,-2.422011764583e+00  
  1.181680312545e+07  ,-7.150589138204e+00  ,-9.570154718164e+00  ,-7.600113389914e+00  ,-1.002155875124e+01  ,-2.419565579960e+00  ,-2.421445361322e+00  
  1.188502227437e+07  ,-7.151157922675e+00  ,-9.570064703295e+00  ,-7.599298023225e+00  ,-1.002014355114e+01  ,-2.418906780620e+00  ,-2.420845527913e+00  
  1.195363525674e+07  ,-7.151723273074e+00  ,-9.569936468929e+00  ,-7.598487070792e+00  ,-1.001869952246e+01  ,-2.418213195855e+00  ,-2.420212451665e+00  
  1.202264434617e+07  ,-7.152284904337e+00  ,-9.569769918976e+00  ,-7.597680652940e+00  ,-1.001722700742e+01  ,-2.417485014639e+00  ,-2.419546354476e+00  
  1.209205182943e+07  ,-7.152842532857e+00  ,-9.569564994350e+00  ,-7.596878885205e+00  ,-1.001572637900e+01  ,-2.416722461493e+00  ,-2.418847493797e+00  
  1.216186000646e+07  ,-7.153395877281e+00  ,-9.569321674222e+00  ,-7.596081878750e+00  ,-1.001419804264e+01  ,-2.415925796941e+00  ,-2.418116163887e+00  
  1.223207119050e+07  ,-7.153944656530e+00  ,-9.569039976287e+00  ,-7.595289740348e+00  ,-1.001264243678e+01  ,-2.415095319757e+00  ,-2.417352696434e+00  
  1.230268770812e+07  ,-7.154488592893e+00  ,-9.568719959843e+00  ,-7.594502572080e+00  ,-1.001106003408e+01  ,-2.414231366950e+00  ,-2.416557461996e+00  
  1.237371189935e+07  ,-7.155027408871e+00  ,-9.568361724501e+00  ,-7.593720471514e+00  ,-1.000945134254e+01  ,-2.413334315630e+00  ,-2.415730871022e+00  
  1.244514611771e+07  ,-7.155560829195e+00  ,-9.567965412890e+00  ,-7.592943530918e+00  ,-1.000781690577e+01  ,-2.412404583695e+00  ,-2.414873374848e+00  
  1.251699273032e+07  ,-7.156088580636e+00  ,-9.567531211599e+00  ,-7.592171838613e+00  ,-1.000615730516e+01  ,-2.411442630963e+00  ,-2.413985466550e+00  
  1.258925411794e+07  ,-7.156610391332e+00  ,-9.567059351582e+00  ,-7.591405477329e+00  ,-1.000447315958e+01  ,-2.410448960250e+00  ,-2.413067682252e+00  
  1.266193267511e+07  ,-7.157125990618e+00  ,-9.566550109559e+00  ,-7.590644524993e+00  ,-1.000276512714e+01  ,-2.409424118941e+00  ,-2.412120602150e+00  
  1.273503081017e+07  ,-7.157635110775e+00  ,-9.566003809789e+00  ,-7.589889054504e+00  ,-1.000103390559e+01  ,-2.408368699015e+00  ,-2.411144851089e+00  
  1.280855094536e+07  ,-7.158137484065e+00  ,-9.565420823029e+00  ,-7.589139134072e+00  ,-9.999280234236e+00  ,-2.407283338963e+00  ,-2.410141100164e+00  
  1.288249551693e+07  ,-7.158632846530e+00  ,-9.564801570895e+00  ,-7.588394825763e+00  ,-9.997504892776e+00  ,-2.406168724365e+00  ,-2.409110067013e+00  
  1.295686697517e+07  ,-7.159120934202e+00  ,-9.564146523204e+00  ,-7.587656187674e+00  ,-9.995708705173e+00  ,-2.405025589002e+00  ,-2.408052517498e+00  
  1.303166778452e+07  ,-7.159601485699e+00  ,-9.563456201724e+00  ,-7.586923271347e+00  ,-9.993892537050e+00  ,-2.403854716024e+00  ,-2.406969265702e+00  
  1.310690042366e+07  ,-7.160074240997e+00  ,-9.562731179374e+00  ,-7.586196123979e+00  ,-9.992057299529e+00  ,-2.402656938377e+00  ,-2.405861175549e+00  
  1.318256738556e+07  ,-7.160538941624e+00  ,-9.561972081741e+00  ,-7.585474786800e+00  ,-9.990203948044e+00  ,-2.401433140116e+00  ,-2.404729161244e+00  
  1.325867117761e+07  ,-7.160995331675e+00  ,-9.561179588480e+00  ,-7.584759295613e+00  ,-9.988333483620e+00  ,-2.400184256806e+00  ,-2.403574188007e+00  
  1.333521432163e+07  ,-7.161443155865e+00  ,-9.560354433114e+00  ,-7.584049680918e+00  ,-9.986446954103e+00  ,-2.398911277249e+00  ,-2.402397273186e+00  
  1.341219935405e+07  ,-7.161882161659e+00  ,-9.559497404545e+00  ,-7.583345967100e+00  ,-9.984545453577e+00  ,-2.397615242886e+00  ,-2.401199486477e+00  
  1.348962882592e+07  ,-7.162312096916e+00  ,-9.558609346790e+00  ,-7.582648173870e+00  ,-9.982630124656e+00  ,-2.396297249874e+00  ,-2.399981950785e+00  
  1.356750530300e+07  ,-7.162732712040e+00  ,-9.557691160759e+00  ,-7.581956314775e+00  ,-9.980702157522e+00  ,-2.394958448719e+00  ,-2.398745842747e+00  
  1.364583136589e+07  ,-7.163143757798e+00  ,-9.556743803021e+00  ,-7.581270397101e+00  ,-9.978762790261e+00  ,-2.393600045223e+00  ,-2.397492393160e+00  
  1.372460961008e+07  ,-7.163544989597e+00  ,-9.555768291189e+00  ,-7.580590423300e+00  ,-9.976813311079e+00  ,-2.392223301592e+00  ,-2.396222887779e+00  
  1.380384264603e+07  ,-7.163936161012e+00  ,-9.554765696444e+00  ,-7.579916389519e+00  ,-9.974855056306e+00  ,-2.390829535432e+00  ,-2.394938666787e+00  
  1.388353309929e+07  ,-7.164317029189e+00  ,-9.553737150674e+00  ,-7.579248286163e+00  ,-9.972889412286e+00  ,-2.389420121485e+00  ,-2.393641126123e+00  
  1.396368361056e+07  ,-7.164687351934e+00  ,-9.552683843516e+00  ,-7.578586097924e+00  ,-9.970917814949e+00  ,-2.387996491582e+00  ,-2.392331717024e+00  
  1.404429683578e+07  ,-7.165046890322e+00  ,-9.551607024708e+00  ,-7.577929803650e+00  ,-9.968941749755e+00  ,-2.386560134386e+00  ,-2.391011946104e+00  
  1.412537544623e+07  ,-7.165395405111e+00  ,-9.550508000856e+00  ,-7.577279376401e+00  ,-9.966962752061e+00  ,-2.385112595746e+00  ,-2.389683375660e+00  
  1.420692212860e+07  ,-7.165732659145e+00  ,-9.549388138136e+00  ,-7.576634782850e+00  ,-9.964982406135e+00  ,-2.383655478990e+00  ,-2.388347623286e+00  
  1.428893958511e+07  ,-7.166058417906e+00  ,-9.548248862176e+00  ,-7.575995984370e+00  ,-9.963002346017e+00  ,-2.382190444270e+00  ,-2.387006361646e+00  
  1.437143053356e+07  ,-7.166372447258e+00  ,-9.547091655943e+00  ,-7.575362936537e+00  ,-9.961024254948e+00  ,-2.380719208685e+00  ,-2.385661318411e+00  
  1.445439770746e+07  ,-7.166674515627e+00  ,-9.545918061625e+00  ,-7.574735588455e+00  ,-9.959049864002e+00  ,-2.379243545998e+00  ,-2.384314275547e+00  
  1.453784385608e+07  ,-7.166964392336e+00  ,-9.544729678018e+00  ,-7.574113883900e+00  ,-9.957080952230e+00  ,-2.377765285682e+00  ,-2.382967068329e+00  
  1.462177174457e+07  ,-7.167241848941e+00  ,-9.543528161840e+00  ,-7.573497760618e+00  ,-9.955119346203e+00  ,-2.376286312898e+00  ,-2.381621585585e+00  
  1.470618415405e+07  ,-7.167506658240e+00  ,-9.542315225510e+00  ,-7.572887150617e+00  ,-9.953166918308e+00  ,-2.374808567271e+00  ,-2.380279767691e+00  
  1.479108388168e+07  ,-7.167758595317e+00  ,-9.541092637523e+00  ,-7.572281980181e+00  ,-9.951225586454e+00  ,-2.373334042206e+00  ,-2.378943606272e+00  
  1.487647374080e+07  ,-7.167997436806e+00  ,-9.539862220414e+00  ,-7.571682169960e+00  ,-9.949297312529e+00  ,-2.371864783608e+00  ,-2.377615142569e+00  
  1.496235656095e+07  ,-7.168222960458e+00  ,-9.538625849462e+00  ,-7.571087634939e+00  ,-9.947384101542e+00  ,-2.370402889004e+00  ,-2.376296466602e+00  
  1.504873518803e+07  ,-7.168434947022e+00  ,-9.537385452697e+00  ,-7.570498284205e+00  ,-9.945487998834e+00  ,-2.368950505675e+00  ,-2.374989714629e+00  
  1.513561248436e+07  ,-7.168633178371e+00  ,-9.536143007756e+00  ,-7.569914021880e+00  ,-9.943611090525e+00  ,-2.367509829384e+00  ,-2.373697068646e+00  
  1.522299132880e+07  ,-7.168817438426e+00  ,-9.534900540887e+00  ,-7.569334746676e+00  ,-9.941755499960e+00  ,-2.366083102461e+00  ,-2.372420753284e+00  
  1.531087461682e+07  ,-7.168987513424e+00  ,-9.533660125288e+00  ,-7.568760351285e+00  ,-9.939923385941e+00  ,-2.364672611865e+00  ,-2.371163034656e+00  
  1.539926526060e+07  ,-7.169143192339e+00  ,-9.532423879064e+00  ,-7.568190724179e+00  ,-9.938116941420e+00  ,-2.363280686726e+00  ,-2.369926217241e+00  
  1.548816618913e+07  ,-7.169284264506e+00  ,-9.531193960959e+00  ,-7.567625748352e+00  ,-9.936338390051e+00  ,-2.361909696453e+00  ,-2.368712641699e+00  
  1.557758034832e+07  ,-7.169410523408e+00  ,-9.529972571390e+00  ,-7.567065301652e+00  ,-9.934589984185e+00  ,-2.360562047982e+00  ,-2.367524682533e+00  
  1.566751070108e+07  ,-7.169521764445e+00  ,-9.528761946833e+00  ,-7.566509257609e+00  ,-9.932874001790e+00  ,-2.359240182388e+00  ,-2.366364744181e+00  
  1.575796022744e+07  ,-7.169617785318e+00  ,-9.527564357709e+00  ,-7.565957484828e+00  ,-9.931192743316e+00  ,-2.357946572390e+00  ,-2.365235258488e+00  
  1.584893192461e+07  ,-7.169698386265e+00  ,-9.526382105411e+00  ,-7.565409847769e+00  ,-9.929548529003e+00  ,-2.356683719146e+00  ,-2.364138681234e+00  
  1.594042880712e+07  ,-7.169763371271e+00  ,-9.525217519308e+00  ,-7.564866206296e+00  ,-9.927943694075e+00  ,-2.355454148037e+00  ,-2.363077487779e+00  
  1.603245390690e+07  ,-7.169812546736e+00  ,-9.524072952184e+00  ,-7.564326416489e+00  ,-9.926380586621e+00  ,-2.354260405448e+00  ,-2.362054170132e+00  
  1.612501027338e+07  ,-7.169845722052e+00  ,-9.522950776610e+00  ,-7.563790330811e+00  ,-9.924861562843e+00  ,-2.353105054558e+00  ,-2.361071232032e+00  
  1.621810097359e+07  ,-7.169862710439e+00  ,-9.521853381348e+00  ,-7.563257798059e+00  ,-9.923388982837e+00  ,-2.351990670909e+00  ,-2.360131184779e+00  
  1.631172909228e+07  ,-7.169863329264e+00  ,-9.520783167078e+00  ,-7.562728663524e+00  ,-9.921965206056e+00  ,-2.350919837814e+00  ,-2.359236542532e+00  
  1.640589773200e+07  ,-7.169847398132e+00  ,-9.519742540005e+00  ,-7.562202769441e+00  ,-9.920592586648e+00  ,-2.349895141873e+00  ,-2.358389817206e+00  
  1.650061001320e+07  ,-7.169814742314e+00  ,-9.518733909719e+00  ,-7.561679956020e+00  ,-9.919273469521e+00  ,-2.348919167404e+00  ,-2.357593513501e+00  
  1.659586907438e+07  ,-7.169765190089e+00  ,-9.517759681150e+00  ,-7.561160060431e+00  ,-9.918010183407e+00  ,-2.347994491061e+00  ,-2.356850122976e+00  
  1.669167807211e+07  ,-7.169698576164e+00  ,-9.516822252978e+00  ,-7.560642917621e+00  ,-9.916805036570e+00  ,-2.347123676815e+00  ,-2.356162118949e+00  
  1.678804018123e+07  ,-7.169614738093e+00  ,-9.515924007251e+00  ,-7.560128361298e+00  ,-9.915660311331e+00  ,-2.346309269158e+00  ,-2.355531950033e+00  
  1.688495859487e+07  ,-7.169513520031e+00  ,-9.515067307509e+00  ,-7.559616223472e+00  ,-9.914578257490e+00  ,-2.345553787478e+00  ,-2.354962034019e+00  
  1.698243652462e+07  ,-7.169394770290e+00  ,-9.514254489584e+00  ,-7.559106335328e+00  ,-9.913561086358e+00  ,-2.344859719294e+00  ,-2.354454751031e+00  
  1.708047720060e+07  ,-7.169258344922e+00  ,-9.513487858981e+00  ,-7.558598527331e+00  ,-9.912610964629e+00  ,-2.344229514059e+00  ,-2.354012437298e+00  
  1.717908387158e+07  ,-7.169104104700e+00  ,-9.512769679953e+00  ,-7.558092629822e+00  ,-9.911730007712e+00  ,-2.343665575254e+00  ,-2.353637377891e+00  
  1.727825980508e+07  ,-7.168931917571e+00  ,-9.512102171328e+00  ,-7.557588473495e+00  ,-9.910920272480e+00  ,-2.343170253757e+00  ,-2.353331798985e+00  
  1.737800828749e+07  ,-7.168741658125e+00  ,-9.511487498392e+00  ,-7.557085889386e+00  ,-9.910183750387e+00  ,-2.342745840267e+00  ,-2.353097861001e+00  
  1.747833262418e+07  ,-7.168533208372e+00  ,-9.510927765946e+00  ,-7.556584710029e+00  ,-9.909522360708e+00  ,-2.342394557574e+00  ,-2.352937650679e+00  
  1.757923613959e+07  ,-7.168306458847e+00  ,-9.510425011146e+00  ,-7.556084769786e+00  ,-9.908937943001e+00  ,-2.342118552299e+00  ,-2.352853173215e+00  
  1.768072217734e+07  ,-7.168061307780e+00  ,-9.509981194897e+00  ,-7.555585904649e+00  ,-9.908432248025e+00  ,-2.341919887117e+00  ,-2.352846343375e+00  
  1.778279410039e+07  ,-7.167797661147e+00  ,-9.509598192976e+00  ,-7.555087953858e+00  ,-9.908006932189e+00  ,-2.341800531829e+00  ,-2.352918978331e+00  
  1.788545529108e+07  ,-7.167515435749e+00  ,-9.509277791074e+00  ,-7.554590759600e+00  ,-9.907663547641e+00  ,-2.341762355325e+00  ,-2.353072788042e+00  
  1.798870915129e+07  ,-7.167214557520e+00  ,-9.509021673837e+00  ,-7.554094168050e+00  ,-9.907403535449e+00  ,-2.341807116317e+00  ,-2.353309367399e+00  
  1.809255910254e+07  ,-7.166894962026e+00  ,-9.508831416771e+00  ,-7.553598029741e+00  ,-9.907228216613e+00  ,-2.341936454745e+00  ,-2.353630186872e+00  
  1.819700858610e+07  ,-7.166556596557e+00  ,-9.508708479116e+00  ,-7.553102199825e+00  ,-9.907138783811e+00  ,-2.342151882559e+00  ,-2.354036583986e+00  
  1.830206106311e+07  ,-7.166199417862e+00  ,-9.508654192193e+00  ,-7.552606539341e+00  ,-9.907136293138e+00  ,-2.342454774331e+00  ,-2.354529753797e+00  
  1.840772001469e+07  ,-7.165823396837e+00  ,-9.508669755358e+00  ,-7.552110915681e+00  ,-9.907221656035e+00  ,-2.342846358521e+00  ,-2.355110740354e+00  
  1.851398894205e+07  ,-7.165428514652e+00  ,-9.508756222277e+00  ,-7.551615202704e+00  ,-9.907395629914e+00  ,-2.343327707625e+00  ,-2.355780427210e+00  
  1.862087136663e+07  ,-7.165014766844e+00  ,-9.508914495604e+00  ,-7.551119281792e+00  ,-9.907658809885e+00  ,-2.343899728760e+00  ,-2.356539528094e+00  
  1.872837083018e+07  ,-7.164582161482e+00  ,-9.509145316109e+00  ,-7.550623042671e+00  ,-9.908011621472e+00  ,-2.344563154628e+00  ,-2.357388578801e+00  
  1.883649089490e+07  ,-7.164130720938e+00  ,-9.509449255142e+00  ,-7.550126383479e+00  ,-9.908454310119e+00  ,-2.345318534204e+00  ,-2.358327926641e+00  
  1.894523514357e+07  ,-7.163660482782e+00  ,-9.509826705491e+00  ,-7.549629212154e+00  ,-9.908986934627e+00  ,-2.346166222709e+00  ,-2.359357722473e+00  
  1.905460717963e+07  ,-7.163171499090e+00  ,-9.510277872479e+00  ,-7.549131446280e+00  ,-9.909609357917e+00  ,-2.347106373389e+00  ,-2.360477911637e+00  
  1.916461062735e+07  ,-7.162663838413e+00  ,-9.510802766006e+00  ,-7.548633014590e+00  ,-9.910321239593e+00  ,-2.348138927592e+00  ,-2.361688225002e+00  
  1.927524913191e+07  ,-7.162137585194e+00  ,-9.511401191744e+00  ,-7.548133857261e+00  ,-9.911122028100e+00  ,-2.349263606550e+00  ,-2.362988170839e+00  
  1.938652635952e+07  ,-7.161592842151e+00  ,-9.512072744490e+00  ,-7.547633926531e+00  ,-9.912010952736e+00  ,-2.350479902339e+00  ,-2.364377026205e+00  
  1.949844599758e+07  ,-7.161029728396e+00  ,-9.512816797666e+00  ,-7.547133187331e+00  ,-9.912987016886e+00  ,-2.351787069270e+00  ,-2.365853829555e+00  
  1.961101175476e+07  ,-7.160448381797e+00  ,-9.513632498157e+00  ,-7.546631618314e+00  ,-9.914048990644e+00  ,-2.353184116360e+00  ,-2.367417372331e+00  
  1.972422736115e+07  ,-7.159848959566e+00  ,-9.514518759006e+00  ,-7.546129211972e+00  ,-9.915195404553e+00  ,-2.354669799439e+00  ,-2.369066192581e+00  
  1.983809656837e+07  ,-7.159231637992e+00  ,-9.515474251575e+00  ,-7.545625976248e+00  ,-9.916424543701e+00  ,-2.356242613584e+00  ,-2.370798567453e+00  
  1.995262314969e+07  ,-7.158596613741e+00  ,-9.516497399821e+00  ,-7.545121934168e+00  ,-9.917734441745e+00  ,-2.357900786080e+00  ,-2.372612507577e+00  
  2.006781090018e+07  ,-7.157944104023e+00  ,-9.517586375197e+00  ,-7.544617125021e+00  ,-9.919122875988e+00  ,-2.359642271174e+00  ,-2.374505750967e+00  
  2.018366363682e+07  ,-7.157274347496e+00  ,-9.518739090673e+00  ,-7.544111605241e+00  ,-9.920587363130e+00  ,-2.361464743177e+00  ,-2.376475757889e+00  
  2.030018519860e+07  ,-7.156587604576e+00  ,-9.519953196483e+00  ,-7.543605447922e+00  ,-9.922125154619e+00  ,-2.363365591907e+00  ,-2.378519706697e+00  
  2.041737944670e+07  ,-7.155884157718e+00  ,-9.521226075899e+00  ,-7.543098745098e+00  ,-9.923733234649e+00  ,-2.365341918182e+00  ,-2.380634489551e+00  
  2.053525026457e+07  ,-7.155164313374e+00  ,-9.522554843466e+00  ,-7.542591607377e+00  ,-9.925408318007e+00  ,-2.367390530093e+00  ,-2.382816710630e+00  
  2.065380155811e+07  ,-7.154428400465e+00  ,-9.523936341095e+00  ,-7.542084163999e+00  ,-9.927146846314e+00  ,-2.369507940630e+00  ,-2.385062682314e+00  
  2.077303725573e+07  ,-7.153676771587e+00  ,-9.525367136538e+00  ,-7.541576564869e+00  ,-9.928944990248e+00  ,-2.371690364951e+00  ,-2.387368425378e+00  
  2.089296130854e+07  ,-7.152909804514e+00  ,-9.526843524640e+00  ,-7.541068979658e+00  ,-9.930798647948e+00  ,-2.373933720126e+00  ,-2.389729668290e+00  
  2.101357769047e+07  ,-7.152127901049e+00  ,-9.528361525812e+00  ,-7.540561599384e+00  ,-9.932703447439e+00  ,-2.376233624763e+00  ,-2.392141848055e+00  
  2.113489039837e+07  ,-7.151331489207e+00  ,-9.529916889393e+00  ,-7.540054636366e+00  ,-9.934654748471e+00  ,-2.378585400186e+00  ,-2.394600112105e+00  
  2.125690345217e+07  ,-7.150521021896e+00  ,-9.531505094489e+00  ,-7.539548324228e+00  ,-9.936647645226e+00  ,-2.380984072594e+00  ,-2.397099320998e+00  
  2.137962089502e+07  ,-7.149696978135e+00  ,-9.533121354610e+00  ,-7.539042919777e+00  ,-9.938676973376e+00  ,-2.383424376475e+00  ,-2.399634053599e+00  
  2.150304679340e+07  ,-7.148859862357e+00  ,-9.534760621824e+00  ,-7.538538701781e+00  ,-9.940737313415e+00  ,-2.385900759467e+00  ,-2.402198611634e+00  
  2.162718523727e+07  ,-7.148010207132e+00  ,-9.536417595254e+00  ,-7.538035972557e+00  ,-9.942822999733e+00  ,-2.388407388123e+00  ,-2.404787027176e+00  
  2.175204034020e+07  ,-7.147148570995e+00  ,-9.538086726206e+00  ,-7.537535057677e+00  ,-9.944928128287e+00  ,-2.390938155211e+00  ,-2.407393070610e+00  
  2.187761623950e+07  ,-7.146275538807e+00  ,-9.539762227846e+00  ,-7.537036305774e+00  ,-9.947046566475e+00  ,-2.393486689039e+00  ,-2.410010260700e+00  
  2.200391709638e+07  ,-7.145391723394e+00  ,-9.541438086551e+00  ,-7.536540090342e+00  ,-9.949171966142e+00  ,-2.396046363158e+00  ,-2.412631875800e+00  
  2.213094709606e+07  ,-7.144497764263e+00  ,-9.543108072728e+00  ,-7.536046808412e+00  ,-9.951297774637e+00  ,-2.398610308466e+00  ,-2.415250966225e+00  
  2.225871044793e+07  ,-7.143594328109e+00  ,-9.544765754906e+00  ,-7.535556881309e+00  ,-9.953417250873e+00  ,-2.401171426796e+00  ,-2.417860369564e+00  
  2.238721138568e+07  ,-7.142682109544e+00  ,-9.546404515733e+00  ,-7.535070754480e+00  ,-9.955523480331e+00  ,-2.403722406189e+00  ,-2.420452725850e+00  
  2.251645416745e+07  ,-7.141761828925e+00  ,-9.548017565908e+00  ,-7.534588898172e+00  ,-9.957609394377e+00  ,-2.406255736984e+00  ,-2.423020496205e+00  
  2.264644307593e+07  ,-7.140834235266e+00  ,-9.549597966349e+00  ,-7.534111806733e+00  ,-9.959667788593e+00  ,-2.408763731082e+00  ,-2.425555981860e+00  
  2.277718241857e+07  ,-7.139900103065e+00  ,-9.551138645298e+00  ,-7.533639998835e+00  ,-9.961691344916e+00  ,-2.411238542233e+00  ,-2.428051346080e+00  
  2.290867652768e+07  ,-7.138960234007e+00  ,-9.552632421342e+00  ,-7.533174017247e+00  ,-9.963672653756e+00  ,-2.413672187335e+00  ,-2.430498636509e+00  
  2.304092976056e+07  ,-7.138015456086e+00  ,-9.554072027338e+00  ,-7.532714428383e+00  ,-9.965604239654e+00  ,-2.416056571252e+00  ,-2.432889811272e+00  
  2.317394649969e+07  ,-7.137066622366e+00  ,-9.555450134837e+00  ,-7.532261822760e+00  ,-9.967478587181e+00  ,-2.418383512472e+00  ,-2.435216764421e+00  
  2.330773115283e+07  ,-7.136114612103e+00  ,-9.556759381658e+00  ,-7.531816813784e+00  ,-9.969288170121e+00  ,-2.420644769554e+00  ,-2.437471356337e+00  
  2.344228815320e+07  ,-7.135160328611e+00  ,-9.557992400595e+00  ,-7.531380037286e+00  ,-9.971025479734e+00  ,-2.422832071984e+00  ,-2.439645442448e+00  
  2.357762195961e+07  ,-7.134204699562e+00  ,-9.559141849618e+00  ,-7.530952151976e+00  ,-9.972683059205e+00  ,-2.424937150056e+00  ,-2.441730907228e+00  
  2.371373705662e+07  ,-7.133248675675e+00  ,-9.560200444390e+00  ,-7.530533837436e+00  ,-9.974253534276e+00  ,-2.426951768715e+00  ,-2.443719696840e+00  
  2.385063795465e+07  ,-7.132293229595e+00  ,-9.561160990835e+00  ,-7.530125794563e+00  ,-9.975729650438e+00  ,-2.428867761241e+00  ,-2.445603855875e+00  
  2.398832919020e+07  ,-7.131339356248e+00  ,-9.562016422759e+00  ,-7.529728743349e+00  ,-9.977104308225e+00  ,-2.430677066511e+00  ,-2.447375564876e+00  
  2.412681532592e+07  ,-7.130388069089e+00  ,-9.562759834601e+00  ,-7.529343423314e+00  ,-9.978370602203e+00  ,-2.432371765513e+00  ,-2.449027178888e+00  
  2.426610095083e+07  ,-7.129440401977e+00  ,-9.563384523414e+00  ,-7.528970591109e+00  ,-9.979521859573e+00  ,-2.433944121437e+00  ,-2.450551268465e+00  
  2.440619068042e+07  ,-7.128497405244e+00  ,-9.563884025536e+00  ,-7.528611020029e+00  ,-9.980551681369e+00  ,-2.435386620292e+00  ,-2.451940661340e+00  
  2.454708915685e+07  ,-7.127560144740e+00  ,-9.564252156435e+00  ,-7.528265498092e+00  ,-9.981453983713e+00  ,-2.436692011695e+00  ,-2.453188485620e+00  
  2.468880104906e+07  ,-7.126629700584e+00  ,-9.564483052707e+00  ,-7.527934826444e+00  ,-9.982223040742e+00  ,-2.437853352123e+00  ,-2.454288214298e+00  
  2.483133105296e+07  ,-7.125707165017e+00  ,-9.564571213120e+00  ,-7.527619817513e+00  ,-9.982853526706e+00  ,-2.438864048103e+00  ,-2.455233709193e+00  
  2.497468389154e+07  ,-7.124793638913e+00  ,-9.564511539183e+00  ,-7.527321293241e+00  ,-9.983340560719e+00  ,-2.439717900270e+00  ,-2.456019267477e+00  
  2.511886431510e+07  ,-7.123890231892e+00  ,-9.564299379155e+00  ,-7.527040082726e+00  ,-9.983679749471e+00  ,-2.440409147263e+00  ,-2.456639666745e+00  
  2.526387710132e+07  ,-7.122998057197e+00  ,-9.563930566664e+00  ,-7.526777019138e+00  ,-9.983867230443e+00  ,-2.440932509467e+00  ,-2.457090211305e+00  
  2.540972705549e+07  ,-7.122118230166e+00  ,-9.563401462886e+00  ,-7.526532937598e+00  ,-9.983899713918e+00  ,-2.441283232719e+00  ,-2.457366776321e+00  
  2.555641901064e+07  ,-7.121251864496e+00  ,-9.562708995152e+00  ,-7.526308672361e+00  ,-9.983774525528e+00  ,-2.441457130657e+00  ,-2.457465853168e+00  
  2.570395782769e+07  ,-7.120400069309e+00  ,-9.561850695208e+00  ,-7.526105052473e+00  ,-9.983489644508e+00  ,-2.441450625898e+00  ,-2.457384592035e+00  
  2.585234839562e+07  ,-7.119563943833e+00  ,-9.560824732576e+00  ,-7.525922899212e+00  ,-9.983043741996e+00  ,-2.441260788744e+00  ,-2.457120842784e+00  
  2.600159563165e+07  ,-7.118744576961e+00  ,-9.559629951335e+00  ,-7.525763021698e+00  ,-9.982436215823e+00  ,-2.440885374374e+00  ,-2.456673194125e+00  
  2.615170448138e+07  ,-7.117943037463e+00  ,-9.558265893007e+00  ,-7.525626212562e+00  ,-9.981667220802e+00  ,-2.440322855543e+00  ,-2.456041008240e+00  
  2.630267991896e+07  ,-7.117160373362e+00  ,-9.556732825626e+00  ,-7.525513243277e+00  ,-9.980737695956e+00  ,-2.439572452264e+00  ,-2.455224452679e+00  
  2.645452694724e+07  ,-7.116397606486e+00  ,-9.555031762557e+00  ,-7.525424859395e+00  ,-9.979649386793e+00  ,-2.438634156071e+00  ,-2.454224527399e+00  
  2.660725059799e+07  ,-7.115655724310e+00  ,-9.553164473842e+00  ,-7.525361774661e+00  ,-9.978404860045e+00  ,-2.437508749532e+00  ,-2.453043085384e+00  
  2.676085593199e+07  ,-7.114935676204e+00  ,-9.551133493952e+00  ,-7.525324666395e+00  ,-9.977007514143e+00  ,-2.436197817748e+00  ,-2.451682847748e+00  
  2.691534803927e+07  ,-7.114238367170e+00  ,-9.548942120496e+00  ,-7.525314167818e+00  ,-9.975461577854e+00  ,-2.434703753325e+00  ,-2.450147410037e+00  
  2.707073203922e+07  ,-7.113564649324e+00  ,-9.546594401845e+00  ,-7.525330861673e+00  ,-9.973772102739e+00  ,-2.433029752521e+00  ,-2.448441241066e+00  
  2.722701308078e+07  ,-7.112915317489e+00  ,-9.544095117884e+00  ,-7.525375275004e+00  ,-9.971944945456e+00  ,-2.431179800395e+00  ,-2.446569670453e+00  
  2.738419634265e+07  ,-7.112291098625e+00  ,-9.541449744811e+00  ,-7.525447869187e+00  ,-9.969986735042e+00  ,-2.429158646186e+00  ,-2.444538865855e+00  
  2.754228703338e+07  ,-7.111692646947e+00  ,-9.538664411175e+00  ,-7.525549034132e+00  ,-9.967904831271e+00  ,-2.426971764228e+00  ,-2.442355797139e+00  
  2.770129039164e+07  ,-7.111120533952e+00  ,-9.535745836743e+00  ,-7.525679079235e+00  ,-9.965707265630e+00  ,-2.424625302791e+00  ,-2.440028186395e+00  
  2.786121168630e+07  ,-7.110575239398e+00  ,-9.532701255721e+00  ,-7.525838225063e+00  ,-9.963402667172e+00  ,-2.422126016323e+00  ,-2.437564442109e+00  
  2.802205621667e+07  ,-7.110057145124e+00  ,-9.529538325311e+00  ,-7.526026595043e+00  ,-9.961000172255e+00  ,-2.419481180188e+00  ,-2.434973577212e+00  
  2.818382931265e+07  ,-7.109566522230e+00  ,-9.526265010690e+00  ,-7.526244205862e+00  ,-9.958509312821e+00  ,-2.416698488459e+00  ,-2.432265106959e+00  
  2.834653633490e+07  ,-7.109103526151e+00  ,-9.522889455945e+00  ,-7.526490959127e+00  ,-9.955939886735e+00  ,-2.413785929795e+00  ,-2.429448927607e+00  
  2.851018267504e+07  ,-7.108668183932e+00  ,-9.519419826812e+00  ,-7.526766630887e+00  ,-9.953301803426e+00  ,-2.410751642880e+00  ,-2.426535172539e+00  
  2.867477375581e+07  ,-7.108260387138e+00  ,-9.515864135957e+00  ,-7.527070864017e+00  ,-9.950604909213e+00  ,-2.407603748818e+00  ,-2.423534045196e+00  
  2.884031503127e+07  ,-7.107879881504e+00  ,-9.512230038767e+00  ,-7.527403158012e+00  ,-9.947858785504e+00  ,-2.404350157264e+00  ,-2.420455627492e+00  
  2.900681198693e+07  ,-7.107526258942e+00  ,-9.508524608376e+00  ,-7.527762860675e+00  ,-9.945072521278e+00  ,-2.400998349434e+00  ,-2.417309660604e+00  
  2.917427014001e+07  ,-7.107198949264e+00  ,-9.504754080848e+00  ,-7.528149159088e+00  ,-9.942254459071e+00  ,-2.397555131584e+00  ,-2.414105299983e+00  
  2.934269503956e+07  ,-7.106897210643e+00  ,-9.500923573188e+00  ,-7.528561072082e+00  ,-9.939411913086e+00  ,-2.394026362545e+00  ,-2.410850841004e+00  
  2.951209226667e+07  ,-7.106620124578e+00  ,-9.497036775844e+00  ,-7.528997442292e+00  ,-9.936550857665e+00  ,-2.390416651267e+00  ,-2.407553415373e+00  
  2.968246743463e+07  ,-7.106366586798e+00  ,-9.493095613307e+00  ,-7.529456930715e+00  ,-9.933675588904e+00  ,-2.386729026509e+00  ,-2.404218658189e+00  
  2.985382618918e+07  ,-7.106135305452e+00  ,-9.489099883034e+00  ,-7.529938009794e+00  ,-9.930788355737e+00  ,-2.382964577582e+00  ,-2.400850345943e+00  
  3.002617420861e+07  ,-7.105924792547e+00  ,-9.485046859570e+00  ,-7.530438960204e+00  ,-9.927888964268e+00  ,-2.379122067022e+00  ,-2.397450004064e+00  
  3.019951720402e+07  ,-7.105733365047e+00  ,-9.480930880867e+00  ,-7.530957866829e+00  ,-9.924974355100e+00  ,-2.375197515821e+00  ,-2.394016488272e+00  
  3.037386091946e+07  ,-7.105559140915e+00  ,-9.476742905797e+00  ,-7.531492619325e+00  ,-9.922038158021e+00  ,-2.371183764881e+00  ,-2.390545538696e+00  
  3.054921113216e+07  ,-7.105400040665e+00  ,-9.472470053311e+00  ,-7.532040909988e+00  ,-9.919070220079e+00  ,-2.367070012645e+00  ,-2.387029310091e+00  
  3.072557365268e+07  ,-7.105253789840e+00  ,-9.468095125672e+00  ,-7.532600238716e+00  ,-9.916056121639e+00  ,-2.362841335833e+00  ,-2.383455882923e+00  
  3.090295432514e+07  ,-7.105117924442e+00  ,-9.463596117769e+00  ,-7.533167915168e+00  ,-9.912976672334e+00  ,-2.358478193326e+00  ,-2.379808757166e+00  
  3.108135902740e+07  ,-7.104989795317e+00  ,-9.458945720805e+00  ,-7.533741067023e+00  ,-9.909807403627e+00  ,-2.353955925488e+00  ,-2.376066336604e+00  
  3.126079367124e+07  ,-7.104866579497e+00  ,-9.454110828817e+00  ,-7.534316648783e+00  ,-9.906518059321e+00  ,-2.349244249320e+00  ,-2.372201410538e+00  
  3.144126420259e+07  ,-7.104745290652e+00  ,-9.449052053519e+00  ,-7.534891453116e+00  ,-9.903072092127e+00  ,-2.344306762867e+00  ,-2.368180639010e+00  
  3.162277660169e+07  ,-7.104622794531e+00  ,-9.443723263000e+00  ,-7.535462125100e+00  ,-9.899426179530e+00  ,-2.339100468468e+00  ,-2.363964054430e+00  
  3.180533688330e+07  ,-7.104495823582e+00  ,-9.438071149617e+00  ,-7.536025179383e+00  ,-9.895529770122e+00  ,-2.333575326035e+00  ,-2.359504590739e+00  
  3.198895109692e+07  ,-7.104360998601e+00  ,-9.432034853321e+00  ,-7.536577019436e+00  ,-9.891324673530e+00  ,-2.327673854720e+00  ,-2.354747654094e+00  
  3.217362532696e+07  ,-7.104214849467e+00  ,-9.425545646560e+00  ,-7.537113958877e+00  ,-9.886744711761e+00  ,-2.321330797092e+00  ,-2.349630752884e+00  
  3.235936569296e+07  ,-7.104053838925e+00  ,-9.418526710397e+00  ,-7.537632247038e+00  ,-9.881715455378e+00  ,-2.314472871472e+00  ,-2.344083208340e+00  
  3.254617834981e+07  ,-7.103874391097e+00  ,-9.410893026250e+00  ,-7.538128095479e+00  ,-9.876154062846e+00  ,-2.307018635153e+00  ,-2.338025967367e+00  
  3.273406948789e+07  ,-7.103672919392e+00  ,-9.402551409692e+00  ,-7.538597706564e+00  ,-9.869969255322e+00  ,-2.298878490300e+00  ,-2.331371548758e+00  
  3.292304533334e+07  ,-7.103445857931e+00  ,-9.393400725995e+00  ,-7.539037306509e+00  ,-9.863061463267e+00  ,-2.289954868064e+00  ,-2.324024156759e+00  
  3.311311214826e+07  ,-7.103189696693e+00  ,-9.383332333220e+00  ,-7.539443177655e+00  ,-9.855323178566e+00  ,-2.280142636527e+00  ,-2.315880000910e+00  
  3.330427623088e+07  ,-7.102901016606e+00  ,-9.372230798088e+00  ,-7.539811695189e+00  ,-9.846639567986e+00  ,-2.269329781482e+00  ,-2.306827872797e+00  
  3.349654391578e+07  ,-7.102576527487e+00  ,-9.359974954421e+00  ,-7.540139365226e+00  ,-9.836889403510e+00  ,-2.257398426933e+00  ,-2.296750038284e+00  
  3.368992157415e+07  ,-7.102213109024e+00  ,-9.346439377553e+00  ,-7.540422863763e+00  ,-9.825946379175e+00  ,-2.244226268529e+00  ,-2.285523515412e+00  
  3.388441561392e+07  ,-7.101807855263e+00  ,-9.331496369931e+00  ,-7.540659081149e+00  ,-9.813680905908e+00  ,-2.229688514669e+00  ,-2.273021824759e+00  
  3.408003248004e+07  ,-7.101358119888e+00  ,-9.315018565811e+00  ,-7.540845166004e+00  ,-9.799962482311e+00  ,-2.213660445923e+00  ,-2.259117316307e+00  
  3.427677865465e+07  ,-7.100861567398e+00  ,-9.296882297648e+00  ,-7.540978574033e+00  ,-9.784662772719e+00  ,-2.196020730249e+00  ,-2.243684198686e+00  
  3.447466065732e+07  ,-7.100316228472e+00  ,-9.276971888126e+00  ,-7.541057122017e+00  ,-9.767659549697e+00  ,-2.176655659654e+00  ,-2.226602427679e+00  
  3.467368504526e+07  ,-7.099720561834e+00  ,-9.255185071225e+00  ,-7.541079044480e+00  ,-9.748841681595e+00  ,-2.155464509391e+00  ,-2.207762637115e+00  
  3.487385841352e+07  ,-7.099073521969e+00  ,-9.231439783481e+00  ,-7.541043058673e+00  ,-9.728115401226e+00  ,-2.132366261513e+00  ,-2.187072342553e+00  
  3.507518739526e+07  ,-7.098374638656e+00  ,-9.205682623588e+00  ,-7.540948437600e+00  ,-9.705412124668e+00  ,-2.107307984932e+00  ,-2.164463687068e+00  
  3.527767866189e+07  ,-7.097624107713e+00  ,-9.177899325492e+00  ,-7.540795092829e+00  ,-9.680698150601e+00  ,-2.080275217780e+00  ,-2.139903057773e+00  
  3.548133892336e+07  ,-7.096822897058e+00  ,-9.148127656245e+00  ,-7.540583669686e+00  ,-9.653986625407e+00  ,-2.051304759187e+00  ,-2.113402955721e+00  
  3.568617492835e+07  ,-7.095972867392e+00  ,-9.116473202873e+00  ,-7.540315657985e+00  ,-9.625352223571e+00  ,-2.020500335482e+00  ,-2.085036565585e+00  
  3.589219346450e+07  ,-7.095076916845e+00  ,-9.083128585031e+00  ,-7.539993520734e+00  ,-9.594949054566e+00  ,-1.988051668185e+00  ,-2.054955533832e+00  
  3.609940135864e+07  ,-7.094139144907e+00  ,-9.048396647724e+00  ,-7.539620839495e+00  ,-9.563032346177e+00  ,-1.954257502817e+00  ,-2.023411506682e+00  
  3.630780547701e+07  ,-7.093165038420e+00  ,-9.012718202178e+00  ,-7.539202481853e+00  ,-9.529984485288e+00  ,-1.919553163759e+00  ,-1.990782003435e+00  
  3.651741272549e+07  ,-7.092161682511e+00  ,-8.976704814041e+00  ,-7.538744785853e+00  ,-9.496345949374e+00  ,-1.884543131529e+00  ,-1.957601163521e+00  
  3.672823004981e+07  ,-7.091137974499e+00  ,-8.941176935071e+00  ,-7.538255754314e+00  ,-9.462851528176e+00  ,-1.850038960573e+00  ,-1.924595773862e+00  
  3.694026443583e+07  ,-7.090104843602e+00  ,-8.907207340259e+00  ,-7.537745248181e+00  ,-9.430471954671e+00  ,-1.817102496657e+00  ,-1.892726706490e+00  
  3.715352290972e+07  ,-7.089075434627e+00  ,-8.876169170578e+00  ,-7.537225155893e+00  ,-9.400460536646e+00  ,-1.787093735952e+00  ,-1.863235380753e+00  
  3.736801253821e+07  ,-7.088065217376e+00  ,-8.849786891284e+00  ,-7.536709498006e+00  ,-9.374403528362e+00  ,-1.761721673908e+00  ,-1.837694030356e+00  
  3.758374042885e+07  ,-7.087091958699e+00  ,-8.830187008757e+00  ,-7.536214416205e+00  ,-9.354271694396e+00  ,-1.743095050058e+00  ,-1.818057278191e+00  
  3.780071373018e+07  ,-7.086175466940e+00  ,-8.819943353720e+00  ,-7.535757968138e+00  ,-9.342468697428e+00  ,-1.733767886781e+00  ,-1.806710729290e+00  
  3.801893963206e+07  ,-7.085337003263e+00  ,-8.822109230426e+00  ,-7.535359630443e+00  ,-9.341869573303e+00  ,-1.736772227163e+00  ,-1.806509942860e+00  
  3.823842536581e+07  ,-7.084598241582e+00  ,-8.840225935168e+00  ,-7.535039407097e+00  ,-9.355839816773e+00  ,-1.755627693587e+00  ,-1.820800409676e+00  
  3.845917820454e+07  ,-7.083979685668e+00  ,-8.878294714128e+00  ,-7.534816445516e+00  ,-9.388222891187e+00  ,-1.794315028460e+00  ,-1.853406445672e+00  
  3.868120546331e+07  ,-7.083498516751e+00  ,-8.940698133776e+00  ,-7.534707116849e+00  ,-9.443282213247e+00  ,-1.857199617025e+00  ,-1.908575096399e+00  
  3.890451449943e+07  ,-7.083165976112e+00  ,-9.032058598707e+00  ,-7.534722630445e+00  ,-9.525584151641e+00  ,-1.948892622595e+00  ,-1.990861521196e+00  
  3.912911271269e+07  ,-7.082984577869e+00  ,-9.157027849309e+00  ,-7.534866407795e+00  ,-9.639812884586e+00  ,-2.074043271440e+00  ,-2.104946476790e+00  
  3.935500754558e+07  ,-7.082945665105e+00  ,-9.320012636298e+00  ,-7.535131652009e+00  ,-9.790517400247e+00  ,-2.237066971192e+00  ,-2.255385748238e+00  
  3.958220648357e+07  ,-7.083027951965e+00  ,-9.524857466639e+00  ,-7.535499711569e+00  ,-9.981805345172e+00  ,-2.441829514674e+00  ,-2.446305633603e+00  
  3.981071705535e+07  ,-7.083197706194e+00  ,-9.774521997123e+00  ,-7.535939865516e+00  ,-1.021701544175e+01  ,-2.691324290929e+00  ,-2.681075576235e+00  
  4.004054683306e+07  ,-7.083410914195e+00  ,-1.007080235992e+01  ,-7.536410971419e+00  ,-1.049841467166e+01  ,-2.987391445720e+00  ,-2.962003700242e+00  
  4.027170343255e+07  ,-7.083617317361e+00  ,-1.041414646081e+01  ,-7.536864985379e+00  ,-1.082697194119e+01  ,-3.330529143447e+00  ,-3.290106955810e+00  
  4.050419451365e+07  ,-7.083765626898e+00  ,-1.080359973297e+01  ,-7.537251831168e+00  ,-1.120225173168e+01  ,-3.719834106076e+00  ,-3.664999900507e+00  
  4.073802778041e+07  ,-7.083808857945e+00  ,-1.123689256386e+01  ,-7.537524655165e+00  ,-1.162244950780e+01  ,-4.153083705913e+00  ,-4.084924852636e+00  
  4.097321098136e+07  ,-7.083708702084e+00  ,-1.171065152535e+01  ,-7.537644379291e+00  ,-1.208456158365e+01  ,-4.626942823263e+00  ,-4.546917204359e+00  
  4.120975190974e+07  ,-7.083438183309e+00  ,-1.222069346075e+01  ,-7.537582709386e+00  ,-1.258465559920e+01  ,-5.137255277441e+00  ,-5.047072889813e+00  
  4.144765840380e+07  ,-7.082982385763e+00  ,-1.276235134106e+01  ,-7.537323247530e+00  ,-1.311819221959e+01  ,-5.679368955299e+00  ,-5.580868972056e+00  
  4.168693834704e+07  ,-7.082337523864e+00  ,-1.333078456251e+01  ,-7.536860872519e+00  ,-1.368034755745e+01  ,-6.248447038644e+00  ,-6.143486684927e+00  
  4.192759966846e+07  ,-7.081508929962e+00  ,-1.392123985892e+01  ,-7.536199901106e+00  ,-1.426629649728e+01  ,-6.839730928960e+00  ,-6.730096596171e+00  
  4.216965034286e+07  ,-7.080508565908e+00  ,-1.452924587458e+01  ,-7.535351653366e+00  ,-1.487143360373e+01  ,-7.448737308674e+00  ,-7.336081950364e+00  
  4.241309839105e+07  ,-7.079352578243e+00  ,-1.515073936260e+01  ,-7.534331964155e+00  ,-1.549152453202e+01  ,-8.071386784355e+00  ,-7.957192567861e+00  
  4.265795188016e+07  ,-7.078059199455e+00  ,-1.578213105412e+01  ,-7.533158997984e+00  ,-1.612279294928e+01  ,-8.704071854670e+00  ,-8.589633951296e+00  
  4.290421892389e+07  ,-7.076647134494e+00  ,-1.642032423094e+01  ,-7.531851542700e+00  ,-1.676195481847e+01  ,-9.343677096449e+00  ,-9.230103275771e+00  
  4.315190768278e+07  ,-7.075134448568e+00  ,-1.706269996128e+01  ,-7.530427808730e+00  ,-1.740621412250e+01  ,-9.987565512711e+00  ,-9.875786313774e+00  
  4.340102636448e+07  ,-7.073537867883e+00  ,-1.770708142076e+01  ,-7.528904675849e+00  ,-1.805323329804e+01  ,-1.063354355288e+01  ,-1.052432862219e+01  
  4.365158322402e+07  ,-7.071872424150e+00  ,-1.835168715394e+01  ,-7.527297294596e+00  ,-1.870108928931e+01  ,-1.127981472979e+01  ,-1.117379199471e+01  
  4.390358656410e+07  ,-7.070151324187e+00  ,-1.899508032778e+01  ,-7.525618938337e+00  ,-1.934822331890e+01  ,-1.192492900359e+01  ,-1.182260438056e+01  
  4.415704473533e+07  ,-7.068385976624e+00  ,-1.963611864365e+01  ,-7.523881025490e+00  ,-1.999338988801e+01  ,-1.256773266703e+01  ,-1.246950886252e+01  
  4.441196613656e+07  ,-7.066586110343e+00  ,-2.027390767201e+01  ,-7.522093238436e+00  ,-2.063560840219e+01  ,-1.320732156167e+01  ,-1.311351516375e+01  
  4.466835921510e+07  ,-7.064759938845e+00  ,-2.090775902130e+01  ,-7.520263695924e+00  ,-2.127411928170e+01  ,-1.384299908246e+01  ,-1.375385558577e+01  
  4.492623246703e+07  ,-7.062914341228e+00  ,-2.153715384395e+01  ,-7.518399142813e+00  ,-2.190834533967e+01  ,-1.447423950272e+01  ,-1.438994619686e+01  
  4.518559443749e+07  ,-7.061055040626e+00  ,-2.216171162569e+01  ,-7.516505139434e+00  ,-2.253785854245e+01  ,-1.510065658506e+01  ,-1.502135340302e+01  
  4.544645372095e+07  ,-7.059186773672e+00  ,-2.278116388980e+01  ,-7.514586238110e+00  ,-2.316235186681e+01  ,-1.572197711613e+01  ,-1.564776562870e+01  
  4.570881896149e+07  ,-7.057313441081e+00  ,-2.339533228779e+01  ,-7.512646142181e+00  ,-2.378161576805e+01  ,-1.633801884670e+01  ,-1.626896962587e+01  
  4.597269885309e+07  ,-7.055438240009e+00  ,-2.400411050716e+01  ,-7.510687843816e+00  ,-2.439551868837e+01  ,-1.694867226715e+01  ,-1.688483084455e+01  
  4.623810213993e+07  ,-7.053563776235e+00  ,-2.460744943153e+01  ,-7.508713743441e+00  ,-2.500399103251e+01  ,-1.755388565529e+01  ,-1.749527728907e+01  
  4.650503761666e+07  ,-7.051692163180e+00  ,-2.520534504025e+01  ,-7.506725750059e+00  ,-2.560701207166e+01  ,-1.815365287707e+01  ,-1.810028632160e+01  
  4.677351412872e+07  ,-7.049825102183e+00  ,-2.579782858331e+01  ,-7.504725365941e+00  ,-2.620459928972e+01  ,-1.874800348113e+01  ,-1.869987392378e+01  
  4.704354057260e+07  ,-7.047963949869e+00  ,-2.638495863680e+01  ,-7.502713756108e+00  ,-2.679679975228e+01  ,-1.933699468693e+01  ,-1.929408599617e+01  
  4.731512589615e+07  ,-7.046109775604e+00  ,-2.696681470269e+01  ,-7.500691806844e+00  ,-2.738368313846e+01  ,-1.992070492708e+01  ,-1.988299133162e+01  
  4.758827909888e+07  ,-7.044263408190e+00  ,-2.754349207007e+01  ,-7.498660174366e+00  ,-2.796533613357e+01  ,-2.049922866188e+01  ,-2.046667595920e+01  
  4.786300923227e+07  ,-7.042425474882e+00  ,-2.811509770205e+01  ,-7.496619323771e+00  ,-2.854185792822e+01  ,-2.107267222717e+01  ,-2.104523860445e+01  
  4.813932540002e+07  ,-7.040596433160e+00  ,-2.868174695620e+01  ,-7.494569561378e+00  ,-2.911335662003e+01  ,-2.164115052304e+01  ,-2.161878705865e+01  
  4.841723675841e+07  ,-7.038776597876e+00  ,-2.924356097961e+01  ,-7.492511062822e+00  ,-2.967994634505e+01  ,-2.220478438173e+01  ,-2.218743528222e+01  
  4.869675251659e+07  ,-7.036966163309e+00  ,-2.980066464925e+01  ,-7.490443894429e+00  ,-3.024174499986e+01  ,-2.276369848595e+01  ,-2.275130110543e+01  
  4.897788193685e+07  ,-7.035165221991e+00  ,-3.035318494870e+01  ,-7.488368030874e+00  ,-3.079887244004e+01  ,-2.331801972671e+01  ,-2.331050440916e+01  
  4.926063433496e+07  ,-7.033373779879e+00  ,-3.090124969775e+01  ,-7.486283371845e+00  ,-3.135144906590e+01  ,-2.386787591787e+01  ,-2.386516569405e+01  
  4.954501908048e+07  ,-7.031591768619e+00  ,-3.144498656143e+01  ,-7.484189753143e+00  ,-3.189959471544e+01  ,-2.441339479281e+01  ,-2.441540496229e+01  
  4.983104559706e+07  ,-7.029819057988e+00  ,-3.198452228309e+01  ,-7.482086958401e+00  ,-3.244342780827e+01  ,-2.495470322510e+01  ,-2.496134084987e+01  
  5.011872336273e+07  ,-7.028055465028e+00  ,-3.251998209300e+01  ,-7.479974726204e+00  ,-3.298306468734e+01  ,-2.549192662797e+01  ,-2.550308996113e+01  
  5.040806191027e+07  ,-7.026300760834e+00  ,-3.305148925075e+01  ,-7.477852758801e+00  ,-3.351861912194e+01  ,-2.602518848992e+01  ,-2.604076636314e+01  
  5.069907082747e+07  ,-7.024554679826e+00  ,-3.357916469854e+01  ,-7.475720727566e+00  ,-3.405020193604e+01  ,-2.655461001871e+01  ,-2.657448120848e+01  
  5.099175975749e+07  ,-7.022816923817e+00  ,-3.410312679034e+01  ,-7.473578277695e+00  ,-3.457792073744e+01  ,-2.708030986653e+01  ,-2.710434245975e+01  
  5.128613839914e+07  ,-7.021087169575e+00  ,-3.462349108558e+01  ,-7.471425033570e+00  ,-3.510187972551e+01  ,-2.760240391601e+01  ,-2.763045469194e+01  
  5.158221650723e+07  ,-7.019365072058e+00  ,-3.514037018479e+01  ,-7.469260601468e+00  ,-3.562217955970e+01  ,-2.812100511273e+01  ,-2.815291895823e+01  
  5.188000389290e+07  ,-7.017650270015e+00  ,-3.565387360353e+01  ,-7.467084573264e+00  ,-3.613891727371e+01  ,-2.863622333351e+01  ,-2.867183270045e+01  
  5.217951042390e+07  ,-7.015942390045e+00  ,-3.616410767198e+01  ,-7.464896529416e+00  ,-3.665218622477e+01  ,-2.914816528193e+01  ,-2.918728969535e+01  
  5.248074602498e+07  ,-7.014241048524e+00  ,-3.667117545729e+01  ,-7.462696040685e+00  ,-3.716207606588e+01  ,-2.965693440877e+01  ,-2.969938002519e+01  
  5.278372067816e+07  ,-7.012545856566e+00  ,-3.717517671089e+01  ,-7.460482670106e+00  ,-3.766867273333e+01  ,-3.016263085432e+01  ,-3.020819006322e+01  
  5.308844442310e+07  ,-7.010856420257e+00  ,-3.767620783751e+01  ,-7.458255975574e+00  ,-3.817205844457e+01  ,-3.066535141726e+01  ,-3.071380246900e+01  
  5.339492735742e+07  ,-7.009172344003e+00  ,-3.817436189237e+01  ,-7.456015510621e+00  ,-3.867231169712e+01  ,-3.116518954837e+01  ,-3.121629618650e+01  
  5.370317963703e+07  ,-7.007493230629e+00  ,-3.866972860977e+01  ,-7.453760825947e+00  ,-3.916950726732e+01  ,-3.166223537914e+01  ,-3.171574644137e+01  
  5.401321147647e+07  ,-7.005818682013e+00  ,-3.916239446339e+01  ,-7.451491470238e+00  ,-3.966371620352e+01  ,-3.215657578138e+01  ,-3.221222473328e+01  
  5.432503314925e+07  ,-7.004148298694e+00  ,-3.965244276646e+01  ,-7.449206990541e+00  ,-4.015500581161e+01  ,-3.264829446777e+01  ,-3.270579882107e+01  
  5.463865498819e+07  ,-7.002481679782e+00  ,-4.013995380933e+01  ,-7.446906934711e+00  ,-4.064343963712e+01  ,-3.313747212955e+01  ,-3.319653270241e+01  
  5.495408738577e+07  ,-7.000818421132e+00  ,-4.062500503152e+01  ,-7.444590848895e+00  ,-4.112907743475e+01  ,-3.362418661038e+01  ,-3.368448658585e+01  
  5.527134079445e+07  ,-6.999158113108e+00  ,-4.110767122869e+01  ,-7.442258279791e+00  ,-4.161197514100e+01  ,-3.410851311558e+01  ,-3.416971686121e+01  
  5.559042572704e+07  ,-6.997500338793e+00  ,-4.158802478311e+01  ,-7.439908773161e+00  ,-4.209218484390e+01  ,-3.459052444432e+01  ,-3.465227607073e+01  
  5.591135275706e+07  ,-6.995844673597e+00  ,-4.206613591686e+01  ,-7.437541873542e+00  ,-4.256975476412e+01  ,-3.507029124326e+01  ,-3.513221289058e+01  
  5.623413251904e+07  ,-6.994190680738e+00  ,-4.254207294552e+01  ,-7.435157123650e+00  ,-4.304472925077e+01  ,-3.554788226479e+01  ,-3.560957212712e+01  
  5.655877570892e+07  ,-6.992537910139e+00  ,-4.301590253542e+01  ,-7.432754063536e+00  ,-4.351714880543e+01  ,-3.602336462528e+01  ,-3.608439474189e+01  
  5.688529308439e+07  ,-6.990885898331e+00  ,-4.348768994789e+01  ,-7.430332228411e+00  ,-4.398705013800e+01  ,-3.649680404956e+01  ,-3.655671790959e+01  
  5.721369546524e+07  ,-6.989234164535e+00  ,-4.395749925961e+01  ,-7.427891148403e+00  ,-4.445446626909e+01  ,-3.696826509507e+01  ,-3.702657512069e+01  
  5.754399373372e+07  ,-6.987582212016e+00  ,-4.442539355804e+01  ,-7.425430346721e+00  ,-4.491942667695e+01  ,-3.743781134602e+01  ,-3.749399633023e+01  
  5.787619883492e+07  ,-6.985929526151e+00  ,-4.489143510355e+01  ,-7.422949338749e+00  ,-4.538195749454e+01  ,-3.790550557740e+01  ,-3.795900815579e+01  
  5.821032177709e+07  ,-6.984275573464e+00  ,-4.535568545234e+01  ,-7.420447631206e+00  ,-4.584208174889e+01  ,-3.837140987887e+01  ,-3.842163411769e+01  
  5.854637363206e+07  ,-6.982619804058e+00  ,-4.581820554823e+01  ,-7.417924721838e+00  ,-4.629981963257e+01  ,-3.883558574417e+01  ,-3.888189491074e+01  
  5.888436553556e+07  ,-6.980961649795e+00  ,-4.627905577132e+01  ,-7.415380099701e+00  ,-4.675518879176e+01  ,-3.929809412153e+01  ,-3.933980869206e+01  
  5.922430868762e+07  ,-6.979300524785e+00  ,-4.673829595349e+01  ,-7.412813245756e+00  ,-4.720820460892e+01  ,-3.975899542871e+01  ,-3.979539136316e+01  
  5.956621435290e+07  ,-6.977635827637e+00  ,-4.719598536116e+01  ,-7.410223634335e+00  ,-4.765888046101e+01  ,-4.021834953352e+01  ,-4.024865682667e+01  
  5.991009386114e+07  ,-6.975966940252e+00  ,-4.765218264331e+01  ,-7.407610734071e+00  ,-4.810722792857e+01  ,-4.067621570306e+01  ,-4.069961719450e+01  
  6.025595860744e+07  ,-6.974293228795e+00  ,-4.810694574853e+01  ,-7.404974010777e+00  ,-4.855325694603e+01  ,-4.113265251973e+01  ,-4.114828293525e+01  
  6.060382005271e+07  ,-6.972614045623e+00  ,-4.856033181701e+01  ,-7.402312929094e+00  ,-4.899697587727e+01  ,-4.158771777139e+01  ,-4.159466294818e+01  
  6.095368972402e+07  ,-6.970928727538e+00  ,-4.901239703642e+01  ,-7.399626954999e+00  ,-4.943839151619e+01  ,-4.204146830888e+01  ,-4.203876456119e+01  
  6.130557921499e+07  ,-6.969236597361e+00  ,-4.946319647280e+01  ,-7.396915557276e+00  ,-4.987750901827e+01  ,-4.249395987544e+01  ,-4.248059346099e+01  
  6.165950018615e+07  ,-6.967536964985e+00  ,-4.991278386805e+01  ,-7.394178209662e+00  ,-5.031433177019e+01  ,-4.294524690307e+01  ,-4.292015356053e+01  
  6.201546436538e+07  ,-6.965829125955e+00  ,-5.036121140151e+01  ,-7.391414392042e+00  ,-5.074886121612e+01  ,-4.339538227556e+01  ,-4.335744682408e+01  
  6.237348354825e+07  ,-6.964112362571e+00  ,-5.080852941510e+01  ,-7.388623591371e+00  ,-5.118109665177e+01  ,-4.384441705253e+01  ,-4.379247306040e+01  
  6.273356959841e+07  ,-6.962385942785e+00  ,-5.125478609267e+01  ,-7.385805301763e+00  ,-5.161103500639e+01  ,-4.429240014989e+01  ,-4.422522970463e+01  
  6.309573444802e+07  ,-6.960649120928e+00  ,-5.170002709430e+01  ,-7.382959025667e+00  ,-5.203867062380e+01  ,-4.473937797337e+01  ,-4.465571159813e+01  
  6.345999009813e+07  ,-6.958901136513e+00  ,-5.214429512698e+01  ,-7.380084272240e+00  ,-5.246399505332e+01  ,-4.518539399047e+01  ,-4.508391078108e+01  
  6.382634861906e+07  ,-6.957141215895e+00  ,-5.258762946248e+01  ,-7.377180558954e+00  ,-5.288699685990e+01  ,-4.563048824659e+01  ,-4.550981630095e+01  
  6.419482215081e+07  ,-6.955368567971e+00  ,-5.303006536649e+01  ,-7.374247408691e+00  ,-5.330766145296e+01  ,-4.607469679852e+01  ,-4.593341404427e+01  
  6.456542290347e+07  ,-6.953582387494e+00  ,-5.347163345611e+01  ,-7.371284350629e+00  ,-5.372597094331e+01  ,-4.651805106862e+01  ,-4.635468659268e+01  
  6.493816315763e+07  ,-6.951781851108e+00  ,-5.391235895283e+01  ,-7.368290919469e+00  ,-5.414190401962e+01  ,-4.696057710172e+01  ,-4.677361310015e+01  
  6.531305526475e+07  ,-6.949966119551e+00  ,-5.435226083358e+01  ,-7.365266653954e+00  ,-5.455543584689e+01  ,-4.740229471403e+01  ,-4.719016919293e+01  
  6.569011164763e+07  ,-6.948134334347e+00  ,-5.479135084875e+01  ,-7.362211096577e+00  ,-5.496653798356e+01  ,-4.784321651440e+01  ,-4.760432688698e+01  
  6.606934480076e+07  ,-6.946285618834e+00  ,-5.522963240709e+01  ,-7.359123793302e+00  ,-5.537517831405e+01  ,-4.828334678825e+01  ,-4.801605452075e+01  
  6.645076729078e+07  ,-6.944419075542e+00  ,-5.566709930282e+01  ,-7.356004292498e+00  ,-5.578132099485e+01  ,-4.872268022727e+01  ,-4.842531670235e+01  
  6.683439175687e+07  ,-6.942533785870e+00  ,-5.610373425886e+01  ,-7.352852144736e+00  ,-5.618492640818e+01  ,-4.916120047299e+01  ,-4.883207426345e+01  
  6.722023091116e+07  ,-6.940628811378e+00  ,-5.653950728728e+01  ,-7.349666902378e+00  ,-5.658595112896e+01  ,-4.959887847590e+01  ,-4.923628422658e+01  
  6.760829753920e+07  ,-6.938703187776e+00  ,-5.697437381509e+01  ,-7.346448118483e+00  ,-5.698434789097e+01  ,-5.003567062732e+01  ,-4.963789977249e+01  
  6.799860450034e+07  ,-6.936755928023e+00  ,-5.740827258492e+01  ,-7.343195348153e+00  ,-5.738006556788e+01  ,-5.047151665690e+01  ,-5.003687021972e+01  
  6.839116472815e+07  ,-6.934786020418e+00  ,-5.784112328626e+01  ,-7.339908146517e+00  ,-5.777304915125e+01  ,-5.090633726584e+01  ,-5.043314100473e+01  
  6.878599123089e+07  ,-6.932792425266e+00  ,-5.827282390676e+01  ,-7.336586069719e+00  ,-5.816323974035e+01  ,-5.134003148149e+01  ,-5.082665367063e+01  
  6.918309709190e+07  ,-6.930774076934e+00  ,-5.870324778349e+01  ,-7.333228674198e+00  ,-5.855057453282e+01  ,-5.177247370656e+01  ,-5.121734585862e+01  
  6.958249547006e+07  ,-6.928729879729e+00  ,-5.913224033467e+01  ,-7.329835516640e+00  ,-5.893498682423e+01  ,-5.220351045494e+01  ,-5.160515130759e+01  
  6.998419960023e+07  ,-6.926658708736e+00  ,-5.955961547128e+01  ,-7.326406154352e+00  ,-5.931640601593e+01  ,-5.263295676254e+01  ,-5.198999986158e+01  
  7.038822279365e+07  ,-6.924559407141e+00  ,-5.998515168683e+01  ,-7.322940143935e+00  ,-5.969475762598e+01  ,-5.306059227969e+01  ,-5.237181748204e+01  
  7.079457843842e+07  ,-6.922430785960e+00  ,-6.040858782601e+01  ,-7.319437043328e+00  ,-6.006996331757e+01  ,-5.348615704005e+01  ,-5.275052627425e+01  
  7.120327999992e+07  ,-6.920271622388e+00  ,-6.082961859352e+01  ,-7.315896409461e+00  ,-6.044194093157e+01  ,-5.390934697113e+01  ,-5.312604452211e+01  
  7.161434102129e+07  ,-6.918080658562e+00  ,-6.124788982520e+01  ,-7.312317799740e+00  ,-6.081060453606e+01  ,-5.432980916664e+01  ,-5.349828673632e+01  
  7.202777512384e+07  ,-6.915856600698e+00  ,-6.166299363264e+01  ,-7.308700771657e+00  ,-6.117586448742e+01  ,-5.474713703194e+01  ,-5.386716371576e+01  
  7.244359600750e+07  ,-6.913598116914e+00  ,-6.207446353570e+01  ,-7.305044882076e+00  ,-6.153762750885e+01  ,-5.516086541879e+01  ,-5.423258262678e+01  
  7.286181745133e+07  ,-6.911303836990e+00  ,-6.248176975175e+01  ,-7.301349688447e+00  ,-6.189579678646e+01  ,-5.557046591476e+01  ,-5.459444709801e+01  
  7.328245331390e+07  ,-6.908972351499e+00  ,-6.288431487710e+01  ,-7.297614747517e+00  ,-6.225027208202e+01  ,-5.597534252561e+01  ,-5.495265733450e+01  
  7.370551753380e+07  ,-6.906602209937e+00  ,-6.328143024334e+01  ,-7.293839616374e+00  ,-6.260094987270e+01  ,-5.637482803340e+01  ,-5.530711025632e+01  
  7.413102413010e+07  ,-6.904191919246e+00  ,-6.367237329927e+01  ,-7.290023851822e+00  ,-6.294772350212e+01  ,-5.676818138002e+01  ,-5.565769965030e+01  
  7.455898720278e+07  ,-6.901739945649e+00  ,-6.405632645758e+01  ,-7.286167010335e+00  ,-6.329048336829e+01  ,-5.715458651193e+01  ,-5.600431635796e+01  
  7.498942093325e+07  ,-6.899244710749e+00  ,-6.443239786407e+01  ,-7.282268648099e+00  ,-6.362911712452e+01  ,-5.753315315332e+01  ,-5.634684847642e+01  
  7.542233958476e+07  ,-6.896704592267e+00  ,-6.479962463354e+01  ,-7.278328321276e+00  ,-6.396350991650e+01  ,-5.790292004127e+01  ,-5.668518159523e+01  
  7.585775750292e+07  ,-6.894117924994e+00  ,-6.515697909542e+01  ,-7.274345585824e+00  ,-6.429354463952e+01  ,-5.826286117042e+01  ,-5.701919905370e+01  
  7.629568911616e+07  ,-6.891482998832e+00  ,-6.550337854068e+01  ,-7.270319997334e+00  ,-6.461910222641e+01  ,-5.861189554185e+01  ,-5.734878222907e+01  
  7.673614893619e+07  ,-6.888798059452e+00  ,-6.583769889002e+01  ,-7.266251111000e+00  ,-6.494006196376e+01  ,-5.894890083057e+01  ,-5.767381085276e+01  
  7.717915155851e+07  ,-6.886061308611e+00  ,-6.615879257594e+01  ,-7.262138481351e+00  ,-6.525630183610e+01  ,-5.927273126733e+01  ,-5.799416335475e+01  
  7.762471166287e+07  ,-6.883270906310e+00  ,-6.646551057155e+01  ,-7.257981663265e+00  ,-6.556769890202e+01  ,-5.958223966524e+01  ,-5.830971723876e+01  
  7.807284401380e+07  ,-6.880424970407e+00  ,-6.675672832728e+01  ,-7.253780210794e+00  ,-6.587412968874e+01  ,-5.987630335688e+01  ,-5.862034947794e+01  
  7.852356346101e+07  ,-6.877521578823e+00  ,-6.703137483593e+01  ,-7.249533677698e+00  ,-6.617547063011e+01  ,-6.015385325710e+01  ,-5.892593695241e+01  
  7.897688493999e+07  ,-6.874558772007e+00  ,-6.728846375024e+01  ,-7.245241616609e+00  ,-6.647159850806e+01  ,-6.041390497823e+01  ,-5.922635689145e+01  
  7.943282347243e+07  ,-6.871534555248e+00  ,-6.752712498105e+01  ,-7.240903580325e+00  ,-6.676239094212e+01  ,-6.065559042580e+01  ,-5.952148736179e+01  
  7.989139416675e+07  ,-6.868446903465e+00  ,-6.774663498646e+01  ,-7.236519121037e+00  ,-6.704772688478e+01  ,-6.087818808300e+01  ,-5.981120776374e+01  
  8.035261221857e+07  ,-6.865293763841e+00  ,-6.794644370889e+01  ,-7.232087790009e+00  ,-6.732748713537e+01  ,-6.108114994505e+01  ,-6.009539934536e+01  
  8.081649291126e+07  ,-6.862073061381e+00  ,-6.812619624336e+01  ,-7.227609138344e+00  ,-6.760155488438e+01  ,-6.126412318198e+01  ,-6.037394574603e+01  
  8.128305161642e+07  ,-6.858782706442e+00  ,-6.828574754727e+01  ,-7.223082715466e+00  ,-6.786981625171e+01  ,-6.142696484083e+01  ,-6.064673353625e+01  
  8.175230379437e+07  ,-6.855420599206e+00  ,-6.842516895360e+01  ,-7.218508071357e+00  ,-6.813216084573e+01  ,-6.156974835440e+01  ,-6.091365277437e+01  
  8.222426499471e+07  ,-6.851984640390e+00  ,-6.854474604385e+01  ,-7.213884754062e+00  ,-6.838848232260e+01  ,-6.169276140346e+01  ,-6.117459756854e+01  
  8.269895085680e+07  ,-6.848472737793e+00  ,-6.864496792736e+01  ,-7.209212311766e+00  ,-6.863867893994e+01  ,-6.179649518957e+01  ,-6.142946662817e+01  
  8.317637711027e+07  ,-6.844882819962e+00  ,-6.872650893890e+01  ,-7.204490290841e+00  ,-6.888265411885e+01  ,-6.188162611894e+01  ,-6.167816382801e+01  
  8.365655957559e+07  ,-6.841212846338e+00  ,-6.879020410577e+01  ,-7.199718237971e+00  ,-6.912031697082e+01  ,-6.194899125943e+01  ,-6.192059873285e+01  
  8.413951416452e+07  ,-6.837460820228e+00  ,-6.883702033128e+01  ,-7.194895697204e+00  ,-6.935158283001e+01  ,-6.199955951106e+01  ,-6.215668713280e+01  
  8.462525688073e+07  ,-6.833624805578e+00  ,-6.886802518396e+01  ,-7.190022213236e+00  ,-6.957637375237e+01  ,-6.203440037839e+01  ,-6.238635153913e+01  
  8.511380382024e+07  ,-6.829702942780e+00  ,-6.888435535150e+01  ,-7.185097328590e+00  ,-6.979461899062e+01  ,-6.205465240871e+01  ,-6.260952166203e+01  
  8.560517117202e+07  ,-6.825693464922e+00  ,-6.888718635818e+01  ,-7.180120585256e+00  ,-7.000625543011e+01  ,-6.206149289326e+01  ,-6.282613484485e+01  
  8.609937521847e+07  ,-6.821594721304e+00  ,-6.887770494978e+01  ,-7.175091523918e+00  ,-7.021122799603e+01  ,-6.205611022847e+01  ,-6.303613647212e+01  
  8.659643233601e+07  ,-6.817405195471e+00  ,-6.885708501956e+01  ,-7.170009683659e+00  ,-7.040949000944e+01  ,-6.203967982409e+01  ,-6.323948032578e+01  
  8.709635899561e+07  ,-6.813123529618e+00  ,-6.882646762878e+01  ,-7.164874602631e+00  ,-7.060100350317e+01  ,-6.201334409916e+01  ,-6.343612890054e+01  
  8.759917176332e+07  ,-6.808748548999e+00  ,-6.878694523697e+01  ,-7.159685818144e+00  ,-7.078573948073e+01  ,-6.197819668798e+01  ,-6.362605366258e+01  
  8.810488730081e+07  ,-6.804279286942e+00  ,-6.873955003021e+01  ,-7.154442865098e+00  ,-7.096367812301e+01  ,-6.193527074326e+01  ,-6.380923525791e+01  
  8.861352236596e+07  ,-6.799715011748e+00  ,-6.868524597384e+01  ,-7.149145277809e+00  ,-7.113480894163e+01  ,-6.188553096209e+01  ,-6.398566366382e+01  
  8.912509381338e+07  ,-6.795055256115e+00  ,-6.862492414986e+01  ,-7.143792588544e+00  ,-7.129913087205e+01  ,-6.182986889375e+01  ,-6.415533828351e+01  
  8.963961859500e+07  ,-6.790299840836e+00  ,-6.855940082867e+01  ,-7.138384328406e+00  ,-7.145665230698e+01  ,-6.176910098783e+01  ,-6.431826797858e+01  
  9.015711376060e+07  ,-6.785448907745e+00  ,-6.848941772032e+01  ,-7.132920026582e+00  ,-7.160739106998e+01  ,-6.170396881257e+01  ,-6.447447104340e+01  
  9.067759645840e+07  ,-6.780502944322e+00  ,-6.841564394767e+01  ,-7.127399210956e+00  ,-7.175137433604e+01  ,-6.163514100335e+01  ,-6.462397512508e+01  
  9.120108393560e+07  ,-6.775462811369e+00  ,-6.833867923566e+01  ,-7.121821407341e+00  ,-7.188863848569e+01  ,-6.156321642429e+01  ,-6.476681707835e+01  
  9.172759353898e+07  ,-6.770329768949e+00  ,-6.825905795106e+01  ,-7.116186139871e+00  ,-7.201922891421e+01  ,-6.148872818211e+01  ,-6.490304277434e+01  
  9.225714271548e+07  ,-6.765105497974e+00  ,-6.817725368169e+01  ,-7.110492930781e+00  ,-7.214319977734e+01  ,-6.141214818372e+01  ,-6.503270684656e+01  
  9.278974901274e+07  ,-6.759792119134e+00  ,-6.809368405599e+01  ,-7.104741300527e+00  ,-7.226061370109e+01  ,-6.133389193685e+01  ,-6.515587240057e+01  
  9.332543007971e+07  ,-6.754392212146e+00  ,-6.800871564811e+01  ,-7.098930767578e+00  ,-7.237154143565e+01  ,-6.125432343596e+01  ,-6.527261066807e+01  
  9.386420366722e+07  ,-6.748908822651e+00  ,-6.792266880279e+01  ,-7.093060848023e+00  ,-7.247606147145e+01  ,-6.117375998014e+01  ,-6.538300062343e+01  
  9.440608762860e+07  ,-6.743345471041e+00  ,-6.783582226765e+01  ,-7.087131056020e+00  ,-7.257425962572e+01  ,-6.109247679661e+01  ,-6.548712856970e+01  
  9.495109992023e+07  ,-6.737706149636e+00  ,-6.774841756937e+01  ,-7.081140903746e+00  ,-7.266622858706e+01  ,-6.101071141973e+01  ,-6.558508768332e+01  
  9.549925860215e+07  ,-6.731995317088e+00  ,-6.766066308759e+01  ,-7.075089900659e+00  ,-7.275206744498e+01  ,-6.092866777050e+01  ,-6.567697754432e+01  
  9.605058183868e+07  ,-6.726217880343e+00  ,-6.757273781615e+01  ,-7.068977554420e+00  ,-7.283188119253e+01  ,-6.084651993581e+01  ,-6.576290363811e+01  
  9.660508789899e+07  ,-6.720379172493e+00  ,-6.748479476629e+01  ,-7.062803369719e+00  ,-7.290578021258e+01  ,-6.076441559380e+01  ,-6.584297684286e+01  
  9.716279515772e+07  ,-6.714484921122e+00  ,-6.739696407782e+01  ,-7.056566849237e+00  ,-7.297387975958e+01  ,-6.068247915670e+01  ,-6.591731291035e+01  
  9.772372209559e+07  ,-6.708541204823e+00  ,-6.730935578041e+01  ,-7.050267492612e+00  ,-7.303629943221e+01  ,-6.060081457558e+01  ,-6.598603193960e+01  
  9.828788730001e+07  ,-6.702554407174e+00  ,-6.722206227666e+01  ,-7.043904797188e+00  ,-7.309316264181e+01  ,-6.051950786949e+01  ,-6.604925784462e+01  
  9.885530946570e+07  ,-6.696531156004e+00  ,-6.713516053782e+01  ,-7.037478257288e+00  ,-7.314459609582e+01  ,-6.043862938181e+01  ,-6.610711783853e+01  
  9.942600739530e+07  ,-6.690478261577e+00  ,-6.704871404641e+01  ,-7.030987364596e+00  ,-7.319072927196e+01  ,-6.035823578483e+01  ,-6.615974190736e+01  
  1.000000000000e+08  ,-6.684402641875e+00  ,-6.696277450058e+01  ,-7.024431608024e+00  ,-7.323169392228e+01  ,-6.027837185871e+01  ,-6.620726231426e+01  
  1.005773063002e+08  ,-6.678311247029e+00  ,-6.687738330567e+01  ,-7.017810472750e+00  ,-7.326762357611e+01  ,-6.019907205864e+01  ,-6.624981310336e+01  
  1.011579454260e+08  ,-6.672210978089e+00  ,-6.679257288616e+01  ,-7.011123441830e+00  ,-7.329865307266e+01  ,-6.012036190807e+01  ,-6.628752963083e+01  
  1.017419366181e+08  ,-6.666108604483e+00  ,-6.670836781433e+01  ,-7.004369994643e+00  ,-7.332491810075e+01  ,-6.004225920984e+01  ,-6.632054810611e+01  
  1.023292992281e+08  ,-6.660010678733e+00  ,-6.662478580155e+01  ,-6.997549607254e+00  ,-7.334655477628e+01  ,-5.996477512282e+01  ,-6.634900516903e+01  
  1.029200527194e+08  ,-6.653923454497e+00  ,-6.654183854805e+01  ,-6.990661752357e+00  ,-7.336369922696e+01  ,-5.988791509356e+01  ,-6.637303747460e+01  
  1.035142166679e+08  ,-6.647852808125e+00  ,-6.645953248963e+01  ,-6.983705899294e+00  ,-7.337648721542e+01  ,-5.981167968150e+01  ,-6.639278131612e+01  
  1.041118107623e+08  ,-6.641804162770e+00  ,-6.637786943643e+01  ,-6.976681513719e+00  ,-7.338505377686e+01  ,-5.973606527366e+01  ,-6.640837226315e+01  
  1.047128548051e+08  ,-6.635782422855e+00  ,-6.629684713471e+01  ,-6.969588057554e+00  ,-7.338953289524e+01  ,-5.966106471186e+01  ,-6.641994483769e+01  
  1.053173687130e+08  ,-6.629791913376e+00  ,-6.621645974933e+01  ,-6.962424988971e+00  ,-7.339005719213e+01  ,-5.958666783595e+01  ,-6.642763220316e+01  
  1.059253725177e+08  ,-6.623836331986e+00  ,-6.613669828866e+01  ,-6.955191762309e+00  ,-7.338675765021e+01  ,-5.951286195668e+01  ,-6.643156588790e+01  
  1.065368863668e+08  ,-6.617918708617e+00  ,-6.605755097770e+01  ,-6.947887827781e+00  ,-7.337976336438e+01  ,-5.943963226908e+01  ,-6.643187553659e+01  
  1.071519305238e+08  ,-6.612041377553e+00  ,-6.597900358783e+01  ,-6.940512631355e+00  ,-7.336920131727e+01  ,-5.936696221028e+01  ,-6.642868868592e+01  
  1.077705253694e+08  ,-6.606205963879e+00  ,-6.590103973141e+01  ,-6.933065614945e+00  ,-7.335519617034e+01  ,-5.929483376753e+01  ,-6.642213055539e+01  
  1.083926914021e+08  ,-6.600413376458e+00  ,-6.582364112008e+01  ,-6.925546215991e+00  ,-7.333787009244e+01  ,-5.922322774362e+01  ,-6.641232387645e+01  
  1.090184492385e+08  ,-6.594663814635e+00  ,-6.574678780566e+01  ,-6.917953867493e+00  ,-7.331734260788e+01  ,-5.915212399103e+01  ,-6.639938874038e+01  
  1.096478196143e+08  ,-6.588956785955e+00  ,-6.567045839679e+01  ,-6.910287997422e+00  ,-7.329373046144e+01  ,-5.908150161083e+01  ,-6.638344246402e+01  
  1.102808233850e+08  ,-6.583291132380e+00  ,-6.559463025291e+01  ,-6.902548029419e+00  ,-7.326714750587e+01  ,-5.901133912053e+01  ,-6.636459947645e+01  
  1.109174815262e+08  ,-6.577665063879e+00  ,-6.551927966669e+01  ,-6.894733382101e+00  ,-7.323770461523e+01  ,-5.894161460281e+01  ,-6.634297123313e+01  
  1.115578151351e+08  ,-6.572076203120e+00  ,-6.544438203738e+01  ,-6.886843468709e+00  ,-7.320550960986e+01  ,-5.887230583426e+01  ,-6.631866614115e+01  
  1.122018454302e+08  ,-6.566521630057e+00  ,-6.536991201603e+01  ,-6.878877698118e+00  ,-7.317066720102e+01  ,-5.880339038597e+01  ,-6.629178950290e+01  
  1.128495937528e+08  ,-6.560997935619e+00  ,-6.529584365635e+01  ,-6.870835472813e+00  ,-7.313327895302e+01  ,-5.873484572073e+01  ,-6.626244348021e+01  
  1.135010815672e+08  ,-6.555501275747e+00  ,-6.522215054388e+01  ,-6.862716190294e+00  ,-7.309344325266e+01  ,-5.866664926814e+01  ,-6.623072706237e+01  
  1.141563304619e+08  ,-6.550027429177e+00  ,-6.514880591702e+01  ,-6.854519242650e+00  ,-7.305125530704e+01  ,-5.859877848784e+01  ,-6.619673606439e+01  
  1.148153621497e+08  ,-6.544571852682e+00  ,-6.507578278077e+01  ,-6.846244015692e+00  ,-7.300680713550e+01  ,-5.853121092809e+01  ,-6.616056311981e+01  
  1.154781984690e+08  ,-6.539129737892e+00  ,-6.500305400679e+01  ,-6.837889889320e+00  ,-7.296018758631e+01  ,-5.846392426890e+01  ,-6.612229769699e+01  
  1.161448613840e+08  ,-6.533696066428e+00  ,-6.493059242650e+01  ,-6.829456237934e+00  ,-7.291148235796e+01  ,-5.839689636007e+01  ,-6.608202612003e+01  
  1.168153729861e+08  ,-6.528265659504e+00  ,-6.485837091266e+01  ,-6.820942428668e+00  ,-7.286077402591e+01  ,-5.833010525316e+01  ,-6.603983159724e+01  
  1.174897554940e+08  ,-6.522833229763e+00  ,-6.478636245490e+01  ,-6.812347822669e+00  ,-7.280814208612e+01  ,-5.826352922514e+01  ,-6.599579426345e+01  
  1.181680312545e+08  ,-6.517393423937e+00  ,-6.471454022397e+01  ,-6.803671774537e+00  ,-7.275366299888e+01  ,-5.819714680003e+01  ,-6.594999122435e+01  
  1.188502227437e+08  ,-6.511940864188e+00  ,-6.464287762632e+01  ,-6.794913632128e+00  ,-7.269741023607e+01  ,-5.813093676213e+01  ,-6.590249660394e+01  
  1.195363525674e+08  ,-6.506470185969e+00  ,-6.457134835623e+01  ,-6.786072735685e+00  ,-7.263945434302e+01  ,-5.806487817027e+01  ,-6.585338160733e+01  
  1.202264434617e+08  ,-6.500976069945e+00  ,-6.449992643377e+01  ,-6.777148418585e+00  ,-7.257986299580e+01  ,-5.799895036382e+01  ,-6.580271457722e+01  
  1.209205182943e+08  ,-6.495453270107e+00  ,-6.442858624243e+01  ,-6.768140006803e+00  ,-7.251870106636e+01  ,-5.793313297232e+01  ,-6.575056105956e+01  
  1.216186000646e+08  ,-6.489896638056e+00  ,-6.435730255142e+01  ,-6.759046818764e+00  ,-7.245603069220e+01  ,-5.786740591337e+01  ,-6.569698387344e+01  
  1.223207119050e+08  ,-6.484301143633e+00  ,-6.428605054292e+01  ,-6.749868165210e+00  ,-7.239191134125e+01  ,-5.780174939929e+01  ,-6.564204317604e+01  
  1.230268770812e+08  ,-6.478661889400e+00  ,-6.421480582271e+01  ,-6.740603348094e+00  ,-7.232639988954e+01  ,-5.773614393331e+01  ,-6.558579654144e+01  
  1.237371189935e+08  ,-6.472974126580e+00  ,-6.414354443764e+01  ,-6.731251661826e+00  ,-7.225955068956e+01  ,-5.767057031106e+01  ,-6.552829902774e+01  
  1.244514611771e+08  ,-6.467233262843e+00  ,-6.407224287550e+01  ,-6.721812392205e+00  ,-7.219141564510e+01  ,-5.760500961266e+01  ,-6.546960325289e+01  
  1.251699273032e+08  ,-6.461434868656e+00  ,-6.400087807260e+01  ,-6.712284816501e+00  ,-7.212204428813e+01  ,-5.753944320394e+01  ,-6.540975947163e+01  
  1.258925411794e+08  ,-6.455574683059e+00  ,-6.392942741151e+01  ,-6.702668202492e+00  ,-7.205148384718e+01  ,-5.747385272845e+01  ,-6.534881564469e+01  
  1.266193267511e+08  ,-6.449648614119e+00  ,-6.385786871742e+01  ,-6.692961809128e+00  ,-7.197977932947e+01  ,-5.740822010331e+01  ,-6.528681752034e+01  
  1.273503081017e+08  ,-6.443652740483e+00  ,-6.378618025217e+01  ,-6.683164886288e+00  ,-7.190697358788e+01  ,-5.734252751169e+01  ,-6.522380870159e+01  
  1.280855094536e+08  ,-6.437583308140e+00  ,-6.371434070606e+01  ,-6.673276673385e+00  ,-7.183310739668e+01  ,-5.727675739792e+01  ,-6.515983072330e+01  
  1.288249551693e+08  ,-6.431436729935e+00  ,-6.364232919069e+01  ,-6.663296401020e+00  ,-7.175821952233e+01  ,-5.721089246076e+01  ,-6.509492312131e+01  
  1.295686697517e+08  ,-6.425209577870e+00  ,-6.357012522201e+01  ,-6.653223288444e+00  ,-7.168234679571e+01  ,-5.714491564414e+01  ,-6.502912350727e+01  
  1.303166778452e+08  ,-6.418898580315e+00  ,-6.349770871278e+01  ,-6.643056545383e+00  ,-7.160552417922e+01  ,-5.707881013246e+01  ,-6.496246763384e+01  
  1.310690042366e+08  ,-6.412500615806e+00  ,-6.342505995608e+01  ,-6.632795370504e+00  ,-7.152778483541e+01  ,-5.701255934028e+01  ,-6.489498946491e+01  
  1.318256738556e+08  ,-6.406012705976e+00  ,-6.335215961424e+01  ,-6.622438951527e+00  ,-7.144916019444e+01  ,-5.694614690827e+01  ,-6.482672124291e+01  
  1.325867117761e+08  ,-6.399432008664e+00  ,-6.327898870243e+01  ,-6.611986464798e+00  ,-7.136968001522e+01  ,-5.687955669376e+01  ,-6.475769355042e+01  
  1.333521432163e+08  ,-6.392755811716e+00  ,-6.320552857261e+01  ,-6.601437075488e+00  ,-7.128937245174e+01  ,-5.681277276089e+01  ,-6.468793537626e+01  
  1.341219935405e+08  ,-6.385981524516e+00  ,-6.313176090313e+01  ,-6.590789936663e+00  ,-7.120826411046e+01  ,-5.674577937862e+01  ,-6.461747417379e+01  
  1.348962882592e+08  ,-6.379106671081e+00  ,-6.305766767749e+01  ,-6.580044189057e+00  ,-7.112638011115e+01  ,-5.667856100641e+01  ,-6.454633592209e+01  
  1.356750530300e+08  ,-6.372128882955e+00  ,-6.298323117547e+01  ,-6.569198961785e+00  ,-7.104374414452e+01  ,-5.661110229252e+01  ,-6.447454518273e+01  
  1.364583136589e+08  ,-6.365045891229e+00  ,-6.290843395567e+01  ,-6.558253370169e+00  ,-7.096037852524e+01  ,-5.654338806444e+01  ,-6.440212515507e+01  
  1.372460961008e+08  ,-6.357855520332e+00  ,-6.283325883954e+01  ,-6.547206517128e+00  ,-7.087630424363e+01  ,-5.647540331920e+01  ,-6.432909772650e+01  
  1.380384264603e+08  ,-6.350555680343e+00  ,-6.275768890080e+01  ,-6.536057492044e+00  ,-7.079154102104e+01  ,-5.640713322046e+01  ,-6.425548352900e+01  
  1.388353309929e+08  ,-6.343144360745e+00  ,-6.268170744753e+01  ,-6.524805370693e+00  ,-7.070610735407e+01  ,-5.633856308679e+01  ,-6.418130198338e+01  
  1.396368361056e+08  ,-6.335619623804e+00  ,-6.260529801253e+01  ,-6.513449214589e+00  ,-7.062002056636e+01  ,-5.626967838872e+01  ,-6.410657135177e+01  
  1.404429683578e+08  ,-6.327979598855e+00  ,-6.252844433879e+01  ,-6.501988070921e+00  ,-7.053329684853e+01  ,-5.620046473994e+01  ,-6.403130877761e+01  
  1.412537544623e+08  ,-6.320222475426e+00  ,-6.245113036307e+01  ,-6.490420972136e+00  ,-7.044595130459e+01  ,-5.613090788764e+01  ,-6.395553033246e+01  
  1.420692212860e+08  ,-6.312346498663e+00  ,-6.237334020830e+01  ,-6.478746935765e+00  ,-7.035799799222e+01  ,-5.606099370963e+01  ,-6.387925105646e+01  
  1.428893958511e+08  ,-6.304349963570e+00  ,-6.229505816971e+01  ,-6.466964963820e+00  ,-7.026944996410e+01  ,-5.599070820614e+01  ,-6.380248500028e+01  
  1.437143053356e+08  ,-6.296231210219e+00  ,-6.221626870217e+01  ,-6.455074042305e+00  ,-7.018031929902e+01  ,-5.592003749195e+01  ,-6.372524525672e+01  
  1.445439770746e+08  ,-6.287988619154e+00  ,-6.213695640979e+01  ,-6.443073141174e+00  ,-7.009061714700e+01  ,-5.584896779063e+01  ,-6.364754400583e+01  
  1.453784385608e+08  ,-6.279620606307e+00  ,-6.205710603321e+01  ,-6.430961213792e+00  ,-7.000035375515e+01  ,-5.577748542690e+01  ,-6.356939254136e+01  
  1.462177174457e+08  ,-6.271125619534e+00  ,-6.197670244118e+01  ,-6.418737196636e+00  ,-6.990953850399e+01  ,-5.570557682165e+01  ,-6.349080130736e+01  
  1.470618415405e+08  ,-6.262502134625e+00  ,-6.189573061695e+01  ,-6.406400008440e+00  ,-6.981817993594e+01  ,-5.563322848233e+01  ,-6.341177992750e+01  
  1.479108388168e+08  ,-6.253748651778e+00  ,-6.181417565105e+01  ,-6.393948550723e+00  ,-6.972628578639e+01  ,-5.556042699927e+01  ,-6.333233723566e+01  
  1.487647374080e+08  ,-6.244863692487e+00  ,-6.173202272939e+01  ,-6.381381706365e+00  ,-6.963386300889e+01  ,-5.548715903691e+01  ,-6.325248130252e+01  
  1.496235656095e+08  ,-6.235845794744e+00  ,-6.164925712217e+01  ,-6.368698339903e+00  ,-6.954091780075e+01  ,-5.541341132743e+01  ,-6.317221946085e+01  
  1.504873518803e+08  ,-6.226693512857e+00  ,-6.156586417725e+01  ,-6.355897297253e+00  ,-6.944745562875e+01  ,-5.533917066439e+01  ,-6.309155833150e+01  
  1.513561248436e+08  ,-6.217405412495e+00  ,-6.148182930790e+01  ,-6.342977403816e+00  ,-6.935348124897e+01  ,-5.526442389540e+01  ,-6.301050384516e+01  
  1.522299132881e+08  ,-6.207980069236e+00  ,-6.139713798587e+01  ,-6.329937466283e+00  ,-6.925899873061e+01  ,-5.518915791663e+01  ,-6.292906126432e+01  
  1.531087461682e+08  ,-6.198416065948e+00  ,-6.131177572844e+01  ,-6.316776270036e+00  ,-6.916401147438e+01  ,-5.511335966249e+01  ,-6.284723520435e+01  
  1.539926526060e+08  ,-6.188711991253e+00  ,-6.122572809531e+01  ,-6.303492580718e+00  ,-6.906852222908e+01  ,-5.503701610406e+01  ,-6.276502964836e+01  
  1.548816618913e+08  ,-6.178866436352e+00  ,-6.113898067063e+01  ,-6.290085141779e+00  ,-6.897253311021e+01  ,-5.496011423427e+01  ,-6.268244796843e+01  
  1.557758034832e+08  ,-6.168877993890e+00  ,-6.105151906230e+01  ,-6.276552675506e+00  ,-6.887604561451e+01  ,-5.488264106841e+01  ,-6.259949293901e+01  
  1.566751070108e+08  ,-6.158745257004e+00  ,-6.096332889095e+01  ,-6.262893882261e+00  ,-6.877906063495e+01  ,-5.480458363395e+01  ,-6.251616675269e+01  
  1.575796022744e+08  ,-6.148466816056e+00  ,-6.087439577629e+01  ,-6.249107439156e+00  ,-6.868157846826e+01  ,-5.472592896024e+01  ,-6.243247102910e+01  
  1.584893192461e+08  ,-6.138041259755e+00  ,-6.078470533551e+01  ,-6.235192000560e+00  ,-6.858359883503e+01  ,-5.464666407575e+01  ,-6.234840683447e+01  
  1.594042880712e+08  ,-6.127467170230e+00  ,-6.069424316779e+01  ,-6.221146197247e+00  ,-6.848512087969e+01  ,-5.456677599756e+01  ,-6.226397468245e+01  
  1.603245390690e+08  ,-6.116743125614e+00  ,-6.060299485070e+01  ,-6.206968636015e+00  ,-6.838614318712e+01  ,-5.448625172508e+01  ,-6.217917455110e+01  
  1.612501027338e+08  ,-6.105867695860e+00  ,-6.051094592771e+01  ,-6.192657898473e+00  ,-6.828666378303e+01  ,-5.440507823185e+01  ,-6.209400588455e+01  
  1.621810097359e+08  ,-6.094839443771e+00  ,-6.041808190086e+01  ,-6.178212542044e+00  ,-6.818668014370e+01  ,-5.432324245709e+01  ,-6.200846760165e+01  
  1.631172909228e+08  ,-6.083656924206e+00  ,-6.032438822173e+01  ,-6.163631098039e+00  ,-6.808618920067e+01  ,-5.424073129752e+01  ,-6.192255810263e+01  
  1.640589773200e+08  ,-6.072318680960e+00  ,-6.022985028351e+01  ,-6.148912071325e+00  ,-6.798518733945e+01  ,-5.415753160255e+01  ,-6.183627526813e+01  
  1.650061001320e+08  ,-6.060823247958e+00  ,-6.013445340967e+01  ,-6.134053940783e+00  ,-6.788367040576e+01  ,-5.407363016171e+01  ,-6.174961646498e+01  
  1.659586907438e+08  ,-6.049169148430e+00  ,-6.003818284884e+01  ,-6.119055157676e+00  ,-6.778163370098e+01  ,-5.398901370041e+01  ,-6.166257854330e+01  
  1.669167807211e+08  ,-6.037354893131e+00  ,-5.994102376112e+01  ,-6.103914145668e+00  ,-6.767907198631e+01  ,-5.390366886799e+01  ,-6.157515784064e+01  
  1.678804018123e+08  ,-6.025378981165e+00  ,-5.984296121393e+01  ,-6.088629300190e+00  ,-6.757597947179e+01  ,-5.381758223277e+01  ,-6.148735017160e+01  
  1.688495859487e+08  ,-6.013239898989e+00  ,-5.974398017169e+01  ,-6.073198987949e+00  ,-6.747234981925e+01  ,-5.373074027271e+01  ,-6.139915083130e+01  
  1.698243652462e+08  ,-6.000936118092e+00  ,-5.964406548498e+01  ,-6.057621546098e+00  ,-6.736817613096e+01  ,-5.364312936689e+01  ,-6.131055458486e+01  
  1.708047720060e+08  ,-5.988466097897e+00  ,-5.954320188477e+01  ,-6.041895281976e+00  ,-6.726345094254e+01  ,-5.355473578688e+01  ,-6.122155566056e+01  
  1.717908387158e+08  ,-5.975828283203e+00  ,-5.944137397523e+01  ,-6.026018472685e+00  ,-6.715816621369e+01  ,-5.346554569203e+01  ,-6.113214774100e+01  
  1.727825980508e+08  ,-5.963021103787e+00  ,-5.933856622100e+01  ,-6.009989363711e+00  ,-6.705231331364e+01  ,-5.337554511722e+01  ,-6.104232394993e+01  
  1.737800828749e+08  ,-5.950042975022e+00  ,-5.923476294293e+01  ,-5.993806169825e+00  ,-6.694588301042e+01  ,-5.328471996791e+01  ,-6.095207684060e+01  
  1.747833262418e+08  ,-5.936892296730e+00  ,-5.912994831081e+01  ,-5.977467072886e+00  ,-6.683886545053e+01  ,-5.319305601408e+01  ,-6.086139837765e+01  
  1.757923613959e+08  ,-5.923567453583e+00  ,-5.902410633269e+01  ,-5.960970222463e+00  ,-6.673125013910e+01  ,-5.310053887911e+01  ,-6.077027991664e+01  
  1.768072217734e+08  ,-5.910066814540e+00  ,-5.891722085306e+01  ,-5.944313734462e+00  ,-6.662302592302e+01  ,-5.300715403852e+01  ,-6.067871218855e+01  
  1.778279410039e+08  ,-5.896388732163e+00  ,-5.880927554364e+01  ,-5.927495691666e+00  ,-6.651418096043e+01  ,-5.291288681148e+01  ,-6.058668526876e+01  
  1.788545529108e+08  ,-5.882531544090e+00  ,-5.870025389921e+01  ,-5.910514141646e+00  ,-6.640470269391e+01  ,-5.281772235512e+01  ,-6.049418855226e+01  
  1.798870915129e+08  ,-5.868493570757e+00  ,-5.859013923444e+01  ,-5.893367097474e+00  ,-6.629457782139e+01  ,-5.272164566368e+01  ,-6.040121072391e+01  
  1.809255910254e+08  ,-5.854273116553e+00  ,-5.847891467829e+01  ,-5.876052536166e+00  ,-6.618379225597e+01  ,-5.262464156173e+01  ,-6.030773971980e+01  
  1.819700858610e+08  ,-5.839868469553e+00  ,-5.836656317554e+01  ,-5.858568399324e+00  ,-6.607233108971e+01  ,-5.252669470598e+01  ,-6.021376269039e+01  
  1.830206106311e+08  ,-5.825277900788e+00  ,-5.825306748404e+01  ,-5.840912591781e+00  ,-6.596017854698e+01  ,-5.242778958326e+01  ,-6.011926595520e+01  
  1.840772001469e+08  ,-5.810499664887e+00  ,-5.813841017830e+01  ,-5.823082980579e+00  ,-6.584731793386e+01  ,-5.232791051342e+01  ,-6.002423495328e+01  
  1.851398894205e+08  ,-5.795532000273e+00  ,-5.802257365265e+01  ,-5.805077395707e+00  ,-6.573373158343e+01  ,-5.222704165238e+01  ,-5.992865418772e+01  
  1.862087136663e+08  ,-5.780373127355e+00  ,-5.790554012834e+01  ,-5.786893628618e+00  ,-6.561940078898e+01  ,-5.212516700098e+01  ,-5.983250716036e+01  
  1.872837083018e+08  ,-5.765021250162e+00  ,-5.778729166375e+01  ,-5.768529431756e+00  ,-6.550430574003e+01  ,-5.202227041359e+01  ,-5.973577630827e+01  
  1.883649089490e+08  ,-5.749474556228e+00  ,-5.766781016818e+01  ,-5.749982519191e+00  ,-6.538842543739e+01  ,-5.191833561195e+01  ,-5.963844291820e+01  
  1.894523514357e+08  ,-5.733731215224e+00  ,-5.754707742175e+01  ,-5.731250564383e+00  ,-6.527173760725e+01  ,-5.181334620653e+01  ,-5.954048704287e+01  
  1.905460717963e+08  ,-5.717789379963e+00  ,-5.742507509691e+01  ,-5.712331200735e+00  ,-6.515421860051e+01  ,-5.170728571695e+01  ,-5.944188739977e+01  
  1.916461062736e+08  ,-5.701647187171e+00  ,-5.730178479164e+01  ,-5.693222022103e+00  ,-6.503584328289e+01  ,-5.160013760447e+01  ,-5.934262126079e+01  
  1.927524913191e+08  ,-5.685302754554e+00  ,-5.717718806423e+01  ,-5.673920579963e+00  ,-6.491658490555e+01  ,-5.149188530968e+01  ,-5.924266432559e+01  
  1.938652635952e+08  ,-5.668754184088e+00  ,-5.705126648553e+01  ,-5.654424385785e+00  ,-6.479641496615e+01  ,-5.138251230144e+01  ,-5.914199058036e+01  
  1.949844599758e+08  ,-5.651999559015e+00  ,-5.692400169254e+01  ,-5.634730908411e+00  ,-6.467530304568e+01  ,-5.127200213353e+01  ,-5.904057213727e+01  
  1.961101175476e+08  ,-5.635036945920e+00  ,-5.679537546138e+01  ,-5.614837576266e+00  ,-6.455321662746e+01  ,-5.116033851546e+01  ,-5.893837905119e+01  
  1.972422736115e+08  ,-5.617864394545e+00  ,-5.666536979669e+01  ,-5.594741774481e+00  ,-6.443012088674e+01  ,-5.104750540214e+01  ,-5.883537911226e+01  
  1.983809656837e+08  ,-5.600479935086e+00  ,-5.653396703297e+01  ,-5.574440847196e+00  ,-6.430597846141e+01  ,-5.093348709788e+01  ,-5.873153761422e+01  
  1.995262314969e+08  ,-5.582881580297e+00  ,-5.640114996521e+01  ,-5.553932096093e+00  ,-6.418074917544e+01  ,-5.081826838491e+01  ,-5.862681707935e+01  
  2.006781090018e+08  ,-5.565067325379e+00  ,-5.626690200354e+01  ,-5.533212781420e+00  ,-6.405438973614e+01  ,-5.070183467816e+01  ,-5.852117695472e+01  
  2.018366363682e+08  ,-5.547035145983e+00  ,-5.613120735800e+01  ,-5.512280121382e+00  ,-6.392685337956e+01  ,-5.058417221202e+01  ,-5.841457325818e+01  
  2.030018519860e+08  ,-5.528782999069e+00  ,-5.599405126564e+01  ,-5.491131294034e+00  ,-6.379808946482e+01  ,-5.046526826657e+01  ,-5.830695817078e+01  
  2.041737944670e+08  ,-5.510308821625e+00  ,-5.585542026089e+01  ,-5.469763436390e+00  ,-6.366804300340e+01  ,-5.034511143926e+01  ,-5.819827956701e+01  
  2.053525026457e+08  ,-5.491610530397e+00  ,-5.571530250162e+01  ,-5.448173645873e+00  ,-6.353665412064e+01  ,-5.022369197122e+01  ,-5.808848047477e+01  
  2.065380155811e+08  ,-5.472686020104e+00  ,-5.557368815924e+01  ,-5.426358982064e+00  ,-6.340385742391e+01  ,-5.010100213914e+01  ,-5.797749844185e+01  
  2.077303725573e+08  ,-5.453533163854e+00  ,-5.543056989173e+01  ,-5.404316467479e+00  ,-6.326958127300e+01  ,-4.997703672788e+01  ,-5.786526480552e+01  
  2.089296130854e+08  ,-5.434149810858e+00  ,-5.528594339888e+01  ,-5.382043089424e+00  ,-6.313374692603e+01  ,-4.985179358802e+01  ,-5.775170383661e+01  
  2.101357769047e+08  ,-5.414533783230e+00  ,-5.513980808926e+01  ,-5.359535803042e+00  ,-6.299626753589e+01  ,-4.972527430603e+01  ,-5.763673173285e+01  
  2.113489039837e+08  ,-5.394682877026e+00  ,-5.499216786531e+01  ,-5.336791533687e+00  ,-6.285704698435e+01  ,-4.959748498828e+01  ,-5.752025545066e+01  
  2.125690345217e+08  ,-5.374594856745e+00  ,-5.484303203017e+01  ,-5.313807180890e+00  ,-6.271597849501e+01  ,-4.946843717342e+01  ,-5.740217131412e+01  
  2.137962089502e+08  ,-5.354267453511e+00  ,-5.469241633046e+01  ,-5.290579622853e+00  ,-6.257294300842e+01  ,-4.933814887695e+01  ,-5.728236338557e+01  
  2.150304679340e+08  ,-5.333698360597e+00  ,-5.454034409853e+01  ,-5.267105721952e+00  ,-6.242780725550e+01  ,-4.920664573793e+01  ,-5.716070153354e+01  
  2.162718523727e+08  ,-5.312885230034e+00  ,-5.438684744743e+01  ,-5.243382331311e+00  ,-6.228042148273e+01  ,-4.907396221740e+01  ,-5.703703915142e+01  
  2.175204034020e+08  ,-5.291825665250e+00  ,-5.423196836955e+01  ,-5.219406304315e+00  ,-6.213061675512e+01  ,-4.894014270430e+01  ,-5.691121045080e+01  
  2.187761623950e+08  ,-5.270517217815e+00  ,-5.407575947480e+01  ,-5.195174502668e+00  ,-6.197820176350e+01  ,-4.880524225699e+01  ,-5.678302726083e+01  
  2.200391709638e+08  ,-5.248957381636e+00  ,-5.391828383157e+01  ,-5.170683810596e+00  ,-6.182295907042e+01  ,-4.866932644993e+01  ,-5.665227525983e+01  
  2.213094709606e+08  ,-5.227143589720e+00  ,-5.375961293692e+01  ,-5.145931149333e+00  ,-6.166464069541e+01  ,-4.853246934720e+01  ,-5.651870954608e+01  
  2.225871044793e+08  ,-5.205073217691e+00  ,-5.359982104115e+01  ,-5.120913494025e+00  ,-6.150296300347e+01  ,-4.839474782346e+01  ,-5.638204950944e+01  
  2.238721138569e+08  ,-5.182743594165e+00  ,-5.343897267986e+01  ,-5.095627895071e+00  ,-6.133760088545e+01  ,-4.825622908569e+01  ,-5.624197299038e+01  
  2.251645416745e+08  ,-5.160152040049e+00  ,-5.327709796961e+01  ,-5.070071502387e+00  ,-6.116818135639e+01  ,-4.811694592956e+01  ,-5.609810985400e+01  
  2.264644307593e+08  ,-5.137295943421e+00  ,-5.311414655980e+01  ,-5.044241589625e+00  ,-6.099427693727e+01  ,-4.797685061638e+01  ,-5.595003534765e+01  
  2.277718241857e+08  ,-5.114172913140e+00  ,-5.294990601632e+01  ,-5.018135580905e+00  ,-6.081539970812e+01  ,-4.783573310318e+01  ,-5.579726412722e+01  
  2.290867652768e+08  ,-5.090781060162e+00  ,-5.278386505633e+01  ,-4.991751067983e+00  ,-6.063099786263e+01  ,-4.769308399617e+01  ,-5.563924679465e+01  
  2.304092976056e+08  ,-5.067119466276e+00  ,-5.261500245511e+01  ,-4.965085809777e+00  ,-6.044045852279e+01  ,-4.754788298884e+01  ,-5.547537271301e+01  
  2.317394649969e+08  ,-5.043188889608e+00  ,-5.244150578653e+01  ,-4.938137684799e+00  ,-6.024312415929e+01  ,-4.739831689692e+01  ,-5.530498647449e+01  
  2.330773115283e+08  ,-5.018992599583e+00  ,-5.226050557542e+01  ,-4.910904543602e+00  ,-6.003833703842e+01  ,-4.724151297584e+01  ,-5.512743249482e+01  
  2.344228815320e+08  ,-4.994536879888e+00  ,-5.206808521594e+01  ,-4.883383853274e+00  ,-5.982553975768e+01  ,-4.707354833605e+01  ,-5.494215590440e+01  
  2.357762195961e+08  ,-4.969830175216e+00  ,-5.186002387377e+01  ,-4.855571915034e+00  ,-5.960448634498e+01  ,-4.689019369855e+01  ,-5.474891442995e+01  
  2.371373705662e+08  ,-4.944879756793e+00  ,-5.163357847634e+01  ,-4.827462228681e+00  ,-5.937566890503e+01  ,-4.668869871954e+01  ,-5.454820667635e+01  
  2.385063795465e+08  ,-4.919686472777e+00  ,-5.138962910736e+01  ,-4.799042184614e+00  ,-5.914115761539e+01  ,-4.646994263458e+01  ,-5.434211543078e+01  
  2.398832919020e+08  ,-4.894241244951e+00  ,-5.113331567564e+01  ,-4.770286642079e+00  ,-5.890620596904e+01  ,-4.623907443069e+01  ,-5.413591932696e+01  
  2.412681532592e+08  ,-4.868527236972e+00  ,-5.087199067253e+01  ,-4.741146352633e+00  ,-5.868215878957e+01  ,-4.600346343556e+01  ,-5.394101243693e+01  
  2.426610095083e+08  ,-4.842526497173e+00  ,-5.061198155803e+01  ,-4.711530411402e+00  ,-5.849113425122e+01  ,-4.576945506086e+01  ,-5.377960383981e+01  
  2.440619068042e+08  ,-4.816225637035e+00  ,-5.035670026552e+01  ,-4.681291071655e+00  ,-5.837150710802e+01  ,-4.554047462849e+01  ,-5.369021603636e+01  
  2.454708915685e+08  ,-4.789617351985e+00  ,-5.010678712436e+01  ,-4.650246427099e+00  ,-5.837783684238e+01  ,-4.531716977237e+01  ,-5.372759041528e+01  
  2.468880104906e+08  ,-4.762698915852e+00  ,-4.986123166957e+01  ,-4.618301050814e+00  ,-5.855961171201e+01  ,-4.509853275372e+01  ,-5.394131066119e+01  
  2.483133105296e+08  ,-4.735469993519e+00  ,-4.961841330881e+01  ,-4.585625683401e+00  ,-5.890975169932e+01  ,-4.488294331529e+01  ,-5.432412601592e+01  
  2.497468389154e+08  ,-4.707931043514e+00  ,-4.937670752564e+01  ,-4.552632810760e+00  ,-5.932740200502e+01  ,-4.466877648213e+01  ,-5.477476919426e+01  
  2.511886431510e+08  ,-4.680082471020e+00  ,-4.913473267774e+01  ,-4.519663747746e+00  ,-5.966908460632e+01  ,-4.445465020672e+01  ,-5.514942085858e+01  
