  Frequency            , DB(V(N00099)-V(N00103)), DB(V(N00115)-V(N00119)), DB(V(N00107)-V(N00111)), DB(V(N00123)-V(N00131)), DB((V(N00115)-V(N00119))/(V(N00099)-V(N00103))), DB((V(N00123)-V(N00131))/(V(N00107)-V(N00111)))
  1.000000000000e+05  ,-1.070730403296e+01  ,-1.286916306532e+01  ,-1.312036209540e+01  ,-1.528123744407e+01  ,-2.161859032354e+00  ,-2.160875348676e+00  
  1.005773063002e+05  ,-1.065915243940e+01  ,-1.282102793987e+01  ,-1.304076709276e+01  ,-1.520165888116e+01  ,-2.161875500473e+00  ,-2.160891788403e+00  
  1.011579454260e+05  ,-1.061099497493e+01  ,-1.277288712873e+01  ,-1.296100325777e+01  ,-1.512191167078e+01  ,-2.161892153798e+00  ,-2.160908413009e+00  
  1.017419366181e+05  ,-1.056283850632e+01  ,-1.272474750021e+01  ,-1.288107888214e+01  ,-1.504200410619e+01  ,-2.161908993886e+00  ,-2.160925224045e+00  
  1.023292992281e+05  ,-1.051468984856e+01  ,-1.267661587163e+01  ,-1.280100226584e+01  ,-1.496194448965e+01  ,-2.161926023066e+00  ,-2.160942223810e+00  
  1.029200527194e+05  ,-1.046655576729e+01  ,-1.262849901055e+01  ,-1.272078175338e+01  ,-1.488174116769e+01  ,-2.161943243258e+00  ,-2.160959414305e+00  
  1.035142166679e+05  ,-1.041844298728e+01  ,-1.258040364384e+01  ,-1.264042575331e+01  ,-1.480140255092e+01  ,-2.161960656569e+00  ,-2.160976797612e+00  
  1.041118107623e+05  ,-1.037035819017e+01  ,-1.253233645531e+01  ,-1.255994275234e+01  ,-1.472093712807e+01  ,-2.161978265135e+00  ,-2.160994375733e+00  
  1.047128548051e+05  ,-1.032230801959e+01  ,-1.248430409049e+01  ,-1.247934133389e+01  ,-1.464035348469e+01  ,-2.161996070895e+00  ,-2.161012150794e+00  
  1.053173687130e+05  ,-1.027429908543e+01  ,-1.243631316160e+01  ,-1.239863020980e+01  ,-1.455966033479e+01  ,-2.162014076173e+00  ,-2.161030124991e+00  
  1.059253725177e+05  ,-1.022633796952e+01  ,-1.238837025265e+01  ,-1.231781823147e+01  ,-1.447886653193e+01  ,-2.162032283133e+00  ,-2.161048300462e+00  
  1.065368863668e+05  ,-1.017843122362e+01  ,-1.234048191749e+01  ,-1.223691442691e+01  ,-1.439798110621e+01  ,-2.162050693868e+00  ,-2.161066679303e+00  
  1.071519305238e+05  ,-1.013058537902e+01  ,-1.229265468956e+01  ,-1.215592799949e+01  ,-1.431701326331e+01  ,-2.162069310544e+00  ,-2.161085263821e+00  
  1.077705253694e+05  ,-1.008280694517e+01  ,-1.224489508064e+01  ,-1.207486838361e+01  ,-1.423597243986e+01  ,-2.162088135466e+00  ,-2.161104056247e+00  
  1.083926914021e+05  ,-1.003510241783e+01  ,-1.219720958871e+01  ,-1.199374523957e+01  ,-1.415486829828e+01  ,-2.162107170886e+00  ,-2.161123058705e+00  
  1.090184492385e+05  ,-9.987478278426e+00  ,-1.214960469742e+01  ,-1.191256850193e+01  ,-1.407371077551e+01  ,-2.162126418997e+00  ,-2.161142273580e+00  
  1.096478196143e+05  ,-9.939941001888e+00  ,-1.210208688395e+01  ,-1.183134839372e+01  ,-1.399251009670e+01  ,-2.162145882061e+00  ,-2.161161702987e+00  
  1.102808233850e+05  ,-9.892497058042e+00  ,-1.205466262052e+01  ,-1.175009545661e+01  ,-1.391127680588e+01  ,-2.162165562480e+00  ,-2.161181349263e+00  
  1.109174815262e+05  ,-9.845152914577e+00  ,-1.200733837718e+01  ,-1.166882058165e+01  ,-1.383002179662e+01  ,-2.162185462601e+00  ,-2.161201214975e+00  
  1.115578151351e+05  ,-9.797915043595e+00  ,-1.196012062828e+01  ,-1.158753503347e+01  ,-1.374875633566e+01  ,-2.162205584681e+00  ,-2.161221302186e+00  
  1.122018454302e+05  ,-9.750789922665e+00  ,-1.191301585390e+01  ,-1.150625048149e+01  ,-1.366749209498e+01  ,-2.162225931240e+00  ,-2.161241613488e+00  
  1.128495937528e+05  ,-9.703784042118e+00  ,-1.186603054670e+01  ,-1.142497903892e+01  ,-1.358624119005e+01  ,-2.162246504580e+00  ,-2.161262151138e+00  
  1.135010815672e+05  ,-9.656903902470e+00  ,-1.181917120959e+01  ,-1.134373327577e+01  ,-1.350501619333e+01  ,-2.162267307125e+00  ,-2.161282917561e+00  
  1.141563304619e+05  ,-9.610156027547e+00  ,-1.177244436885e+01  ,-1.126252627780e+01  ,-1.342383019307e+01  ,-2.162288341306e+00  ,-2.161303915277e+00  
  1.148153621497e+05  ,-9.563546958022e+00  ,-1.172585656787e+01  ,-1.118137165285e+01  ,-1.334269679974e+01  ,-2.162309609846e+00  ,-2.161325146891e+00  
  1.154781984689e+05  ,-9.517083264515e+00  ,-1.167941437936e+01  ,-1.110028358482e+01  ,-1.326163019946e+01  ,-2.162331114845e+00  ,-2.161346614641e+00  
  1.161448613840e+05  ,-9.470771545294e+00  ,-1.163312440433e+01  ,-1.101927685767e+01  ,-1.318064517863e+01  ,-2.162352859038e+00  ,-2.161368320956e+00  
  1.168153729861e+05  ,-9.424618431770e+00  ,-1.158699327672e+01  ,-1.093836690296e+01  ,-1.309975717172e+01  ,-2.162374844954e+00  ,-2.161390268763e+00  
  1.174897554940e+05  ,-9.378630592533e+00  ,-1.154102766770e+01  ,-1.085756982404e+01  ,-1.301898228438e+01  ,-2.162397075165e+00  ,-2.161412460336e+00  
  1.181680312545e+05  ,-9.332814739256e+00  ,-1.149523429147e+01  ,-1.077690244759e+01  ,-1.293833734599e+01  ,-2.162419552216e+00  ,-2.161434898394e+00  
  1.188502227437e+05  ,-9.287177625959e+00  ,-1.144961990481e+01  ,-1.069638235072e+01  ,-1.285783993629e+01  ,-2.162442278854e+00  ,-2.161457585566e+00  
  1.195363525674e+05  ,-9.241726056830e+00  ,-1.140419131453e+01  ,-1.061602791295e+01  ,-1.277750843726e+01  ,-2.162465257702e+00  ,-2.161480524313e+00  
  1.202264434617e+05  ,-9.196466887023e+00  ,-1.135895537833e+01  ,-1.053585834356e+01  ,-1.269736206110e+01  ,-2.162488491306e+00  ,-2.161503717542e+00  
  1.209205182943e+05  ,-9.151407030288e+00  ,-1.131391901276e+01  ,-1.045589374025e+01  ,-1.261742090800e+01  ,-2.162511982470e+00  ,-2.161527167750e+00  
  1.216186000646e+05  ,-9.106553457429e+00  ,-1.126908919139e+01  ,-1.037615511135e+01  ,-1.253770598926e+01  ,-2.162535733958e+00  ,-2.161550877906e+00  
  1.223207119050e+05  ,-9.061913202506e+00  ,-1.122447295074e+01  ,-1.029666443727e+01  ,-1.245823928769e+01  ,-2.162559748238e+00  ,-2.161574850426e+00  
  1.230268770812e+05  ,-9.017493369255e+00  ,-1.118007739764e+01  ,-1.021744469403e+01  ,-1.237904378220e+01  ,-2.162584028390e+00  ,-2.161599088179e+00  
  1.237371189935e+05  ,-8.973301129433e+00  ,-1.113590970664e+01  ,-1.013851991983e+01  ,-1.230014351401e+01  ,-2.162608577209e+00  ,-2.161623594172e+00  
  1.244514611771e+05  ,-8.929343730382e+00  ,-1.109197712769e+01  ,-1.005991524040e+01  ,-1.222156361151e+01  ,-2.162633397307e+00  ,-2.161648371110e+00  
  1.251699273032e+05  ,-8.885628496292e+00  ,-1.104828698804e+01  ,-9.981656916795e+00  ,-1.214333033842e+01  ,-2.162658491749e+00  ,-2.161673421627e+00  
  1.258925411794e+05  ,-8.842162832407e+00  ,-1.100484669563e+01  ,-9.903772398455e+00  ,-1.206547114728e+01  ,-2.162683863224e+00  ,-2.161698748824e+00  
  1.266193267511e+05  ,-8.798954228083e+00  ,-1.096166374294e+01  ,-9.826290343998e+00  ,-1.198801469963e+01  ,-2.162709514854e+00  ,-2.161724355629e+00  
  1.273503081017e+05  ,-8.756010259141e+00  ,-1.091874570847e+01  ,-9.749240693882e+00  ,-1.191099093872e+01  ,-2.162735449332e+00  ,-2.161750244836e+00  
  1.280855094536e+05  ,-8.713338594655e+00  ,-1.087610026449e+01  ,-9.672654677373e+00  ,-1.183443109691e+01  ,-2.162761669839e+00  ,-2.161776419540e+00  
  1.288249551693e+05  ,-8.670946994921e+00  ,-1.083373517409e+01  ,-9.596564883792e+00  ,-1.175836776639e+01  ,-2.162788179168e+00  ,-2.161802882602e+00  
  1.295686697517e+05  ,-8.628843317136e+00  ,-1.079165829763e+01  ,-9.521005271401e+00  ,-1.168283490844e+01  ,-2.162814980494e+00  ,-2.161829637037e+00  
  1.303166778452e+05  ,-8.587035517690e+00  ,-1.074987759445e+01  ,-9.446011224747e+00  ,-1.160786791063e+01  ,-2.162842076764e+00  ,-2.161856685888e+00  
  1.310690042366e+05  ,-8.545531656783e+00  ,-1.070840112796e+01  ,-9.371619572896e+00  ,-1.153350360522e+01  ,-2.162869471178e+00  ,-2.161884032324e+00  
  1.318256738556e+05  ,-8.504339897075e+00  ,-1.066723706373e+01  ,-9.297868632346e+00  ,-1.145978031163e+01  ,-2.162897166659e+00  ,-2.161911679280e+00  
  1.325867117761e+05  ,-8.463468508826e+00  ,-1.062639367525e+01  ,-9.224798214586e+00  ,-1.138673784464e+01  ,-2.162925166421e+00  ,-2.161939630058e+00  
  1.333521432163e+05  ,-8.422925872589e+00  ,-1.058587934621e+01  ,-9.152449666662e+00  ,-1.131441755422e+01  ,-2.162953473619e+00  ,-2.161967887555e+00  
  1.341219935405e+05  ,-8.382720478521e+00  ,-1.054570257006e+01  ,-9.080865870123e+00  ,-1.124286232544e+01  ,-2.162982091537e+00  ,-2.161996455319e+00  
  1.348962882592e+05  ,-8.342860930644e+00  ,-1.050587195382e+01  ,-9.010091265426e+00  ,-1.117211660164e+01  ,-2.163011023176e+00  ,-2.162025336213e+00  
  1.356750530300e+05  ,-8.303355947959e+00  ,-1.046639621996e+01  ,-8.940171847821e+00  ,-1.110222638149e+01  ,-2.163040271998e+00  ,-2.162054533667e+00  
  1.364583136589e+05  ,-8.264214366159e+00  ,-1.042728420721e+01  ,-8.871155171248e+00  ,-1.103323922195e+01  ,-2.163069841051e+00  ,-2.162084050706e+00  
  1.372460961008e+05  ,-8.225445138274e+00  ,-1.038854487204e+01  ,-8.803090323451e+00  ,-1.096520421437e+01  ,-2.163099733764e+00  ,-2.162113890915e+00  
  1.380384264603e+05  ,-8.187057334927e+00  ,-1.035018728845e+01  ,-8.736027930548e+00  ,-1.089817198813e+01  ,-2.163129953524e+00  ,-2.162144057578e+00  
  1.388353309929e+05  ,-8.149060146428e+00  ,-1.031222064992e+01  ,-8.670020101196e+00  ,-1.083219465503e+01  ,-2.163160503494e+00  ,-2.162174553834e+00  
  1.396368361056e+05  ,-8.111462883111e+00  ,-1.027465427039e+01  ,-8.605120405340e+00  ,-1.076732578862e+01  ,-2.163191387275e+00  ,-2.162205383282e+00  
  1.404429683578e+05  ,-8.074274975297e+00  ,-1.023749758340e+01  ,-8.541383819628e+00  ,-1.070362036899e+01  ,-2.163222608106e+00  ,-2.162236549359e+00  
  1.412537544623e+05  ,-8.037505972344e+00  ,-1.020076014190e+01  ,-8.478866660472e+00  ,-1.064113471559e+01  ,-2.163254169560e+00  ,-2.162268055116e+00  
  1.420692212860e+05  ,-8.001165542533e+00  ,-1.016445161759e+01  ,-8.417626508370e+00  ,-1.057992641272e+01  ,-2.163286075052e+00  ,-2.162299904353e+00  
  1.428893958511e+05  ,-7.965263473867e+00  ,-1.012858180208e+01  ,-8.357722121810e+00  ,-1.052005422240e+01  ,-2.163318328213e+00  ,-2.162332100595e+00  
  1.437143053356e+05  ,-7.929809668708e+00  ,-1.009316060117e+01  ,-8.299213330067e+00  ,-1.046157797746e+01  ,-2.163350932462e+00  ,-2.162364647394e+00  
  1.445439770746e+05  ,-7.894814148119e+00  ,-1.005819803944e+01  ,-8.242160926257e+00  ,-1.040455847437e+01  ,-2.163383891325e+00  ,-2.162397548108e+00  
  1.453784385608e+05  ,-7.860287044560e+00  ,-1.002370425288e+01  ,-8.186626499115e+00  ,-1.034905730550e+01  ,-2.163417208321e+00  ,-2.162430806382e+00  
  1.462177174457e+05  ,-7.826238601868e+00  ,-9.989689489324e+00  ,-8.132672327680e+00  ,-1.029513675363e+01  ,-2.163450887456e+00  ,-2.162464425948e+00  
  1.470618415405e+05  ,-7.792679171350e+00  ,-9.956164103438e+00  ,-8.080361178349e+00  ,-1.024285958871e+01  ,-2.163484932089e+00  ,-2.162498410359e+00  
  1.479108388168e+05  ,-7.759619210103e+00  ,-9.923138556062e+00  ,-8.029756132222e+00  ,-1.019228889566e+01  ,-2.163519345958e+00  ,-2.162532763434e+00  
  1.487647374080e+05  ,-7.727069275798e+00  ,-9.890623408638e+00  ,-7.980920389037e+00  ,-1.014348787768e+01  ,-2.163554132840e+00  ,-2.162567488643e+00  
  1.496235656094e+05  ,-7.695040022334e+00  ,-9.858629318666e+00  ,-7.933917041254e+00  ,-1.009651963128e+01  ,-2.163589296332e+00  ,-2.162602590025e+00  
  1.504873518803e+05  ,-7.663542195007e+00  ,-9.827167035369e+00  ,-7.888808845099e+00  ,-1.005144691616e+01  ,-2.163624840362e+00  ,-2.162638071058e+00  
  1.513561248436e+05  ,-7.632586625997e+00  ,-9.796247394802e+00  ,-7.845657971742e+00  ,-1.000833190760e+01  ,-2.163660768804e+00  ,-2.162673935854e+00  
  1.522299132880e+05  ,-7.602184227528e+00  ,-9.765881312894e+00  ,-7.804525742646e+00  ,-9.967235930672e+00  ,-2.163697085366e+00  ,-2.162710188026e+00  
  1.531087461682e+05  ,-7.572345984701e+00  ,-9.736079778730e+00  ,-7.765472354291e+00  ,-9.928219185866e+00  ,-2.163733794028e+00  ,-2.162746831575e+00  
  1.539926526059e+05  ,-7.543082950546e+00  ,-9.706853849093e+00  ,-7.728556588256e+00  ,-9.891340458387e+00  ,-2.163770898547e+00  ,-2.162783870131e+00  
  1.548816618912e+05  ,-7.514406235344e+00  ,-9.678214638401e+00  ,-7.693835516213e+00  ,-9.856656824312e+00  ,-2.163808403057e+00  ,-2.162821308099e+00  
  1.557758034832e+05  ,-7.486327000644e+00  ,-9.650173311994e+00  ,-7.661364189782e+00  ,-9.824223338865e+00  ,-2.163846311350e+00  ,-2.162859149084e+00  
  1.566751070108e+05  ,-7.458856448468e+00  ,-9.622741076119e+00  ,-7.631195331650e+00  ,-9.794092728955e+00  ,-2.163884627651e+00  ,-2.162897397305e+00  
  1.575796022744e+05  ,-7.432005813393e+00  ,-9.595929169261e+00  ,-7.603379019664e+00  ,-9.766315076097e+00  ,-2.163923355867e+00  ,-2.162936056433e+00  
  1.584893192461e+05  ,-7.405786349877e+00  ,-9.569748849903e+00  ,-7.577962371191e+00  ,-9.740937502134e+00  ,-2.163962500026e+00  ,-2.162975130943e+00  
  1.594042880712e+05  ,-7.380209324034e+00  ,-9.544211388306e+00  ,-7.554989229190e+00  ,-9.718003853897e+00  ,-2.164002064273e+00  ,-2.163014624707e+00  
  1.603245390690e+05  ,-7.355286000837e+00  ,-9.519328053528e+00  ,-7.534499857517e+00  ,-9.697554399535e+00  ,-2.164042052692e+00  ,-2.163054542018e+00  
  1.612501027338e+05  ,-7.331027628518e+00  ,-9.495110098242e+00  ,-7.516530637954e+00  ,-9.679625524777e+00  ,-2.164082469724e+00  ,-2.163094886823e+00  
  1.621810097359e+05  ,-7.307445430705e+00  ,-9.471568749883e+00  ,-7.501113787447e+00  ,-9.664249450763e+00  ,-2.164123319178e+00  ,-2.163135663316e+00  
  1.631172909228e+05  ,-7.284550590363e+00  ,-9.448715195724e+00  ,-7.488277083954e+00  ,-9.651453959913e+00  ,-2.164164605361e+00  ,-2.163176875958e+00  
  1.640589773200e+05  ,-7.262354233233e+00  ,-9.426560566044e+00  ,-7.478043611912e+00  ,-9.641262140663e+00  ,-2.164206332811e+00  ,-2.163218528751e+00  
  1.650061001320e+05  ,-7.240867417607e+00  ,-9.405115923198e+00  ,-7.470431532362e+00  ,-9.633692158522e+00  ,-2.164248505590e+00  ,-2.163260626160e+00  
  1.659586907438e+05  ,-7.220101112594e+00  ,-9.384392240773e+00  ,-7.465453873372e+00  ,-9.628757045772e+00  ,-2.164291128179e+00  ,-2.163303172400e+00  
  1.669167807211e+05  ,-7.200066187455e+00  ,-9.364400392169e+00  ,-7.463118347873e+00  ,-9.626464519739e+00  ,-2.164334204715e+00  ,-2.163346171866e+00  
  1.678804018123e+05  ,-7.180773389461e+00  ,-9.345151129262e+00  ,-7.463427201368e+00  ,-9.626816830310e+00  ,-2.164377739801e+00  ,-2.163389628943e+00  
  1.688495859487e+05  ,-7.162233329039e+00  ,-9.326655066753e+00  ,-7.466377088678e+00  ,-9.629810636708e+00  ,-2.164421737713e+00  ,-2.163433548030e+00  
  1.698243652462e+05  ,-7.144456461920e+00  ,-9.308922665012e+00  ,-7.471958986020e+00  ,-9.635436919606e+00  ,-2.164466203092e+00  ,-2.163477933586e+00  
  1.708047720060e+05  ,-7.127453066554e+00  ,-9.291964206776e+00  ,-7.480158132001e+00  ,-9.643680922101e+00  ,-2.164511140221e+00  ,-2.163522790100e+00  
  1.717908387158e+05  ,-7.111233228195e+00  ,-9.275789781868e+00  ,-7.490954007614e+00  ,-9.654522129650e+00  ,-2.164556553673e+00  ,-2.163568122035e+00  
  1.727825980508e+05  ,-7.095806817692e+00  ,-9.260409265933e+00  ,-7.504320345787e+00  ,-9.667934279782e+00  ,-2.164602448241e+00  ,-2.163613933995e+00  
  1.737800828749e+05  ,-7.081183471229e+00  ,-9.245832299391e+00  ,-7.520225177389e+00  ,-9.683885407902e+00  ,-2.164648828162e+00  ,-2.163660230513e+00  
  1.747833262418e+05  ,-7.067372566322e+00  ,-9.232068264639e+00  ,-7.538630911343e+00  ,-9.702337927652e+00  ,-2.164695698318e+00  ,-2.163707016309e+00  
  1.757923613959e+05  ,-7.054383204848e+00  ,-9.219126268014e+00  ,-7.559494443830e+00  ,-9.723248739724e+00  ,-2.164743063166e+00  ,-2.163754295894e+00  
  1.768072217734e+05  ,-7.042224188099e+00  ,-9.207015115759e+00  ,-7.582767299196e+00  ,-9.746569373220e+00  ,-2.164790927659e+00  ,-2.163802074023e+00  
  1.778279410039e+05  ,-7.030903994899e+00  ,-9.195743291169e+00  ,-7.608395800976e+00  ,-9.772246156379e+00  ,-2.164839296270e+00  ,-2.163850355404e+00  
  1.788545529108e+05  ,-7.020430759142e+00  ,-9.185318932984e+00  ,-7.636321265919e+00  ,-9.800220410581e+00  ,-2.164888173842e+00  ,-2.163899144663e+00  
  1.798870915129e+05  ,-7.010812247889e+00  ,-9.175749813040e+00  ,-7.666480225000e+00  ,-9.830428671834e+00  ,-2.164937565151e+00  ,-2.163948446834e+00  
  1.809255910254e+05  ,-7.002055836204e+00  ,-9.167043311227e+00  ,-7.698804663981e+00  ,-9.862802930460e+00  ,-2.164987475023e+00  ,-2.163998266478e+00  
  1.819700858610e+05  ,-6.994168486490e+00  ,-9.159206394704e+00  ,-7.733222279564e+00  ,-9.897270887959e+00  ,-2.165037908215e+00  ,-2.164048608394e+00  
  1.830206106311e+05  ,-6.987156721588e+00  ,-9.152245591336e+00  ,-7.769656756660e+00  ,-9.933756234420e+00  ,-2.165088869748e+00  ,-2.164099477760e+00  
  1.840772001469e+05  ,-6.981026605097e+00  ,-9.146166969761e+00  ,-7.808028051930e+00  ,-9.972178931200e+00  ,-2.165140364664e+00  ,-2.164150879270e+00  
  1.851398894205e+05  ,-6.975783715937e+00  ,-9.140976113469e+00  ,-7.848252689894e+00  ,-1.001245550767e+01  ,-2.165192397532e+00  ,-2.164202817775e+00  
  1.862087136663e+05  ,-6.971433124444e+00  ,-9.136678098044e+00  ,-7.890244063974e+00  ,-1.005449936236e+01  ,-2.165244973601e+00  ,-2.164255298381e+00  
  1.872837083018e+05  ,-6.967979369813e+00  ,-9.133277467552e+00  ,-7.933912742963e+00  ,-1.009822106903e+01  ,-2.165298097739e+00  ,-2.164308326066e+00  
  1.883649089490e+05  ,-6.965426438952e+00  ,-9.130778213999e+00  ,-7.979166775247e+00  ,-1.014352868110e+01  ,-2.165351775047e+00  ,-2.164361905850e+00  
  1.894523514357e+05  ,-6.963777739662e+00  ,-9.129183750336e+00  ,-8.025911994669e+00  ,-1.019032803743e+01  ,-2.165406010673e+00  ,-2.164416042765e+00  
  1.905460717963e+05  ,-6.963036081104e+00  ,-9.128496890626e+00  ,-8.074052322156e+00  ,-1.023852306410e+01  ,-2.165460809522e+00  ,-2.164470741948e+00  
  1.916461062735e+05  ,-6.963203650613e+00  ,-9.128719827702e+00  ,-8.123490060393e+00  ,-1.028801606895e+01  ,-2.165516177089e+00  ,-2.164526008561e+00  
  1.927524913191e+05  ,-6.964281992235e+00  ,-9.129854110300e+00  ,-8.174126182638e+00  ,-1.033870803029e+01  ,-2.165572118065e+00  ,-2.164581847656e+00  
  1.938652635952e+05  ,-6.966271986317e+00  ,-9.131900624399e+00  ,-8.225860613285e+00  ,-1.039049887769e+01  ,-2.165628638082e+00  ,-2.164638264409e+00  
  1.949844599758e+05  ,-6.969173826077e+00  ,-9.134859568073e+00  ,-8.278592497461e+00  ,-1.044328776149e+01  ,-2.165685741996e+00  ,-2.164695264030e+00  
  1.961101175476e+05  ,-6.972987000802e+00  ,-9.138730436113e+00  ,-8.332220460748e+00  ,-1.049697331273e+01  ,-2.165743435310e+00  ,-2.164752851985e+00  
  1.972422736115e+05  ,-6.977710274651e+00  ,-9.143511997791e+00  ,-8.386642857663e+00  ,-1.055145389081e+01  ,-2.165801723140e+00  ,-2.164811033146e+00  
  1.983809656837e+05  ,-6.983341668084e+00  ,-9.149202279084e+00  ,-8.441758008116e+00  ,-1.060662782128e+01  ,-2.165860611000e+00  ,-2.164869813164e+00  
  1.995262314969e+05  ,-6.989878440284e+00  ,-9.155798544377e+00  ,-8.497464421583e+00  ,-1.066239361888e+01  ,-2.165920104093e+00  ,-2.164929197293e+00  
  2.006781090018e+05  ,-6.997317072165e+00  ,-9.163297280086e+00  ,-8.553661010840e+00  ,-1.071865020162e+01  ,-2.165980207921e+00  ,-2.164989190781e+00  
  2.018366363682e+05  ,-7.005653249845e+00  ,-9.171694177426e+00  ,-8.610247291329e+00  ,-1.077529709043e+01  ,-2.166040927580e+00  ,-2.165049799102e+00  
  2.030018519860e+05  ,-7.014881848790e+00  ,-9.180984117668e+00  ,-8.667123571677e+00  ,-1.083223459933e+01  ,-2.166102268878e+00  ,-2.165111027651e+00  
  2.041737944670e+05  ,-7.024996920441e+00  ,-9.191161157611e+00  ,-8.724191130573e+00  ,-1.088936401245e+01  ,-2.166164237170e+00  ,-2.165172881881e+00  
  2.053525026457e+05  ,-7.035991678500e+00  ,-9.202218516386e+00  ,-8.781352385166e+00  ,-1.094658775253e+01  ,-2.166226837886e+00  ,-2.165235367368e+00  
  2.065380155811e+05  ,-7.047858486399e+00  ,-9.214148562903e+00  ,-8.838511046776e+00  ,-1.100380953629e+01  ,-2.166290076503e+00  ,-2.165298489509e+00  
  2.077303725573e+05  ,-7.060588845471e+00  ,-9.226942804074e+00  ,-8.895572269890e+00  ,-1.106093452361e+01  ,-2.166353958603e+00  ,-2.165362253721e+00  
  2.089296130854e+05  ,-7.074173386343e+00  ,-9.240591876164e+00  ,-8.952442790315e+00  ,-1.111786945623e+01  ,-2.166418489821e+00  ,-2.165426665919e+00  
  2.101357769047e+05  ,-7.088601857868e+00  ,-9.255085533541e+00  ,-9.009031055439e+00  ,-1.117452278670e+01  ,-2.166483675673e+00  ,-2.165491731259e+00  
  2.113489039837e+05  ,-7.103863121474e+00  ,-9.270412643297e+00  ,-9.065247347668e+00  ,-1.123080480336e+01  ,-2.166549521823e+00  ,-2.165557455697e+00  
  2.125690345217e+05  ,-7.119945142259e+00  ,-9.286561176252e+00  ,-9.121003900230e+00  ,-1.128662774489e+01  ,-2.166616033993e+00  ,-2.165623844663e+00  
  2.137962089502e+05  ,-7.136834985016e+00  ,-9.303518202694e+00  ,-9.176215005878e+00  ,-1.134190590982e+01  ,-2.166683217678e+00  ,-2.165690903947e+00  
  2.150304679340e+05  ,-7.154518809073e+00  ,-9.321269887978e+00  ,-9.230797121878e+00  ,-1.139655576105e+01  ,-2.166751078905e+00  ,-2.165758639172e+00  
  2.162718523727e+05  ,-7.172981865901e+00  ,-9.339801488916e+00  ,-9.284668968113e+00  ,-1.145049602409e+01  ,-2.166819623015e+00  ,-2.165827055978e+00  
  2.175204034020e+05  ,-7.192208497269e+00  ,-9.359097353231e+00  ,-9.337751619060e+00  ,-1.150364777939e+01  ,-2.166888855962e+00  ,-2.165896160328e+00  
  2.187761623950e+05  ,-7.212182134951e+00  ,-9.379140918382e+00  ,-9.389968594713e+00  ,-1.155593455238e+01  ,-2.166958783431e+00  ,-2.165965957669e+00  
  2.200391709637e+05  ,-7.232885301033e+00  ,-9.399914712394e+00  ,-9.441245943704e+00  ,-1.160728239785e+01  ,-2.167029411360e+00  ,-2.166036454148e+00  
  2.213094709606e+05  ,-7.254299610311e+00  ,-9.421400355791e+00  ,-9.491512324077e+00  ,-1.165761997923e+01  ,-2.167100745480e+00  ,-2.166107655158e+00  
  2.225871044793e+05  ,-7.276405775156e+00  ,-9.443578566857e+00  ,-9.540699080489e+00  ,-1.170687864752e+01  ,-2.167172791701e+00  ,-2.166179567036e+00  
  2.238721138568e+05  ,-7.299183609246e+00  ,-9.466429165140e+00  ,-9.588740314715e+00  ,-1.175499250986e+01  ,-2.167245555894e+00  ,-2.166252195142e+00  
  2.251645416745e+05  ,-7.322612033442e+00  ,-9.489931077277e+00  ,-9.635572956690e+00  ,-1.180189850236e+01  ,-2.167319043835e+00  ,-2.166325545672e+00  
  2.264644307593e+05  ,-7.346669085457e+00  ,-9.514062346954e+00  ,-9.681136827311e+00  ,-1.184753645161e+01  ,-2.167393261497e+00  ,-2.166399624302e+00  
  2.277718241857e+05  ,-7.371331928006e+00  ,-9.538800142778e+00  ,-9.725374699656e+00  ,-1.189184913672e+01  ,-2.167468214772e+00  ,-2.166474437068e+00  
  2.290867652768e+05  ,-7.396576860097e+00  ,-9.564120769794e+00  ,-9.768232354879e+00  ,-1.193478234460e+01  ,-2.167543909697e+00  ,-2.166549989722e+00  
  2.304092976056e+05  ,-7.422379328829e+00  ,-9.589999681045e+00  ,-9.809658633748e+00  ,-1.197628492233e+01  ,-2.167620352216e+00  ,-2.166626288580e+00  
  2.317394649968e+05  ,-7.448713944257e+00  ,-9.616411492516e+00  ,-9.849605482782e+00  ,-1.201630882205e+01  ,-2.167697548259e+00  ,-2.166703339268e+00  
  2.330773115283e+05  ,-7.475554493904e+00  ,-9.643329997668e+00  ,-9.888027996439e+00  ,-1.205480914453e+01  ,-2.167775503764e+00  ,-2.166781148096e+00  
  2.344228815320e+05  ,-7.502873960723e+00  ,-9.670728185702e+00  ,-9.924884452429e+00  ,-1.209174417304e+01  ,-2.167854224979e+00  ,-2.166859720606e+00  
  2.357762195961e+05  ,-7.530644541063e+00  ,-9.698578258978e+00  ,-9.960136342060e+00  ,-1.212707540532e+01  ,-2.167933717915e+00  ,-2.166939063257e+00  
  2.371373705662e+05  ,-7.558837666856e+00  ,-9.726851655177e+00  ,-9.993748394300e+00  ,-1.216076757612e+01  ,-2.168013988321e+00  ,-2.167019181821e+00  
  2.385063795465e+05  ,-7.587424025958e+00  ,-9.755519068515e+00  ,-1.002568859258e+01  ,-1.219278867499e+01  ,-2.168095042556e+00  ,-2.167100082409e+00  
  2.398832919020e+05  ,-7.616373587268e+00  ,-9.784550473802e+00  ,-1.005592818628e+01  ,-1.222310995745e+01  ,-2.168176886535e+00  ,-2.167181771174e+00  
  2.412681532592e+05  ,-7.645655626536e+00  ,-9.813915153020e+00  ,-1.008444169375e+01  ,-1.225170594790e+01  ,-2.168259526484e+00  ,-2.167264254146e+00  
  2.426610095082e+05  ,-7.675238754849e+00  ,-9.843581723276e+00  ,-1.011120689849e+01  ,-1.227855443579e+01  ,-2.168342968427e+00  ,-2.167347537303e+00  
  2.440619068042e+05  ,-7.705090947336e+00  ,-9.873518165830e+00  ,-1.013620483804e+01  ,-1.230363646492e+01  ,-2.168427218495e+00  ,-2.167431626881e+00  
  2.454708915685e+05  ,-7.735179576272e+00  ,-9.903691859112e+00  ,-1.015941978440e+01  ,-1.232693631325e+01  ,-2.168512282840e+00  ,-2.167516528843e+00  
  2.468880104906e+05  ,-7.765471443450e+00  ,-9.934069611052e+00  ,-1.018083921840e+01  ,-1.234844146795e+01  ,-2.168598167601e+00  ,-2.167602249555e+00  
  2.483133105296e+05  ,-7.795932817066e+00  ,-9.964617695930e+00  ,-1.020045379351e+01  ,-1.236814258842e+01  ,-2.168684878864e+00  ,-2.167688794908e+00  
  2.497468389154e+05  ,-7.826529470035e+00  ,-9.995301893001e+00  ,-1.021825729432e+01  ,-1.238603346530e+01  ,-2.168772422966e+00  ,-2.167776170975e+00  
  2.511886431510e+05  ,-7.857226719262e+00  ,-1.002608752518e+01  ,-1.023424658636e+01  ,-1.240211097062e+01  ,-2.168860805917e+00  ,-2.167864384262e+00  
  2.526387710132e+05  ,-7.887989469033e+00  ,-1.005693950278e+01  ,-1.024842155736e+01  ,-1.241637499794e+01  ,-2.168950033747e+00  ,-2.167953440582e+00  
  2.540972705549e+05  ,-7.918782253926e+00  ,-1.008782236692e+01  ,-1.026078505357e+01  ,-1.242882839987e+01  ,-2.169040112990e+00  ,-2.168043346299e+00  
  2.555641901064e+05  ,-7.949569287307e+00  ,-1.011870033688e+01  ,-1.027134280597e+01  ,-1.243947691324e+01  ,-2.169131049575e+00  ,-2.168134107269e+00  
  2.570395782769e+05  ,-7.980314510423e+00  ,-1.014953736022e+01  ,-1.028010335166e+01  ,-1.244832908171e+01  ,-2.169222849798e+00  ,-2.168225730055e+00  
  2.585234839562e+05  ,-8.010981642287e+00  ,-1.018029716194e+01  ,-1.028707794924e+01  ,-1.245539616975e+01  ,-2.169315519655e+00  ,-2.168318220506e+00  
  2.600159563165e+05  ,-8.041534232909e+00  ,-1.021094329850e+01  ,-1.029228048584e+01  ,-1.246069207074e+01  ,-2.169409065592e+00  ,-2.168411584898e+00  
  2.615170448138e+05  ,-8.071935720706e+00  ,-1.024143921439e+01  ,-1.029572738157e+01  ,-1.246423321087e+01  ,-2.169503493688e+00  ,-2.168505829300e+00  
  2.630267991895e+05  ,-8.102149488040e+00  ,-1.027174829815e+01  ,-1.029743748668e+01  ,-1.246603844685e+01  ,-2.169598810113e+00  ,-2.168600960174e+00  
  2.645452694724e+05  ,-8.132138922161e+00  ,-1.030183394313e+01  ,-1.029743197542e+01  ,-1.246612895876e+01  ,-2.169695020967e+00  ,-2.168696983343e+00  
  2.660725059799e+05  ,-8.161867476008e+00  ,-1.033165960860e+01  ,-1.029573423709e+01  ,-1.246452814221e+01  ,-2.169792132597e+00  ,-2.168793905123e+00  
  2.676085593199e+05  ,-8.191298732838e+00  ,-1.036118888394e+01  ,-1.029236976053e+01  ,-1.246126149224e+01  ,-2.169890151100e+00  ,-2.168891731709e+00  
  2.691534803927e+05  ,-8.220396468845e+00  ,-1.039038555149e+01  ,-1.028736602000e+01  ,-1.245635648901e+01  ,-2.169989082649e+00  ,-2.168990469013e+00  
  2.707073203921e+05  ,-8.249124723723e+00  ,-1.041921365705e+01  ,-1.028075235694e+01  ,-1.244984248025e+01  ,-2.170088933323e+00  ,-2.169090123312e+00  
  2.722701308078e+05  ,-8.277447865031e+00  ,-1.044763757459e+01  ,-1.027255985944e+01  ,-1.244175056035e+01  ,-2.170189709555e+00  ,-2.169190700911e+00  
  2.738419634264e+05  ,-8.305330659565e+00  ,-1.047562207668e+01  ,-1.026282124354e+01  ,-1.243211345118e+01  ,-2.170291417116e+00  ,-2.169292207642e+00  
  2.754228703338e+05  ,-8.332738343780e+00  ,-1.050313240617e+01  ,-1.025157073201e+01  ,-1.242096538174e+01  ,-2.170394062394e+00  ,-2.169394649731e+00  
  2.770129039164e+05  ,-8.359636694098e+00  ,-1.053013434552e+01  ,-1.023884393495e+01  ,-1.240834196841e+01  ,-2.170497651419e+00  ,-2.169498033453e+00  
  2.786121168630e+05  ,-8.385992099977e+00  ,-1.055659429027e+01  ,-1.022467773016e+01  ,-1.239428009471e+01  ,-2.170602190289e+00  ,-2.169602364553e+00  
  2.802205621667e+05  ,-8.411771635197e+00  ,-1.058247932039e+01  ,-1.020911014618e+01  ,-1.237881779552e+01  ,-2.170707685192e+00  ,-2.169707649335e+00  
  2.818382931264e+05  ,-8.436943129132e+00  ,-1.060775727132e+01  ,-1.019218024590e+01  ,-1.236199413967e+01  ,-2.170814142192e+00  ,-2.169813893767e+00  
  2.834653633490e+05  ,-8.461475240752e+00  ,-1.063239680791e+01  ,-1.017392801342e+01  ,-1.234384911730e+01  ,-2.170921567162e+00  ,-2.169921103877e+00  
  2.851018267504e+05  ,-8.485337528127e+00  ,-1.065636749448e+01  ,-1.015439424379e+01  ,-1.232442352940e+01  ,-2.171029966350e+00  ,-2.170029285618e+00  
  2.867477375581e+05  ,-8.508500519388e+00  ,-1.067963986519e+01  ,-1.013362043487e+01  ,-1.230375888012e+01  ,-2.171139345805e+00  ,-2.170138445248e+00  
  2.884031503127e+05  ,-8.530935780456e+00  ,-1.070218549171e+01  ,-1.011164868392e+01  ,-1.228189727223e+01  ,-2.171249711253e+00  ,-2.170248588313e+00  
  2.900681198693e+05  ,-8.552615985532e+00  ,-1.072397705456e+01  ,-1.008852158622e+01  ,-1.225888130750e+01  ,-2.171361069027e+00  ,-2.170359721275e+00  
  2.917427014001e+05  ,-8.573514979615e+00  ,-1.074498840447e+01  ,-1.006428213959e+01  ,-1.223475398922e+01  ,-2.171473424856e+00  ,-2.170471849628e+00  
  2.934269503956e+05  ,-8.593607841950e+00  ,-1.076519462653e+01  ,-1.003897365157e+01  ,-1.220955863094e+01  ,-2.171586784581e+00  ,-2.170584979369e+00  
  2.951209226666e+05  ,-8.612870948914e+00  ,-1.078457210327e+01  ,-1.001263965120e+01  ,-1.218333876773e+01  ,-2.171701154353e+00  ,-2.170699116523e+00  
  2.968246743463e+05  ,-8.631282027861e+00  ,-1.080309856780e+01  ,-9.985323805568e+00  ,-1.215613807239e+01  ,-2.171816539937e+00  ,-2.170814266818e+00  
  2.985382618918e+05  ,-8.648820213694e+00  ,-1.082075316071e+01  ,-9.957069840645e+00  ,-1.212800027661e+01  ,-2.171932947015e+00  ,-2.170930435966e+00  
  3.002617420861e+05  ,-8.665466098714e+00  ,-1.083751648036e+01  ,-9.927921466151e+00  ,-1.209896909607e+01  ,-2.172050381649e+00  ,-2.171047629924e+00  
  3.019951720402e+05  ,-8.681201777912e+00  ,-1.085337062737e+01  ,-9.897922305406e+00  ,-1.206908815973e+01  ,-2.172168849457e+00  ,-2.171165854325e+00  
  3.037386091946e+05  ,-8.696010891526e+00  ,-1.086829924766e+01  ,-9.867115830185e+00  ,-1.203840094500e+01  ,-2.172288356132e+00  ,-2.171285114817e+00  
  3.054921113216e+05  ,-8.709878663183e+00  ,-1.088228757052e+01  ,-9.835545298613e+00  ,-1.200695071575e+01  ,-2.172408907339e+00  ,-2.171405417141e+00  
  3.072557365267e+05  ,-8.722791930133e+00  ,-1.089532243891e+01  ,-9.803253697825e+00  ,-1.197478046463e+01  ,-2.172530508782e+00  ,-2.171526766807e+00  
  3.090295432514e+05  ,-8.734739173848e+00  ,-1.090739234005e+01  ,-9.770283692197e+00  ,-1.194193286178e+01  ,-2.172653166204e+00  ,-2.171649169579e+00  
  3.108135902740e+05  ,-8.745710539593e+00  ,-1.091848742465e+01  ,-9.736677574572e+00  ,-1.190845020547e+01  ,-2.172776885059e+00  ,-2.171772630897e+00  
  3.126079367124e+05  ,-8.755697852924e+00  ,-1.092859952368e+01  ,-9.702477220070e+00  ,-1.187437437634e+01  ,-2.172901670751e+00  ,-2.171897156266e+00  
  3.144126420259e+05  ,-8.764694633343e+00  ,-1.093772216230e+01  ,-9.667724047505e+00  ,-1.183974679853e+01  ,-2.173027528954e+00  ,-2.172022751025e+00  
  3.162277660168e+05  ,-8.772696097306e+00  ,-1.094585056223e+01  ,-9.632458979719e+00  ,-1.180460840040e+01  ,-2.173154464924e+00  ,-2.172149420678e+00  
  3.180533688330e+05  ,-8.779699159983e+00  ,-1.095298164410e+01  ,-9.596722412195e+00  ,-1.176899958260e+01  ,-2.173282484121e+00  ,-2.172277170405e+00  
  3.198895109691e+05  ,-8.785702426794e+00  ,-1.095911401865e+01  ,-9.560554180744e+00  ,-1.173296018644e+01  ,-2.173411591857e+00  ,-2.172406005699e+00  
  3.217362532696e+05  ,-8.790706184323e+00  ,-1.096424797763e+01  ,-9.523993535518e+00  ,-1.169652946721e+01  ,-2.173541793307e+00  ,-2.172535931689e+00  
  3.235936569296e+05  ,-8.794712383837e+00  ,-1.096838547760e+01  ,-9.487079115627e+00  ,-1.165974606909e+01  ,-2.173673093767e+00  ,-2.172666953464e+00  
  3.254617834980e+05  ,-8.797724614859e+00  ,-1.097153011333e+01  ,-9.449848928461e+00  ,-1.162264800487e+01  ,-2.173805498475e+00  ,-2.172799076410e+00  
  3.273406948788e+05  ,-8.799748081616e+00  ,-1.097368709385e+01  ,-9.412340329799e+00  ,-1.158527263510e+01  ,-2.173939012234e+00  ,-2.172932305299e+00  
  3.292304533334e+05  ,-8.800789567194e+00  ,-1.097486320749e+01  ,-9.374590007796e+00  ,-1.154765665305e+01  ,-2.174073640295e+00  ,-2.173066645250e+00  
  3.311311214826e+05  ,-8.800857397332e+00  ,-1.097506678485e+01  ,-9.336633967468e+00  ,-1.150983606852e+01  ,-2.174209387516e+00  ,-2.173202101049e+00  
  3.330427623087e+05  ,-8.799961396527e+00  ,-1.097430765529e+01  ,-9.298507519333e+00  ,-1.147184619700e+01  ,-2.174346258768e+00  ,-2.173338677662e+00  
  3.349654391578e+05  ,-8.798112842502e+00  ,-1.097259710143e+01  ,-9.260245268322e+00  ,-1.143372164811e+01  ,-2.174484258928e+00  ,-2.173476379785e+00  
  3.368992157415e+05  ,-8.795324413738e+00  ,-1.096994780642e+01  ,-9.221881104238e+00  ,-1.139549631656e+01  ,-2.174623392685e+00  ,-2.173615212325e+00  
  3.388441561392e+05  ,-8.791610135757e+00  ,-1.096637380048e+01  ,-9.183448194972e+00  ,-1.135720337465e+01  ,-2.174763664725e+00  ,-2.173755179674e+00  
  3.408003248004e+05  ,-8.786985322720e+00  ,-1.096189040239e+01  ,-9.144978979664e+00  ,-1.131887526630e+01  ,-2.174905079671e+00  ,-2.173896286633e+00  
  3.427677865465e+05  ,-8.781466516240e+00  ,-1.095651415826e+01  ,-9.106505163951e+00  ,-1.128054370128e+01  ,-2.175047642016e+00  ,-2.174038537326e+00  
  3.447466065732e+05  ,-8.775071421497e+00  ,-1.095026277775e+01  ,-9.068057716912e+00  ,-1.124223965353e+01  ,-2.175191356252e+00  ,-2.174181936616e+00  
  3.467368504525e+05  ,-8.767818840091e+00  ,-1.094315506665e+01  ,-9.029666866117e+00  ,-1.120399335439e+01  ,-2.175336226560e+00  ,-2.174326488269e+00  
  3.487385841352e+05  ,-8.759728604331e+00  ,-1.093521086168e+01  ,-8.991362097499e+00  ,-1.116583429453e+01  ,-2.175482257351e+00  ,-2.174472197027e+00  
  3.507518739526e+05  ,-8.750821504352e+00  ,-1.092645095721e+01  ,-8.953172152804e+00  ,-1.112779121963e+01  ,-2.175629452860e+00  ,-2.174619066823e+00  
  3.527767866189e+05  ,-8.741119221141e+00  ,-1.091689703827e+01  ,-8.915125029080e+00  ,-1.108989213091e+01  ,-2.175777817125e+00  ,-2.174767101832e+00  
  3.548133892336e+05  ,-8.730644251783e+00  ,-1.090657160583e+01  ,-8.877247977935e+00  ,-1.105216428364e+01  ,-2.175927354050e+00  ,-2.174916305701e+00  
  3.568617492835e+05  ,-8.719419839208e+00  ,-1.089549790679e+01  ,-8.839567505928e+00  ,-1.101463418837e+01  ,-2.176078067577e+00  ,-2.175066682443e+00  
  3.589219346450e+05  ,-8.707469899185e+00  ,-1.088369986072e+01  ,-8.802109375390e+00  ,-1.097732761154e+01  ,-2.176229961535e+00  ,-2.175218236153e+00  
  3.609940135864e+05  ,-8.694818949572e+00  ,-1.087120198925e+01  ,-8.764898604313e+00  ,-1.094026957431e+01  ,-2.176383039675e+00  ,-2.175370969999e+00  
  3.630780547701e+05  ,-8.681492038518e+00  ,-1.085802934398e+01  ,-8.727959468005e+00  ,-1.090348435589e+01  ,-2.176537305466e+00  ,-2.175524887886e+00  
  3.651741272548e+05  ,-8.667514672917e+00  ,-1.084420743550e+01  ,-8.691315499925e+00  ,-1.086699549311e+01  ,-2.176692762585e+00  ,-2.175679993180e+00  
  3.672823004981e+05  ,-8.652912752254e+00  ,-1.082976216656e+01  ,-8.654989492829e+00  ,-1.083082578196e+01  ,-2.176849414306e+00  ,-2.175836289135e+00  
  3.694026443583e+05  ,-8.637712498731e+00  ,-1.081471976275e+01  ,-8.619003500375e+00  ,-1.079499727944e+01  ,-2.177007264015e+00  ,-2.175993779067e+00  
  3.715352290972e+05  ,-8.621940390804e+00  ,-1.079910670564e+01  ,-8.583378838922e+00  ,-1.075953130513e+01  ,-2.177166314841e+00  ,-2.176152466203e+00  
  3.736801253821e+05  ,-8.605623099785e+00  ,-1.078294966961e+01  ,-8.548136087811e+00  ,-1.072444844132e+01  ,-2.177326569826e+00  ,-2.176312353511e+00  
  3.758374042884e+05  ,-8.588787428341e+00  ,-1.076627546018e+01  ,-8.513295092644e+00  ,-1.068976853650e+01  ,-2.177488031842e+00  ,-2.176473443857e+00  
  3.780071373018e+05  ,-8.571460248244e+00  ,-1.074911095214e+01  ,-8.478874965457e+00  ,-1.065551070548e+01  ,-2.177650703898e+00  ,-2.176635740024e+00  
  3.801893963206e+05  ,-8.553668445609e+00  ,-1.073148303422e+01  ,-8.444894087293e+00  ,-1.062169333216e+01  ,-2.177814588606e+00  ,-2.176799244863e+00  
  3.823842536581e+05  ,-8.535438863221e+00  ,-1.071341855185e+01  ,-8.411370108638e+00  ,-1.058833406942e+01  ,-2.177979688632e+00  ,-2.176963960781e+00  
  3.845917820454e+05  ,-8.516798250147e+00  ,-1.069494425638e+01  ,-8.378319953173e+00  ,-1.055544984328e+01  ,-2.178146006237e+00  ,-2.177129890111e+00  
  3.868120546331e+05  ,-8.497773209355e+00  ,-1.067608675325e+01  ,-8.345759816998e+00  ,-1.052305685220e+01  ,-2.178313543899e+00  ,-2.177297035205e+00  
  3.890451449943e+05  ,-8.478390152622e+00  ,-1.065687245641e+01  ,-8.313705172830e+00  ,-1.049117057102e+01  ,-2.178482303784e+00  ,-2.177465398190e+00  
  3.912911271269e+05  ,-8.458675255037e+00  ,-1.063732754315e+01  ,-8.282170769806e+00  ,-1.045980575110e+01  ,-2.178652288108e+00  ,-2.177634981299e+00  
  3.935500754558e+05  ,-8.438654414160e+00  ,-1.061747791290e+01  ,-8.251170637782e+00  ,-1.042897642401e+01  ,-2.178823498737e+00  ,-2.177805786231e+00  
  3.958220648357e+05  ,-8.418353208677e+00  ,-1.059734914595e+01  ,-8.220718086937e+00  ,-1.039869590171e+01  ,-2.178995937269e+00  ,-2.177977814776e+00  
  3.981071705535e+05  ,-8.397796865264e+00  ,-1.057696647096e+01  ,-8.190825712616e+00  ,-1.036897678134e+01  ,-2.179169605699e+00  ,-2.178151068729e+00  
  4.004054683306e+05  ,-8.377010223218e+00  ,-1.055635472858e+01  ,-8.161505395540e+00  ,-1.033983094468e+01  ,-2.179344505362e+00  ,-2.178325549144e+00  
  4.027170343255e+05  ,-8.356017704107e+00  ,-1.053553834165e+01  ,-8.132768306814e+00  ,-1.031126956457e+01  ,-2.179520637543e+00  ,-2.178501257758e+00  
  4.050419451365e+05  ,-8.334843284371e+00  ,-1.051454128798e+01  ,-8.104624908636e+00  ,-1.028330310426e+01  ,-2.179698003609e+00  ,-2.178678195626e+00  
  4.073802778041e+05  ,-8.313510467706e+00  ,-1.049338707223e+01  ,-8.077084959225e+00  ,-1.025594132282e+01  ,-2.179876604526e+00  ,-2.178856363599e+00  
  4.097321098135e+05  ,-8.292042264502e+00  ,-1.047209870589e+01  ,-8.050157515959e+00  ,-1.022919327873e+01  ,-2.180056441392e+00  ,-2.179035762772e+00  
  4.120975190973e+05  ,-8.270461168760e+00  ,-1.045069868358e+01  ,-8.023850938767e+00  ,-1.020306733267e+01  ,-2.180237514822e+00  ,-2.179216393903e+00  
  4.144765840379e+05  ,-8.248789142252e+00  ,-1.042920896775e+01  ,-7.998172895274e+00  ,-1.017757115264e+01  ,-2.180419825496e+00  ,-2.179398257363e+00  
  4.168693834703e+05  ,-8.227047595686e+00  ,-1.040765096956e+01  ,-7.973130364472e+00  ,-1.015271171826e+01  ,-2.180603373878e+00  ,-2.179581353789e+00  
  4.192759966846e+05  ,-8.205257377678e+00  ,-1.038604553784e+01  ,-7.948729642784e+00  ,-1.012849532589e+01  ,-2.180788160161e+00  ,-2.179765683110e+00  
  4.216965034286e+05  ,-8.183438759872e+00  ,-1.036441294464e+01  ,-7.924976349143e+00  ,-1.010492759490e+01  ,-2.180974184764e+00  ,-2.179951245759e+00  
  4.241309839105e+05  ,-8.161611430263e+00  ,-1.034277287745e+01  ,-7.901875431027e+00  ,-1.008201347234e+01  ,-2.181161447189e+00  ,-2.180138041316e+00  
  4.265795188016e+05  ,-8.139794482929e+00  ,-1.032114443055e+01  ,-7.879431171464e+00  ,-1.005975724129e+01  ,-2.181349947619e+00  ,-2.180326069827e+00  
  4.290421892389e+05  ,-8.118006411783e+00  ,-1.029954609731e+01  ,-7.857647194886e+00  ,-1.003816252554e+01  ,-2.181539685527e+00  ,-2.180515330651e+00  
  4.315190768278e+05  ,-8.096265107217e+00  ,-1.027799576763e+01  ,-7.836526476389e+00  ,-1.001723229978e+01  ,-2.181730660416e+00  ,-2.180705823389e+00  
  4.340102636447e+05  ,-8.074587852844e+00  ,-1.025651072443e+01  ,-7.816071348450e+00  ,-9.996968895569e+00  ,-2.181922871583e+00  ,-2.180897547119e+00  
  4.365158322402e+05  ,-8.052991322658e+00  ,-1.023510764058e+01  ,-7.796283510232e+00  ,-9.977374011104e+00  ,-2.182116317918e+00  ,-2.181090500872e+00  
  4.390358656410e+05  ,-8.031491582631e+00  ,-1.021380258132e+01  ,-7.777164036839e+00  ,-9.958448720464e+00  ,-2.182310998685e+00  ,-2.181284683625e+00  
  4.415704473533e+05  ,-8.010104090395e+00  ,-1.019261100283e+01  ,-7.758713388661e+00  ,-9.940193482574e+00  ,-2.182506912431e+00  ,-2.181480093913e+00  
  4.441196613656e+05  ,-7.988843697801e+00  ,-1.017154775551e+01  ,-7.740931422777e+00  ,-9.922608153274e+00  ,-2.182704057709e+00  ,-2.181676730497e+00  
  4.466835921510e+05  ,-7.967724655841e+00  ,-1.015062708890e+01  ,-7.723817402550e+00  ,-9.905691994018e+00  ,-2.182902433055e+00  ,-2.181874591467e+00  
  4.492623246703e+05  ,-7.946760616194e+00  ,-1.012986265252e+01  ,-7.707370009871e+00  ,-9.889443684845e+00  ,-2.183102036322e+00  ,-2.182073674974e+00  
  4.518559443749e+05  ,-7.925964638814e+00  ,-1.010926750455e+01  ,-7.691587357217e+00  ,-9.873861336260e+00  ,-2.183302865732e+00  ,-2.182273979044e+00  
  4.544645372095e+05  ,-7.905349197292e+00  ,-1.008885411648e+01  ,-7.676467000312e+00  ,-9.858942501759e+00  ,-2.183504919189e+00  ,-2.182475501447e+00  
  4.570881896149e+05  ,-7.884926185978e+00  ,-1.006863438014e+01  ,-7.662005950345e+00  ,-9.844684189962e+00  ,-2.183708194165e+00  ,-2.182678239616e+00  
  4.597269885309e+05  ,-7.864706926490e+00  ,-1.004861961458e+01  ,-7.648200688873e+00  ,-9.831082879953e+00  ,-2.183912688093e+00  ,-2.182882191081e+00  
  4.623810213993e+05  ,-7.844702178365e+00  ,-1.002882057649e+01  ,-7.635047181166e+00  ,-9.818134533937e+00  ,-2.184118398130e+00  ,-2.183087352771e+00  
  4.650503761666e+05  ,-7.824922145240e+00  ,-1.000924746664e+01  ,-7.622540890605e+00  ,-9.805834612458e+00  ,-2.184325321400e+00  ,-2.183293721853e+00  
  4.677351412872e+05  ,-7.805376485271e+00  ,-9.989909939968e+00  ,-7.610676794283e+00  ,-9.794178089277e+00  ,-2.184533454697e+00  ,-2.183501294995e+00  
  4.704354057260e+05  ,-7.786074322206e+00  ,-9.970817116811e+00  ,-7.599449397789e+00  ,-9.783159466402e+00  ,-2.184742794606e+00  ,-2.183710068613e+00  
  4.731512589615e+05  ,-7.767024252895e+00  ,-9.951977590382e+00  ,-7.588852751480e+00  ,-9.772772790901e+00  ,-2.184953337487e+00  ,-2.183920039421e+00  
  4.758827909888e+05  ,-7.748234359577e+00  ,-9.933399439277e+00  ,-7.578880466506e+00  ,-9.763011669658e+00  ,-2.185165079700e+00  ,-2.184131203152e+00  
  4.786300923226e+05  ,-7.729712220465e+00  ,-9.915090237639e+00  ,-7.569525730795e+00  ,-9.753869286843e+00  ,-2.185378017174e+00  ,-2.184343556048e+00  
  4.813932540002e+05  ,-7.711464920342e+00  ,-9.897057066013e+00  ,-7.560781326429e+00  ,-9.745338420265e+00  ,-2.185592145671e+00  ,-2.184557093837e+00  
  4.841723675841e+05  ,-7.693499061517e+00  ,-9.879306522263e+00  ,-7.552639646278e+00  ,-9.737411458114e+00  ,-2.185807460745e+00  ,-2.184771811836e+00  
  4.869675251659e+05  ,-7.675820776102e+00  ,-9.861844733997e+00  ,-7.545092711278e+00  ,-9.730080416700e+00  ,-2.186023957895e+00  ,-2.184987705422e+00  
  4.897788193685e+05  ,-7.658435737027e+00  ,-9.844677369154e+00  ,-7.538132187722e+00  ,-9.723336957550e+00  ,-2.186241632127e+00  ,-2.185204769827e+00  
  4.926063433496e+05  ,-7.641349169801e+00  ,-9.827809648188e+00  ,-7.531749404571e+00  ,-9.717172404236e+00  ,-2.186460478387e+00  ,-2.185422999665e+00  
  4.954501908048e+05  ,-7.624565863661e+00  ,-9.811246355134e+00  ,-7.525935371557e+00  ,-9.711577761254e+00  ,-2.186680491473e+00  ,-2.185642389697e+00  
  4.983104559705e+05  ,-7.608090183668e+00  ,-9.794991849645e+00  ,-7.520680796320e+00  ,-9.706543730740e+00  ,-2.186901665977e+00  ,-2.185862934420e+00  
  5.011872336273e+05  ,-7.591926083357e+00  ,-9.779050079455e+00  ,-7.515976102347e+00  ,-9.702060730467e+00  ,-2.187123996099e+00  ,-2.186084628120e+00  
  5.040806191027e+05  ,-7.576077114503e+00  ,-9.763424590165e+00  ,-7.511811446568e+00  ,-9.698118911285e+00  ,-2.187347475662e+00  ,-2.186307464717e+00  
  5.069907082747e+05  ,-7.560546439871e+00  ,-9.748118538793e+00  ,-7.508176736802e+00  ,-9.694708174675e+00  ,-2.187572098922e+00  ,-2.186531437873e+00  
  5.099175975749e+05  ,-7.545336845685e+00  ,-9.733134705065e+00  ,-7.505061649465e+00  ,-9.691818190792e+00  ,-2.187797859380e+00  ,-2.186756541327e+00  
  5.128613839914e+05  ,-7.530450751417e+00  ,-9.718475501625e+00  ,-7.502455647234e+00  ,-9.689438415608e+00  ,-2.188024750207e+00  ,-2.186982768375e+00  
  5.158221650723e+05  ,-7.515890222875e+00  ,-9.704142987862e+00  ,-7.500347995528e+00  ,-9.687558107707e+00  ,-2.188252764987e+00  ,-2.187210112179e+00  
  5.188000389290e+05  ,-7.501656982471e+00  ,-9.690138878977e+00  ,-7.498727780317e+00  ,-9.686166345871e+00  ,-2.188481896506e+00  ,-2.187438565554e+00  
  5.217951042390e+05  ,-7.487752421207e+00  ,-9.676464558559e+00  ,-7.497583924359e+00  ,-9.685252045345e+00  ,-2.188712137353e+00  ,-2.187668120986e+00  
  5.248074602498e+05  ,-7.474177608107e+00  ,-9.663121088300e+00  ,-7.496905204240e+00  ,-9.684803975534e+00  ,-2.188943480194e+00  ,-2.187898771294e+00  
  5.278372067816e+05  ,-7.460933304763e+00  ,-9.650109222038e+00  ,-7.496680266882e+00  ,-9.684810775248e+00  ,-2.189175917275e+00  ,-2.188130508366e+00  
  5.308844442310e+05  ,-7.448019972138e+00  ,-9.637429412887e+00  ,-7.496897644943e+00  ,-9.685260969376e+00  ,-2.189409440748e+00  ,-2.188363324433e+00  
  5.339492735742e+05  ,-7.435437783923e+00  ,-9.625081826162e+00  ,-7.497545772476e+00  ,-9.686142983586e+00  ,-2.189644042238e+00  ,-2.188597211110e+00  
  5.370317963703e+05  ,-7.423186636568e+00  ,-9.613066350152e+00  ,-7.498613001455e+00  ,-9.687445161403e+00  ,-2.189879713584e+00  ,-2.188832159948e+00  
  5.401321147646e+05  ,-7.411266158043e+00  ,-9.601382604057e+00  ,-7.500087614881e+00  ,-9.689155777088e+00  ,-2.190116446014e+00  ,-2.189068162207e+00  
  5.432503314924e+05  ,-7.399675720262e+00  ,-9.590029951198e+00  ,-7.501957843624e+00  ,-9.691263052774e+00  ,-2.190354230937e+00  ,-2.189305209150e+00  
  5.463865498819e+05  ,-7.388414448411e+00  ,-9.579007507231e+00  ,-7.504211878590e+00  ,-9.693755170014e+00  ,-2.190593058820e+00  ,-2.189543291424e+00  
  5.495408738576e+05  ,-7.377481229418e+00  ,-9.568314150212e+00  ,-7.506837885566e+00  ,-9.696620285345e+00  ,-2.190832920795e+00  ,-2.189782399779e+00  
  5.527134079444e+05  ,-7.366874723212e+00  ,-9.557948530512e+00  ,-7.509824018776e+00  ,-9.699846543368e+00  ,-2.191073807299e+00  ,-2.190022524592e+00  
  5.559042572704e+05  ,-7.356593371476e+00  ,-9.547909079658e+00  ,-7.513158432950e+00  ,-9.703422088962e+00  ,-2.191315708182e+00  ,-2.190263656012e+00  
  5.591135275706e+05  ,-7.346635407426e+00  ,-9.538194021391e+00  ,-7.516829296648e+00  ,-9.707335080687e+00  ,-2.191558613965e+00  ,-2.190505784039e+00  
  5.623413251904e+05  ,-7.336998863494e+00  ,-9.528801377760e+00  ,-7.520824804043e+00  ,-9.711573702283e+00  ,-2.191802514265e+00  ,-2.190748898240e+00  
  5.655877570892e+05  ,-7.327681582384e+00  ,-9.519728981014e+00  ,-7.525133185948e+00  ,-9.716126174325e+00  ,-2.192047398631e+00  ,-2.190992988378e+00  
  5.688529308439e+05  ,-7.318681224055e+00  ,-9.510974480467e+00  ,-7.529742721528e+00  ,-9.720980765009e+00  ,-2.192293256412e+00  ,-2.191238043481e+00  
  5.721369546523e+05  ,-7.309995273682e+00  ,-9.502535350392e+00  ,-7.534641749192e+00  ,-9.726125801816e+00  ,-2.192540076710e+00  ,-2.191484052624e+00  
  5.754399373372e+05  ,-7.301621052122e+00  ,-9.494408900734e+00  ,-7.539818675672e+00  ,-9.731549680423e+00  ,-2.192787848612e+00  ,-2.191731004751e+00  
  5.787619883491e+05  ,-7.293555723103e+00  ,-9.486592283508e+00  ,-7.545261986568e+00  ,-9.737240874814e+00  ,-2.193036560405e+00  ,-2.191978888246e+00  
  5.821032177709e+05  ,-7.285796299467e+00  ,-9.479082500572e+00  ,-7.550960255813e+00  ,-9.743187947540e+00  ,-2.193286201105e+00  ,-2.192227691727e+00  
  5.854637363206e+05  ,-7.278339652992e+00  ,-9.471876411539e+00  ,-7.556902153433e+00  ,-9.749379556621e+00  ,-2.193536758547e+00  ,-2.192477403189e+00  
  5.888436553556e+05  ,-7.271182521136e+00  ,-9.464970742046e+00  ,-7.563076454762e+00  ,-9.755804465425e+00  ,-2.193788220910e+00  ,-2.192728010663e+00  
  5.922430868761e+05  ,-7.264321513480e+00  ,-9.458362089562e+00  ,-7.569472047634e+00  ,-9.762451549527e+00  ,-2.194040576082e+00  ,-2.192979501893e+00  
  5.956621435290e+05  ,-7.257753120708e+00  ,-9.452046932009e+00  ,-7.576077940496e+00  ,-9.769309804814e+00  ,-2.194293811300e+00  ,-2.193231864319e+00  
  5.991009386114e+05  ,-7.251473720261e+00  ,-9.446021634696e+00  ,-7.582883268557e+00  ,-9.776368353573e+00  ,-2.194547914436e+00  ,-2.193485085015e+00  
  6.025595860744e+05  ,-7.245479581966e+00  ,-9.440282454119e+00  ,-7.589877300805e+00  ,-9.783616452155e+00  ,-2.194802872153e+00  ,-2.193739151350e+00  
  6.060382005271e+05  ,-7.239766877263e+00  ,-9.434825549169e+00  ,-7.597049446363e+00  ,-9.791043496576e+00  ,-2.195058671906e+00  ,-2.193994050212e+00  
  6.095368972402e+05  ,-7.234331683652e+00  ,-9.429646983637e+00  ,-7.604389259076e+00  ,-9.798639027034e+00  ,-2.195315299984e+00  ,-2.194249767958e+00  
  6.130557921498e+05  ,-7.229169991085e+00  ,-9.424742734283e+00  ,-7.611886444155e+00  ,-9.806392735516e+00  ,-2.195572743198e+00  ,-2.194506291361e+00  
  6.165950018615e+05  ,-7.224277708434e+00  ,-9.420108696312e+00  ,-7.619530861976e+00  ,-9.814294468275e+00  ,-2.195830987877e+00  ,-2.194763606298e+00  
  6.201546436538e+05  ,-7.219650668654e+00  ,-9.415740688697e+00  ,-7.627312533165e+00  ,-9.822334232243e+00  ,-2.196090020043e+00  ,-2.195021699078e+00  
  6.237348354824e+05  ,-7.215284635379e+00  ,-9.411634461043e+00  ,-7.635221642647e+00  ,-9.830502198171e+00  ,-2.196349825664e+00  ,-2.195280555524e+00  
  6.273356959840e+05  ,-7.211175307295e+00  ,-9.407785697575e+00  ,-7.643248542790e+00  ,-9.838788703717e+00  ,-2.196610390280e+00  ,-2.195540160927e+00  
  6.309573444802e+05  ,-7.207318324074e+00  ,-9.404190023792e+00  ,-7.651383757543e+00  ,-9.847184258580e+00  ,-2.196871699719e+00  ,-2.195800501037e+00  
  6.345999009813e+05  ,-7.203709270666e+00  ,-9.400843009812e+00  ,-7.659617985264e+00  ,-9.855679546292e+00  ,-2.197133739145e+00  ,-2.196061561028e+00  
  6.382634861906e+05  ,-7.200343683867e+00  ,-9.397740177543e+00  ,-7.667942101427e+00  ,-9.864265427194e+00  ,-2.197396493676e+00  ,-2.196323325767e+00  
  6.419482215080e+05  ,-7.197217055397e+00  ,-9.394877003703e+00  ,-7.676347160654e+00  ,-9.872932940960e+00  ,-2.197659948305e+00  ,-2.196585780306e+00  
  6.456542290347e+05  ,-7.194324836134e+00  ,-9.392248923884e+00  ,-7.684824399389e+00  ,-9.881673308467e+00  ,-2.197924087750e+00  ,-2.196848909077e+00  
  6.493816315762e+05  ,-7.191662443511e+00  ,-9.389851340154e+00  ,-7.693365237532e+00  ,-9.890477934236e+00  ,-2.198188896643e+00  ,-2.197112696704e+00  
  6.531305526475e+05  ,-7.189225262551e+00  ,-9.387679621798e+00  ,-7.701961279614e+00  ,-9.899338407008e+00  ,-2.198454359247e+00  ,-2.197377127394e+00  
  6.569011164763e+05  ,-7.187008651698e+00  ,-9.385729111561e+00  ,-7.710604316593e+00  ,-9.908246501793e+00  ,-2.198720459864e+00  ,-2.197642185200e+00  
  6.606934480076e+05  ,-7.185007945437e+00  ,-9.383995127974e+00  ,-7.719286326527e+00  ,-9.917194180757e+00  ,-2.198987182537e+00  ,-2.197907854229e+00  
  6.645076729078e+05  ,-7.183218459739e+00  ,-9.382472970800e+00  ,-7.727999475448e+00  ,-9.926173593536e+00  ,-2.199254511062e+00  ,-2.198174118087e+00  
  6.683439175686e+05  ,-7.181635494947e+00  ,-9.381157924145e+00  ,-7.736736117662e+00  ,-9.935177078012e+00  ,-2.199522429197e+00  ,-2.198440960350e+00  
  6.722023091116e+05  ,-7.180254338811e+00  ,-9.380045259200e+00  ,-7.745488796572e+00  ,-9.944197160974e+00  ,-2.199790920388e+00  ,-2.198708364401e+00  
  6.760829753920e+05  ,-7.179070271268e+00  ,-9.379130239296e+00  ,-7.754250244156e+00  ,-9.953226557651e+00  ,-2.200059968027e+00  ,-2.198976313495e+00  
  6.799860450033e+05  ,-7.178078565822e+00  ,-9.378408121045e+00  ,-7.763013381174e+00  ,-9.962258171905e+00  ,-2.200329555223e+00  ,-2.199244790731e+00  
  6.839116472814e+05  ,-7.177274493759e+00  ,-9.377874158890e+00  ,-7.771771317371e+00  ,-9.971285096397e+00  ,-2.200599665131e+00  ,-2.199513779026e+00  
  6.878599123088e+05  ,-7.176653327629e+00  ,-9.377523608297e+00  ,-7.780517349740e+00  ,-9.980300610828e+00  ,-2.200870280668e+00  ,-2.199783261088e+00  
  6.918309709189e+05  ,-7.176210342230e+00  ,-9.377351726543e+00  ,-7.789244962843e+00  ,-9.989298182525e+00  ,-2.201141384312e+00  ,-2.200053219682e+00  
  6.958249547006e+05  ,-7.175940819620e+00  ,-9.377353778598e+00  ,-7.797947828283e+00  ,-9.998271465373e+00  ,-2.201412958977e+00  ,-2.200323637090e+00  
  6.998419960023e+05  ,-7.175840049817e+00  ,-9.377525036563e+00  ,-7.806619802502e+00  ,-1.000721429815e+01  ,-2.201684986746e+00  ,-2.200594495652e+00  
  7.038822279365e+05  ,-7.175903334151e+00  ,-9.377860784355e+00  ,-7.815254927092e+00  ,-1.001612070460e+01  ,-2.201957450203e+00  ,-2.200865777513e+00  
  7.079457843842e+05  ,-7.176125988616e+00  ,-9.378356319914e+00  ,-7.823847426522e+00  ,-1.002498489145e+01  ,-2.202230331297e+00  ,-2.201137464933e+00  
  7.120327999992e+05  ,-7.176503342830e+00  ,-9.379006955269e+00  ,-7.832391707074e+00  ,-1.003380124675e+01  ,-2.202503612440e+00  ,-2.201409539672e+00  
  7.161434102129e+05  ,-7.177030745966e+00  ,-9.379808021051e+00  ,-7.840882356183e+00  ,-1.004256433975e+01  ,-2.202777275085e+00  ,-2.201681983566e+00  
  7.202777512384e+05  ,-7.177703566419e+00  ,-9.380754867816e+00  ,-7.849314139412e+00  ,-1.005126891761e+01  ,-2.203051301398e+00  ,-2.201954778202e+00  
  7.244359600750e+05  ,-7.178517194751e+00  ,-9.381842867416e+00  ,-7.857681999893e+00  ,-1.005990990489e+01  ,-2.203325672665e+00  ,-2.202227904994e+00  
  7.286181745132e+05  ,-7.179467044633e+00  ,-9.383067415224e+00  ,-7.865981056086e+00  ,-1.006848240175e+01  ,-2.203600370591e+00  ,-2.202501345660e+00  
  7.328245331389e+05  ,-7.180548555773e+00  ,-9.384423932654e+00  ,-7.874206600141e+00  ,-1.007698168145e+01  ,-2.203875376880e+00  ,-2.202775081307e+00  
  7.370551753379e+05  ,-7.181757193651e+00  ,-9.385907866116e+00  ,-7.882354095737e+00  ,-1.008540318891e+01  ,-2.204150672466e+00  ,-2.203049093168e+00  
  7.413102413009e+05  ,-7.183088453219e+00  ,-9.387514692019e+00  ,-7.890419176239e+00  ,-1.009374253861e+01  ,-2.204426238800e+00  ,-2.203323362370e+00  
  7.455898720278e+05  ,-7.184537859225e+00  ,-9.389239916179e+00  ,-7.898397642741e+00  ,-1.010199551264e+01  ,-2.204702056954e+00  ,-2.203597869896e+00  
  7.498942093325e+05  ,-7.186100966603e+00  ,-9.391079074531e+00  ,-7.906285461701e+00  ,-1.011015805833e+01  ,-2.204978107928e+00  ,-2.203872596625e+00  
  7.542233958476e+05  ,-7.187773363497e+00  ,-9.393027736257e+00  ,-7.914078762540e+00  ,-1.011822628595e+01  ,-2.205254372760e+00  ,-2.204147523409e+00  
  7.585775750292e+05  ,-7.189550671457e+00  ,-9.395081503715e+00  ,-7.921773835892e+00  ,-1.012619646677e+01  ,-2.205530832258e+00  ,-2.204422630877e+00  
  7.629568911615e+05  ,-7.191428546257e+00  ,-9.397236013544e+00  ,-7.929367131438e+00  ,-1.013406503120e+01  ,-2.205807467287e+00  ,-2.204697899766e+00  
  7.673614893618e+05  ,-7.193402680567e+00  ,-9.399486939057e+00  ,-7.936855254388e+00  ,-1.014182856500e+01  ,-2.206084258491e+00  ,-2.204973310608e+00  
  7.717915155850e+05  ,-7.195468801593e+00  ,-9.401829987954e+00  ,-7.944234965119e+00  ,-1.014948380910e+01  ,-2.206361186361e+00  ,-2.205248843977e+00  
  7.762471166287e+05  ,-7.197622675474e+00  ,-9.404260907247e+00  ,-7.951503174349e+00  ,-1.015702765452e+01  ,-2.206638231773e+00  ,-2.205524480171e+00  
  7.807284401379e+05  ,-7.199860106079e+00  ,-9.406775481063e+00  ,-7.958656942660e+00  ,-1.016445714221e+01  ,-2.206915374983e+00  ,-2.205800199553e+00  
  7.852356346101e+05  ,-7.202176936256e+00  ,-9.409369532993e+00  ,-7.965693477277e+00  ,-1.017176945996e+01  ,-2.207192596737e+00  ,-2.206075982681e+00  
  7.897688493999e+05  ,-7.204569048322e+00  ,-9.412038925253e+00  ,-7.972610130066e+00  ,-1.017896193940e+01  ,-2.207469876931e+00  ,-2.206351809335e+00  
  7.943282347243e+05  ,-7.207032364028e+00  ,-9.414779560557e+00  ,-7.979404393674e+00  ,-1.018603205400e+01  ,-2.207747196529e+00  ,-2.206627660326e+00  
  7.989139416674e+05  ,-7.209562846965e+00  ,-9.417587382413e+00  ,-7.986073900580e+00  ,-1.019297741590e+01  ,-2.208024535447e+00  ,-2.206903515324e+00  
  8.035261221856e+05  ,-7.212156501316e+00  ,-9.420458375459e+00  ,-7.992616419897e+00  ,-1.019979577468e+01  ,-2.208301874144e+00  ,-2.207179354786e+00  
  8.081649291126e+05  ,-7.214809372004e+00  ,-9.423388564681e+00  ,-7.999029854942e+00  ,-1.020648501350e+01  ,-2.208579192678e+00  ,-2.207455158558e+00  
  8.128305161641e+05  ,-7.217517547235e+00  ,-9.426374018694e+00  ,-8.005312240408e+00  ,-1.021304314712e+01  ,-2.208856471459e+00  ,-2.207730906714e+00  
  8.175230379437e+05  ,-7.220277156499e+00  ,-9.429410847218e+00  ,-8.011461740302e+00  ,-1.021946831977e+01  ,-2.209133690719e+00  ,-2.208006579464e+00  
  8.222426499471e+05  ,-7.223084371262e+00  ,-9.432495201620e+00  ,-8.017476645077e+00  ,-1.022575880170e+01  ,-2.209410830358e+00  ,-2.208282156627e+00  
  8.269895085679e+05  ,-7.225935406930e+00  ,-9.435623277721e+00  ,-8.023355369013e+00  ,-1.023191298738e+01  ,-2.209687870791e+00  ,-2.208557618367e+00  
  8.317637711027e+05  ,-7.228826520501e+00  ,-9.438791312532e+00  ,-8.029096448094e+00  ,-1.023792939283e+01  ,-2.209964792030e+00  ,-2.208832944739e+00  
  8.365655957558e+05  ,-7.231754012784e+00  ,-9.441995587161e+00  ,-8.034698536958e+00  ,-1.024380665242e+01  ,-2.210241574377e+00  ,-2.209108115459e+00  
  8.413951416452e+05  ,-7.234714226613e+00  ,-9.445232424474e+00  ,-8.040160406646e+00  ,-1.024954351736e+01  ,-2.210518197861e+00  ,-2.209383110715e+00  
  8.462525688073e+05  ,-7.237703548652e+00  ,-9.448498191290e+00  ,-8.045480942085e+00  ,-1.025513885253e+01  ,-2.210794642638e+00  ,-2.209657910444e+00  
  8.511380382024e+05  ,-7.240718408403e+00  ,-9.451789297395e+00  ,-8.050659139628e+00  ,-1.026059163436e+01  ,-2.211070888992e+00  ,-2.209932494736e+00  
  8.560517117201e+05  ,-7.243755278142e+00  ,-9.455102195066e+00  ,-8.055694103995e+00  ,-1.026590094727e+01  ,-2.211346916924e+00  ,-2.210206843274e+00  
  8.609937521846e+05  ,-7.246810673697e+00  ,-9.458433380574e+00  ,-8.060585046620e+00  ,-1.027106598316e+01  ,-2.211622706877e+00  ,-2.210480936545e+00  
  8.659643233601e+05  ,-7.249881153321e+00  ,-9.461779392160e+00  ,-8.065331282498e+00  ,-1.027608603692e+01  ,-2.211898238840e+00  ,-2.210754754425e+00  
  8.709635899561e+05  ,-7.252963317636e+00  ,-9.465136810811e+00  ,-8.069932228192e+00  ,-1.028096050505e+01  ,-2.212173493175e+00  ,-2.211028276857e+00  
  8.759917176331e+05  ,-7.256053810440e+00  ,-9.468502260765e+00  ,-8.074387398943e+00  ,-1.028568888302e+01  ,-2.212448450326e+00  ,-2.211301484076e+00  
  8.810488730080e+05  ,-7.259149318157e+00  ,-9.471872408540e+00  ,-8.078696406655e+00  ,-1.029027076299e+01  ,-2.212723090383e+00  ,-2.211574356334e+00  
  8.861352236595e+05  ,-7.262246569102e+00  ,-9.475243962894e+00  ,-8.082858956940e+00  ,-1.029470583070e+01  ,-2.212997393792e+00  ,-2.211846873758e+00  
  8.912509381338e+05  ,-7.265342333871e+00  ,-9.478613675033e+00  ,-8.086874847529e+00  ,-1.029899386396e+01  ,-2.213271341161e+00  ,-2.212119016426e+00  
  8.963961859500e+05  ,-7.268433424497e+00  ,-9.481978337298e+00  ,-8.090743964961e+00  ,-1.030313472990e+01  ,-2.213544912801e+00  ,-2.212390764943e+00  
  9.015711376060e+05  ,-7.271516695157e+00  ,-9.485334784404e+00  ,-8.094466283045e+00  ,-1.030712838249e+01  ,-2.213818089247e+00  ,-2.212662099445e+00  
  9.067759645839e+05  ,-7.274589040500e+00  ,-9.488679891696e+00  ,-8.098041859813e+00  ,-1.031097486014e+01  ,-2.214090851196e+00  ,-2.212933000323e+00  
  9.120108393559e+05  ,-7.277647398135e+00  ,-9.492010577301e+00  ,-8.101470835892e+00  ,-1.031467428407e+01  ,-2.214363179166e+00  ,-2.213203448177e+00  
  9.172759353898e+05  ,-7.280688743929e+00  ,-9.495323797974e+00  ,-8.104753431527e+00  ,-1.031822685514e+01  ,-2.214635054045e+00  ,-2.213473423609e+00  
  9.225714271548e+05  ,-7.283710096005e+00  ,-9.498616552658e+00  ,-8.107889945096e+00  ,-1.032163285218e+01  ,-2.214906456653e+00  ,-2.213742907085e+00  
  9.278974901274e+05  ,-7.286708512361e+00  ,-9.501885880081e+00  ,-8.110880749923e+00  ,-1.032489262934e+01  ,-2.215177367720e+00  ,-2.214011879417e+00  
  9.332543007970e+05  ,-7.289681090579e+00  ,-9.505128859038e+00  ,-8.113726292682e+00  ,-1.032800661403e+01  ,-2.215447768459e+00  ,-2.214280321345e+00  
  9.386420366722e+05  ,-7.292624967806e+00  ,-9.508342607396e+00  ,-8.116427091490e+00  ,-1.033097530510e+01  ,-2.215717639590e+00  ,-2.214548213613e+00  
  9.440608762859e+05  ,-7.295537320791e+00  ,-9.511524283324e+00  ,-8.118983732813e+00  ,-1.033379927023e+01  ,-2.215986962533e+00  ,-2.214815537419e+00  
  9.495109992022e+05  ,-7.298415365473e+00  ,-9.514671084064e+00  ,-8.121396870132e+00  ,-1.033647914385e+01  ,-2.216255718591e+00  ,-2.215082273717e+00  
  9.549925860215e+05  ,-7.301256355789e+00  ,-9.517780244662e+00  ,-8.123667221181e+00  ,-1.033901562467e+01  ,-2.216523888873e+00  ,-2.215348403493e+00  
  9.605058183868e+05  ,-7.304057584829e+00  ,-9.520849039910e+00  ,-8.125795566736e+00  ,-1.034140947503e+01  ,-2.216791455081e+00  ,-2.215613908293e+00  
  9.660508789898e+05  ,-7.306816382781e+00  ,-9.523874781557e+00  ,-8.127782747553e+00  ,-1.034366151681e+01  ,-2.217058398777e+00  ,-2.215878769256e+00  
  9.716279515771e+05  ,-7.309530119377e+00  ,-9.526854820708e+00  ,-8.129629662805e+00  ,-1.034577263080e+01  ,-2.217324701331e+00  ,-2.216142967994e+00  
  9.772372209558e+05  ,-7.312196200021e+00  ,-9.529786544889e+00  ,-8.131337268249e+00  ,-1.034774375427e+01  ,-2.217590344867e+00  ,-2.216406486025e+00  
  9.828788730001e+05  ,-7.314812068430e+00  ,-9.532667379528e+00  ,-8.132906573987e+00  ,-1.034957587886e+01  ,-2.217855311098e+00  ,-2.216669304874e+00  
  9.885530946570e+05  ,-7.317375204951e+00  ,-9.535494787081e+00  ,-8.134338642365e+00  ,-1.035127004911e+01  ,-2.218119582131e+00  ,-2.216931406741e+00  
  9.942600739530e+05  ,-7.319883127244e+00  ,-9.538266267333e+00  ,-8.135634586673e+00  ,-1.035282736003e+01  ,-2.218383140090e+00  ,-2.217192773353e+00  
  1.000000000000e+06  ,-7.322333389241e+00  ,-9.540979356768e+00  ,-8.136795568371e+00  ,-1.035424895513e+01  ,-2.218645967526e+00  ,-2.217453386761e+00  
  1.005773063002e+06  ,-7.324723581444e+00  ,-9.543631627874e+00  ,-8.137822795817e+00  ,-1.035553602516e+01  ,-2.218908046430e+00  ,-2.217713229347e+00  
  1.011579454260e+06  ,-7.327051330226e+00  ,-9.546220689833e+00  ,-8.138717522380e+00  ,-1.035668980559e+01  ,-2.219169359607e+00  ,-2.217972283215e+00  
  1.017419366181e+06  ,-7.329314298326e+00  ,-9.548744188070e+00  ,-8.139481044332e+00  ,-1.035771157532e+01  ,-2.219429889744e+00  ,-2.218230530991e+00  
  1.023292992281e+06  ,-7.331510185005e+00  ,-9.551199804591e+00  ,-8.140114699430e+00  ,-1.035860265459e+01  ,-2.219689619586e+00  ,-2.218487955159e+00  
  1.029200527194e+06  ,-7.333636724580e+00  ,-9.553585256854e+00  ,-8.140619864876e+00  ,-1.035936440356e+01  ,-2.219948532274e+00  ,-2.218744538687e+00  
  1.035142166679e+06  ,-7.335691687894e+00  ,-9.555898298688e+00  ,-8.140997955711e+00  ,-1.035999822006e+01  ,-2.220206610794e+00  ,-2.219000264344e+00  
  1.041118107623e+06  ,-7.337672881144e+00  ,-9.558136719632e+00  ,-8.141250422917e+00  ,-1.036050553817e+01  ,-2.220463838488e+00  ,-2.219255115257e+00  
  1.047128548051e+06  ,-7.339578147102e+00  ,-9.560298345955e+00  ,-8.141378752330e+00  ,-1.036088782681e+01  ,-2.220720198852e+00  ,-2.219509074485e+00  
  1.053173687130e+06  ,-7.341405364330e+00  ,-9.562381039721e+00  ,-8.141384462316e+00  ,-1.036114658802e+01  ,-2.220975675391e+00  ,-2.219762125704e+00  
  1.059253725177e+06  ,-7.343152447015e+00  ,-9.564382699028e+00  ,-8.141269102393e+00  ,-1.036128335457e+01  ,-2.221230252013e+00  ,-2.220014252174e+00  
  1.065368863668e+06  ,-7.344817346040e+00  ,-9.566301258499e+00  ,-8.141034251814e+00  ,-1.036129968951e+01  ,-2.221483912459e+00  ,-2.220265437695e+00  
  1.071519305238e+06  ,-7.346398049571e+00  ,-9.568134690417e+00  ,-8.140681517948e+00  ,-1.036119718392e+01  ,-2.221736640846e+00  ,-2.220515665974e+00  
  1.077705253694e+06  ,-7.347892580221e+00  ,-9.569881001619e+00  ,-8.140212534661e+00  ,-1.036097745579e+01  ,-2.221988421398e+00  ,-2.220764921131e+00  
  1.083926914021e+06  ,-7.349299001068e+00  ,-9.571538239756e+00  ,-8.139628960746e+00  ,-1.036064214819e+01  ,-2.222239238688e+00  ,-2.221013187442e+00  
  1.090184492385e+06  ,-7.350615409660e+00  ,-9.573104486792e+00  ,-8.138932478705e+00  ,-1.036019292775e+01  ,-2.222489077132e+00  ,-2.221260449047e+00  
  1.096478196143e+06  ,-7.351839943175e+00  ,-9.574577864710e+00  ,-8.138124793121e+00  ,-1.035963148378e+01  ,-2.222737921534e+00  ,-2.221506690656e+00  
  1.102808233850e+06  ,-7.352970777555e+00  ,-9.575956534457e+00  ,-8.137207629659e+00  ,-1.035895952654e+01  ,-2.222985756901e+00  ,-2.221751896877e+00  
  1.109174815262e+06  ,-7.354006126644e+00  ,-9.577238694985e+00  ,-8.136182732886e+00  ,-1.035817878531e+01  ,-2.223232568341e+00  ,-2.221996052423e+00  
  1.115578151351e+06  ,-7.354944245153e+00  ,-9.578422586162e+00  ,-8.135051865528e+00  ,-1.035729100804e+01  ,-2.223478341009e+00  ,-2.222239142516e+00  
  1.122018454302e+06  ,-7.355783427681e+00  ,-9.579506488174e+00  ,-8.133816806910e+00  ,-1.035629795942e+01  ,-2.223723060494e+00  ,-2.222481152513e+00  
  1.128495937528e+06  ,-7.356522011116e+00  ,-9.580488723538e+00  ,-8.132479352012e+00  ,-1.035520141942e+01  ,-2.223966712422e+00  ,-2.222722067403e+00  
  1.135010815672e+06  ,-7.357158374045e+00  ,-9.581367656535e+00  ,-8.131041309959e+00  ,-1.035400318314e+01  ,-2.224209282490e+00  ,-2.222961873181e+00  
  1.141563304619e+06  ,-7.357690938660e+00  ,-9.582141695615e+00  ,-8.129504502594e+00  ,-1.035270505799e+01  ,-2.224450756955e+00  ,-2.223200555392e+00  
  1.148153621497e+06  ,-7.358118172081e+00  ,-9.582809293862e+00  ,-8.127870763340e+00  ,-1.035130886331e+01  ,-2.224691121781e+00  ,-2.223438099966e+00  
  1.154781984689e+06  ,-7.358438586797e+00  ,-9.583368950315e+00  ,-8.126141936733e+00  ,-1.034981642986e+01  ,-2.224930363518e+00  ,-2.223674493130e+00  
  1.161448613840e+06  ,-7.358650742655e+00  ,-9.583819211300e+00  ,-8.124319875753e+00  ,-1.034822959698e+01  ,-2.225168468645e+00  ,-2.223909721226e+00  
  1.168153729861e+06  ,-7.358753248966e+00  ,-9.584158672918e+00  ,-8.122406442616e+00  ,-1.034655021334e+01  ,-2.225405423952e+00  ,-2.224143770720e+00  
  1.174897554940e+06  ,-7.358744762957e+00  ,-9.584385979397e+00  ,-8.120403505885e+00  ,-1.034478013406e+01  ,-2.225641216441e+00  ,-2.224376628176e+00  
  1.181680312545e+06  ,-7.358623996647e+00  ,-9.584499829834e+00  ,-8.118312940682e+00  ,-1.034292122121e+01  ,-2.225875833187e+00  ,-2.224608280524e+00  
  1.188502227437e+06  ,-7.358389714279e+00  ,-9.584498975837e+00  ,-8.116136627150e+00  ,-1.034097534222e+01  ,-2.226109261558e+00  ,-2.224838715070e+00  
  1.195363525674e+06  ,-7.358040736492e+00  ,-9.584382225528e+00  ,-8.113876449033e+00  ,-1.033894436781e+01  ,-2.226341489036e+00  ,-2.225067918774e+00  
  1.202264434617e+06  ,-7.357575940430e+00  ,-9.584148443770e+00  ,-8.111534293356e+00  ,-1.033683017255e+01  ,-2.226572503340e+00  ,-2.225295879191e+00  
  1.209205182943e+06  ,-7.356994265659e+00  ,-9.583796558042e+00  ,-8.109112049783e+00  ,-1.033463463382e+01  ,-2.226802292383e+00  ,-2.225522584039e+00  
  1.216186000646e+06  ,-7.356294712611e+00  ,-9.583325556931e+00  ,-8.106611608319e+00  ,-1.033235962936e+01  ,-2.227030844320e+00  ,-2.225748021041e+00  
  1.223207119050e+06  ,-7.355476347208e+00  ,-9.582734494462e+00  ,-8.104034859248e+00  ,-1.033000703748e+01  ,-2.227258147253e+00  ,-2.225972178231e+00  
  1.230268770812e+06  ,-7.354538303153e+00  ,-9.582022493036e+00  ,-8.101383692756e+00  ,-1.032757873662e+01  ,-2.227484189883e+00  ,-2.226195043865e+00  
  1.237371189935e+06  ,-7.353479785369e+00  ,-9.581188746233e+00  ,-8.098659996840e+00  ,-1.032507660315e+01  ,-2.227708960864e+00  ,-2.226416606312e+00  
  1.244514611771e+06  ,-7.352300071899e+00  ,-9.580232520803e+00  ,-8.095865658047e+00  ,-1.032250251232e+01  ,-2.227932448904e+00  ,-2.226636854268e+00  
  1.251699273032e+06  ,-7.350998517725e+00  ,-9.579153160870e+00  ,-8.093002558666e+00  ,-1.031985833497e+01  ,-2.228154643145e+00  ,-2.226855776301e+00  
  1.258925411794e+06  ,-7.349574558596e+00  ,-9.577950091433e+00  ,-8.090072577960e+00  ,-1.031714593943e+01  ,-2.228375532837e+00  ,-2.227073361468e+00  
  1.266193267511e+06  ,-7.348027714237e+00  ,-9.576622821731e+00  ,-8.087077590083e+00  ,-1.031436718930e+01  ,-2.228595107494e+00  ,-2.227289599217e+00  
  1.273503081017e+06  ,-7.346357590679e+00  ,-9.575170947286e+00  ,-8.084019463850e+00  ,-1.031152394243e+01  ,-2.228813356607e+00  ,-2.227504478577e+00  
  1.280855094536e+06  ,-7.344563887137e+00  ,-9.573594157225e+00  ,-8.080900061483e+00  ,-1.030861805066e+01  ,-2.229030270088e+00  ,-2.227717989177e+00  
  1.288249551693e+06  ,-7.342646397371e+00  ,-9.571892235233e+00  ,-8.077721239051e+00  ,-1.030565135989e+01  ,-2.229245837862e+00  ,-2.227930120836e+00  
  1.295686697517e+06  ,-7.340605015767e+00  ,-9.570065066165e+00  ,-8.074484844867e+00  ,-1.030262570830e+01  ,-2.229460050398e+00  ,-2.228140863431e+00  
  1.303166778452e+06  ,-7.338439740785e+00  ,-9.568112638521e+00  ,-8.071192719038e+00  ,-1.029954292606e+01  ,-2.229672897736e+00  ,-2.228350207019e+00  
  1.310690042366e+06  ,-7.336150679571e+00  ,-9.566035050257e+00  ,-8.067846692682e+00  ,-1.029640483465e+01  ,-2.229884370686e+00  ,-2.228558141967e+00  
  1.318256738556e+06  ,-7.333738052699e+00  ,-9.563832512666e+00  ,-8.064448587633e+00  ,-1.029321324635e+01  ,-2.230094459967e+00  ,-2.228764658714e+00  
  1.325867117761e+06  ,-7.331202201136e+00  ,-9.561505357526e+00  ,-8.061000216105e+00  ,-1.028996996414e+01  ,-2.230303156390e+00  ,-2.228969748036e+00  
  1.333521432163e+06  ,-7.328543587685e+00  ,-9.559054039047e+00  ,-8.057503379501e+00  ,-1.028667678013e+01  ,-2.230510451362e+00  ,-2.229173400628e+00  
  1.341219935405e+06  ,-7.325762806048e+00  ,-9.556479141994e+00  ,-8.053959868233e+00  ,-1.028333547595e+01  ,-2.230716335946e+00  ,-2.229375607713e+00  
  1.348962882592e+06  ,-7.322860583244e+00  ,-9.553781385189e+00  ,-8.050371461174e+00  ,-1.027994782159e+01  ,-2.230920801945e+00  ,-2.229576360414e+00  
  1.356750530300e+06  ,-7.319837787484e+00  ,-9.550961628116e+00  ,-8.046739925081e+00  ,-1.027651557525e+01  ,-2.231123840633e+00  ,-2.229775650172e+00  
  1.364583136589e+06  ,-7.316695432618e+00  ,-9.548020876781e+00  ,-8.043067013952e+00  ,-1.027304048240e+01  ,-2.231325444163e+00  ,-2.229973468449e+00  
  1.372460961008e+06  ,-7.313434683959e+00  ,-9.544960288632e+00  ,-8.039354469326e+00  ,-1.026952427668e+01  ,-2.231525604673e+00  ,-2.230169807356e+00  
  1.380384264603e+06  ,-7.310056864475e+00  ,-9.541781178663e+00  ,-8.035604018658e+00  ,-1.026596867705e+01  ,-2.231724314188e+00  ,-2.230364658393e+00  
  1.388353309929e+06  ,-7.306563462211e+00  ,-9.538485027355e+00  ,-8.031817376187e+00  ,-1.026237539008e+01  ,-2.231921565144e+00  ,-2.230558013889e+00  
  1.396368361056e+06  ,-7.302956132753e+00  ,-9.535073482821e+00  ,-8.027996241328e+00  ,-1.025874610756e+01  ,-2.232117350067e+00  ,-2.230749866228e+00  
  1.404429683578e+06  ,-7.299236708943e+00  ,-9.531548370740e+00  ,-8.024142298847e+00  ,-1.025508250666e+01  ,-2.232311661796e+00  ,-2.230940207810e+00  
  1.412537544623e+06  ,-7.295407205684e+00  ,-9.527911698991e+00  ,-8.020257219202e+00  ,-1.025138625030e+01  ,-2.232504493307e+00  ,-2.231129031094e+00  
  1.420692212860e+06  ,-7.291469824750e+00  ,-9.524165662373e+00  ,-8.016342656634e+00  ,-1.024765898571e+01  ,-2.232695837622e+00  ,-2.231316329078e+00  
  1.428893958511e+06  ,-7.287426962447e+00  ,-9.520312650318e+00  ,-8.012400250089e+00  ,-1.024390234480e+01  ,-2.232885687871e+00  ,-2.231502094714e+00  
  1.437143053356e+06  ,-7.283281215843e+00  ,-9.516355253559e+00  ,-8.008431622467e+00  ,-1.024011794357e+01  ,-2.233074037716e+00  ,-2.231686321107e+00  
  1.445439770746e+06  ,-7.279035385866e+00  ,-9.512296266481e+00  ,-8.004438380343e+00  ,-1.023630738201e+01  ,-2.233260880615e+00  ,-2.231869001672e+00  
  1.453784385608e+06  ,-7.274692485611e+00  ,-9.508138695735e+00  ,-8.000422113430e+00  ,-1.023247224302e+01  ,-2.233446210123e+00  ,-2.232050129595e+00  
  1.462177174457e+06  ,-7.270255745122e+00  ,-9.503885765727e+00  ,-7.996384395031e+00  ,-1.022861409389e+01  ,-2.233630020605e+00  ,-2.232229698862e+00  
  1.470618415405e+06  ,-7.265728614685e+00  ,-9.499540920443e+00  ,-7.992326780935e+00  ,-1.022473448397e+01  ,-2.233812305758e+00  ,-2.232407703036e+00  
  1.479108388168e+06  ,-7.261114772141e+00  ,-9.495107831979e+00  ,-7.988250809688e+00  ,-1.022083494578e+01  ,-2.233993059839e+00  ,-2.232584136092e+00  
  1.487647374080e+06  ,-7.256418124721e+00  ,-9.490590402095e+00  ,-7.984158002169e+00  ,-1.021691699438e+01  ,-2.234172277374e+00  ,-2.232758992208e+00  
  1.496235656094e+06  ,-7.251642815898e+00  ,-9.485992768843e+00  ,-7.980049861466e+00  ,-1.021298212711e+01  ,-2.234349952945e+00  ,-2.232932265641e+00  
  1.504873518803e+06  ,-7.246793224417e+00  ,-9.481319305374e+00  ,-7.975927872509e+00  ,-1.020903182306e+01  ,-2.234526080958e+00  ,-2.233103950550e+00  
  1.513561248436e+06  ,-7.241873971917e+00  ,-9.476574628303e+00  ,-7.971793502189e+00  ,-1.020506754396e+01  ,-2.234700656387e+00  ,-2.233274041773e+00  
  1.522299132880e+06  ,-7.236889920891e+00  ,-9.471763595208e+00  ,-7.967648199104e+00  ,-1.020109073312e+01  ,-2.234873674317e+00  ,-2.233442534013e+00  
  1.531087461682e+06  ,-7.231846178892e+00  ,-9.466891308608e+00  ,-7.963493393047e+00  ,-1.019710281498e+01  ,-2.235045129716e+00  ,-2.233609421933e+00  
  1.539926526060e+06  ,-7.226748097862e+00  ,-9.461963115681e+00  ,-7.959330495043e+00  ,-1.019310519557e+01  ,-2.235215017820e+00  ,-2.233774700526e+00  
  1.548816618913e+06  ,-7.221601273803e+00  ,-9.456984608017e+00  ,-7.955160897530e+00  ,-1.018909926267e+01  ,-2.235383334214e+00  ,-2.233938365144e+00  
  1.557758034832e+06  ,-7.216411544979e+00  ,-9.451961619085e+00  ,-7.950985973910e+00  ,-1.018508638479e+01  ,-2.235550074106e+00  ,-2.234100410882e+00  
  1.566751070108e+06  ,-7.211184990825e+00  ,-9.446900224300e+00  ,-7.946807078220e+00  ,-1.018106791129e+01  ,-2.235715233476e+00  ,-2.234260833075e+00  
  1.575796022744e+06  ,-7.205927928487e+00  ,-9.441806736601e+00  ,-7.942625545478e+00  ,-1.017704517292e+01  ,-2.235878808114e+00  ,-2.234419627438e+00  
  1.584893192461e+06  ,-7.200646906397e+00  ,-9.436687700113e+00  ,-7.938442691513e+00  ,-1.017301948102e+01  ,-2.236040793716e+00  ,-2.234576789511e+00  
  1.594042880712e+06  ,-7.195348700123e+00  ,-9.431549886654e+00  ,-7.934259812559e+00  ,-1.016899212783e+01  ,-2.236201186531e+00  ,-2.234732315270e+00  
  1.603245390690e+06  ,-7.190040305257e+00  ,-9.426400287994e+00  ,-7.930078185294e+00  ,-1.016496438556e+01  ,-2.236359982737e+00  ,-2.234886200271e+00  
  1.612501027338e+06  ,-7.184728926733e+00  ,-9.421246105072e+00  ,-7.925899067181e+00  ,-1.016093750812e+01  ,-2.236517178338e+00  ,-2.235038440943e+00  
  1.621810097359e+06  ,-7.179421971293e+00  ,-9.416094741395e+00  ,-7.921723695508e+00  ,-1.015691272873e+01  ,-2.236672770102e+00  ,-2.235189033218e+00  
  1.631172909228e+06  ,-7.174127034547e+00  ,-9.410953789143e+00  ,-7.917553288376e+00  ,-1.015289126196e+01  ,-2.236826754597e+00  ,-2.235337973580e+00  
  1.640589773200e+06  ,-7.168851887965e+00  ,-9.405831016163e+00  ,-7.913389044058e+00  ,-1.014887430244e+01  ,-2.236979128197e+00  ,-2.235485258386e+00  
  1.650061001320e+06  ,-7.163604464414e+00  ,-9.400734352359e+00  ,-7.909232140671e+00  ,-1.014486302468e+01  ,-2.237129887945e+00  ,-2.235630884012e+00  
  1.659586907438e+06  ,-7.158392842664e+00  ,-9.395671873055e+00  ,-7.905083737113e+00  ,-1.014085858427e+01  ,-2.237279030391e+00  ,-2.235774847156e+00  
  1.669167807211e+06  ,-7.153225227222e+00  ,-9.390651780107e+00  ,-7.900944972249e+00  ,-1.013686211704e+01  ,-2.237426552884e+00  ,-2.235917144788e+00  
  1.678804018123e+06  ,-7.148109932017e+00  ,-9.385682384273e+00  ,-7.896816964587e+00  ,-1.013287473808e+01  ,-2.237572452256e+00  ,-2.236057773492e+00  
  1.688495859487e+06  ,-7.143055356307e+00  ,-9.380772082106e+00  ,-7.892700813792e+00  ,-1.012889754417e+01  ,-2.237716725800e+00  ,-2.236196730373e+00  
  1.698243652462e+06  ,-7.138069963719e+00  ,-9.375929334641e+00  ,-7.888597598497e+00  ,-1.012493161094e+01  ,-2.237859370922e+00  ,-2.236334012441e+00  
  1.708047720060e+06  ,-7.133162258662e+00  ,-9.371162643375e+00  ,-7.884508378580e+00  ,-1.012097799551e+01  ,-2.238000384712e+00  ,-2.236469616932e+00  
  1.717908387158e+06  ,-7.128340759337e+00  ,-9.366480524374e+00  ,-7.880434193216e+00  ,-1.011703773434e+01  ,-2.238139765037e+00  ,-2.236603541124e+00  
  1.727825980508e+06  ,-7.123613970695e+00  ,-9.361891479938e+00  ,-7.876376061934e+00  ,-1.011311184424e+01  ,-2.238277509243e+00  ,-2.236735782301e+00  
  1.737800828749e+06  ,-7.118990358759e+00  ,-9.357403973751e+00  ,-7.872334984956e+00  ,-1.010920132302e+01  ,-2.238413614992e+00  ,-2.236866338059e+00  
  1.747833262418e+06  ,-7.114478318506e+00  ,-9.353026398801e+00  ,-7.868311941871e+00  ,-1.010530714772e+01  ,-2.238548080295e+00  ,-2.236995205851e+00  
  1.757923613959e+06  ,-7.110086145489e+00  ,-9.348767048140e+00  ,-7.864307893177e+00  ,-1.010143027664e+01  ,-2.238680902652e+00  ,-2.237122383466e+00  
  1.768072217734e+06  ,-7.105822003841e+00  ,-9.344634084150e+00  ,-7.860323779001e+00  ,-1.009757164750e+01  ,-2.238812080309e+00  ,-2.237247868500e+00  
  1.778279410039e+06  ,-7.101693894675e+00  ,-9.340635505833e+00  ,-7.856360520227e+00  ,-1.009373217905e+01  ,-2.238941611159e+00  ,-2.237371658820e+00  
  1.788545529108e+06  ,-7.097709625298e+00  ,-9.336779118581e+00  ,-7.852419017917e+00  ,-1.008991277027e+01  ,-2.239069493283e+00  ,-2.237493752350e+00  
  1.798870915129e+06  ,-7.093876774801e+00  ,-9.333072499724e+00  ,-7.848500153318e+00  ,-1.008611430062e+01  ,-2.239195724923e+00  ,-2.237614147304e+00  
  1.809255910254e+06  ,-7.090202663931e+00  ,-9.329522968212e+00  ,-7.844604788336e+00  ,-1.008233762992e+01  ,-2.239320304281e+00  ,-2.237732841583e+00  
  1.819700858610e+06  ,-7.086694320958e+00  ,-9.326137550716e+00  ,-7.840733765116e+00  ,-1.007858359838e+01  ,-2.239443229758e+00  ,-2.237849833263e+00  
  1.830206106311e+06  ,-7.083358451683e+00  ,-9.322922951397e+00  ,-7.836887906265e+00  ,-1.007485302701e+01  ,-2.239564499714e+00  ,-2.237965120748e+00  
  1.840772001469e+06  ,-7.080201407527e+00  ,-9.319885520218e+00  ,-7.833068015215e+00  ,-1.007114671755e+01  ,-2.239684112691e+00  ,-2.238078702338e+00  
  1.851398894205e+06  ,-7.077229156483e+00  ,-9.317031223633e+00  ,-7.829274875903e+00  ,-1.006746545232e+01  ,-2.239802067150e+00  ,-2.238190576420e+00  
  1.862087136663e+06  ,-7.074447253929e+00  ,-9.314365615578e+00  ,-7.825509252844e+00  ,-1.006380999429e+01  ,-2.239918361650e+00  ,-2.238300741450e+00  
  1.872837083018e+06  ,-7.071860815621e+00  ,-9.311893810660e+00  ,-7.821771891188e+00  ,-1.006018108720e+01  ,-2.240032995040e+00  ,-2.238409196016e+00  
  1.883649089490e+06  ,-7.069474492195e+00  ,-9.309620458150e+00  ,-7.818063517359e+00  ,-1.005657945615e+01  ,-2.240145965955e+00  ,-2.238515938788e+00  
  1.894523514357e+06  ,-7.067292445668e+00  ,-9.307549718948e+00  ,-7.814384838217e+00  ,-1.005300580649e+01  ,-2.240257273281e+00  ,-2.238620968276e+00  
  1.905460717963e+06  ,-7.065318328663e+00  ,-9.305685244439e+00  ,-7.810736541607e+00  ,-1.004946082500e+01  ,-2.240366915776e+00  ,-2.238724283389e+00  
  1.916461062735e+06  ,-7.063555265438e+00  ,-9.304030157905e+00  ,-7.807119296836e+00  ,-1.004594517988e+01  ,-2.240474892467e+00  ,-2.238825883044e+00  
  1.927524913191e+06  ,-7.062005834835e+00  ,-9.302587037061e+00  ,-7.803533753437e+00  ,-1.004245951928e+01  ,-2.240581202226e+00  ,-2.238925765843e+00  
  1.938652635952e+06  ,-7.060672058801e+00  ,-9.301357902952e+00  ,-7.799980543167e+00  ,-1.003900447410e+01  ,-2.240685844151e+00  ,-2.239023930937e+00  
  1.949844599758e+06  ,-7.059555389630e+00  ,-9.300344206997e+00  ,-7.796460278458e+00  ,-1.003558065587e+01  ,-2.240788817367e+00  ,-2.239120377411e+00  
  1.961101175476e+06  ,-7.058656703340e+00  ,-9.299546824300e+00  ,-7.792973552772e+00  ,-1.003218865694e+01  ,-2.240890120960e+00  ,-2.239215104170e+00  
  1.972422736115e+06  ,-7.057976295905e+00  ,-9.298966050064e+00  ,-7.789520942032e+00  ,-1.002882905255e+01  ,-2.240989754159e+00  ,-2.239308110516e+00  
  1.983809656837e+06  ,-7.057513880746e+00  ,-9.298601596908e+00  ,-7.786103002458e+00  ,-1.002550239804e+01  ,-2.241087716162e+00  ,-2.239399395583e+00  
  1.995262314969e+06  ,-7.057268591774e+00  ,-9.298452598169e+00  ,-7.782720272673e+00  ,-1.002220923119e+01  ,-2.241184006395e+00  ,-2.239488958515e+00  
  2.006781090018e+06  ,-7.057238988501e+00  ,-9.298517612648e+00  ,-7.779373272530e+00  ,-1.001895007135e+01  ,-2.241278624147e+00  ,-2.239576798824e+00  
  2.018366363682e+06  ,-7.057423062899e+00  ,-9.298794631666e+00  ,-7.776062504198e+00  ,-1.001572542006e+01  ,-2.241371568766e+00  ,-2.239662915864e+00  
  2.030018519860e+06  ,-7.057818251822e+00  ,-9.299281091456e+00  ,-7.772788450891e+00  ,-1.001253575985e+01  ,-2.241462839634e+00  ,-2.239747308962e+00  
  2.041737944670e+06  ,-7.058421451521e+00  ,-9.299973887890e+00  ,-7.769551578766e+00  ,-1.000938155655e+01  ,-2.241552436370e+00  ,-2.239829977786e+00  
  2.053525026457e+06  ,-7.059229033678e+00  ,-9.300869392148e+00  ,-7.766352335180e+00  ,-1.000626325692e+01  ,-2.241640358470e+00  ,-2.239910921737e+00  
  2.065380155811e+06  ,-7.060236866487e+00  ,-9.301963471969e+00  ,-7.763191150239e+00  ,-1.000318129086e+01  ,-2.241726605482e+00  ,-2.239990140616e+00  
  2.077303725573e+06  ,-7.061440334730e+00  ,-9.303251511921e+00  ,-7.760068435742e+00  ,-1.000013606965e+01  ,-2.241811177192e+00  ,-2.240067633909e+00  
  2.089296130854e+06  ,-7.062834367486e+00  ,-9.304728440538e+00  ,-7.756984586360e+00  ,-9.997127987967e+00  ,-2.241894073052e+00  ,-2.240143401606e+00  
  2.101357769047e+06  ,-7.064413461304e+00  ,-9.306388754243e+00  ,-7.753939978798e+00  ,-9.994157421953e+00  ,-2.241975292939e+00  ,-2.240217443156e+00  
  2.113489039837e+06  ,-7.066171710359e+00  ,-9.308226546878e+00  ,-7.750934972748e+00  ,-9.991224731512e+00  ,-2.242054836519e+00  ,-2.240289758765e+00  
  2.125690345217e+06  ,-7.068102836864e+00  ,-9.310235540507e+00  ,-7.747969909848e+00  ,-9.988330257949e+00  ,-2.242132703644e+00  ,-2.240360348101e+00  
  2.137962089502e+06  ,-7.070200220536e+00  ,-9.312409114757e+00  ,-7.745045115186e+00  ,-9.985474326511e+00  ,-2.242208894221e+00  ,-2.240429211325e+00  
  2.150304679340e+06  ,-7.072456932415e+00  ,-9.314740340372e+00  ,-7.742160896296e+00  ,-9.982657244607e+00  ,-2.242283407957e+00  ,-2.240496348311e+00  
  2.162718523727e+06  ,-7.074865767044e+00  ,-9.317222012116e+00  ,-7.739317543796e+00  ,-9.979879303050e+00  ,-2.242356245073e+00  ,-2.240561759255e+00  
  2.175204034020e+06  ,-7.077419276302e+00  ,-9.319846681746e+00  ,-7.736515331540e+00  ,-9.977140775941e+00  ,-2.242427405445e+00  ,-2.240625444401e+00  
  2.187761623950e+06  ,-7.080109803298e+00  ,-9.322606692445e+00  ,-7.733754516325e+00  ,-9.974441920202e+00  ,-2.242496889147e+00  ,-2.240687403877e+00  
  2.200391709637e+06  ,-7.082929516078e+00  ,-9.325494212208e+00  ,-7.731035338111e+00  ,-9.971782975967e+00  ,-2.242564696130e+00  ,-2.240747637856e+00  
  2.213094709606e+06  ,-7.085870440320e+00  ,-9.328501267081e+00  ,-7.728358020474e+00  ,-9.969164167374e+00  ,-2.242630826762e+00  ,-2.240806146900e+00  
  2.225871044793e+06  ,-7.088924494337e+00  ,-9.331619775360e+00  ,-7.725722770666e+00  ,-9.966585702070e+00  ,-2.242695281024e+00  ,-2.240862931404e+00  
  2.238721138568e+06  ,-7.092083519570e+00  ,-9.334841578936e+00  ,-7.723129779086e+00  ,-9.964047770958e+00  ,-2.242758059366e+00  ,-2.240917991872e+00  
  2.251645416745e+06  ,-7.095339313141e+00  ,-9.338158475217e+00  ,-7.720579220374e+00  ,-9.961550549270e+00  ,-2.242819162076e+00  ,-2.240971328897e+00  
  2.264644307593e+06  ,-7.098683657613e+00  ,-9.341562246879e+00  ,-7.718071252628e+00  ,-9.959094195771e+00  ,-2.242878589267e+00  ,-2.241022943143e+00  
  2.277718241857e+06  ,-7.102108351031e+00  ,-9.345044692544e+00  ,-7.715606018277e+00  ,-9.956678853664e+00  ,-2.242936341513e+00  ,-2.241072835387e+00  
  2.290867652768e+06  ,-7.105605233884e+00  ,-9.348597653404e+00  ,-7.713183643355e+00  ,-9.954304649660e+00  ,-2.242992419520e+00  ,-2.241121006305e+00  
  2.304092976056e+06  ,-7.109166217019e+00  ,-9.352213040674e+00  ,-7.710804238696e+00  ,-9.951971695662e+00  ,-2.243046823655e+00  ,-2.241167456965e+00  
  2.317394649969e+06  ,-7.112783304234e+00  ,-9.355882858565e+00  ,-7.708467898971e+00  ,-9.949680087282e+00  ,-2.243099554330e+00  ,-2.241212188311e+00  
  2.330773115283e+06  ,-7.116448618243e+00  ,-9.359599230809e+00  ,-7.706174703899e+00  ,-9.947429905265e+00  ,-2.243150612566e+00  ,-2.241255201367e+00  
  2.344228815320e+06  ,-7.120154419829e+00  ,-9.363354418768e+00  ,-7.703924717091e+00  ,-9.945221214575e+00  ,-2.243199998939e+00  ,-2.241296497484e+00  
  2.357762195961e+06  ,-7.123893128006e+00  ,-9.367140842300e+00  ,-7.701717987448e+00  ,-9.943054065166e+00  ,-2.243247714293e+00  ,-2.241336077718e+00  
  2.371373705662e+06  ,-7.127657340330e+00  ,-9.370951099851e+00  ,-7.699554548664e+00  ,-9.940928492377e+00  ,-2.243293759521e+00  ,-2.241373943713e+00  
  2.385063795465e+06  ,-7.131439845380e+00  ,-9.374777981076e+00  ,-7.697434418965e+00  ,-9.938844515755e+00  ,-2.243338135696e+00  ,-2.241410096790e+00  
  2.398832919020e+06  ,-7.135233640820e+00  ,-9.378614484607e+00  ,-7.695357602195e+00  ,-9.936802140829e+00  ,-2.243380843786e+00  ,-2.241444538634e+00  
  2.412681532592e+06  ,-7.139031943533e+00  ,-9.382453828681e+00  ,-7.693324087391e+00  ,-9.934801358260e+00  ,-2.243421885149e+00  ,-2.241477270869e+00  
  2.426610095082e+06  ,-7.142828202087e+00  ,-9.386289462826e+00  ,-7.691333848649e+00  ,-9.932842144075e+00  ,-2.243461260740e+00  ,-2.241508295426e+00  
  2.440619068042e+06  ,-7.146616105007e+00  ,-9.390115077313e+00  ,-7.689386846070e+00  ,-9.930924460581e+00  ,-2.243498972307e+00  ,-2.241537614511e+00  
  2.454708915685e+06  ,-7.150389590691e+00  ,-9.393924611725e+00  ,-7.687483025321e+00  ,-9.929048255013e+00  ,-2.243535021034e+00  ,-2.241565229692e+00  
  2.468880104906e+06  ,-7.154142850587e+00  ,-9.397712259280e+00  ,-7.685622317678e+00  ,-9.927213461463e+00  ,-2.243569408693e+00  ,-2.241591143786e+00  
  2.483133105296e+06  ,-7.157870336039e+00  ,-9.401472472872e+00  ,-7.683804640728e+00  ,-9.925419999621e+00  ,-2.243602136833e+00  ,-2.241615358893e+00  
  2.497468389154e+06  ,-7.161566761807e+00  ,-9.405199969160e+00  ,-7.682029897830e+00  ,-9.923667775380e+00  ,-2.243633207352e+00  ,-2.241637877550e+00  
  2.511886431510e+06  ,-7.165227107172e+00  ,-9.408889729414e+00  ,-7.680297978740e+00  ,-9.921956681228e+00  ,-2.243662622242e+00  ,-2.241658702487e+00  
  2.526387710132e+06  ,-7.168846616840e+00  ,-9.412537000336e+00  ,-7.678608760017e+00  ,-9.920286596807e+00  ,-2.243690383496e+00  ,-2.241677836790e+00  
  2.540972705549e+06  ,-7.172420801835e+00  ,-9.416137295244e+00  ,-7.676962104591e+00  ,-9.918657387951e+00  ,-2.243716493409e+00  ,-2.241695283359e+00  
  2.555641901064e+06  ,-7.175945436238e+00  ,-9.419686390538e+00  ,-7.675357861905e+00  ,-9.917068907308e+00  ,-2.243740954300e+00  ,-2.241711045403e+00  
  2.570395782769e+06  ,-7.179416557228e+00  ,-9.423180325969e+00  ,-7.673795868696e+00  ,-9.915520995141e+00  ,-2.243763768741e+00  ,-2.241725126445e+00  
  2.585234839562e+06  ,-7.182830460399e+00  ,-9.426615399964e+00  ,-7.672275948448e+00  ,-9.914013478382e+00  ,-2.243784939565e+00  ,-2.241737529934e+00  
  2.600159563165e+06  ,-7.186183695890e+00  ,-9.429988165345e+00  ,-7.670797912314e+00  ,-9.912546172244e+00  ,-2.243804469455e+00  ,-2.241748259930e+00  
  2.615170448138e+06  ,-7.189473064336e+00  ,-9.433295425897e+00  ,-7.669361558513e+00  ,-9.911118878906e+00  ,-2.243822361562e+00  ,-2.241757320394e+00  
  2.630267991895e+06  ,-7.192695612119e+00  ,-9.436534231320e+00  ,-7.667966673158e+00  ,-9.909731388927e+00  ,-2.243838619201e+00  ,-2.241764715769e+00  
  2.645452694724e+06  ,-7.195848623467e+00  ,-9.439701869037e+00  ,-7.666613029871e+00  ,-9.908383480158e+00  ,-2.243853245570e+00  ,-2.241770450287e+00  
  2.660725059799e+06  ,-7.198929616529e+00  ,-9.442795861217e+00  ,-7.665300390265e+00  ,-9.907074919220e+00  ,-2.243866244688e+00  ,-2.241774528956e+00  
  2.676085593199e+06  ,-7.201936335888e+00  ,-9.445813956098e+00  ,-7.664028504544e+00  ,-9.905805461130e+00  ,-2.243877620211e+00  ,-2.241776956586e+00  
  2.691534803927e+06  ,-7.204866744592e+00  ,-9.448754120896e+00  ,-7.662797110594e+00  ,-9.904574849340e+00  ,-2.243887376304e+00  ,-2.241777738746e+00  
  2.707073203921e+06  ,-7.207719018209e+00  ,-9.451614535584e+00  ,-7.661605935054e+00  ,-9.903382816093e+00  ,-2.243895517375e+00  ,-2.241776881039e+00  
  2.722701308078e+06  ,-7.210491537851e+00  ,-9.454393585885e+00  ,-7.660454693414e+00  ,-9.902229082572e+00  ,-2.243902048034e+00  ,-2.241774389158e+00  
  2.738419634264e+06  ,-7.213182879286e+00  ,-9.457089852365e+00  ,-7.659343090073e+00  ,-9.901113359568e+00  ,-2.243906973079e+00  ,-2.241770269495e+00  
  2.754228703338e+06  ,-7.215791809770e+00  ,-9.459702107571e+00  ,-7.658270817993e+00  ,-9.900035346439e+00  ,-2.243910297801e+00  ,-2.241764528446e+00  
  2.770129039164e+06  ,-7.218317276033e+00  ,-9.462229303638e+00  ,-7.657237560344e+00  ,-9.898994733242e+00  ,-2.243912027605e+00  ,-2.241757172898e+00  
  2.786121168630e+06  ,-7.220758399886e+00  ,-9.464670568148e+00  ,-7.656242988616e+00  ,-9.897991198805e+00  ,-2.243912168262e+00  ,-2.241748210189e+00  
  2.802205621667e+06  ,-7.223114467083e+00  ,-9.467025193018e+00  ,-7.655286765000e+00  ,-9.897024412785e+00  ,-2.243910725935e+00  ,-2.241737647785e+00  
  2.818382931265e+06  ,-7.225384923305e+00  ,-9.469292630180e+00  ,-7.654368541020e+00  ,-9.896094034823e+00  ,-2.243907706875e+00  ,-2.241725493803e+00  
  2.834653633490e+06  ,-7.227569362092e+00  ,-9.471472480075e+00  ,-7.653487958492e+00  ,-9.895199714928e+00  ,-2.243903117983e+00  ,-2.241711756436e+00  
  2.851018267504e+06  ,-7.229667521204e+00  ,-9.473564487684e+00  ,-7.652644649294e+00  ,-9.894341093898e+00  ,-2.243896966480e+00  ,-2.241696444604e+00  
  2.867477375581e+06  ,-7.231679272538e+00  ,-9.475568532487e+00  ,-7.651838236147e+00  ,-9.893517803757e+00  ,-2.243889259948e+00  ,-2.241679567610e+00  
  2.884031503127e+06  ,-7.233604616661e+00  ,-9.477484622583e+00  ,-7.651068332235e+00  ,-9.892729467178e+00  ,-2.243880005922e+00  ,-2.241661134943e+00  
  2.900681198693e+06  ,-7.235443673246e+00  ,-9.479312886448e+00  ,-7.650334542081e+00  ,-9.891975699020e+00  ,-2.243869213202e+00  ,-2.241641156939e+00  
  2.917427014001e+06  ,-7.237196676581e+00  ,-9.481053567042e+00  ,-7.649636460751e+00  ,-9.891256104912e+00  ,-2.243856890461e+00  ,-2.241619644161e+00  
  2.934269503956e+06  ,-7.238863967886e+00  ,-9.482707014842e+00  ,-7.648973675189e+00  ,-9.890570283020e+00  ,-2.243843046956e+00  ,-2.241596607831e+00  
  2.951209226666e+06  ,-7.240445987468e+00  ,-9.484273679725e+00  ,-7.648345763794e+00  ,-9.889917823297e+00  ,-2.243827692257e+00  ,-2.241572059503e+00  
  2.968246743463e+06  ,-7.241943270500e+00  ,-9.485754107358e+00  ,-7.647752296636e+00  ,-9.889298308307e+00  ,-2.243810836858e+00  ,-2.241546011671e+00  
  2.985382618918e+06  ,-7.243356438760e+00  ,-9.487148930220e+00  ,-7.647192835928e+00  ,-9.888711312903e+00  ,-2.243792491459e+00  ,-2.241518476975e+00  
  3.002617420861e+06  ,-7.244686196884e+00  ,-9.488458864091e+00  ,-7.646666936756e+00  ,-9.888156405727e+00  ,-2.243772667207e+00  ,-2.241489468972e+00  
  3.019951720402e+06  ,-7.245933324105e+00  ,-9.489684700311e+00  ,-7.646174145780e+00  ,-9.887633147437e+00  ,-2.243751376206e+00  ,-2.241459001657e+00  
  3.037386091946e+06  ,-7.247098670922e+00  ,-9.490827301602e+00  ,-7.645714002802e+00  ,-9.887141092430e+00  ,-2.243728630680e+00  ,-2.241427089629e+00  
  3.054921113216e+06  ,-7.248183152100e+00  ,-9.491887596052e+00  ,-7.645286040786e+00  ,-9.886679789284e+00  ,-2.243704443952e+00  ,-2.241393748498e+00  
  3.072557365268e+06  ,-7.249187744440e+00  ,-9.492866573941e+00  ,-7.644889785992e+00  ,-9.886248780126e+00  ,-2.243678829500e+00  ,-2.241358994133e+00  
  3.090295432514e+06  ,-7.250113477725e+00  ,-9.493765279467e+00  ,-7.644524757578e+00  ,-9.885847601177e+00  ,-2.243651801742e+00  ,-2.241322843600e+00  
  3.108135902740e+06  ,-7.250961433400e+00  ,-9.494584809210e+00  ,-7.644190469126e+00  ,-9.885475783308e+00  ,-2.243623375811e+00  ,-2.241285314183e+00  
  3.126079367124e+06  ,-7.251732739278e+00  ,-9.495326306913e+00  ,-7.643886427444e+00  ,-9.885132851923e+00  ,-2.243593567635e+00  ,-2.241246424479e+00  
  3.144126420259e+06  ,-7.252428565158e+00  ,-9.495990958614e+00  ,-7.643612134167e+00  ,-9.884818327719e+00  ,-2.243562393456e+00  ,-2.241206193553e+00  
  3.162277660168e+06  ,-7.253050118675e+00  ,-9.496579989543e+00  ,-7.643367085146e+00  ,-9.884531726578e+00  ,-2.243529870868e+00  ,-2.241164641432e+00  
  3.180533688330e+06  ,-7.253598641880e+00  ,-9.497094659766e+00  ,-7.643150770719e+00  ,-9.884272559790e+00  ,-2.243496017886e+00  ,-2.241121789071e+00  
  3.198895109692e+06  ,-7.254075407957e+00  ,-9.497536261460e+00  ,-7.642962676434e+00  ,-9.884040334522e+00  ,-2.243460853503e+00  ,-2.241077658088e+00  
  3.217362532696e+06  ,-7.254481717013e+00  ,-9.497906114704e+00  ,-7.642802282677e+00  ,-9.883834554236e+00  ,-2.243424397691e+00  ,-2.241032271559e+00  
  3.235936569296e+06  ,-7.254818892921e+00  ,-9.498205563950e+00  ,-7.642669065654e+00  ,-9.883654718700e+00  ,-2.243386671029e+00  ,-2.240985653045e+00  
  3.254617834981e+06  ,-7.255088281833e+00  ,-9.498435977176e+00  ,-7.642562496759e+00  ,-9.883500324035e+00  ,-2.243347695344e+00  ,-2.240937827275e+00  
  3.273406948788e+06  ,-7.255291246494e+00  ,-9.498598739852e+00  ,-7.642482043943e+00  ,-9.883370864180e+00  ,-2.243307493358e+00  ,-2.240888820238e+00  
  3.292304533334e+06  ,-7.255429167511e+00  ,-9.498695256265e+00  ,-7.642427170846e+00  ,-9.883265829529e+00  ,-2.243266088754e+00  ,-2.240838658683e+00  
  3.311311214826e+06  ,-7.255503436275e+00  ,-9.498726942576e+00  ,-7.642397337393e+00  ,-9.883184708019e+00  ,-2.243223506301e+00  ,-2.240787370626e+00  
  3.330427623088e+06  ,-7.255515456264e+00  ,-9.498695228195e+00  ,-7.642392000951e+00  ,-9.883126986361e+00  ,-2.243179771931e+00  ,-2.240734985411e+00  
  3.349654391578e+06  ,-7.255466638995e+00  ,-9.498601551525e+00  ,-7.642410614745e+00  ,-9.883092148256e+00  ,-2.243134912530e+00  ,-2.240681533511e+00  
  3.368992157415e+06  ,-7.255358401979e+00  ,-9.498447358515e+00  ,-7.642452629947e+00  ,-9.883079676297e+00  ,-2.243088956536e+00  ,-2.240627046350e+00  
  3.388441561392e+06  ,-7.255192167999e+00  ,-9.498234100972e+00  ,-7.642517494832e+00  ,-9.883089052131e+00  ,-2.243041932973e+00  ,-2.240571557299e+00  
  3.408003248004e+06  ,-7.254969361323e+00  ,-9.497963234181e+00  ,-7.642604655496e+00  ,-9.883119755904e+00  ,-2.242993872858e+00  ,-2.240515100408e+00  
  3.427677865465e+06  ,-7.254691407710e+00  ,-9.497636215877e+00  ,-7.642713555691e+00  ,-9.883171267230e+00  ,-2.242944808168e+00  ,-2.240457711540e+00  
  3.447466065732e+06  ,-7.254359732082e+00  ,-9.497254504284e+00  ,-7.642843637774e+00  ,-9.883243065738e+00  ,-2.242894772202e+00  ,-2.240399427964e+00  
  3.467368504525e+06  ,-7.253975757131e+00  ,-9.496819556926e+00  ,-7.642994341890e+00  ,-9.883334630059e+00  ,-2.242843799795e+00  ,-2.240340288169e+00  
  3.487385841352e+06  ,-7.253540901783e+00  ,-9.496332828934e+00  ,-7.643165107438e+00  ,-9.883445439880e+00  ,-2.242791927151e+00  ,-2.240280332442e+00  
  3.507518739526e+06  ,-7.253056580787e+00  ,-9.495795772829e+00  ,-7.643355372229e+00  ,-9.883574975023e+00  ,-2.242739192042e+00  ,-2.240219602793e+00  
  3.527767866189e+06  ,-7.252524201404e+00  ,-9.495209835188e+00  ,-7.643564573707e+00  ,-9.883722716120e+00  ,-2.242685633784e+00  ,-2.240158142412e+00  
  3.548133892336e+06  ,-7.251945165224e+00  ,-9.494576458579e+00  ,-7.643792148366e+00  ,-9.883888145179e+00  ,-2.242631293355e+00  ,-2.240095996813e+00  
  3.568617492835e+06  ,-7.251320864811e+00  ,-9.493897078304e+00  ,-7.644037532221e+00  ,-9.884070744838e+00  ,-2.242576213493e+00  ,-2.240033212617e+00  
  3.589219346450e+06  ,-7.250652683495e+00  ,-9.493173121865e+00  ,-7.644300161541e+00  ,-9.884270000364e+00  ,-2.242520438370e+00  ,-2.239969838823e+00  
  3.609940135864e+06  ,-7.249941995307e+00  ,-9.492406009540e+00  ,-7.644579472290e+00  ,-9.884485398310e+00  ,-2.242464014233e+00  ,-2.239905926020e+00  
  3.630780547701e+06  ,-7.249190162317e+00  ,-9.491597151467e+00  ,-7.644874901193e+00  ,-9.884716428098e+00  ,-2.242406989150e+00  ,-2.239841526905e+00  
  3.651741272549e+06  ,-7.248398536732e+00  ,-9.490747949773e+00  ,-7.645185885298e+00  ,-9.884962581345e+00  ,-2.242349413041e+00  ,-2.239776696046e+00  
  3.672823004981e+06  ,-7.247568457241e+00  ,-9.489859795134e+00  ,-7.645511862229e+00  ,-9.885223352303e+00  ,-2.242291337893e+00  ,-2.239711490074e+00  
  3.694026443583e+06  ,-7.246701249979e+00  ,-9.488934067636e+00  ,-7.645852271189e+00  ,-9.885498239158e+00  ,-2.242232817657e+00  ,-2.239645967969e+00  
  3.715352290972e+06  ,-7.245798228665e+00  ,-9.487972137052e+00  ,-7.646206552222e+00  ,-9.885786742841e+00  ,-2.242173908387e+00  ,-2.239580190618e+00  
  3.736801253821e+06  ,-7.244860691782e+00  ,-9.486975360188e+00  ,-7.646574146826e+00  ,-9.886088368339e+00  ,-2.242114668406e+00  ,-2.239514221513e+00  
  3.758374042885e+06  ,-7.243889924272e+00  ,-9.485945082670e+00  ,-7.646954498810e+00  ,-9.886402624940e+00  ,-2.242055158399e+00  ,-2.239448126130e+00  
  3.780071373018e+06  ,-7.242887197054e+00  ,-9.484882638135e+00  ,-7.647347053069e+00  ,-9.886729025886e+00  ,-2.241995441081e+00  ,-2.239381972817e+00  
  3.801893963206e+06  ,-7.241853764685e+00  ,-9.483789346589e+00  ,-7.647751257131e+00  ,-9.887067089325e+00  ,-2.241935581904e+00  ,-2.239315832194e+00  
  3.823842536581e+06  ,-7.240790867308e+00  ,-9.482666515855e+00  ,-7.648166560797e+00  ,-9.887416338075e+00  ,-2.241875648547e+00  ,-2.239249777278e+00  
  3.845917820454e+06  ,-7.239699728853e+00  ,-9.481515440466e+00  ,-7.648592416419e+00  ,-9.887776300442e+00  ,-2.241815711614e+00  ,-2.239183884023e+00  
  3.868120546331e+06  ,-7.238581557685e+00  ,-9.480337401536e+00  ,-7.649028279166e+00  ,-9.888146510130e+00  ,-2.241755843851e+00  ,-2.239118230964e+00  
  3.890451449943e+06  ,-7.237437545844e+00  ,-9.479133667021e+00  ,-7.649473606943e+00  ,-9.888526506681e+00  ,-2.241696121176e+00  ,-2.239052899738e+00  
  3.912911271269e+06  ,-7.236268869313e+00  ,-9.477905491393e+00  ,-7.649927860925e+00  ,-9.888915835507e+00  ,-2.241636622080e+00  ,-2.238987974582e+00  
  3.935500754558e+06  ,-7.235076687055e+00  ,-9.476654115177e+00  ,-7.650390506159e+00  ,-9.889314048914e+00  ,-2.241577428122e+00  ,-2.238923542755e+00  
  3.958220648357e+06  ,-7.233862142386e+00  ,-9.475380766123e+00  ,-7.650861010482e+00  ,-9.889720705115e+00  ,-2.241518623737e+00  ,-2.238859694634e+00  
  3.981071705535e+06  ,-7.232626360713e+00  ,-9.474086657154e+00  ,-7.651338845728e+00  ,-9.890135369900e+00  ,-2.241460296441e+00  ,-2.238796524172e+00  
  4.004054683306e+06  ,-7.231370451436e+00  ,-9.472772988558e+00  ,-7.651823487913e+00  ,-9.890557615912e+00  ,-2.241402537122e+00  ,-2.238734127999e+00  
  4.027170343255e+06  ,-7.230095507393e+00  ,-9.471440947012e+00  ,-7.652314416851e+00  ,-9.890987023194e+00  ,-2.241345439619e+00  ,-2.238672606343e+00  
  4.050419451365e+06  ,-7.228802602732e+00  ,-9.470091704313e+00  ,-7.652811116804e+00  ,-9.891423179932e+00  ,-2.241289101581e+00  ,-2.238612063129e+00  
  4.073802778041e+06  ,-7.227492797159e+00  ,-9.468726420757e+00  ,-7.653313076606e+00  ,-9.891865682136e+00  ,-2.241233623598e+00  ,-2.238552605531e+00  
  4.097321098136e+06  ,-7.226167131520e+00  ,-9.467346241944e+00  ,-7.653819789391e+00  ,-9.892314133814e+00  ,-2.241179110424e+00  ,-2.238494344423e+00  
  4.120975190973e+06  ,-7.224826630043e+00  ,-9.465952300194e+00  ,-7.654330752911e+00  ,-9.892768147712e+00  ,-2.241125670151e+00  ,-2.238437394801e+00  
  4.144765840380e+06  ,-7.223472301114e+00  ,-9.464545715646e+00  ,-7.654845470955e+00  ,-9.893227345963e+00  ,-2.241073414532e+00  ,-2.238381875007e+00  
  4.168693834704e+06  ,-7.222105134229e+00  ,-9.463127593771e+00  ,-7.655363451167e+00  ,-9.893691358989e+00  ,-2.241022459541e+00  ,-2.238327907822e+00  
  4.192759966846e+06  ,-7.220726103812e+00  ,-9.461699028915e+00  ,-7.655884206806e+00  ,-9.894159826672e+00  ,-2.240972925103e+00  ,-2.238275619866e+00  
  4.216965034286e+06  ,-7.219336166593e+00  ,-9.460261101671e+00  ,-7.656407256835e+00  ,-9.894632399080e+00  ,-2.240924935079e+00  ,-2.238225142244e+00  
  4.241309839105e+06  ,-7.217936262565e+00  ,-9.458814880348e+00  ,-7.656932125580e+00  ,-9.895108735556e+00  ,-2.240878617783e+00  ,-2.238176609976e+00  
  4.265795188016e+06  ,-7.216527314666e+00  ,-9.457361420294e+00  ,-7.657458342865e+00  ,-9.895588505784e+00  ,-2.240834105628e+00  ,-2.238130162918e+00  
  4.290421892389e+06  ,-7.215110230458e+00  ,-9.455901766512e+00  ,-7.657985444306e+00  ,-9.896071389346e+00  ,-2.240791536054e+00  ,-2.238085945041e+00  
  4.315190768278e+06  ,-7.213685899057e+00  ,-9.454436949340e+00  ,-7.658512971791e+00  ,-9.896557077478e+00  ,-2.240751050283e+00  ,-2.238044105687e+00  
  4.340102636448e+06  ,-7.212255194266e+00  ,-9.452967989300e+00  ,-7.659040473044e+00  ,-9.897045271328e+00  ,-2.240712795035e+00  ,-2.238004798284e+00  
  4.365158322402e+06  ,-7.210818973980e+00  ,-9.451495895506e+00  ,-7.659567501683e+00  ,-9.897535683381e+00  ,-2.240676921526e+00  ,-2.237968181698e+00  
  4.390358656410e+06  ,-7.209378078007e+00  ,-9.450021663984e+00  ,-7.660093617888e+00  ,-9.898028037333e+00  ,-2.240643585977e+00  ,-2.237934419444e+00  
  4.415704473533e+06  ,-7.207933332374e+00  ,-9.448546282126e+00  ,-7.660618388323e+00  ,-9.898522068887e+00  ,-2.240612949752e+00  ,-2.237903680565e+00  
  4.441196613656e+06  ,-7.206485544778e+00  ,-9.447070724361e+00  ,-7.661141385800e+00  ,-9.899017525306e+00  ,-2.240585179584e+00  ,-2.237876139506e+00  
  4.466835921510e+06  ,-7.205035508127e+00  ,-9.445595955456e+00  ,-7.661662190056e+00  ,-9.899514165620e+00  ,-2.240560447329e+00  ,-2.237851975564e+00  
  4.492623246703e+06  ,-7.203583999325e+00  ,-9.444122929899e+00  ,-7.662180387145e+00  ,-9.900011761483e+00  ,-2.240538930574e+00  ,-2.237831374338e+00  
  4.518559443749e+06  ,-7.202131779328e+00  ,-9.442652591980e+00  ,-7.662695570069e+00  ,-9.900510096772e+00  ,-2.240520812652e+00  ,-2.237814526703e+00  
  4.544645372095e+06  ,-7.200679594517e+00  ,-9.441185877004e+00  ,-7.663207338511e+00  ,-9.901008968077e+00  ,-2.240506282487e+00  ,-2.237801629565e+00  
  4.570881896149e+06  ,-7.199228173499e+00  ,-9.439723708520e+00  ,-7.663715299333e+00  ,-9.901508185118e+00  ,-2.240495535021e+00  ,-2.237792885784e+00  
  4.597269885309e+06  ,-7.197778231448e+00  ,-9.438267002942e+00  ,-7.664219066205e+00  ,-9.902007570584e+00  ,-2.240488771494e+00  ,-2.237788504379e+00  
  4.623810213993e+06  ,-7.196330467602e+00  ,-9.436816666778e+00  ,-7.664718259768e+00  ,-9.902506960525e+00  ,-2.240486199175e+00  ,-2.237788700757e+00  
  4.650503761666e+06  ,-7.194885566665e+00  ,-9.435373598413e+00  ,-7.665212507999e+00  ,-9.903006204482e+00  ,-2.240488031748e+00  ,-2.237793696483e+00  
  4.677351412872e+06  ,-7.193444197454e+00  ,-9.433938686988e+00  ,-7.665701445689e+00  ,-9.903505165722e+00  ,-2.240494489534e+00  ,-2.237803720033e+00  
  4.704354057260e+06  ,-7.192007014136e+00  ,-9.432512813613e+00  ,-7.666184715202e+00  ,-9.904003721767e+00  ,-2.240505799477e+00  ,-2.237819006565e+00  
  4.731512589615e+06  ,-7.190574656556e+00  ,-9.431096851971e+00  ,-7.666661966215e+00  ,-9.904501763940e+00  ,-2.240522195415e+00  ,-2.237839797725e+00  
  4.758827909888e+06  ,-7.189147749404e+00  ,-9.429691667694e+00  ,-7.667132855201e+00  ,-9.904999198064e+00  ,-2.240543918291e+00  ,-2.237866342863e+00  
  4.786300923227e+06  ,-7.187726903404e+00  ,-9.428298119583e+00  ,-7.667597046700e+00  ,-9.905495944613e+00  ,-2.240571216179e+00  ,-2.237898897913e+00  
  4.813932540002e+06  ,-7.186312714270e+00  ,-9.426917058556e+00  ,-7.668054211870e+00  ,-9.905991938196e+00  ,-2.240604344285e+00  ,-2.237937726326e+00  
  4.841723675841e+06  ,-7.184905764168e+00  ,-9.425549329712e+00  ,-7.668504029849e+00  ,-9.906487129200e+00  ,-2.240643565544e+00  ,-2.237983099352e+00  
  4.869675251659e+06  ,-7.183506620853e+00  ,-9.424195771255e+00  ,-7.668946187145e+00  ,-9.906981482471e+00  ,-2.240689150402e+00  ,-2.238035295326e+00  
  4.897788193685e+06  ,-7.182115837169e+00  ,-9.422857214445e+00  ,-7.669380377511e+00  ,-9.907474978407e+00  ,-2.240741377276e+00  ,-2.238094600896e+00  
  4.926063433496e+06  ,-7.180733953728e+00  ,-9.421534485955e+00  ,-7.669806302365e+00  ,-9.907967612615e+00  ,-2.240800532227e+00  ,-2.238161310250e+00  
  4.954501908048e+06  ,-7.179361496477e+00  ,-9.420228406436e+00  ,-7.670223670517e+00  ,-9.908459396529e+00  ,-2.240866909960e+00  ,-2.238235726012e+00  
  4.983104559705e+06  ,-7.177998977560e+00  ,-9.418939790403e+00  ,-7.670632198153e+00  ,-9.908950356995e+00  ,-2.240940812843e+00  ,-2.238318158842e+00  
  5.011872336273e+06  ,-7.176646895903e+00  ,-9.417669448182e+00  ,-7.671031609424e+00  ,-9.909440537307e+00  ,-2.241022552279e+00  ,-2.238408927884e+00  
  5.040806191027e+06  ,-7.175305736737e+00  ,-9.416418184746e+00  ,-7.671421635355e+00  ,-9.909929996201e+00  ,-2.241112448009e+00  ,-2.238508360846e+00  
  5.069907082747e+06  ,-7.173975972771e+00  ,-9.415186801397e+00  ,-7.671802015157e+00  ,-9.910418809445e+00  ,-2.241210828627e+00  ,-2.238616794288e+00  
  5.099175975749e+06  ,-7.172658062317e+00  ,-9.413976093858e+00  ,-7.672172494840e+00  ,-9.910907068174e+00  ,-2.241318031541e+00  ,-2.238734573334e+00  
  5.128613839914e+06  ,-7.171352451677e+00  ,-9.412786854965e+00  ,-7.672532828199e+00  ,-9.911394880705e+00  ,-2.241434403288e+00  ,-2.238862052507e+00  
  5.158221650723e+06  ,-7.170059574187e+00  ,-9.411619873980e+00  ,-7.672882776882e+00  ,-9.911882371962e+00  ,-2.241560299793e+00  ,-2.238999595079e+00  
  5.188000389290e+06  ,-7.168779849128e+00  ,-9.410475935557e+00  ,-7.673222109314e+00  ,-9.912369683165e+00  ,-2.241696086429e+00  ,-2.239147573850e+00  
  5.217951042390e+06  ,-7.167513684763e+00  ,-9.409355822588e+00  ,-7.673550601605e+00  ,-9.912856972810e+00  ,-2.241842137825e+00  ,-2.239306371205e+00  
  5.248074602498e+06  ,-7.166261475431e+00  ,-9.408260314099e+00  ,-7.673868037512e+00  ,-9.913344416604e+00  ,-2.241998838669e+00  ,-2.239476379092e+00  
  5.278372067816e+06  ,-7.165023603480e+00  ,-9.407190186791e+00  ,-7.674174207642e+00  ,-9.913832206494e+00  ,-2.242166583311e+00  ,-2.239657998851e+00  
  5.308844442310e+06  ,-7.163800438901e+00  ,-9.406146215206e+00  ,-7.674468910723e+00  ,-9.914320552762e+00  ,-2.242345776305e+00  ,-2.239851642040e+00  
  5.339492735742e+06  ,-7.162592339030e+00  ,-9.405129171102e+00  ,-7.674751951678e+00  ,-9.914809681840e+00  ,-2.242536832071e+00  ,-2.240057730162e+00  
  5.370317963703e+06  ,-7.161399649780e+00  ,-9.404139825514e+00  ,-7.675023143920e+00  ,-9.915299838756e+00  ,-2.242740175734e+00  ,-2.240276694836e+00  
  5.401321147647e+06  ,-7.160222703581e+00  ,-9.403178945938e+00  ,-7.675282306891e+00  ,-9.915791284696e+00  ,-2.242956242357e+00  ,-2.240508977805e+00  
  5.432503314925e+06  ,-7.159061822516e+00  ,-9.402247300471e+00  ,-7.675529268169e+00  ,-9.916284299407e+00  ,-2.243185477955e+00  ,-2.240755031238e+00  
  5.463865498819e+06  ,-7.157917315905e+00  ,-9.401345655223e+00  ,-7.675763861966e+00  ,-9.916779179994e+00  ,-2.243428339319e+00  ,-2.241015318027e+00  
  5.495408738576e+06  ,-7.156789480813e+00  ,-9.400474774497e+00  ,-7.675985929420e+00  ,-9.917276240730e+00  ,-2.243685293684e+00  ,-2.241290311311e+00  
  5.527134079445e+06  ,-7.155678603185e+00  ,-9.399635422584e+00  ,-7.676195319387e+00  ,-9.917775814427e+00  ,-2.243956819400e+00  ,-2.241580495040e+00  
  5.559042572704e+06  ,-7.154584957929e+00  ,-9.398828363851e+00  ,-7.676391886691e+00  ,-9.918278250800e+00  ,-2.244243405922e+00  ,-2.241886364109e+00  
  5.591135275706e+06  ,-7.153508807188e+00  ,-9.398054360971e+00  ,-7.676575494042e+00  ,-9.918783918192e+00  ,-2.244545553783e+00  ,-2.242208424150e+00  
  5.623413251904e+06  ,-7.152450402421e+00  ,-9.397314177027e+00  ,-7.676746010098e+00  ,-9.919293201626e+00  ,-2.244863774606e+00  ,-2.242547191528e+00  
  5.655877570892e+06  ,-7.151409983614e+00  ,-9.396608575163e+00  ,-7.676903311027e+00  ,-9.919806505038e+00  ,-2.245198591548e+00  ,-2.242903194011e+00  
  5.688529308439e+06  ,-7.150387779556e+00  ,-9.395938318765e+00  ,-7.677047279252e+00  ,-9.920324249254e+00  ,-2.245550539209e+00  ,-2.243276970002e+00  
  5.721369546523e+06  ,-7.149384007147e+00  ,-9.395304170525e+00  ,-7.677177804017e+00  ,-9.920846873541e+00  ,-2.245920163378e+00  ,-2.243669069524e+00  
  5.754399373372e+06  ,-7.148398873579e+00  ,-9.394706895030e+00  ,-7.677294781184e+00  ,-9.921374834665e+00  ,-2.246308021451e+00  ,-2.244080053481e+00  
  5.787619883491e+06  ,-7.147432573944e+00  ,-9.394147256611e+00  ,-7.677398112820e+00  ,-9.921908606522e+00  ,-2.246714682667e+00  ,-2.244510493703e+00  
  5.821032177709e+06  ,-7.146485292977e+00  ,-9.393626020487e+00  ,-7.677487707620e+00  ,-9.922448681524e+00  ,-2.247140727510e+00  ,-2.244960973904e+00  
  5.854637363206e+06  ,-7.145557204805e+00  ,-9.393143952916e+00  ,-7.677563480838e+00  ,-9.922995568972e+00  ,-2.247586748112e+00  ,-2.245432088135e+00  
  5.888436553556e+06  ,-7.144648471500e+00  ,-9.392701820009e+00  ,-7.677625353631e+00  ,-9.923549796087e+00  ,-2.248053348509e+00  ,-2.245924442457e+00  
  5.922430868762e+06  ,-7.143759245550e+00  ,-9.392300389688e+00  ,-7.677673253468e+00  ,-9.924111906841e+00  ,-2.248541144138e+00  ,-2.246438653373e+00  
  5.956621435290e+06  ,-7.142889668812e+00  ,-9.391940430817e+00  ,-7.677707113935e+00  ,-9.924682463051e+00  ,-2.249050762005e+00  ,-2.246975349116e+00  
  5.991009386114e+06  ,-7.142039872826e+00  ,-9.391622713615e+00  ,-7.677726874544e+00  ,-9.925262043159e+00  ,-2.249582840789e+00  ,-2.247535168615e+00  
  6.025595860744e+06  ,-7.141209977855e+00  ,-9.391348008501e+00  ,-7.677732480940e+00  ,-9.925851242812e+00  ,-2.250138030646e+00  ,-2.248118761872e+00  
  6.060382005271e+06  ,-7.140400094563e+00  ,-9.391117087761e+00  ,-7.677723884271e+00  ,-9.926450673882e+00  ,-2.250716993197e+00  ,-2.248726789611e+00  
  6.095368972402e+06  ,-7.139610322936e+00  ,-9.390930724271e+00  ,-7.677701041931e+00  ,-9.927060965594e+00  ,-2.251320401335e+00  ,-2.249359923663e+00  
  6.130557921498e+06  ,-7.138840753288e+00  ,-9.390789692373e+00  ,-7.677663916475e+00  ,-9.927682762722e+00  ,-2.251948939085e+00  ,-2.250018846247e+00  
  6.165950018615e+06  ,-7.138091465135e+00  ,-9.390694767091e+00  ,-7.677612476384e+00  ,-9.928316726588e+00  ,-2.252603301956e+00  ,-2.250704250204e+00  
  6.201546436538e+06  ,-7.137362527705e+00  ,-9.390646723890e+00  ,-7.677546695440e+00  ,-9.928963534120e+00  ,-2.253284196185e+00  ,-2.251416838680e+00  
  6.237348354824e+06  ,-7.136654002159e+00  ,-9.390646340690e+00  ,-7.677466552810e+00  ,-9.929623877477e+00  ,-2.253992338531e+00  ,-2.252157324668e+00  
  6.273356959841e+06  ,-7.135965937016e+00  ,-9.390694393972e+00  ,-7.677372033029e+00  ,-9.930298464419e+00  ,-2.254728456956e+00  ,-2.252926431389e+00  
  6.309573444802e+06  ,-7.135298373187e+00  ,-9.390791662189e+00  ,-7.677263126005e+00  ,-9.930988017619e+00  ,-2.255493289002e+00  ,-2.253724891615e+00  
  6.345999009813e+06  ,-7.134651340938e+00  ,-9.390938924019e+00  ,-7.677139826165e+00  ,-9.931693273368e+00  ,-2.256287583082e+00  ,-2.254553447203e+00  
  6.382634861906e+06  ,-7.134024860361e+00  ,-9.391136957246e+00  ,-7.677002133567e+00  ,-9.932414983221e+00  ,-2.257112096886e+00  ,-2.255412849654e+00  
  6.419482215081e+06  ,-7.133418943531e+00  ,-9.391386541393e+00  ,-7.676850052719e+00  ,-9.933153911091e+00  ,-2.257967597862e+00  ,-2.256303858372e+00  
  6.456542290347e+06  ,-7.132833590765e+00  ,-9.391688453492e+00  ,-7.676683593305e+00  ,-9.933910835156e+00  ,-2.258854862727e+00  ,-2.257227241851e+00  
  6.493816315762e+06  ,-7.132268794610e+00  ,-9.392043471377e+00  ,-7.676502769513e+00  ,-9.934686545948e+00  ,-2.259774676767e+00  ,-2.258183776435e+00  
  6.531305526475e+06  ,-7.131724538086e+00  ,-9.392452372026e+00  ,-7.676307600116e+00  ,-9.935481845664e+00  ,-2.260727833940e+00  ,-2.259174245548e+00  
  6.569011164763e+06  ,-7.131200794607e+00  ,-9.392915930647e+00  ,-7.676098108528e+00  ,-9.936297548681e+00  ,-2.261715136041e+00  ,-2.260199440153e+00  
  6.606934480076e+06  ,-7.130697528152e+00  ,-9.393434920684e+00  ,-7.675874322205e+00  ,-9.937134479781e+00  ,-2.262737392532e+00  ,-2.261260157577e+00  
  6.645076729078e+06  ,-7.130214693457e+00  ,-9.394010113098e+00  ,-7.675636273363e+00  ,-9.937993474771e+00  ,-2.263795419641e+00  ,-2.262357201408e+00  
  6.683439175686e+06  ,-7.129752237088e+00  ,-9.394642277355e+00  ,-7.675383998283e+00  ,-9.938875378834e+00  ,-2.264890040267e+00  ,-2.263491380552e+00  
  6.722023091116e+06  ,-7.129310095682e+00  ,-9.395332179112e+00  ,-7.675117537040e+00  ,-9.939781045860e+00  ,-2.266022083430e+00  ,-2.264663508820e+00  
  6.760829753920e+06  ,-7.128888197339e+00  ,-9.396080580379e+00  ,-7.674836934142e+00  ,-9.940711338485e+00  ,-2.267192383040e+00  ,-2.265874404343e+00  
  6.799860450033e+06  ,-7.128486461559e+00  ,-9.396888239328e+00  ,-7.674542237630e+00  ,-9.941667126213e+00  ,-2.268401777769e+00  ,-2.267124888583e+00  
  6.839116472815e+06  ,-7.128104798443e+00  ,-9.397755908529e+00  ,-7.674233499563e+00  ,-9.942649285797e+00  ,-2.269651110086e+00  ,-2.268415786234e+00  
  6.878599123088e+06  ,-7.127743109939e+00  ,-9.398684336075e+00  ,-7.673910775717e+00  ,-9.943658699351e+00  ,-2.270941226135e+00  ,-2.269747923634e+00  
  6.918309709190e+06  ,-7.127401288978e+00  ,-9.399674262800e+00  ,-7.673574125083e+00  ,-9.944696253550e+00  ,-2.272272973822e+00  ,-2.271122128467e+00  
  6.958249547006e+06  ,-7.127079220907e+00  ,-9.400726423756e+00  ,-7.673223610574e+00  ,-9.945762839442e+00  ,-2.273647202849e+00  ,-2.272539228868e+00  
  6.998419960023e+06  ,-7.126776781252e+00  ,-9.401841544907e+00  ,-7.672859298303e+00  ,-9.946859350719e+00  ,-2.275064763655e+00  ,-2.274000052416e+00  
  7.038822279365e+06  ,-7.126493838789e+00  ,-9.403020345128e+00  ,-7.672481257619e+00  ,-9.947986682585e+00  ,-2.276526506339e+00  ,-2.275505424966e+00  
  7.079457843842e+06  ,-7.126230252700e+00  ,-9.404263532386e+00  ,-7.672089561315e+00  ,-9.949145731503e+00  ,-2.278033279686e+00  ,-2.277056170188e+00  
  7.120327999992e+06  ,-7.125985874776e+00  ,-9.405571805129e+00  ,-7.671684284830e+00  ,-9.950337392773e+00  ,-2.279585930353e+00  ,-2.278653107943e+00  
  7.161434102129e+06  ,-7.125760548492e+00  ,-9.406945849679e+00  ,-7.671265506797e+00  ,-9.951562560127e+00  ,-2.281185301187e+00  ,-2.280297053330e+00  
  7.202777512384e+06  ,-7.125554108873e+00  ,-9.408386339871e+00  ,-7.670833309250e+00  ,-9.952822125193e+00  ,-2.282832230998e+00  ,-2.281988815942e+00  
  7.244359600750e+06  ,-7.125366384868e+00  ,-9.409893937450e+00  ,-7.670387775998e+00  ,-9.954116973761e+00  ,-2.284527552582e+00  ,-2.283729197763e+00  
  7.286181745133e+06  ,-7.125197195308e+00  ,-9.411469287174e+00  ,-7.669928994352e+00  ,-9.955447987317e+00  ,-2.286272091866e+00  ,-2.285518992966e+00  
  7.328245331389e+06  ,-7.125046352992e+00  ,-9.413113019502e+00  ,-7.669457054124e+00  ,-9.956816039790e+00  ,-2.288066666510e+00  ,-2.287358985666e+00  
  7.370551753380e+06  ,-7.124913662544e+00  ,-9.414825746836e+00  ,-7.668972047119e+00  ,-9.958221996362e+00  ,-2.289912084291e+00  ,-2.289249949243e+00  
  7.413102413009e+06  ,-7.124798921159e+00  ,-9.416608063416e+00  ,-7.668474068487e+00  ,-9.959666712556e+00  ,-2.291809142257e+00  ,-2.291192644069e+00  
  7.455898720278e+06  ,-7.124701918420e+00  ,-9.418460542904e+00  ,-7.667963215081e+00  ,-9.961151032144e+00  ,-2.293758624484e+00  ,-2.293187817064e+00  
  7.498942093325e+06  ,-7.124622437941e+00  ,-9.420383739367e+00  ,-7.667439585963e+00  ,-9.962675785342e+00  ,-2.295761301426e+00  ,-2.295236199379e+00  
  7.542233958476e+06  ,-7.124560254573e+00  ,-9.422378182032e+00  ,-7.666903282615e+00  ,-9.964241787580e+00  ,-2.297817927459e+00  ,-2.297338504966e+00  
  7.585775750292e+06  ,-7.124515137102e+00  ,-9.424444376858e+00  ,-7.666354408761e+00  ,-9.965849837557e+00  ,-2.299929239756e+00  ,-2.299495428795e+00  
  7.629568911616e+06  ,-7.124486847459e+00  ,-9.426582803896e+00  ,-7.665793069802e+00  ,-9.967500715593e+00  ,-2.302095956437e+00  ,-2.301707645791e+00  
  7.673614893619e+06  ,-7.124475141075e+00  ,-9.428793915770e+00  ,-7.665219373392e+00  ,-9.969195181352e+00  ,-2.304318774695e+00  ,-2.303975807960e+00  
  7.717915155850e+06  ,-7.124479765364e+00  ,-9.431078134311e+00  ,-7.664633428838e+00  ,-9.970933972210e+00  ,-2.306598368947e+00  ,-2.306300543372e+00  
  7.762471166287e+06  ,-7.124500462906e+00  ,-9.433435852417e+00  ,-7.664035347383e+00  ,-9.972717801622e+00  ,-2.308935389511e+00  ,-2.308682454239e+00  
  7.807284401379e+06  ,-7.124536969646e+00  ,-9.435867429129e+00  ,-7.663425241856e+00  ,-9.974547356167e+00  ,-2.311330459482e+00  ,-2.311122114310e+00  
  7.852356346101e+06  ,-7.124589014647e+00  ,-9.438373188548e+00  ,-7.662803226983e+00  ,-9.976423294571e+00  ,-2.313784173901e+00  ,-2.313620067588e+00  
  7.897688493999e+06  ,-7.124656321560e+00  ,-9.440953418639e+00  ,-7.662169418961e+00  ,-9.978346244932e+00  ,-2.316297097079e+00  ,-2.316176825971e+00  
  7.943282347243e+06  ,-7.124738607650e+00  ,-9.443608368116e+00  ,-7.661523935840e+00  ,-9.980316803136e+00  ,-2.318869760466e+00  ,-2.318792867297e+00  
  7.989139416674e+06  ,-7.124835585140e+00  ,-9.446338246064e+00  ,-7.660866896530e+00  ,-9.982335529023e+00  ,-2.321502660924e+00  ,-2.321468632493e+00  
  8.035261221857e+06  ,-7.124946959922e+00  ,-9.449143217766e+00  ,-7.660198421998e+00  ,-9.984402946402e+00  ,-2.324196257843e+00  ,-2.324204524405e+00  
  8.081649291126e+06  ,-7.125072433207e+00  ,-9.452023404672e+00  ,-7.659518634512e+00  ,-9.986519539551e+00  ,-2.326950971465e+00  ,-2.327000905040e+00  
  8.128305161641e+06  ,-7.125211700693e+00  ,-9.454978880933e+00  ,-7.658827657935e+00  ,-9.988685750939e+00  ,-2.329767180240e+00  ,-2.329858093004e+00  
  8.175230379437e+06  ,-7.125364452745e+00  ,-9.458009671228e+00  ,-7.658125616665e+00  ,-9.990901978322e+00  ,-2.332645218483e+00  ,-2.332776361657e+00  
  8.222426499471e+06  ,-7.125530375111e+00  ,-9.461115749019e+00  ,-7.657412637179e+00  ,-9.993168573437e+00  ,-2.335585373907e+00  ,-2.335755936258e+00  
  8.269895085680e+06  ,-7.125709149243e+00  ,-9.464297035009e+00  ,-7.656688847071e+00  ,-9.995485839277e+00  ,-2.338587885766e+00  ,-2.338796992207e+00  
  8.317637711027e+06  ,-7.125900451041e+00  ,-9.467553392365e+00  ,-7.655954375436e+00  ,-9.997854027216e+00  ,-2.341652941324e+00  ,-2.341899651780e+00  
  8.365655957558e+06  ,-7.126103953864e+00  ,-9.470884628008e+00  ,-7.655209351816e+00  ,-1.000027333407e+01  ,-2.344780674143e+00  ,-2.345063982257e+00  
  8.413951416452e+06  ,-7.126319324981e+00  ,-9.474290486431e+00  ,-7.654453907946e+00  ,-1.000274390110e+01  ,-2.347971161450e+00  ,-2.348289993153e+00  
  8.462525688073e+06  ,-7.126546229237e+00  ,-9.477770650469e+00  ,-7.653688176323e+00  ,-1.000526581028e+01  ,-2.351224421232e+00  ,-2.351577633957e+00  
  8.511380382024e+06  ,-7.126784327288e+00  ,-9.481324737310e+00  ,-7.652912290742e+00  ,-1.000783908199e+01  ,-2.354540410022e+00  ,-2.354926791243e+00  
  8.560517117201e+06  ,-7.127033276735e+00  ,-9.484952296836e+00  ,-7.652126386426e+00  ,-1.001046367304e+01  ,-2.357919020101e+00  ,-2.358337286610e+00  
  8.609937521846e+06  ,-7.127292730870e+00  ,-9.488652807788e+00  ,-7.651330599454e+00  ,-1.001313947290e+01  ,-2.361360076918e+00  ,-2.361808873446e+00  
  8.659643233601e+06  ,-7.127562341831e+00  ,-9.492425678370e+00  ,-7.650525067621e+00  ,-1.001586630288e+01  ,-2.364863336539e+00  ,-2.365341235261e+00  
  8.709635899561e+06  ,-7.127841757004e+00  ,-9.496270240391e+00  ,-7.649709929973e+00  ,-1.001864391258e+01  ,-2.368428483387e+00  ,-2.368933982605e+00  
  8.759917176332e+06  ,-7.128130623230e+00  ,-9.500185750063e+00  ,-7.648885326673e+00  ,-1.002147197741e+01  ,-2.372055126833e+00  ,-2.372586650732e+00  
  8.810488730081e+06  ,-7.128428583387e+00  ,-9.504171382875e+00  ,-7.648051399387e+00  ,-1.002435009650e+01  ,-2.375742799488e+00  ,-2.376298697116e+00  
  8.861352236595e+06  ,-7.128735279716e+00  ,-9.508226234493e+00  ,-7.647208291350e+00  ,-1.002727779054e+01  ,-2.379490954778e+00  ,-2.380069499188e+00  
  8.912509381338e+06  ,-7.129050352242e+00  ,-9.512349315607e+00  ,-7.646356146895e+00  ,-1.003025449847e+01  ,-2.383298963366e+00  ,-2.383898351575e+00  
  8.963961859500e+06  ,-7.129373439144e+00  ,-9.516539551015e+00  ,-7.645495112288e+00  ,-1.003327957669e+01  ,-2.387166111871e+00  ,-2.387784464405e+00  
  9.015711376060e+06  ,-7.129704178434e+00  ,-9.520795778539e+00  ,-7.644625335215e+00  ,-1.003635229567e+01  ,-2.391091600106e+00  ,-2.391726960457e+00  
  9.067759645839e+06  ,-7.130042206141e+00  ,-9.525116744926e+00  ,-7.643746965060e+00  ,-1.003947183828e+01  ,-2.395074538785e+00  ,-2.395724873225e+00  
  9.120108393559e+06  ,-7.130387158468e+00  ,-9.529501105828e+00  ,-7.642860152666e+00  ,-1.004263729775e+01  ,-2.399113947361e+00  ,-2.399777145085e+00  
  9.172759353898e+06  ,-7.130738671337e+00  ,-9.533947423447e+00  ,-7.641965051164e+00  ,-1.004584767608e+01  ,-2.403208752110e+00  ,-2.403882624911e+00  
  9.225714271548e+06  ,-7.131096380468e+00  ,-9.538454164142e+00  ,-7.641061815528e+00  ,-1.004910188200e+01  ,-2.407357783675e+00  ,-2.408040066477e+00  
  9.278974901274e+06  ,-7.131459921459e+00  ,-9.543019697045e+00  ,-7.640150602520e+00  ,-1.005239872895e+01  ,-2.411559775586e+00  ,-2.412248126425e+00  
  9.332543007970e+06  ,-7.131828931469e+00  ,-9.547642294048e+00  ,-7.639231571006e+00  ,-1.005573693425e+01  ,-2.415813362578e+00  ,-2.416505363246e+00  
  9.386420366722e+06  ,-7.132203048000e+00  ,-9.552320126828e+00  ,-7.638304882307e+00  ,-1.005911511773e+01  ,-2.420117078828e+00  ,-2.420810235418e+00  
  9.440608762860e+06  ,-7.132581910155e+00  ,-9.557051266715e+00  ,-7.637370700069e+00  ,-1.006253180026e+01  ,-2.424469356560e+00  ,-2.425161100187e+00  
  9.495109992022e+06  ,-7.132965158490e+00  ,-9.561833683349e+00  ,-7.636429190196e+00  ,-1.006598540262e+01  ,-2.428868524859e+00  ,-2.429556212426e+00  
  9.549925860215e+06  ,-7.133352435422e+00  ,-9.566665244122e+00  ,-7.635480521494e+00  ,-1.006947424553e+01  ,-2.433312808700e+00  ,-2.433993724033e+00  
  9.605058183868e+06  ,-7.133743386065e+00  ,-9.571543714250e+00  ,-7.634524865321e+00  ,-1.007299654841e+01  ,-2.437800328185e+00  ,-2.438471683091e+00  
  9.660508789899e+06  ,-7.134137658788e+00  ,-9.576466756580e+00  ,-7.633562396089e+00  ,-1.007655042987e+01  ,-2.442329097792e+00  ,-2.442988033778e+00  
  9.716279515771e+06  ,-7.134534902906e+00  ,-9.581431928871e+00  ,-7.632593291186e+00  ,-1.008013390683e+01  ,-2.446897025966e+00  ,-2.447540615647e+00  
  9.772372209559e+06  ,-7.134934772990e+00  ,-9.586436688779e+00  ,-7.631617730928e+00  ,-1.008374489527e+01  ,-2.451501915789e+00  ,-2.452127164338e+00  
  9.828788730001e+06  ,-7.135336927113e+00  ,-9.591478390999e+00  ,-7.630635899634e+00  ,-1.008738121152e+01  ,-2.456141463886e+00  ,-2.456745311890e+00  
  9.885530946570e+06  ,-7.135741026176e+00  ,-9.596554288996e+00  ,-7.629647984710e+00  ,-1.009104057171e+01  ,-2.460813262820e+00  ,-2.461392586997e+00  
  9.942600739530e+06  ,-7.136146737710e+00  ,-9.601661537745e+00  ,-7.628654177302e+00  ,-1.009472059446e+01  ,-2.465514800035e+00  ,-2.466066417162e+00  
  1.000000000000e+07  ,-7.136553732581e+00  ,-9.606797193362e+00  ,-7.627654672882e+00  ,-1.009841880195e+01  ,-2.470243460781e+00  ,-2.470764129064e+00  
  1.005773063002e+07  ,-7.136961687311e+00  ,-9.611958215875e+00  ,-7.626649670647e+00  ,-1.010213262160e+01  ,-2.474996528563e+00  ,-2.475482950953e+00  
  1.011579454260e+07  ,-7.137370283855e+00  ,-9.617141471532e+00  ,-7.625639373809e+00  ,-1.010585938873e+01  ,-2.479771187677e+00  ,-2.480220014917e+00  
  1.017419366181e+07  ,-7.137779210740e+00  ,-9.622343736755e+00  ,-7.624623991129e+00  ,-1.010959635095e+01  ,-2.484564526015e+00  ,-2.484972359818e+00  
  1.023292992281e+07  ,-7.138188162754e+00  ,-9.627561699957e+00  ,-7.623603734987e+00  ,-1.011334066846e+01  ,-2.489373537203e+00  ,-2.489736933471e+00  
  1.029200527194e+07  ,-7.138596841312e+00  ,-9.632791965902e+00  ,-7.622578823314e+00  ,-1.011708942104e+01  ,-2.494195124590e+00  ,-2.494510597723e+00  
  1.035142166679e+07  ,-7.139004955734e+00  ,-9.638031060730e+00  ,-7.621549479142e+00  ,-1.012083961030e+01  ,-2.499026104995e+00  ,-2.499290131156e+00  
  1.041118107623e+07  ,-7.139412221233e+00  ,-9.643275434309e+00  ,-7.620515930563e+00  ,-1.012458816574e+01  ,-2.503863213076e+00  ,-2.504072235180e+00  
  1.047128548051e+07  ,-7.139818363422e+00  ,-9.648521469716e+00  ,-7.619478411785e+00  ,-1.012833194946e+01  ,-2.508703106294e+00  ,-2.508853537675e+00  
  1.053173687130e+07  ,-7.140223114763e+00  ,-9.653765485178e+00  ,-7.618437162340e+00  ,-1.013206776270e+01  ,-2.513542370415e+00  ,-2.513630600362e+00  
  1.059253725177e+07  ,-7.140626217872e+00  ,-9.659003743686e+00  ,-7.617392428043e+00  ,-1.013579235239e+01  ,-2.518377525813e+00  ,-2.518399924351e+00  
  1.065368863668e+07  ,-7.141027423026e+00  ,-9.664232457265e+00  ,-7.616344461327e+00  ,-1.013950241841e+01  ,-2.523205034239e+00  ,-2.523157957082e+00  
  1.071519305238e+07  ,-7.141426490675e+00  ,-9.669447796746e+00  ,-7.615293520712e+00  ,-1.014319462150e+01  ,-2.528021306071e+00  ,-2.527901100785e+00  
  1.077705253694e+07  ,-7.141823193116e+00  ,-9.674645901738e+00  ,-7.614239871709e+00  ,-1.014686559195e+01  ,-2.532822708621e+00  ,-2.532625720246e+00  
  1.083926914021e+07  ,-7.142217311142e+00  ,-9.679822885885e+00  ,-7.613183786953e+00  ,-1.015051193892e+01  ,-2.537605574743e+00  ,-2.537328151969e+00  
  1.090184492385e+07  ,-7.142608636993e+00  ,-9.684974849723e+00  ,-7.612125546142e+00  ,-1.015413026062e+01  ,-2.542366212730e+00  ,-2.542004714475e+00  
  1.096478196143e+07  ,-7.142996974579e+00  ,-9.690097890608e+00  ,-7.611065436816e+00  ,-1.015771715518e+01  ,-2.547100916029e+00  ,-2.546651718365e+00  
  1.102808233850e+07  ,-7.143382138615e+00  ,-9.695188113298e+00  ,-7.610003753956e+00  ,-1.016126923206e+01  ,-2.551805974683e+00  ,-2.551265478108e+00  
  1.109174815262e+07  ,-7.143763957938e+00  ,-9.700241645544e+00  ,-7.608940801016e+00  ,-1.016478312492e+01  ,-2.556477687606e+00  ,-2.555842323905e+00  
  1.115578151351e+07  ,-7.144142271761e+00  ,-9.705254645978e+00  ,-7.607876889413e+00  ,-1.016825550429e+01  ,-2.561112374217e+00  ,-2.560378614878e+00  
  1.122018454302e+07  ,-7.144516932873e+00  ,-9.710223321217e+00  ,-7.606812339134e+00  ,-1.017168309185e+01  ,-2.565706388343e+00  ,-2.564870752718e+00  
  1.128495937528e+07  ,-7.144887807670e+00  ,-9.715143941140e+00  ,-7.605747478631e+00  ,-1.017506267532e+01  ,-2.570256133470e+00  ,-2.569315196686e+00  
  1.135010815672e+07  ,-7.145254775746e+00  ,-9.720012852199e+00  ,-7.604682646185e+00  ,-1.017839112500e+01  ,-2.574758076453e+00  ,-2.573708478816e+00  
  1.141563304619e+07  ,-7.145617731810e+00  ,-9.724826495905e+00  ,-7.603618188169e+00  ,-1.018166540852e+01  ,-2.579208764095e+00  ,-2.578047220352e+00  
  1.148153621497e+07  ,-7.145976582787e+00  ,-9.729581423562e+00  ,-7.602554461311e+00  ,-1.018488261042e+01  ,-2.583604840775e+00  ,-2.582328149109e+00  
  1.154781984690e+07  ,-7.146331252245e+00  ,-9.734274317316e+00  ,-7.601491831213e+00  ,-1.018803994887e+01  ,-2.587943065071e+00  ,-2.586548117655e+00  
  1.161448613840e+07  ,-7.146681678027e+00  ,-9.738902007015e+00  ,-7.600430674070e+00  ,-1.019113479624e+01  ,-2.592220328988e+00  ,-2.590704122169e+00  
  1.168153729861e+07  ,-7.147027812441e+00  ,-9.743461489741e+00  ,-7.599371375221e+00  ,-1.019416469722e+01  ,-2.596433677300e+00  ,-2.594793321994e+00  
  1.174897554940e+07  ,-7.147369624606e+00  ,-9.747949952402e+00  ,-7.598314330799e+00  ,-1.019712739211e+01  ,-2.600580327796e+00  ,-2.598813061308e+00  
  1.181680312545e+07  ,-7.147707098837e+00  ,-9.752364791618e+00  ,-7.597259946912e+00  ,-1.020002083639e+01  ,-2.604657692780e+00  ,-2.602760889476e+00  
  1.188502227437e+07  ,-7.148040236199e+00  ,-9.756703636150e+00  ,-7.596208640129e+00  ,-1.020284322412e+01  ,-2.608663399951e+00  ,-2.606634583992e+00  
  1.195363525674e+07  ,-7.148369052439e+00  ,-9.760964368481e+00  ,-7.595160837432e+00  ,-1.020559301062e+01  ,-2.612595316042e+00  ,-2.610432173190e+00  
  1.202264434617e+07  ,-7.148693581060e+00  ,-9.765145150623e+00  ,-7.594116976746e+00  ,-1.020826893697e+01  ,-2.616451569563e+00  ,-2.614151960222e+00  
  1.209205182943e+07  ,-7.149013871683e+00  ,-9.769244446406e+00  ,-7.593077506178e+00  ,-1.021087005306e+01  ,-2.620230574723e+00  ,-2.617792546885e+00  
  1.216186000646e+07  ,-7.149329990762e+00  ,-9.773261046487e+00  ,-7.592042884511e+00  ,-1.021339574379e+01  ,-2.623931055725e+00  ,-2.621352859280e+00  
  1.223207119050e+07  ,-7.149642020747e+00  ,-9.777194092734e+00  ,-7.591013581237e+00  ,-1.021584575324e+01  ,-2.627552071987e+00  ,-2.624832172004e+00  
  1.230268770812e+07  ,-7.149950061637e+00  ,-9.781043104881e+00  ,-7.589990076205e+00  ,-1.021822021109e+01  ,-2.631093043244e+00  ,-2.628230134885e+00  
  1.237371189935e+07  ,-7.150254229446e+00  ,-9.784808004200e+00  ,-7.588972859774e+00  ,-1.022051965794e+01  ,-2.634553774754e+00  ,-2.631546798167e+00  
  1.244514611771e+07  ,-7.150554657257e+00  ,-9.788489140015e+00  ,-7.587962431918e+00  ,-1.022274507055e+01  ,-2.637934482758e+00  ,-2.634782638633e+00  
  1.251699273032e+07  ,-7.150851494147e+00  ,-9.792087314708e+00  ,-7.586959303361e+00  ,-1.022489788922e+01  ,-2.641235820561e+00  ,-2.637938585862e+00  
  1.258925411794e+07  ,-7.151144905056e+00  ,-9.795603807813e+00  ,-7.585963993707e+00  ,-1.022698004101e+01  ,-2.644458902757e+00  ,-2.641016047304e+00  
  1.266193267511e+07  ,-7.151435071267e+00  ,-9.799040402544e+00  ,-7.584977031935e+00  ,-1.022899396578e+01  ,-2.647605331277e+00  ,-2.644016933847e+00  
  1.273503081017e+07  ,-7.151722188879e+00  ,-9.802399406519e+00  ,-7.583998955721e+00  ,-1.023094263981e+01  ,-2.650677217639e+00  ,-2.646943684089e+00  
  1.280855094536e+07  ,-7.152006469357e+00  ,-9.805683677018e+00  ,-7.583030311322e+00  ,-1.023282959938e+01  ,-2.653677207660e+00  ,-2.649799288055e+00  
  1.288249551693e+07  ,-7.152288138132e+00  ,-9.808896640713e+00  ,-7.582071651542e+00  ,-1.023465896079e+01  ,-2.656608502581e+00  ,-2.652587309245e+00  
  1.295686697517e+07  ,-7.152567434296e+00  ,-9.812042313364e+00  ,-7.581123537172e+00  ,-1.023643544286e+01  ,-2.659474879068e+00  ,-2.655311905689e+00  
  1.303166778452e+07  ,-7.152844609827e+00  ,-9.815125318225e+00  ,-7.580186533661e+00  ,-1.023816438195e+01  ,-2.662280708398e+00  ,-2.657977848292e+00  
  1.310690042366e+07  ,-7.153119928576e+00  ,-9.818150900330e+00  ,-7.579261212352e+00  ,-1.023985175021e+01  ,-2.665030971754e+00  ,-2.660590537862e+00  
  1.318256738556e+07  ,-7.153393664671e+00  ,-9.821124938979e+00  ,-7.578348147833e+00  ,-1.024150416627e+01  ,-2.667731274308e+00  ,-2.663156018442e+00  
  1.325867117761e+07  ,-7.153666102711e+00  ,-9.824053957437e+00  ,-7.577447917283e+00  ,-1.024312890521e+01  ,-2.670387854726e+00  ,-2.665680987932e+00  
  1.333521432163e+07  ,-7.153937534779e+00  ,-9.826945127324e+00  ,-7.576561099261e+00  ,-1.024473390477e+01  ,-2.673007592545e+00  ,-2.668172805505e+00  
  1.341219935405e+07  ,-7.154208260025e+00  ,-9.829806269337e+00  ,-7.575688271403e+00  ,-1.024632776496e+01  ,-2.675598009313e+00  ,-2.670639493558e+00  
  1.348962882592e+07  ,-7.154478582820e+00  ,-9.832645850292e+00  ,-7.574830010212e+00  ,-1.024791974591e+01  ,-2.678167267472e+00  ,-2.673089735695e+00  
  1.356750530300e+07  ,-7.154748809927e+00  ,-9.835472971042e+00  ,-7.573986887708e+00  ,-1.024951975697e+01  ,-2.680724161114e+00  ,-2.675532869263e+00  
  1.364583136589e+07  ,-7.155019249911e+00  ,-9.838297352840e+00  ,-7.573159469435e+00  ,-1.025113834068e+01  ,-2.683278102929e+00  ,-2.677978871245e+00  
  1.372460961008e+07  ,-7.155290211214e+00  ,-9.841129314377e+00  ,-7.572348313578e+00  ,-1.025278665188e+01  ,-2.685839103164e+00  ,-2.680438338298e+00  
  1.380384264603e+07  ,-7.155561997412e+00  ,-9.843979737811e+00  ,-7.571553967220e+00  ,-1.025447642412e+01  ,-2.688417740399e+00  ,-2.682922456901e+00  
  1.388353309929e+07  ,-7.155834906719e+00  ,-9.846860032575e+00  ,-7.570776964290e+00  ,-1.025621993292e+01  ,-2.691025125856e+00  ,-2.685442968627e+00  
  1.396368361056e+07  ,-7.156109228734e+00  ,-9.849782085850e+00  ,-7.570017822885e+00  ,-1.025802994571e+01  ,-2.693672857116e+00  ,-2.688012122830e+00  
  1.404429683578e+07  ,-7.156385242104e+00  ,-9.852758203853e+00  ,-7.569277042170e+00  ,-1.025991966342e+01  ,-2.696372961749e+00  ,-2.690642621252e+00  
  1.412537544623e+07  ,-7.156663209641e+00  ,-9.855801040309e+00  ,-7.568555099328e+00  ,-1.026190265000e+01  ,-2.699137830668e+00  ,-2.693347550674e+00  
  1.420692212860e+07  ,-7.156943376559e+00  ,-9.858923516356e+00  ,-7.567852445631e+00  ,-1.026399275001e+01  ,-2.701980139797e+00  ,-2.696140304384e+00  
  1.428893958511e+07  ,-7.157225966857e+00  ,-9.862138724571e+00  ,-7.567169504052e+00  ,-1.026620399424e+01  ,-2.704912757714e+00  ,-2.699034490184e+00  
  1.437143053356e+07  ,-7.157511179057e+00  ,-9.865459820522e+00  ,-7.566506665115e+00  ,-1.026855049051e+01  ,-2.707948641465e+00  ,-2.702043825392e+00  
  1.445439770746e+07  ,-7.157799182685e+00  ,-9.868899899004e+00  ,-7.565864282477e+00  ,-1.027104629867e+01  ,-2.711100716319e+00  ,-2.705182016190e+00  
  1.453784385608e+07  ,-7.158090114548e+00  ,-9.872471855156e+00  ,-7.565242670038e+00  ,-1.027370529244e+01  ,-2.714381740608e+00  ,-2.708462622405e+00  
  1.462177174457e+07  ,-7.158384074810e+00  ,-9.876188229367e+00  ,-7.564642097362e+00  ,-1.027654100316e+01  ,-2.717804154557e+00  ,-2.711898905797e+00  
  1.470618415405e+07  ,-7.158681122097e+00  ,-9.880061033433e+00  ,-7.564062785759e+00  ,-1.027956644607e+01  ,-2.721379911336e+00  ,-2.715503660314e+00  
  1.479108388168e+07  ,-7.158981271110e+00  ,-9.884101561977e+00  ,-7.563504904197e+00  ,-1.028279392984e+01  ,-2.725120290867e+00  ,-2.719289025647e+00  
  1.487647374080e+07  ,-7.159284486616e+00  ,-9.888320181094e+00  ,-7.562968565249e+00  ,-1.028623484607e+01  ,-2.729035694478e+00  ,-2.723266280818e+00  
  1.496235656095e+07  ,-7.159590680455e+00  ,-9.892726101496e+00  ,-7.562453820935e+00  ,-1.028989944108e+01  ,-2.733135421040e+00  ,-2.727445620149e+00  
  1.504873518803e+07  ,-7.159899707195e+00  ,-9.897327130530e+00  ,-7.561960658441e+00  ,-1.029379656682e+01  ,-2.737427423335e+00  ,-2.731835908380e+00  
  1.513561248436e+07  ,-7.160211360553e+00  ,-9.902129404657e+00  ,-7.561488997200e+00  ,-1.029793341402e+01  ,-2.741918044104e+00  ,-2.736444416815e+00  
  1.522299132880e+07  ,-7.160525369466e+00  ,-9.907137102610e+00  ,-7.561038684667e+00  ,-1.030231522314e+01  ,-2.746611733144e+00  ,-2.741276538469e+00  
  1.531087461682e+07  ,-7.160841394716e+00  ,-9.912352138417e+00  ,-7.560609492264e+00  ,-1.030694497729e+01  ,-2.751510743701e+00  ,-2.746335485028e+00  
  1.539926526060e+07  ,-7.161159026757e+00  ,-9.917773836287e+00  ,-7.560201113986e+00  ,-1.031182307658e+01  ,-2.756614809530e+00  ,-2.751621962595e+00  
  1.548816618913e+07  ,-7.161477780981e+00  ,-9.923398583853e+00  ,-7.559813162348e+00  ,-1.031694699143e+01  ,-2.761920802872e+00  ,-2.757133829083e+00  
  1.557758034832e+07  ,-7.161797096745e+00  ,-9.929219471792e+00  ,-7.559445166275e+00  ,-1.032231090075e+01  ,-2.767422375047e+00  ,-2.762865734472e+00  
  1.566751070108e+07  ,-7.162116336285e+00  ,-9.935225913874e+00  ,-7.559096570065e+00  ,-1.032790531154e+01  ,-2.773109577589e+00  ,-2.768808741471e+00  
  1.575796022744e+07  ,-7.162434782103e+00  ,-9.941403252663e+00  ,-7.558766731363e+00  ,-1.033371666462e+01  ,-2.778968470559e+00  ,-2.774949933262e+00  
  1.584893192461e+07  ,-7.162751635752e+00  ,-9.947732350484e+00  ,-7.558454921176e+00  ,-1.033972692726e+01  ,-2.784980714732e+00  ,-2.781272006087e+00  
  1.594042880712e+07  ,-7.163066020587e+00  ,-9.954189173608e+00  ,-7.558160323291e+00  ,-1.034591317300e+01  ,-2.791123153021e+00  ,-2.787752849713e+00  
  1.603245390690e+07  ,-7.163376979554e+00  ,-9.960744361288e+00  ,-7.557882035615e+00  ,-1.035224715552e+01  ,-2.797367381735e+00  ,-2.794365119908e+00  
  1.612501027338e+07  ,-7.163683477615e+00  ,-9.967362794416e+00  ,-7.557619071652e+00  ,-1.035869487541e+01  ,-2.803679316801e+00  ,-2.801075803756e+00  
  1.621810097359e+07  ,-7.163984404399e+00  ,-9.974003160065e+00  ,-7.557370362439e+00  ,-1.036521614530e+01  ,-2.810018755666e+00  ,-2.807845782858e+00  
  1.631172909228e+07  ,-7.164278577202e+00  ,-9.980617518625e+00  ,-7.557134759541e+00  ,-1.037176415674e+01  ,-2.816338941423e+00  ,-2.814629397198e+00  
  1.640589773200e+07  ,-7.164564743491e+00  ,-9.987150875496e+00  ,-7.556911039032e+00  ,-1.037828505427e+01  ,-2.822586132005e+00  ,-2.821374015241e+00  
  1.650061001320e+07  ,-7.164841586959e+00  ,-9.993540767299e+00  ,-7.556697906894e+00  ,-1.038471752134e+01  ,-2.828699180340e+00  ,-2.828019614442e+00  
  1.659586907438e+07  ,-7.165107731225e+00  ,-9.999716862986e+00  ,-7.556494003027e+00  ,-1.039099238202e+01  ,-2.834609131760e+00  ,-2.834498378996e+00  
  1.669167807211e+07  ,-7.165361747910e+00  ,-1.000560059293e+01  ,-7.556297907952e+00  ,-1.039703222848e+01  ,-2.840238845021e+00  ,-2.840734320525e+00  
  1.678804018123e+07  ,-7.165602160580e+00  ,-1.001110480493e+01  ,-7.556108150161e+00  ,-1.040275108092e+01  ,-2.845502644354e+00  ,-2.846642930760e+00  
  1.688495859487e+07  ,-7.165827455374e+00  ,-1.001613346890e+01  ,-7.555923212836e+00  ,-1.040805408596e+01  ,-2.850306013525e+00  ,-2.852130873124e+00  
  1.698243652462e+07  ,-7.166036085165e+00  ,-1.002058142547e+01  ,-7.555741542277e+00  ,-1.041283726880e+01  ,-2.854545340305e+00  ,-2.857095726522e+00  
  1.708047720060e+07  ,-7.166226482123e+00  ,-1.002433420856e+01  ,-7.555561556237e+00  ,-1.041698734648e+01  ,-2.858107726436e+00  ,-2.861425790245e+00  
  1.717908387158e+07  ,-7.166397062764e+00  ,-1.002726793794e+01  ,-7.555381652991e+00  ,-1.042038162075e+01  ,-2.860870875180e+00  ,-2.864999967757e+00  
  1.727825980508e+07  ,-7.166546239435e+00  ,-1.002924931690e+01  ,-7.555200220771e+00  ,-1.042288796405e+01  ,-2.862703077463e+00  ,-2.867687743280e+00  
  1.737800828749e+07  ,-7.166672428767e+00  ,-1.003013574452e+01  ,-7.555015646903e+00  ,-1.042436492220e+01  ,-2.863463315748e+00  ,-2.869349275299e+00  
  1.747833262418e+07  ,-7.166774062595e+00  ,-1.002977557650e+01  ,-7.554826328483e+00  ,-1.042466195839e+01  ,-2.863001513903e+00  ,-2.869835629910e+00  
  1.757923613959e+07  ,-7.166849597039e+00  ,-1.002800856034e+01  ,-7.554630682213e+00  ,-1.042361986820e+01  ,-2.861158963303e+00  ,-2.868989185987e+00  
  1.768072217734e+07  ,-7.166897523363e+00  ,-1.002466648963e+01  ,-7.554427154184e+00  ,-1.042107140331e+01  ,-2.857768966264e+00  ,-2.866644249125e+00  
  1.778279410039e+07  ,-7.166916376890e+00  ,-1.001957412192e+01  ,-7.554214231534e+00  ,-1.041684215472e+01  ,-2.852657745028e+00  ,-2.862627923188e+00  
  1.788545529108e+07  ,-7.166904751557e+00  ,-1.001255042851e+01  ,-7.553990452583e+00  ,-1.041075174669e+01  ,-2.845645676954e+00  ,-2.856761294104e+00  
  1.798870915129e+07  ,-7.166861308101e+00  ,-1.000341023819e+01  ,-7.553754418808e+00  ,-1.040261542039e+01  ,-2.836548930088e+00  ,-2.848861001583e+00  
  1.809255910254e+07  ,-7.166784787594e+00  ,-9.991966381195e+00  ,-7.553504806859e+00  ,-1.039224609139e+01  ,-2.825181593601e+00  ,-2.838741284530e+00  
  1.819700858610e+07  ,-7.166674025371e+00  ,-9.978032443855e+00  ,-7.553240381567e+00  ,-1.037945699526e+01  ,-2.811358418483e+00  ,-2.826216613694e+00  
  1.830206106311e+07  ,-7.166527964910e+00  ,-9.961426276304e+00  ,-7.552960011459e+00  ,-1.036406505825e+01  ,-2.794898311394e+00  ,-2.811105046788e+00  
  1.840772001469e+07  ,-7.166345678024e+00  ,-9.941974440000e+00  ,-7.552662685618e+00  ,-1.034589516571e+01  ,-2.775628761976e+00  ,-2.793232480096e+00  
  1.851398894205e+07  ,-7.166126382501e+00  ,-9.919517804822e+00  ,-7.552347533232e+00  ,-1.032478553719e+01  ,-2.753391422321e+00  ,-2.772438003957e+00  
  1.862087136663e+07  ,-7.165869469434e+00  ,-9.893918579333e+00  ,-7.552013848114e+00  ,-1.030059447223e+01  ,-2.728049109899e+00  ,-2.748580624115e+00  
  1.872837083018e+07  ,-7.165574532963e+00  ,-9.865069100400e+00  ,-7.551661118286e+00  ,-1.027320878589e+01  ,-2.699494567437e+00  ,-2.721547667605e+00  
  1.883649089490e+07  ,-7.165241409527e+00  ,-9.832902788898e+00  ,-7.551289061807e+00  ,-1.024255431765e+01  ,-2.667661379371e+00  ,-2.691265255846e+00  
  1.894523514357e+07  ,-7.164870225179e+00  ,-9.797407752893e+00  ,-7.550897672943e+00  ,-1.020860898448e+01  ,-2.632537527713e+00  ,-2.657711311533e+00  
  1.905460717963e+07  ,-7.164461455852e+00  ,-9.758643611061e+00  ,-7.550487278026e+00  ,-1.017141892282e+01  ,-2.594182155209e+00  ,-2.620931644797e+00  
  1.916461062735e+07  ,-7.164016003175e+00  ,-9.716762190849e+00  ,-7.550058606914e+00  ,-1.013111835646e+01  ,-2.552746187674e+00  ,-2.581059749548e+00  
  1.927524913191e+07  ,-7.163535285677e+00  ,-9.672032829613e+00  ,-7.549612879954e+00  ,-1.008795390013e+01  ,-2.508497543936e+00  ,-2.538341020177e+00  
  1.938652635952e+07  ,-7.163021354304e+00  ,-9.624873050192e+00  ,-7.549151914645e+00  ,-1.004231405318e+01  ,-2.461851695888e+00  ,-2.493162138538e+00  
  1.949844599758e+07  ,-7.162477028070e+00  ,-9.575885343021e+00  ,-7.548678253733e+00  ,-9.994764622261e+00  ,-2.413408314951e+00  ,-2.446086368528e+00  
  1.961101175476e+07  ,-7.161906052086e+00  ,-9.525900634454e+00  ,-7.548195315356e+00  ,-9.946090680065e+00  ,-2.363994582368e+00  ,-2.397895364709e+00  
  1.972422736115e+07  ,-7.161313278721e+00  ,-9.476028655404e+00  ,-7.547707561187e+00  ,-9.897345343706e+00  ,-2.314715376683e+00  ,-2.349637782519e+00  
  1.983809656837e+07  ,-7.160704854963e+00  ,-9.427714725117e+00  ,-7.547220676781e+00  ,-9.849905042439e+00  ,-2.267009870154e+00  ,-2.302684365658e+00  
  1.995262314969e+07  ,-7.160088403432e+00  ,-9.382801316890e+00  ,-7.546741743549e+00  ,-9.805529883173e+00  ,-2.222712913458e+00  ,-2.258788139624e+00  
  2.006781090018e+07  ,-7.159473161631e+00  ,-9.343590978765e+00  ,-7.546279376580e+00  ,-9.766426082100e+00  ,-2.184117817134e+00  ,-2.220146705520e+00  
  2.018366363682e+07  ,-7.158870028259e+00  ,-9.312904626965e+00  ,-7.545843780258e+00  ,-9.735305045554e+00  ,-2.154034598706e+00  ,-2.189461265296e+00  
  2.030018519860e+07  ,-7.158291448315e+00  ,-9.294125912811e+00  ,-7.545446655140e+00  ,-9.715430527473e+00  ,-2.135834464496e+00  ,-2.169983872333e+00  
  2.041737944670e+07  ,-7.157751043388e+00  ,-9.291218508739e+00  ,-7.545100876887e+00  ,-9.710641564205e+00  ,-2.133467465352e+00  ,-2.165540687317e+00  
  2.053525026457e+07  ,-7.157262900276e+00  ,-9.308699564245e+00  ,-7.544819852228e+00  ,-9.725335202867e+00  ,-2.151436663969e+00  ,-2.180515350640e+00  
  2.065380155811e+07  ,-7.156840437574e+00  ,-9.351550603879e+00  ,-7.544616482516e+00  ,-9.764390689615e+00  ,-2.194710166306e+00  ,-2.219774207099e+00  
  2.077303725573e+07  ,-7.156494860515e+00  ,-9.425048961969e+00  ,-7.544501723193e+00  ,-9.833017730724e+00  ,-2.268554101453e+00  ,-2.288516007531e+00  
  2.089296130854e+07  ,-7.156233316783e+00  ,-9.534510735579e+00  ,-7.544482831366e+00  ,-9.936517977587e+00  ,-2.378277418796e+00  ,-2.392035146221e+00  
  2.101357769047e+07  ,-7.156057037808e+00  ,-9.684951705689e+00  ,-7.544561555307e+00  ,-1.007996275680e+01  ,-2.528894667881e+00  ,-2.535401201492e+00  
  2.113489039837e+07  ,-7.155959899800e+00  ,-9.880694510997e+00  ,-7.544732659104e+00  ,-1.026781066922e+01  ,-2.724734611197e+00  ,-2.723078010112e+00  
  2.125690345217e+07  ,-7.155927881990e+00  ,-1.012497337804e+01  ,-7.544983249138e+00  ,-1.050351173015e+01  ,-2.969045496046e+00  ,-2.958528481009e+00  
  2.137962089502e+07  ,-7.155939778121e+00  ,-1.041960310312e+01  ,-7.545293277476e+00  ,-1.078916203606e+01  ,-3.263663325000e+00  ,-3.243868758586e+00  
  2.150304679340e+07  ,-7.155969205682e+00  ,-1.076477768797e+01  ,-7.545637316058e+00  ,-1.112527530265e+01  ,-3.608808482287e+00  ,-3.579637986593e+00  
  2.162718523727e+07  ,-7.155987563369e+00  ,-1.115904216021e+01  ,-7.545987327896e+00  ,-1.151071987486e+01  ,-4.003054596838e+00  ,-3.964732546960e+00  
  2.175204034020e+07  ,-7.155967280511e+00  ,-1.159944389873e+01  ,-7.546315831578e+00  ,-1.194283521052e+01  ,-4.443476618224e+00  ,-4.396519378944e+00  
  2.187761623950e+07  ,-7.155884637499e+00  ,-1.208183022881e+01  ,-7.546598754302e+00  ,-1.241770216471e+01  ,-4.925945591306e+00  ,-4.871103410408e+00  
  2.200391709638e+07  ,-7.155721633998e+00  ,-1.260123147587e+01  ,-7.546817418973e+00  ,-1.293051099036e+01  ,-5.445509841871e+00  ,-5.383693571390e+00  
  2.213094709606e+07  ,-7.155466711098e+00  ,-1.315226107064e+01  ,-7.546959420180e+00  ,-1.347595939524e+01  ,-5.996794359542e+00  ,-5.928999975056e+00  
  2.225871044793e+07  ,-7.155114467220e+00  ,-1.372947539898e+01  ,-7.547018480309e+00  ,-1.404862073408e+01  ,-6.574360931760e+00  ,-6.501602253769e+00  
  2.238721138568e+07  ,-7.154664691787e+00  ,-1.432765779774e+01  ,-7.546993581629e+00  ,-1.464324247302e+01  ,-7.172993105954e+00  ,-7.096248891391e+00  
  2.251645416745e+07  ,-7.154121084741e+00  ,-1.494201406934e+01  ,-7.546887736105e+00  ,-1.525495808056e+01  ,-7.787892984594e+00  ,-7.708070344455e+00  
  2.264644307593e+07  ,-7.153489958244e+00  ,-1.556828458223e+01  ,-7.546706696820e+00  ,-1.587941432379e+01  ,-8.414794623991e+00  ,-8.332707626966e+00  
  2.277718241857e+07  ,-7.152779106067e+00  ,-1.620278819711e+01  ,-7.546457813596e+00  ,-1.651282752201e+01  ,-9.050009091038e+00  ,-8.966369708410e+00  
  2.290867652768e+07  ,-7.151996922075e+00  ,-1.684241669119e+01  ,-7.546149126536e+00  ,-1.715198691860e+01  ,-9.690419769113e+00  ,-9.605837792067e+00  
  2.304092976056e+07  ,-7.151151774808e+00  ,-1.748459730588e+01  ,-7.545788714320e+00  ,-1.779422303895e+01  ,-1.033344553107e+01  ,-1.024843432463e+01  
  2.317394649969e+07  ,-7.150251608091e+00  ,-1.812723774995e+01  ,-7.545384270426e+00  ,-1.843735596858e+01  ,-1.097698614186e+01  ,-1.089197169816e+01  
  2.330773115283e+07  ,-7.149303713028e+00  ,-1.876866411204e+01  ,-7.544942857252e+00  ,-1.907963468855e+01  ,-1.161936039901e+01  ,-1.153469183130e+01  
  2.344228815320e+07  ,-7.148314626218e+00  ,-1.940755860702e+01  ,-7.544470791568e+00  ,-1.971967500938e+01  ,-1.225924398080e+01  ,-1.217520421781e+01  
  2.357762195961e+07  ,-7.147290111607e+00  ,-2.004290128211e+01  ,-7.543973618489e+00  ,-2.035640071435e+01  ,-1.289561117050e+01  ,-1.281242709586e+01  
  2.371373705662e+07  ,-7.146235192180e+00  ,-2.067391779338e+01  ,-7.543456137642e+00  ,-2.098899037128e+01  ,-1.352768260120e+01  ,-1.344553423364e+01  
  2.385063795465e+07  ,-7.145154210294e+00  ,-2.130003403083e+01  ,-7.542922462116e+00  ,-2.161683083153e+01  ,-1.415487982053e+01  ,-1.407390836942e+01  
  2.398832919020e+07  ,-7.144050901420e+00  ,-2.192083755231e+01  ,-7.542376088962e+00  ,-2.223947751495e+01  ,-1.477678665089e+01  ,-1.469710142599e+01  
  2.412681532592e+07  ,-7.142928467214e+00  ,-2.253604532618e+01  ,-7.541819976157e+00  ,-2.285662107603e+01  ,-1.539311685897e+01  ,-1.531480109987e+01  
  2.426610095083e+07  ,-7.141789650725e+00  ,-2.314547708750e+01  ,-7.541256614389e+00  ,-2.346805978225e+01  ,-1.600368743677e+01  ,-1.592680316786e+01  
  2.440619068042e+07  ,-7.140636801004e+00  ,-2.374903352593e+01  ,-7.540688095047e+00  ,-2.407367685386e+01  ,-1.660839672493e+01  ,-1.653298875882e+01  
  2.454708915685e+07  ,-7.139471933160e+00  ,-2.434667856483e+01  ,-7.540116169806e+00  ,-2.467342201284e+01  ,-1.720720663168e+01  ,-1.713330584303e+01  
  2.468880104906e+07  ,-7.138296778616e+00  ,-2.493842504324e+01  ,-7.539542302893e+00  ,-2.526729655226e+01  ,-1.780012826462e+01  ,-1.772775424937e+01  
  2.483133105296e+07  ,-7.137112831497e+00  ,-2.552432320704e+01  ,-7.538967716065e+00  ,-2.585534131141e+01  ,-1.838721037555e+01  ,-1.831637359534e+01  
  2.497468389154e+07  ,-7.135921383591e+00  ,-2.610445148829e+01  ,-7.538393427105e+00  ,-2.643762703384e+01  ,-1.896853010470e+01  ,-1.889923360674e+01  
  2.511886431510e+07  ,-7.134723557262e+00  ,-2.667890915105e+01  ,-7.537820282003e+00  ,-2.701424666083e+01  ,-1.954418559379e+01  ,-1.947642637883e+01  
  2.526387710132e+07  ,-7.133520333253e+00  ,-2.724781044398e+01  ,-7.537248981432e+00  ,-2.758530919521e+01  ,-2.011429011073e+01  ,-2.004806021378e+01  
  2.540972705549e+07  ,-7.132312569828e+00  ,-2.781127996250e+01  ,-7.536680104057e+00  ,-2.815093483047e+01  ,-2.067896739267e+01  ,-2.061425472642e+01  
  2.555641901064e+07  ,-7.131101024864e+00  ,-2.836944899275e+01  ,-7.536114125678e+00  ,-2.871125109949e+01  ,-2.123834796788e+01  ,-2.117513697381e+01  
  2.570395782769e+07  ,-7.129886369056e+00  ,-2.892245263349e+01  ,-7.535551433927e+00  ,-2.926638983848e+01  ,-2.179256626443e+01  ,-2.173083840455e+01  
  2.585234839562e+07  ,-7.128669199305e+00  ,-2.947042754436e+01  ,-7.534992342532e+00  ,-2.981648480727e+01  ,-2.234175834506e+01  ,-2.228149246473e+01  
  2.600159563165e+07  ,-7.127450050855e+00  ,-3.001351019841e+01  ,-7.534437101810e+00  ,-3.036166983223e+01  ,-2.288606014755e+01  ,-2.282723273042e+01  
  2.615170448138e+07  ,-7.126229403402e+00  ,-3.055183552580e+01  ,-7.533885907767e+00  ,-3.090207736633e+01  ,-2.342560612240e+01  ,-2.336819145856e+01  
  2.630267991896e+07  ,-7.125007691991e+00  ,-3.108553588353e+01  ,-7.533338909733e+00  ,-3.143783738225e+01  ,-2.396052819154e+01  ,-2.390449847252e+01  
  2.645452694724e+07  ,-7.123785311097e+00  ,-3.161474027143e+01  ,-7.532796217042e+00  ,-3.196907653048e+01  ,-2.449095496034e+01  ,-2.443628031344e+01  
  2.660725059799e+07  ,-7.122562619893e+00  ,-3.213957374945e+01  ,-7.532257903840e+00  ,-3.249591750584e+01  ,-2.501701112955e+01  ,-2.496365960200e+01  
  2.676085593199e+07  ,-7.121339948885e+00  ,-3.266015701542e+01  ,-7.531724014880e+00  ,-3.301847858158e+01  ,-2.553881706654e+01  ,-2.548675456670e+01  
  2.691534803927e+07  ,-7.120117600027e+00  ,-3.317660610097e+01  ,-7.531194567768e+00  ,-3.353687327091e+01  ,-2.605648850094e+01  ,-2.600567870314e+01  
  2.707073203922e+07  ,-7.118895853640e+00  ,-3.368903217276e+01  ,-7.530669556460e+00  ,-3.405121009354e+01  ,-2.657013631912e+01  ,-2.652054053708e+01  
  2.722701308078e+07  ,-7.117674968341e+00  ,-3.419754140157e+01  ,-7.530148955707e+00  ,-3.456159242160e+01  ,-2.707986643323e+01  ,-2.703144346589e+01  
  2.738419634265e+07  ,-7.116455185143e+00  ,-3.470223489587e+01  ,-7.529632720861e+00  ,-3.506811838432e+01  ,-2.758577971073e+01  ,-2.753848566346e+01  
  2.754228703338e+07  ,-7.115236727729e+00  ,-3.520320867588e+01  ,-7.529120791809e+00  ,-3.557088082372e+01  ,-2.808797194815e+01  ,-2.804176003191e+01  
  2.770129039164e+07  ,-7.114019805815e+00  ,-3.570055368482e+01  ,-7.528613093717e+00  ,-3.606996728209e+01  ,-2.858653387900e+01  ,-2.854135418838e+01  
  2.786121168630e+07  ,-7.112804614898e+00  ,-3.619435582222e+01  ,-7.528109538691e+00  ,-3.656546001734e+01  ,-2.908155120733e+01  ,-2.903735047864e+01  
  2.802205621667e+07  ,-7.111591338321e+00  ,-3.668469599825e+01  ,-7.527610027368e+00  ,-3.705743603796e+01  ,-2.957310465993e+01  ,-2.952982601059e+01  
  2.818382931265e+07  ,-7.110380148867e+00  ,-3.717165019953e+01  ,-7.527114449446e+00  ,-3.754596714829e+01  ,-3.006127005066e+01  ,-3.001885269884e+01  
  2.834653633490e+07  ,-7.109171207749e+00  ,-3.765528956331e+01  ,-7.526622685379e+00  ,-3.803112000550e+01  ,-3.054611835556e+01  ,-3.050449732012e+01  
  2.851018267504e+07  ,-7.107964668146e+00  ,-3.813568045955e+01  ,-7.526134605956e+00  ,-3.851295617754e+01  ,-3.102771579140e+01  ,-3.098682157158e+01  
  2.867477375581e+07  ,-7.106760673113e+00  ,-3.861288457333e+01  ,-7.525650074627e+00  ,-3.899153220642e+01  ,-3.150612390022e+01  ,-3.146588213179e+01  
  2.884031503127e+07  ,-7.105559357686e+00  ,-3.908695899039e+01  ,-7.525168947045e+00  ,-3.946689966940e+01  ,-3.198139963270e+01  ,-3.194173072236e+01  
  2.900681198693e+07  ,-7.104360848912e+00  ,-3.955795628412e+01  ,-7.524691072211e+00  ,-3.993910523838e+01  ,-3.245359543521e+01  ,-3.241441416617e+01  
  2.917427014001e+07  ,-7.103165266428e+00  ,-4.002592459997e+01  ,-7.524216292460e+00  ,-4.040819073548e+01  ,-3.292275933354e+01  ,-3.288397444302e+01  
  2.934269503956e+07  ,-7.101972722638e+00  ,-4.049090774238e+01  ,-7.523744444411e+00  ,-4.087419318595e+01  ,-3.338893501974e+01  ,-3.335044874154e+01  
  2.951209226667e+07  ,-7.100783323691e+00  ,-4.095294525891e+01  ,-7.523275358838e+00  ,-4.133714486432e+01  ,-3.385216193522e+01  ,-3.381386950548e+01  
  2.968246743463e+07  ,-7.099597167244e+00  ,-4.141207252503e+01  ,-7.522808862037e+00  ,-4.179707333771e+01  ,-3.431247535779e+01  ,-3.427426447568e+01  
  2.985382618918e+07  ,-7.098414346954e+00  ,-4.186832083251e+01  ,-7.522344774846e+00  ,-4.225400149968e+01  ,-3.476990648556e+01  ,-3.473165672484e+01  
  3.002617420861e+07  ,-7.097234948539e+00  ,-4.232171747542e+01  ,-7.521882914001e+00  ,-4.270794760306e+01  ,-3.522448252688e+01  ,-3.518606468906e+01  
  3.019951720402e+07  ,-7.096059052251e+00  ,-4.277228584203e+01  ,-7.521423091355e+00  ,-4.315892528157e+01  ,-3.567622678978e+01  ,-3.563750219022e+01  
  3.037386091946e+07  ,-7.094886732269e+00  ,-4.322004550900e+01  ,-7.520965116035e+00  ,-4.360694357107e+01  ,-3.612515877673e+01  ,-3.608597845504e+01  
  3.054921113216e+07  ,-7.093718056202e+00  ,-4.366501234151e+01  ,-7.520508792108e+00  ,-4.405200691780e+01  ,-3.657129428531e+01  ,-3.653149812569e+01  
  3.072557365268e+07  ,-7.092553086897e+00  ,-4.410719859920e+01  ,-7.520053921530e+00  ,-4.449411518967e+01  ,-3.701464551230e+01  ,-3.697406126814e+01  
  3.090295432514e+07  ,-7.091391881381e+00  ,-4.454661304771e+01  ,-7.519600301876e+00  ,-4.493326366855e+01  ,-3.745522116633e+01  ,-3.741366336667e+01  
  3.108135902740e+07  ,-7.090234489744e+00  ,-4.498326107669e+01  ,-7.519147728189e+00  ,-4.536944304872e+01  ,-3.789302658695e+01  ,-3.785029532053e+01  
  3.126079367124e+07  ,-7.089080957977e+00  ,-4.541714482405e+01  ,-7.518695992816e+00  ,-4.580263941818e+01  ,-3.832806386607e+01  ,-3.828394342537e+01  
  3.144126420259e+07  ,-7.087931325904e+00  ,-4.584826330040e+01  ,-7.518244885355e+00  ,-4.623283423673e+01  ,-3.876033197450e+01  ,-3.871458935137e+01  
  3.162277660169e+07  ,-7.086785628730e+00  ,-4.627661251221e+01  ,-7.517794192863e+00  ,-4.666000429932e+01  ,-3.918982688348e+01  ,-3.914221010646e+01  
  3.180533688330e+07  ,-7.085643896345e+00  ,-4.670218557227e+01  ,-7.517343700546e+00  ,-4.708412169620e+01  ,-3.961654167592e+01  ,-3.956677799565e+01  
  3.198895109692e+07  ,-7.084506155710e+00  ,-4.712497279071e+01  ,-7.516893191751e+00  ,-4.750515374945e+01  ,-4.004046663500e+01  ,-3.998826055770e+01  
  3.217362532696e+07  ,-7.083372428484e+00  ,-4.754496171852e+01  ,-7.516442447535e+00  ,-4.792306293666e+01  ,-4.046158929003e+01  ,-4.040662048912e+01  
  3.235936569296e+07  ,-7.082242734409e+00  ,-4.796213713856e+01  ,-7.515991248105e+00  ,-4.833780679927e+01  ,-4.087989440415e+01  ,-4.082181555117e+01  
  3.254617834981e+07  ,-7.081117092411e+00  ,-4.837648095642e+01  ,-7.515539372481e+00  ,-4.874933781152e+01  ,-4.129536386401e+01  ,-4.123379843904e+01  
  3.273406948789e+07  ,-7.079995520417e+00  ,-4.878797196748e+01  ,-7.515086598157e+00  ,-4.915760322479e+01  ,-4.170797644706e+01  ,-4.164251662664e+01  
  3.292304533334e+07  ,-7.078878037965e+00  ,-4.919658545341e+01  ,-7.514632702822e+00  ,-4.956254487149e+01  ,-4.211770741545e+01  ,-4.204791216867e+01  
  3.311311214826e+07  ,-7.077764669106e+00  ,-4.960229257331e+01  ,-7.514177463456e+00  ,-4.996409891455e+01  ,-4.252452790421e+01  ,-4.244992145109e+01  
  3.330427623088e+07  ,-7.076655443188e+00  ,-5.000505950172e+01  ,-7.513720657199e+00  ,-5.036219553295e+01  ,-4.292840405853e+01  ,-4.284847487575e+01  
  3.349654391578e+07  ,-7.075550399293e+00  ,-5.040484629965e+01  ,-7.513262062218e+00  ,-5.075675853886e+01  ,-4.332929590036e+01  ,-4.324349647664e+01  
  3.368992157415e+07  ,-7.074449585483e+00  ,-5.080160550846e+01  ,-7.512801456650e+00  ,-5.114770489630e+01  ,-4.372715592298e+01  ,-4.363490343965e+01  
  3.388441561392e+07  ,-7.073353065162e+00  ,-5.119528052360e+01  ,-7.512338620980e+00  ,-5.153494414594e+01  ,-4.412192745844e+01  ,-4.402260552496e+01  
  3.408003248004e+07  ,-7.072260914696e+00  ,-5.158580382215e+01  ,-7.511873336961e+00  ,-5.191837770744e+01  ,-4.451354290745e+01  ,-4.440650437048e+01  
  3.427677865465e+07  ,-7.071173226039e+00  ,-5.197309521841e+01  ,-7.511405388103e+00  ,-5.229789805793e+01  ,-4.490192199237e+01  ,-4.478649266983e+01  
  3.447466065732e+07  ,-7.070090104535e+00  ,-5.235706034756e+01  ,-7.510934561252e+00  ,-5.267338779669e+01  ,-4.528697024302e+01  ,-4.516245323543e+01  
  3.467368504526e+07  ,-7.069011667486e+00  ,-5.273758963917e+01  ,-7.510460645400e+00  ,-5.304471857590e+01  ,-4.566857797168e+01  ,-4.553425793050e+01  
  3.487385841352e+07  ,-7.067938037644e+00  ,-5.311455802232e+01  ,-7.509983432189e+00  ,-5.341174997356e+01  ,-4.604661998467e+01  ,-4.590176654137e+01  
  3.507518739526e+07  ,-7.066869338947e+00  ,-5.348782557627e+01  ,-7.509502716073e+00  ,-5.377432833566e+01  ,-4.642095623732e+01  ,-4.626482561959e+01  
  3.527767866189e+07  ,-7.065805687325e+00  ,-5.385723920053e+01  ,-7.509018293485e+00  ,-5.413228571493e+01  ,-4.679143351321e+01  ,-4.662326742144e+01  
  3.548133892336e+07  ,-7.064747185804e+00  ,-5.422263525954e+01  ,-7.508529961556e+00  ,-5.448543904028e+01  ,-4.715788807374e+01  ,-4.697690907873e+01  
  3.568617492835e+07  ,-7.063693915106e+00  ,-5.458384296134e+01  ,-7.508037516491e+00  ,-5.483358971240e+01  ,-4.752014904624e+01  ,-4.732555219591e+01  
  3.589219346450e+07  ,-7.062645929421e+00  ,-5.494068812088e+01  ,-7.507540752411e+00  ,-5.517652395598e+01  ,-4.787804219146e+01  ,-4.766898320357e+01  
  3.609940135864e+07  ,-7.061603253601e+00  ,-5.529299688014e+01  ,-7.507039456606e+00  ,-5.551401412608e+01  ,-4.823139362654e+01  ,-4.800697466947e+01  
  3.630780547701e+07  ,-7.060565880143e+00  ,-5.564059897321e+01  ,-7.506533406936e+00  ,-5.584582137351e+01  ,-4.858003309306e+01  ,-4.833928796657e+01  
  3.651741272549e+07  ,-7.059533773038e+00  ,-5.598333024560e+01  ,-7.506022367948e+00  ,-5.617169985643e+01  ,-4.892379647256e+01  ,-4.866567748848e+01  
  3.672823004981e+07  ,-7.058506870337e+00  ,-5.632103425115e+01  ,-7.505506085756e+00  ,-5.649140268769e+01  ,-4.926252738082e+01  ,-4.898589660194e+01  
  3.694026443583e+07  ,-7.057485087591e+00  ,-5.665356293659e+01  ,-7.504984283842e+00  ,-5.680468945763e+01  ,-4.959607784899e+01  ,-4.929970517379e+01  
  3.715352290972e+07  ,-7.056468325659e+00  ,-5.698077654808e+01  ,-7.504456660836e+00  ,-5.711133494712e+01  ,-4.992430822242e+01  ,-4.960687828629e+01  
  3.736801253821e+07  ,-7.055456474064e+00  ,-5.730254295670e+01  ,-7.503922887584e+00  ,-5.741113831732e+01  ,-5.024708648263e+01  ,-4.990721542974e+01  
  3.758374042885e+07  ,-7.054449416010e+00  ,-5.761873665795e+01  ,-7.503382607871e+00  ,-5.770393161287e+01  ,-5.056428724194e+01  ,-5.020054900500e+01  
  3.780071373018e+07  ,-7.053447032838e+00  ,-5.792923765209e+01  ,-7.502835442014e+00  ,-5.798958653258e+01  ,-5.087579061926e+01  ,-5.048675109057e+01  
  3.801893963206e+07  ,-7.052449206455e+00  ,-5.823393039335e+01  ,-7.502280991025e+00  ,-5.826801827375e+01  ,-5.118148118690e+01  ,-5.076573728272e+01  
  3.823842536581e+07  ,-7.051455821142e+00  ,-5.853270291816e+01  ,-7.501718844749e+00  ,-5.853918568963e+01  ,-5.148124709702e+01  ,-5.103746684488e+01  
  3.845917820454e+07  ,-7.050466765361e+00  ,-5.882544622981e+01  ,-7.501148590730e+00  ,-5.880308771675e+01  ,-5.177497946445e+01  ,-5.130193912602e+01  
  3.868120546331e+07  ,-7.049481931910e+00  ,-5.911205394536e+01  ,-7.500569821383e+00  ,-5.905975641668e+01  ,-5.206257201345e+01  ,-5.155918659530e+01  
  3.890451449943e+07  ,-7.048501218046e+00  ,-5.939242221663e+01  ,-7.499982143905e+00  ,-5.930924784236e+01  ,-5.234392099859e+01  ,-5.180926569845e+01  
  3.912911271269e+07  ,-7.047524524837e+00  ,-5.966644986896e+01  ,-7.499385184941e+00  ,-5.955163194371e+01  ,-5.261892534412e+01  ,-5.205224675877e+01  
  3.935500754558e+07  ,-7.046551757135e+00  ,-5.993403874564e+01  ,-7.498778593963e+00  ,-5.978698303570e+01  ,-5.288748698850e+01  ,-5.228820444174e+01  
  3.958220648357e+07  ,-7.045582821277e+00  ,-6.019509418848e+01  ,-7.498162044988e+00  ,-6.001537177224e+01  ,-5.314951136720e+01  ,-5.251720972725e+01  
  3.981071705535e+07  ,-7.044617627423e+00  ,-6.044952563688e+01  ,-7.497535234982e+00  ,-6.023685943259e+01  ,-5.340490800946e+01  ,-5.273932419761e+01  
  4.004054683306e+07  ,-7.043656085231e+00  ,-6.069724728668e+01  ,-7.496897882110e+00  ,-6.045149461678e+01  ,-5.365359120145e+01  ,-5.295459673467e+01  
  4.027170343255e+07  ,-7.042698106589e+00  ,-6.093817879950e+01  ,-7.496249721057e+00  ,-6.065931227905e+01  ,-5.389548069291e+01  ,-5.316306255799e+01  
  4.050419451365e+07  ,-7.041743602391e+00  ,-6.117224600885e+01  ,-7.495590499360e+00  ,-6.086033452703e+01  ,-5.413050240646e+01  ,-5.336474402767e+01  
  4.073802778041e+07  ,-7.040792482560e+00  ,-6.139938162850e+01  ,-7.494919973682e+00  ,-6.105457277189e+01  ,-5.435858914594e+01  ,-5.355965279821e+01  
  4.097321098136e+07  ,-7.039844656208e+00  ,-6.161952592384e+01  ,-7.494237905946e+00  ,-6.124203063705e+01  ,-5.457968126763e+01  ,-5.374779273111e+01  
  4.120975190974e+07  ,-7.038900032036e+00  ,-6.183262734375e+01  ,-7.493544060235e+00  ,-6.142270717177e+01  ,-5.479372731172e+01  ,-5.392916311153e+01  
  4.144765840380e+07  ,-7.037958515073e+00  ,-6.203864309474e+01  ,-7.492838200543e+00  ,-6.159660002833e+01  ,-5.500068457967e+01  ,-5.410376182779e+01  
  4.168693834704e+07  ,-7.037020008697e+00  ,-6.223753965327e+01  ,-7.492120089091e+00  ,-6.176370836459e+01  ,-5.520051964457e+01  ,-5.427158827550e+01  
  4.192759966846e+07  ,-7.036084414804e+00  ,-6.242929320659e+01  ,-7.491389484966e+00  ,-6.192403537014e+01  ,-5.539320879178e+01  ,-5.443264588517e+01  
  4.216965034286e+07  ,-7.035151630681e+00  ,-6.261389001770e+01  ,-7.490646143267e+00  ,-6.207759035345e+01  ,-5.557873838702e+01  ,-5.458694421018e+01  
  4.241309839105e+07  ,-7.034221552492e+00  ,-6.279132670711e+01  ,-7.489889815118e+00  ,-6.222439027710e+01  ,-5.575710515462e+01  ,-5.473450046198e+01  
  4.265795188016e+07  ,-7.033294072892e+00  ,-6.296161045774e+01  ,-7.489120247019e+00  ,-6.236446100200e+01  ,-5.592831638484e+01  ,-5.487534075498e+01  
  4.290421892389e+07  ,-7.032369080092e+00  ,-6.312475913094e+01  ,-7.488337181144e+00  ,-6.249783800596e+01  ,-5.609239005085e+01  ,-5.500950082482e+01  
  4.315190768278e+07  ,-7.031446461060e+00  ,-6.328080130227e+01  ,-7.487540355561e+00  ,-6.262456688838e+01  ,-5.624935484121e+01  ,-5.513702653281e+01  
  4.340102636448e+07  ,-7.030526097237e+00  ,-6.342977621328e+01  ,-7.486729503982e+00  ,-6.274470351196e+01  ,-5.639925011605e+01  ,-5.525797400798e+01  
  4.365158322402e+07  ,-7.029607868540e+00  ,-6.357173364780e+01  ,-7.485904357230e+00  ,-6.285831397976e+01  ,-5.654212577926e+01  ,-5.537240962253e+01  
  4.390358656410e+07  ,-7.028691650252e+00  ,-6.370673372498e+01  ,-7.485064641963e+00  ,-6.296547437116e+01  ,-5.667804207473e+01  ,-5.548040972919e+01  
  4.415704473533e+07  ,-7.027777314412e+00  ,-6.383484662630e+01  ,-7.484210082478e+00  ,-6.306627038558e+01  ,-5.680706931189e+01  ,-5.558206030310e+01  
  4.441196613656e+07  ,-7.026864728279e+00  ,-6.395615224938e+01  ,-7.483340399712e+00  ,-6.316079684165e+01  ,-5.692928752110e+01  ,-5.567745644194e+01  
  4.466835921510e+07  ,-7.025953757303e+00  ,-6.407073981096e+01  ,-7.482455312597e+00  ,-6.324915710061e+01  ,-5.704478605366e+01  ,-5.576670178801e+01  
  4.492623246703e+07  ,-7.025044261892e+00  ,-6.417870738094e+01  ,-7.481554537622e+00  ,-6.333146244089e+01  ,-5.715366311904e+01  ,-5.584990790327e+01  
  4.518559443749e+07  ,-7.024136098730e+00  ,-6.428016137719e+01  ,-7.480637789228e+00  ,-6.340783136280e+01  ,-5.725602527846e+01  ,-5.592719357357e+01  
  4.544645372095e+07  ,-7.023229120365e+00  ,-6.437521601689e+01  ,-7.479704779893e+00  ,-6.347838888701e+01  ,-5.735198689653e+01  ,-5.599868410712e+01  
  4.570881896149e+07  ,-7.022323175955e+00  ,-6.446399273394e+01  ,-7.478755220881e+00  ,-6.354326584592e+01  ,-5.744166955799e+01  ,-5.606451062504e+01  
  4.597269885309e+07  ,-7.021418111370e+00  ,-6.454661956844e+01  ,-7.477788821518e+00  ,-6.360259814519e+01  ,-5.752520145707e+01  ,-5.612480932367e+01  
  4.623810213993e+07  ,-7.020513766618e+00  ,-6.462323053619e+01  ,-7.476805289981e+00  ,-6.365652605358e+01  ,-5.760271676957e+01  ,-5.617972076360e+01  
  4.650503761666e+07  ,-7.019609978633e+00  ,-6.469396498571e+01  ,-7.475804333087e+00  ,-6.370519348532e+01  ,-5.767435500708e+01  ,-5.622938915224e+01  
  4.677351412872e+07  ,-7.018706580526e+00  ,-6.475896695289e+01  ,-7.474785656935e+00  ,-6.374874733792e+01  ,-5.774026037236e+01  ,-5.627396168098e+01  
  4.704354057260e+07  ,-7.017803400451e+00  ,-6.481838451034e+01  ,-7.473748966038e+00  ,-6.378733681292e+01  ,-5.780058110989e+01  ,-5.631358784688e+01  
  4.731512589615e+07  ,-7.016900263115e+00  ,-6.487236912646e+01  ,-7.472693963822e+00  ,-6.382111278403e+01  ,-5.785546886335e+01  ,-5.634841882021e+01  
  4.758827909888e+07  ,-7.015996988022e+00  ,-6.492107503464e+01  ,-7.471620353391e+00  ,-6.385022720925e+01  ,-5.790507804661e+01  ,-5.637860685586e+01  
  4.786300923227e+07  ,-7.015093391162e+00  ,-6.496465862213e+01  ,-7.470527836754e+00  ,-6.387483254963e+01  ,-5.794956523097e+01  ,-5.640430471287e+01  
  4.813932540002e+07  ,-7.014189283946e+00  ,-6.500327783358e+01  ,-7.469416114604e+00  ,-6.389508124738e+01  ,-5.798908854963e+01  ,-5.642566513277e+01  
  4.841723675841e+07  ,-7.013284472811e+00  ,-6.503709160525e+01  ,-7.468284887593e+00  ,-6.391112523387e+01  ,-5.802380713244e+01  ,-5.644284034628e+01  
  4.869675251659e+07  ,-7.012378759443e+00  ,-6.506625932349e+01  ,-7.467133855578e+00  ,-6.392311547963e+01  ,-5.805388056405e+01  ,-5.645598162405e+01  
  4.897788193685e+07  ,-7.011471942017e+00  ,-6.509094031277e+01  ,-7.465962716947e+00  ,-6.393120155360e+01  ,-5.807946837076e+01  ,-5.646523883666e+01  
  4.926063433496e+07  ,-7.010563812958e+00  ,-6.511129335805e+01  ,-7.464771170217e+00  ,-6.393553127927e+01  ,-5.810072954509e+01  ,-5.647076010905e+01  
  4.954501908048e+07  ,-7.009654160487e+00  ,-6.512747625755e+01  ,-7.463558912713e+00  ,-6.393625037208e+01  ,-5.811782209706e+01  ,-5.647269145937e+01  
  4.983104559706e+07  ,-7.008742767557e+00  ,-6.513964541167e+01  ,-7.462325641743e+00  ,-6.393350213728e+01  ,-5.813090264411e+01  ,-5.647117649553e+01  
  5.011872336273e+07  ,-7.007829412239e+00  ,-6.514795544605e+01  ,-7.461071053165e+00  ,-6.392742720270e+01  ,-5.814012603381e+01  ,-5.646635614953e+01  
  5.040806191027e+07  ,-7.006913867600e+00  ,-6.515255886817e+01  ,-7.459794842804e+00  ,-6.391816328868e+01  ,-5.814564500057e+01  ,-5.645836844587e+01  
  5.069907082747e+07  ,-7.005995902141e+00  ,-6.515360576046e+01  ,-7.458496705933e+00  ,-6.390584500245e+01  ,-5.814760985832e+01  ,-5.644734829652e+01  
  5.099175975749e+07  ,-7.005075278001e+00  ,-6.515124350323e+01  ,-7.457176336690e+00  ,-6.389060366043e+01  ,-5.814616822523e+01  ,-5.643342732374e+01  
  5.128613839914e+07  ,-7.004151752548e+00  ,-6.514561653521e+01  ,-7.455833429300e+00  ,-6.387256716229e+01  ,-5.814146478266e+01  ,-5.641673373299e+01  
  5.158221650723e+07  ,-7.003225077421e+00  ,-6.513686614099e+01  ,-7.454467676786e+00  ,-6.385185985107e+01  ,-5.813364106357e+01  ,-5.639739217429e+01  
  5.188000389290e+07  ,-7.002294999407e+00  ,-6.512513027234e+01  ,-7.453078771877e+00  ,-6.382860244384e+01  ,-5.812283527293e+01  ,-5.637552367196e+01  
  5.217951042390e+07  ,-7.001361258699e+00  ,-6.511054339429e+01  ,-7.451666406998e+00  ,-6.380291195840e+01  ,-5.810918213559e+01  ,-5.635124555140e+01  
  5.248074602498e+07  ,-7.000423589977e+00  ,-6.509323636094e+01  ,-7.450230273750e+00  ,-6.377490166618e+01  ,-5.809281277096e+01  ,-5.632467139243e+01  
  5.278372067816e+07  ,-6.999481721996e+00  ,-6.507333631774e+01  ,-7.448770062799e+00  ,-6.374468106418e+01  ,-5.807385459575e+01  ,-5.629591100138e+01  
  5.308844442310e+07  ,-6.998535377277e+00  ,-6.505096662144e+01  ,-7.447285464833e+00  ,-6.371235587456e+01  ,-5.805243124416e+01  ,-5.626507040973e+01  
  5.339492735742e+07  ,-6.997584272308e+00  ,-6.502624678990e+01  ,-7.445776169778e+00  ,-6.367802804724e+01  ,-5.802866251759e+01  ,-5.623225187746e+01  
  5.370317963703e+07  ,-6.996628116468e+00  ,-6.499929246575e+01  ,-7.444241867015e+00  ,-6.364179578330e+01  ,-5.800266434928e+01  ,-5.619755391629e+01  
  5.401321147647e+07  ,-6.995666613464e+00  ,-6.497021540067e+01  ,-7.442682245279e+00  ,-6.360375357079e+01  ,-5.797454878720e+01  ,-5.616107132551e+01  
  5.432503314925e+07  ,-6.994699459260e+00  ,-6.493912345600e+01  ,-7.441096992237e+00  ,-6.356399223327e+01  ,-5.794442399674e+01  ,-5.612289524103e+01  
  5.463865498819e+07  ,-6.993726344078e+00  ,-6.490612061986e+01  ,-7.439485796356e+00  ,-6.352259898210e+01  ,-5.791239427578e+01  ,-5.608311318574e+01  
  5.495408738577e+07  ,-6.992746949750e+00  ,-6.487130703360e+01  ,-7.437848344107e+00  ,-6.347965748546e+01  ,-5.787856008385e+01  ,-5.604180914135e+01  
  5.527134079445e+07  ,-6.991760951575e+00  ,-6.483477903597e+01  ,-7.436184322237e+00  ,-6.343524793612e+01  ,-5.784301808439e+01  ,-5.599906361389e+01  
  5.559042572704e+07  ,-6.990768016861e+00  ,-6.479662921169e+01  ,-7.434493416584e+00  ,-6.338944713452e+01  ,-5.780586119483e+01  ,-5.595495371793e+01  
  5.591135275706e+07  ,-6.989767805286e+00  ,-6.475694645414e+01  ,-7.432775312253e+00  ,-6.334232856722e+01  ,-5.776717864885e+01  ,-5.590955325497e+01  
  5.623413251904e+07  ,-6.988759969173e+00  ,-6.471581603337e+01  ,-7.431029693961e+00  ,-6.329396249940e+01  ,-5.772705606419e+01  ,-5.586293280544e+01  
  5.655877570892e+07  ,-6.987744150720e+00  ,-6.467331966916e+01  ,-7.429256246110e+00  ,-6.324441606007e+01  ,-5.768557551844e+01  ,-5.581515981396e+01  
  5.688529308439e+07  ,-6.986719985721e+00  ,-6.462953561716e+01  ,-7.427454651970e+00  ,-6.319375334265e+01  ,-5.764281563144e+01  ,-5.576629869068e+01  
  5.721369546524e+07  ,-6.985687100032e+00  ,-6.458453874823e+01  ,-7.425624594554e+00  ,-6.314203549078e+01  ,-5.759885164819e+01  ,-5.571641089622e+01  
  5.754399373372e+07  ,-6.984645110929e+00  ,-6.453840064271e+01  ,-7.423765756153e+00  ,-6.308932080091e+01  ,-5.755375553179e+01  ,-5.566555504476e+01  
  5.787619883492e+07  ,-6.983593626151e+00  ,-6.449118967924e+01  ,-7.421877818473e+00  ,-6.303566481687e+01  ,-5.750759605309e+01  ,-5.561378699840e+01  
  5.821032177709e+07  ,-6.982532243390e+00  ,-6.444297113132e+01  ,-7.419960462523e+00  ,-6.298112042709e+01  ,-5.746043888793e+01  ,-5.556115996457e+01  
  5.854637363206e+07  ,-6.981460551083e+00  ,-6.439380726247e+01  ,-7.418013368609e+00  ,-6.292573795770e+01  ,-5.741234671139e+01  ,-5.550772458909e+01  
  5.888436553556e+07  ,-6.980378126843e+00  ,-6.434375742208e+01  ,-7.416036216577e+00  ,-6.286956526938e+01  ,-5.736337929523e+01  ,-5.545352905281e+01  
  5.922430868762e+07  ,-6.979284537368e+00  ,-6.429287814491e+01  ,-7.414028685586e+00  ,-6.281264785536e+01  ,-5.731359360754e+01  ,-5.539861916977e+01  
  5.956621435290e+07  ,-6.978179339163e+00  ,-6.424122324455e+01  ,-7.411990454357e+00  ,-6.275502892706e+01  ,-5.726304390539e+01  ,-5.534303847270e+01  
  5.991009386114e+07  ,-6.977062076373e+00  ,-6.418884391364e+01  ,-7.409921200472e+00  ,-6.269674951136e+01  ,-5.721178183727e+01  ,-5.528682831089e+01  
  6.025595860744e+07  ,-6.975932281456e+00  ,-6.413578881598e+01  ,-7.407820601182e+00  ,-6.263784853409e+01  ,-5.715985653452e+01  ,-5.523002793291e+01  
  6.060382005271e+07  ,-6.974789475166e+00  ,-6.408210418361e+01  ,-7.405688332906e+00  ,-6.257836291146e+01  ,-5.710731470845e+01  ,-5.517267457855e+01  
  6.095368972402e+07  ,-6.973633164667e+00  ,-6.402783390774e+01  ,-7.403524071656e+00  ,-6.251832763307e+01  ,-5.705420074308e+01  ,-5.511480356141e+01  
  6.130557921499e+07  ,-6.972462843942e+00  ,-6.397301962902e+01  ,-7.401327492359e+00  ,-6.245777584185e+01  ,-5.700055678508e+01  ,-5.505644834949e+01  
  6.165950018615e+07  ,-6.971277993615e+00  ,-6.391770082831e+01  ,-7.399098269515e+00  ,-6.239673892175e+01  ,-5.694642283470e+01  ,-5.499764065223e+01  
  6.201546436538e+07  ,-6.970078079808e+00  ,-6.386191491376e+01  ,-7.396836076853e+00  ,-6.233524656302e+01  ,-5.689183683395e+01  ,-5.493841048617e+01  
  6.237348354825e+07  ,-6.968862554311e+00  ,-6.380569730368e+01  ,-7.394540587475e+00  ,-6.227332685035e+01  ,-5.683683474937e+01  ,-5.487878626288e+01  
  6.273356959841e+07  ,-6.967630852496e+00  ,-6.374908150903e+01  ,-7.392211473315e+00  ,-6.221100632525e+01  ,-5.678145065654e+01  ,-5.481879485193e+01  
  6.309573444802e+07  ,-6.966382394448e+00  ,-6.369209921421e+01  ,-7.389848406282e+00  ,-6.214831006182e+01  ,-5.672571681976e+01  ,-5.475846165554e+01  
  6.345999009813e+07  ,-6.965116582957e+00  ,-6.363478035425e+01  ,-7.387451056675e+00  ,-6.208526173170e+01  ,-5.666966377129e+01  ,-5.469781067502e+01  
  6.382634861906e+07  ,-6.963832804507e+00  ,-6.357715318847e+01  ,-7.385019095184e+00  ,-6.202188367013e+01  ,-5.661332038397e+01  ,-5.463686457495e+01  
  6.419482215081e+07  ,-6.962530426561e+00  ,-6.351924437425e+01  ,-7.382552190650e+00  ,-6.195819693687e+01  ,-5.655671394769e+01  ,-5.457564474622e+01  
  6.456542290347e+07  ,-6.961208798477e+00  ,-6.346107903515e+01  ,-7.380050011510e+00  ,-6.189422137854e+01  ,-5.649987023667e+01  ,-5.451417136703e+01  
  6.493816315763e+07  ,-6.959867249363e+00  ,-6.340268082837e+01  ,-7.377512225773e+00  ,-6.182997568199e+01  ,-5.644281357901e+01  ,-5.445246345622e+01  
  6.531305526475e+07  ,-6.958505089269e+00  ,-6.334407201047e+01  ,-7.374938500221e+00  ,-6.176547743433e+01  ,-5.638556692121e+01  ,-5.439053893410e+01  
  6.569011164763e+07  ,-6.957121605944e+00  ,-6.328527349738e+01  ,-7.372328500752e+00  ,-6.170074317267e+01  ,-5.632815189143e+01  ,-5.432841467192e+01  
  6.606934480076e+07  ,-6.955716065953e+00  ,-6.322630492588e+01  ,-7.369681892832e+00  ,-6.163578843597e+01  ,-5.627058885993e+01  ,-5.426610654313e+01  
  6.645076729078e+07  ,-6.954287712491e+00  ,-6.316718470902e+01  ,-7.366998340822e+00  ,-6.157062781244e+01  ,-5.621289699653e+01  ,-5.420362947161e+01  
  6.683439175687e+07  ,-6.952835765177e+00  ,-6.310793009147e+01  ,-7.364277508392e+00  ,-6.150527498721e+01  ,-5.615509432630e+01  ,-5.414099747882e+01  
  6.722023091116e+07  ,-6.951359419820e+00  ,-6.304855720333e+01  ,-7.361519058415e+00  ,-6.143974278514e+01  ,-5.609719778351e+01  ,-5.407822372673e+01  
  6.760829753920e+07  ,-6.949857845089e+00  ,-6.298908110670e+01  ,-7.358722652305e+00  ,-6.137404321408e+01  ,-5.603922326161e+01  ,-5.401532056178e+01  
  6.799860450034e+07  ,-6.948330183241e+00  ,-6.292951584644e+01  ,-7.355887951540e+00  ,-6.130818750411e+01  ,-5.598118566319e+01  ,-5.395229955257e+01  
  6.839116472815e+07  ,-6.946775550159e+00  ,-6.286987449672e+01  ,-7.353014615981e+00  ,-6.124218614792e+01  ,-5.592309894656e+01  ,-5.388917153194e+01  
  6.878599123089e+07  ,-6.945193030853e+00  ,-6.281016919988e+01  ,-7.350102304973e+00  ,-6.117604893495e+01  ,-5.586497616903e+01  ,-5.382594662997e+01  
  6.918309709190e+07  ,-6.943581682456e+00  ,-6.275041121410e+01  ,-7.347150676761e+00  ,-6.110978498808e+01  ,-5.580682953164e+01  ,-5.376263431132e+01  
  6.958249547006e+07  ,-6.941940529865e+00  ,-6.269061094867e+01  ,-7.344159388595e+00  ,-6.104340279760e+01  ,-5.574867041880e+01  ,-5.369924340900e+01  
  6.998419960023e+07  ,-6.940268565833e+00  ,-6.263077800335e+01  ,-7.341128097194e+00  ,-6.097691025102e+01  ,-5.569050943751e+01  ,-5.363578215383e+01  
  7.038822279365e+07  ,-6.938564750275e+00  ,-6.257092120531e+01  ,-7.338056457447e+00  ,-6.091031466225e+01  ,-5.563235645503e+01  ,-5.357225820480e+01  
  7.079457843842e+07  ,-6.936828008207e+00  ,-6.251104864072e+01  ,-7.334944124476e+00  ,-6.084362280552e+01  ,-5.557422063251e+01  ,-5.350867868104e+01  
  7.120327999992e+07  ,-6.935057229340e+00  ,-6.245116769058e+01  ,-7.331790751433e+00  ,-6.077684093679e+01  ,-5.551611046124e+01  ,-5.344505018536e+01  
  7.161434102129e+07  ,-6.933251266559e+00  ,-6.239128505916e+01  ,-7.328595990888e+00  ,-6.070997482347e+01  ,-5.545803379260e+01  ,-5.338137883258e+01  
  7.202777512384e+07  ,-6.931408934448e+00  ,-6.233140680523e+01  ,-7.325359494571e+00  ,-6.064302976847e+01  ,-5.539999787079e+01  ,-5.331767027390e+01  
  7.244359600750e+07  ,-6.929529008741e+00  ,-6.227153836896e+01  ,-7.322080912596e+00  ,-6.057601063065e+01  ,-5.534200936021e+01  ,-5.325392971806e+01  
  7.286181745133e+07  ,-6.927610225321e+00  ,-6.221168460010e+01  ,-7.318759894636e+00  ,-6.050892185113e+01  ,-5.528407437478e+01  ,-5.319016195650e+01  
  7.328245331390e+07  ,-6.925651277955e+00  ,-6.215184978082e+01  ,-7.315396088868e+00  ,-6.044176747501e+01  ,-5.522619850286e+01  ,-5.312637138614e+01  
  7.370551753380e+07  ,-6.923650819886e+00  ,-6.209203765344e+01  ,-7.311989142707e+00  ,-6.037455116484e+01  ,-5.516838683356e+01  ,-5.306256202214e+01  
  7.413102413010e+07  ,-6.921607458848e+00  ,-6.203225143926e+01  ,-7.308538702510e+00  ,-6.030727622984e+01  ,-5.511064398042e+01  ,-5.299873752733e+01  
  7.455898720278e+07  ,-6.919519761987e+00  ,-6.197249386609e+01  ,-7.305044413271e+00  ,-6.023994563430e+01  ,-5.505297410411e+01  ,-5.293490122102e+01  
  7.498942093325e+07  ,-6.917386248707e+00  ,-6.191276718259e+01  ,-7.301505918821e+00  ,-6.017256202042e+01  ,-5.499538093389e+01  ,-5.287105610160e+01  
  7.542233958476e+07  ,-6.915205395524e+00  ,-6.185307318413e+01  ,-7.297922862099e+00  ,-6.010512772326e+01  ,-5.493786778860e+01  ,-5.280720486116e+01  
  7.585775750292e+07  ,-6.912975633339e+00  ,-6.179341322857e+01  ,-7.294294884886e+00  ,-6.003764478674e+01  ,-5.488043759523e+01  ,-5.274334990185e+01  
  7.629568911616e+07  ,-6.910695347666e+00  ,-6.173378825727e+01  ,-7.290621627740e+00  ,-5.997011497647e+01  ,-5.482309290960e+01  ,-5.267949334873e+01  
  7.673614893619e+07  ,-6.908362878830e+00  ,-6.167419880975e+01  ,-7.286902729996e+00  ,-5.990253979635e+01  ,-5.476583593092e+01  ,-5.261563706635e+01  
  7.717915155851e+07  ,-6.905976522582e+00  ,-6.161464504421e+01  ,-7.283137829429e+00  ,-5.983492049923e+01  ,-5.470866852163e+01  ,-5.255178266980e+01  
  7.762471166287e+07  ,-6.903534531384e+00  ,-6.155512675191e+01  ,-7.279326563271e+00  ,-5.976725810093e+01  ,-5.465159222052e+01  ,-5.248793153766e+01  
  7.807284401380e+07  ,-6.901035114916e+00  ,-6.149564337547e+01  ,-7.275468567233e+00  ,-5.969955339225e+01  ,-5.459460826055e+01  ,-5.242408482502e+01  
  7.852356346101e+07  ,-6.898476442139e+00  ,-6.143619402276e+01  ,-7.271563475778e+00  ,-5.963180694953e+01  ,-5.453771758062e+01  ,-5.236024347375e+01  
  7.897688493999e+07  ,-6.895856643974e+00  ,-6.137677748476e+01  ,-7.267610921568e+00  ,-5.956401914265e+01  ,-5.448092084079e+01  ,-5.229640822109e+01  
  7.943282347243e+07  ,-6.893173815769e+00  ,-6.131739225058e+01  ,-7.263610536580e+00  ,-5.949619015163e+01  ,-5.442421843482e+01  ,-5.223257961505e+01  
  7.989139416675e+07  ,-6.890426020969e+00  ,-6.125803652306e+01  ,-7.259561951447e+00  ,-5.942831996987e+01  ,-5.436761050210e+01  ,-5.216875801842e+01  
  8.035261221857e+07  ,-6.887611294455e+00  ,-6.119870823339e+01  ,-7.255464795154e+00  ,-5.936040841518e+01  ,-5.431109693894e+01  ,-5.210494362003e+01  
  8.081649291126e+07  ,-6.884727650183e+00  ,-6.113940506096e+01  ,-7.251318695758e+00  ,-5.929245514059e+01  ,-5.425467741077e+01  ,-5.204113644483e+01  
  8.128305161642e+07  ,-6.881773084840e+00  ,-6.108012444592e+01  ,-7.247123278984e+00  ,-5.922445963751e+01  ,-5.419835136108e+01  ,-5.197733635853e+01  
  8.175230379437e+07  ,-6.878745585339e+00  ,-6.102086360755e+01  ,-7.242878170437e+00  ,-5.915642124855e+01  ,-5.414211802221e+01  ,-5.191354307811e+01  
  8.222426499471e+07  ,-6.875643137911e+00  ,-6.096161956243e+01  ,-7.238582993039e+00  ,-5.908833916896e+01  ,-5.408597642452e+01  ,-5.184975617592e+01  
  8.269895085680e+07  ,-6.872463736400e+00  ,-6.090238914137e+01  ,-7.234237369381e+00  ,-5.902021246036e+01  ,-5.402992540497e+01  ,-5.178597509098e+01  
  8.317637711027e+07  ,-6.869205394354e+00  ,-6.084316901000e+01  ,-7.229840919427e+00  ,-5.895204005079e+01  ,-5.397396361564e+01  ,-5.172219913137e+01  
  8.365655957559e+07  ,-6.865866154777e+00  ,-6.078395568619e+01  ,-7.225393262974e+00  ,-5.888382074400e+01  ,-5.391808953141e+01  ,-5.165842748102e+01  
  8.413951416452e+07  ,-6.862444105857e+00  ,-6.072474556436e+01  ,-7.220894016627e+00  ,-5.881555322293e+01  ,-5.386230145850e+01  ,-5.159465920630e+01  
  8.462525688073e+07  ,-6.858937394853e+00  ,-6.066553493498e+01  ,-7.216342796975e+00  ,-5.874723605736e+01  ,-5.380659754013e+01  ,-5.153089326039e+01  
  8.511380382024e+07  ,-6.855344244111e+00  ,-6.060632000778e+01  ,-7.211739218013e+00  ,-5.867886770879e+01  ,-5.375097576367e+01  ,-5.146712849078e+01  
  8.560517117202e+07  ,-6.851662969846e+00  ,-6.054709693722e+01  ,-7.207082892611e+00  ,-5.861044653142e+01  ,-5.369543396737e+01  ,-5.140336363881e+01  
  8.609937521847e+07  ,-6.847892002736e+00  ,-6.048786184919e+01  ,-7.202373431901e+00  ,-5.854197078140e+01  ,-5.363996984645e+01  ,-5.133959734950e+01  
  8.659643233601e+07  ,-6.844029907986e+00  ,-6.042861086570e+01  ,-7.197610444957e+00  ,-5.847343861757e+01  ,-5.358458095771e+01  ,-5.127582817261e+01  
  8.709635899561e+07  ,-6.840075407207e+00  ,-6.036934013364e+01  ,-7.192793539371e+00  ,-5.840484810634e+01  ,-5.352926472643e+01  ,-5.121205456697e+01  
  8.759917176332e+07  ,-6.836027405895e+00  ,-6.031004585505e+01  ,-7.187922321599e+00  ,-5.833619722583e+01  ,-5.347401844916e+01  ,-5.114827490423e+01  
  8.810488730081e+07  ,-6.831885016763e+00  ,-6.025072431772e+01  ,-7.182996395235e+00  ,-5.826748386862e+01  ,-5.341883930095e+01  ,-5.108448747339e+01  
  8.861352236596e+07  ,-6.827647586284e+00  ,-6.019137192445e+01  ,-7.178015362892e+00  ,-5.819870584445e+01  ,-5.336372433816e+01  ,-5.102069048155e+01  
  8.912509381338e+07  ,-6.823314723224e+00  ,-6.013198522578e+01  ,-7.172978824769e+00  ,-5.812986088257e+01  ,-5.330867050256e+01  ,-5.095688205780e+01  
  8.963961859500e+07  ,-6.818886325812e+00  ,-6.007256095326e+01  ,-7.167886379661e+00  ,-5.806094663711e+01  ,-5.325367462744e+01  ,-5.089306025744e+01  
  9.015711376060e+07  ,-6.814362610954e+00  ,-6.001309604870e+01  ,-7.162737624003e+00  ,-5.799196068562e+01  ,-5.319873343775e+01  ,-5.082922306162e+01  
  9.067759645840e+07  ,-6.809744139653e+00  ,-5.995358769598e+01  ,-7.157532152734e+00  ,-5.792290053514e+01  ,-5.314384355633e+01  ,-5.076536838241e+01  
  9.120108393560e+07  ,-6.805031845524e+00  ,-5.989403335207e+01  ,-7.152269558405e+00  ,-5.785376362001e+01  ,-5.308900150654e+01  ,-5.070149406160e+01  
  9.172759353898e+07  ,-6.800227060285e+00  ,-5.983443077453e+01  ,-7.146949431696e+00  ,-5.778454730828e+01  ,-5.303420371425e+01  ,-5.063759787658e+01  
  9.225714271548e+07  ,-6.795331533952e+00  ,-5.977477804613e+01  ,-7.141571361124e+00  ,-5.771524889910e+01  ,-5.297944651217e+01  ,-5.057367753797e+01  
  9.278974901274e+07  ,-6.790347456530e+00  ,-5.971507359789e+01  ,-7.136134933238e+00  ,-5.764586562705e+01  ,-5.292472614136e+01  ,-5.050973069381e+01  
  9.332543007971e+07  ,-6.785277473355e+00  ,-5.965531622718e+01  ,-7.130639732424e+00  ,-5.757639466247e+01  ,-5.287003875383e+01  ,-5.044575493005e+01  
  9.386420366722e+07  ,-6.780124695631e+00  ,-5.959550511101e+01  ,-7.125085340536e+00  ,-5.750683311062e+01  ,-5.281538041537e+01  ,-5.038174777009e+01  
  9.440608762860e+07  ,-6.774892706812e+00  ,-5.953563981376e+01  ,-7.119471337386e+00  ,-5.743717801665e+01  ,-5.276074710695e+01  ,-5.031770667926e+01  
  9.495109992023e+07  ,-6.769585560135e+00  ,-5.947572028729e+01  ,-7.113797300694e+00  ,-5.736742636278e+01  ,-5.270613472715e+01  ,-5.025362906208e+01  
  9.549925860215e+07  ,-6.764207772974e+00  ,-5.941574686633e+01  ,-7.108062805359e+00  ,-5.729757506998e+01  ,-5.265153909336e+01  ,-5.018951226463e+01  
  9.605058183868e+07  ,-6.758764310420e+00  ,-5.935572025492e+01  ,-7.102267424472e+00  ,-5.722762099945e+01  ,-5.259695594450e+01  ,-5.012535357497e+01  
  9.660508789899e+07  ,-6.753260560228e+00  ,-5.929564150000e+01  ,-7.096410728050e+00  ,-5.715756095009e+01  ,-5.254238093977e+01  ,-5.006115022204e+01  
  9.716279515772e+07  ,-6.747702303339e+00  ,-5.923551196740e+01  ,-7.090492284167e+00  ,-5.708739166214e+01  ,-5.248780966406e+01  ,-4.999689937797e+01  
  9.772372209559e+07  ,-6.742095669749e+00  ,-5.917533329514e+01  ,-7.084511657878e+00  ,-5.701710981293e+01  ,-5.243323762539e+01  ,-4.993259815505e+01  
  9.828788730001e+07  ,-6.736447092212e+00  ,-5.911510734972e+01  ,-7.078468411912e+00  ,-5.694671202078e+01  ,-5.237866025751e+01  ,-4.986824360887e+01  
  9.885530946570e+07  ,-6.730763246859e+00  ,-5.905483616766e+01  ,-7.072362106082e+00  ,-5.687619484056e+01  ,-5.232407292080e+01  ,-4.980383273448e+01  
  9.942600739530e+07  ,-6.725050990056e+00  ,-5.899452189309e+01  ,-7.066192297737e+00  ,-5.680555476585e+01  ,-5.226947090303e+01  ,-4.973936246811e+01  
  1.000000000000e+08  ,-6.719317284473e+00  ,-5.893416670358e+01  ,-7.059958541499e+00  ,-5.673478822663e+01  ,-5.221484941910e+01  ,-4.967482968513e+01  
  1.005773063002e+08  ,-6.713569124042e+00  ,-5.887377273637e+01  ,-7.053660388430e+00  ,-5.666389158803e+01  ,-5.216020361233e+01  ,-4.961023119960e+01  
  1.011579454260e+08  ,-6.707813452266e+00  ,-5.881334200655e+01  ,-7.047297387706e+00  ,-5.659286115101e+01  ,-5.210552855429e+01  ,-4.954556376330e+01  
  1.017419366181e+08  ,-6.702057080611e+00  ,-5.875287632611e+01  ,-7.040869084932e+00  ,-5.652169314655e+01  ,-5.205081924550e+01  ,-4.948082406162e+01  
  1.023292992281e+08  ,-6.696306602931e+00  ,-5.869237721808e+01  ,-7.034375022772e+00  ,-5.645038373871e+01  ,-5.199607061515e+01  ,-4.941600871593e+01  
  1.029200527194e+08  ,-6.690568314491e+00  ,-5.863184583578e+01  ,-7.027814740801e+00  ,-5.637892901993e+01  ,-5.194127752129e+01  ,-4.935111427913e+01  
  1.035142166679e+08  ,-6.684848132809e+00  ,-5.857128288263e+01  ,-7.021187775469e+00  ,-5.630732500875e+01  ,-5.188643474982e+01  ,-4.928613723328e+01  
  1.041118107623e+08  ,-6.679151522877e+00  ,-5.851068853847e+01  ,-7.014493659964e+00  ,-5.623556764734e+01  ,-5.183153701559e+01  ,-4.922107398738e+01  
  1.047128548051e+08  ,-6.673483431747e+00  ,-5.845006239230e+01  ,-7.007731924146e+00  ,-5.616365280049e+01  ,-5.177657896055e+01  ,-4.915592087634e+01  
  1.053173687130e+08  ,-6.667848227799e+00  ,-5.838940338202e+01  ,-7.000902094555e+00  ,-5.609157624971e+01  ,-5.172155515422e+01  ,-4.909067415516e+01  
  1.059253725177e+08  ,-6.662249653255e+00  ,-5.832870974536e+01  ,-6.994003694292e+00  ,-5.601933369145e+01  ,-5.166646009210e+01  ,-4.902532999716e+01  
  1.065368863668e+08  ,-6.656690783667e+00  ,-5.826797897881e+01  ,-6.987036243086e+00  ,-5.594692073092e+01  ,-5.161128819514e+01  ,-4.895988448784e+01  
  1.071519305238e+08  ,-6.651174002268e+00  ,-5.820720781186e+01  ,-6.979999256732e+00  ,-5.587433288158e+01  ,-5.155603380959e+01  ,-4.889433362485e+01  
  1.077705253694e+08  ,-6.645700982739e+00  ,-5.814639218669e+01  ,-6.972892247771e+00  ,-5.580156555815e+01  ,-5.150069120395e+01  ,-4.882867331038e+01  
  1.083926914021e+08  ,-6.640272685585e+00  ,-5.808552725476e+01  ,-6.965714724885e+00  ,-5.572861406850e+01  ,-5.144525456918e+01  ,-4.876289934361e+01  
  1.090184492385e+08  ,-6.634889363191e+00  ,-5.802460738006e+01  ,-6.958466193136e+00  ,-5.565547361392e+01  ,-5.138971801687e+01  ,-4.869700742079e+01  
  1.096478196143e+08  ,-6.629550579454e+00  ,-5.796362615609e+01  ,-6.951146153283e+00  ,-5.558213927845e+01  ,-5.133407557664e+01  ,-4.863099312517e+01  
  1.102808233850e+08  ,-6.624255233188e+00  ,-5.790257642888e+01  ,-6.943754102770e+00  ,-5.550860602260e+01  ,-5.127832119569e+01  ,-4.856485191983e+01  
  1.109174815262e+08  ,-6.619001594970e+00  ,-5.784145033035e+01  ,-6.936289534805e+00  ,-5.543486867550e+01  ,-5.122244873538e+01  ,-4.849857914070e+01  
  1.115578151351e+08  ,-6.613787348408e+00  ,-5.778023931756e+01  ,-6.928751938440e+00  ,-5.536092192720e+01  ,-5.116645196916e+01  ,-4.843216998876e+01  
  1.122018454302e+08  ,-6.608609637539e+00  ,-5.771893421784e+01  ,-6.921140799287e+00  ,-5.528676031836e+01  ,-5.111032458030e+01  ,-4.836561951907e+01  
  1.128495937528e+08  ,-6.603465118664e+00  ,-5.765752527787e+01  ,-6.913455598063e+00  ,-5.521237823063e+01  ,-5.105406015921e+01  ,-4.829892263256e+01  
  1.135010815672e+08  ,-6.598350014629e+00  ,-5.759600221366e+01  ,-6.905695811669e+00  ,-5.513776987378e+01  ,-5.099765219903e+01  ,-4.823207406211e+01  
  1.141563304619e+08  ,-6.593260173424e+00  ,-5.753435426650e+01  ,-6.897860913075e+00  ,-5.506292927361e+01  ,-5.094109409307e+01  ,-4.816506836053e+01  
  1.148153621497e+08  ,-6.588191121202e+00  ,-5.747257025162e+01  ,-6.889950370692e+00  ,-5.498785025792e+01  ,-5.088437913041e+01  ,-4.809789988723e+01  
  1.154781984690e+08  ,-6.583138120873e+00  ,-5.741063861212e+01  ,-6.881963648691e+00  ,-5.491252644058e+01  ,-5.082750049125e+01  ,-4.803056279189e+01  
  1.161448613840e+08  ,-6.578096226021e+00  ,-5.734854746902e+01  ,-6.873900207627e+00  ,-5.483695120302e+01  ,-5.077045124300e+01  ,-4.796305099539e+01  
  1.168153729861e+08  ,-6.573060331252e+00  ,-5.728628466440e+01  ,-6.865759502940e+00  ,-5.476111767493e+01  ,-5.071322433315e+01  ,-4.789535817199e+01  
  1.174897554940e+08  ,-6.568025221741e+00  ,-5.722383780649e+01  ,-6.857540986550e+00  ,-5.468501871350e+01  ,-5.065581258475e+01  ,-4.782747772695e+01  
  1.181680312545e+08  ,-6.562985617359e+00  ,-5.716119430598e+01  ,-6.849244106122e+00  ,-5.460864687823e+01  ,-5.059820868862e+01  ,-4.775940277211e+01  
  1.188502227437e+08  ,-6.557936214269e+00  ,-5.709834141036e+01  ,-6.840868305583e+00  ,-5.453199440080e+01  ,-5.054040519609e+01  ,-4.769112609521e+01  
  1.195363525674e+08  ,-6.552871720512e+00  ,-5.703526623031e+01  ,-6.832413024294e+00  ,-5.445505315832e+01  ,-5.048239450980e+01  ,-4.762264013403e+01  
  1.202264434617e+08  ,-6.547786889187e+00  ,-5.697195576427e+01  ,-6.823877698144e+00  ,-5.437781463456e+01  ,-5.042416887508e+01  ,-4.755393693641e+01  
  1.209205182943e+08  ,-6.542676545793e+00  ,-5.690839691422e+01  ,-6.815261759692e+00  ,-5.430026988231e+01  ,-5.036572036843e+01  ,-4.748500812262e+01  
  1.216186000646e+08  ,-6.537535612198e+00  ,-5.684457649699e+01  ,-6.806564638045e+00  ,-5.422240947840e+01  ,-5.030704088479e+01  ,-4.741584484036e+01  
  1.223207119050e+08  ,-6.532359126966e+00  ,-5.678048125099e+01  ,-6.797785759393e+00  ,-5.414422347134e+01  ,-5.024812212402e+01  ,-4.734643771194e+01  
  1.230268770812e+08  ,-6.527142259827e+00  ,-5.671609783441e+01  ,-6.788924546810e+00  ,-5.406570132664e+01  ,-5.018895557458e+01  ,-4.727677677983e+01  
  1.237371189935e+08  ,-6.521880325789e+00  ,-5.665141282050e+01  ,-6.779980421488e+00  ,-5.398683185609e+01  ,-5.012953249471e+01  ,-4.720685143460e+01  
  1.244514611771e+08  ,-6.516568794558e+00  ,-5.658641268706e+01  ,-6.770952803314e+00  ,-5.390760314615e+01  ,-5.006984389250e+01  ,-4.713665034284e+01  
  1.251699273032e+08  ,-6.511203295582e+00  ,-5.652108379472e+01  ,-6.761841110924e+00  ,-5.382800246967e+01  ,-5.000988049914e+01  ,-4.706616135874e+01  
  1.258925411794e+08  ,-6.505779621065e+00  ,-5.645541236417e+01  ,-6.752644762772e+00  ,-5.374801618272e+01  ,-4.994963274310e+01  ,-4.699537141995e+01  
  1.266193267511e+08  ,-6.500293730153e+00  ,-5.638938444521e+01  ,-6.743363178276e+00  ,-5.366762961594e+01  ,-4.988909071506e+01  ,-4.692426643767e+01  
  1.273503081017e+08  ,-6.494741745414e+00  ,-5.632298587589e+01  ,-6.733995779483e+00  ,-5.358682693357e+01  ,-4.982824413047e+01  ,-4.685283115409e+01  
  1.280855094536e+08  ,-6.489119951328e+00  ,-5.625620223444e+01  ,-6.724541991173e+00  ,-5.350559098325e+01  ,-4.976708228311e+01  ,-4.678104899208e+01  
  1.288249551693e+08  ,-6.483424790920e+00  ,-5.618901878396e+01  ,-6.715001244719e+00  ,-5.342390311122e+01  ,-4.970559399304e+01  ,-4.670890186650e+01  
  1.295686697517e+08  ,-6.477652858056e+00  ,-5.612142039961e+01  ,-6.705372978204e+00  ,-5.334174295706e+01  ,-4.964376754155e+01  ,-4.663636997885e+01  
  1.303166778452e+08  ,-6.471800892192e+00  ,-5.605339149001e+01  ,-6.695656640903e+00  ,-5.325908819888e+01  ,-4.958159059782e+01  ,-4.656343155797e+01  
  1.310690042366e+08  ,-6.465865770215e+00  ,-5.598491589780e+01  ,-6.685851695302e+00  ,-5.317591426767e+01  ,-4.951905012758e+01  ,-4.649006257236e+01  
  1.318256738556e+08  ,-6.459844497625e+00  ,-5.591597678598e+01  ,-6.675957622033e+00  ,-5.309219400735e+01  ,-4.945613228835e+01  ,-4.641623638532e+01  
  1.325867117761e+08  ,-6.453734197184e+00  ,-5.584655649658e+01  ,-6.665973924092e+00  ,-5.300789726360e+01  ,-4.939282229940e+01  ,-4.634192333951e+01  
  1.333521432163e+08  ,-6.447532099336e+00  ,-5.577663638976e+01  ,-6.655900134084e+00  ,-5.292299041856e+01  ,-4.932910429042e+01  ,-4.626709028447e+01  
  1.341219935405e+08  ,-6.441235531124e+00  ,-5.570619664883e+01  ,-6.645735820682e+00  ,-5.283743581737e+01  ,-4.926496111771e+01  ,-4.619169999669e+01  
  1.348962882592e+08  ,-6.434841900076e+00  ,-5.563521604678e+01  ,-6.635480599082e+00  ,-5.275119111552e+01  ,-4.920037414671e+01  ,-4.611571051644e+01  
  1.356750530300e+08  ,-6.428348681525e+00  ,-5.556367167706e+01  ,-6.625134143138e+00  ,-5.266420848720e+01  ,-4.913532299554e+01  ,-4.603907434406e+01  
  1.364583136589e+08  ,-6.421753402547e+00  ,-5.549153863944e+01  ,-6.614696199290e+00  ,-5.257643371242e+01  ,-4.906978523689e+01  ,-4.596173751313e+01  
  1.372460961008e+08  ,-6.415053622251e+00  ,-5.541878968671e+01  ,-6.604166606721e+00  ,-5.248780511143e+01  ,-4.900373606446e+01  ,-4.588363850471e+01  
  1.380384264603e+08  ,-6.408246911827e+00  ,-5.534539484848e+01  ,-6.593545321348e+00  ,-5.239825233240e+01  ,-4.893714793665e+01  ,-4.580470701105e+01  
  1.388353309929e+08  ,-6.401330832501e+00  ,-5.527132107940e+01  ,-6.582832446499e+00  ,-5.230769499979e+01  ,-4.886999024690e+01  ,-4.572486255329e+01  
  1.396368361056e+08  ,-6.394302907984e+00  ,-5.519653202118e+01  ,-6.572028271862e+00  ,-5.221604130429e+01  ,-4.880222911320e+01  ,-4.564401303243e+01  
  1.404429683578e+08  ,-6.387160601196e+00  ,-5.512098809947e+01  ,-6.561133323916e+00  ,-5.212318666989e+01  ,-4.873382749828e+01  ,-4.556205334598e+01  
  1.412537544623e+08  ,-6.379901290290e+00  ,-5.504464737175e+01  ,-6.550148429482e+00  ,-5.202901285148e+01  ,-4.866474608146e+01  ,-4.547886442200e+01  
  1.420692212860e+08  ,-6.372522263996e+00  ,-5.496746799088e+01  ,-6.539074795534e+00  ,-5.193338811706e+01  ,-4.859494572688e+01  ,-4.539431332152e+01  
  1.428893958511e+08  ,-6.365020753332e+00  ,-5.488941397746e+01  ,-6.527914105531e+00  ,-5.183616987253e+01  ,-4.852439322413e+01  ,-4.530825576700e+01  
  1.437143053356e+08  ,-6.357394061662e+00  ,-5.481046761591e+01  ,-6.516668631001e+00  ,-5.173721233266e+01  ,-4.845307355425e+01  ,-4.522054370166e+01  
  1.445439770746e+08  ,-6.349639896252e+00  ,-5.473065472816e+01  ,-6.505341345079e+00  ,-5.163638440346e+01  ,-4.838101483191e+01  ,-4.513104305838e+01  
  1.453784385608e+08  ,-6.341757140997e+00  ,-5.465009389895e+01  ,-6.493935991853e+00  ,-5.153360784187e+01  ,-4.830833675795e+01  ,-4.503967185002e+01  
  1.462177174457e+08  ,-6.333747452594e+00  ,-5.456908625874e+01  ,-6.482457008156e+00  ,-5.142893553331e+01  ,-4.823533880615e+01  ,-4.494647852515e+01  
  1.470618415405e+08  ,-6.325618216528e+00  ,-5.448825971882e+01  ,-6.470909024330e+00  ,-5.132270852866e+01  ,-4.816264150229e+01  ,-4.485179950433e+01  
  1.479108388168e+08  ,-6.317386901431e+00  ,-5.440873736527e+01  ,-6.459295333874e+00  ,-5.121586553343e+01  ,-4.809135046384e+01  ,-4.475657019956e+01  
  1.487647374080e+08  ,-6.309084156784e+00  ,-5.433214474493e+01  ,-6.447613963619e+00  ,-5.111053552261e+01  ,-4.802306058814e+01  ,-4.466292155899e+01  
  1.496235656095e+08  ,-6.300747054924e+00  ,-5.426001986075e+01  ,-6.435848657682e+00  ,-5.101110216346e+01  ,-4.795927280583e+01  ,-4.457525350578e+01  
  1.504873518803e+08  ,-6.292393280703e+00  ,-5.419238758282e+01  ,-6.423950790576e+00  ,-5.092582970347e+01  ,-4.789999430211e+01  ,-4.450187891290e+01  
  1.513561248436e+08  ,-6.283992364119e+00  ,-5.412670523353e+01  ,-6.411811917387e+00  ,-5.086828832540e+01  ,-4.784271286942e+01  ,-4.445647640802e+01  
  1.522299132881e+08  ,-6.275476446211e+00  ,-5.405914303954e+01  ,-6.399250795213e+00  ,-5.085507256577e+01  ,-4.778366659333e+01  ,-4.445582177056e+01  
  1.531087461682e+08  ,-6.266786933133e+00  ,-5.398714913684e+01  ,-6.386088215171e+00  ,-5.089332302202e+01  ,-4.772036220370e+01  ,-4.450723480685e+01  
  1.539926526060e+08  ,-6.257900948324e+00  ,-5.391031605479e+01  ,-6.372341691836e+00  ,-5.096166049572e+01  ,-4.765241510647e+01  ,-4.458931880389e+01  
  1.548816618913e+08  ,-6.248822378999e+00  ,-5.382946776023e+01  ,-6.358307229349e+00  ,-5.101431682994e+01  ,-4.758064538123e+01  ,-4.465600960059e+01  
  1.557758034832e+08  ,-6.239564439862e+00  ,-5.374565145754e+01  ,-6.344319711320e+00  ,-5.101772504025e+01  ,-4.750608701768e+01  ,-4.467340532893e+01  
  1.566751070108e+08  ,-6.230139781101e+00  ,-5.365969787080e+01  ,-6.330518533427e+00  ,-5.097023509312e+01  ,-4.742955808970e+01  ,-4.463971655970e+01  
  1.575796022744e+08  ,-6.220557579672e+00  ,-5.357215878395e+01  ,-6.316874331550e+00  ,-5.088749006373e+01  ,-4.735160120428e+01  ,-4.457061573218e+01  
  1.584893192461e+08  ,-6.210823658446e+00  ,-5.348336960132e+01  ,-6.303304504850e+00  ,-5.078525392965e+01  ,-4.727254594288e+01  ,-4.448194942480e+01  
  1.594042880712e+08  ,-6.200941349702e+00  ,-5.339352285529e+01  ,-6.289735414823e+00  ,-5.067387537878e+01  ,-4.719258150559e+01  ,-4.438413996396e+01  
  1.603245390690e+08  ,-6.190912309278e+00  ,-5.330272286692e+01  ,-6.276115921194e+00  ,-5.055901423516e+01  ,-4.711181055764e+01  ,-4.428289831397e+01  
  1.612501027338e+08  ,-6.180737107453e+00  ,-5.321102102506e+01  ,-6.262413531334e+00  ,-5.044345656961e+01  ,-4.703028391761e+01  ,-4.418104303827e+01  
  1.621810097359e+08  ,-6.170415618117e+00  ,-5.311843728876e+01  ,-6.248608124138e+00  ,-5.032844521608e+01  ,-4.694802167064e+01  ,-4.407983709194e+01  
  1.631172909228e+08  ,-6.159947268528e+00  ,-5.302497299970e+01  ,-6.234687159489e+00  ,-5.021444606210e+01  ,-4.686502573117e+01  ,-4.397975890261e+01  
  1.640589773200e+08  ,-6.149331198089e+00  ,-5.293061845767e+01  ,-6.220642613240e+00  ,-5.010155126369e+01  ,-4.678128725958e+01  ,-4.388090865045e+01  
  1.650061001320e+08  ,-6.138566354082e+00  ,-5.283535739158e+01  ,-6.206469132480e+00  ,-4.998968317761e+01  ,-4.669679103750e+01  ,-4.378321404513e+01  
  1.659586907438e+08  ,-6.127651558467e+00  ,-5.273916961059e+01  ,-6.192162944085e+00  ,-4.987869518683e+01  ,-4.661151805212e+01  ,-4.368653224275e+01  
  1.669167807211e+08  ,-6.116585544566e+00  ,-5.264203256510e+01  ,-6.177721212134e+00  ,-4.976842039315e+01  ,-4.652544702054e+01  ,-4.359069918102e+01  
  1.678804018123e+08  ,-6.105366983942e+00  ,-5.254392227037e+01  ,-6.163141655260e+00  ,-4.965869419946e+01  ,-4.643855528642e+01  ,-4.349555254420e+01  
  1.688495859487e+08  ,-6.093994502843e+00  ,-5.244481384270e+01  ,-6.148422317407e+00  ,-4.954936392471e+01  ,-4.635081933986e+01  ,-4.340094160730e+01  
  1.698243652462e+08  ,-6.082466691382e+00  ,-5.234468180255e+01  ,-6.133561427903e+00  ,-4.944029206703e+01  ,-4.626221511117e+01  ,-4.330673063912e+01  
  1.708047720060e+08  ,-6.070782113086e+00  ,-5.224350024183e+01  ,-6.118557316194e+00  ,-4.933135655783e+01  ,-4.617271812874e+01  ,-4.321279924164e+01  
  1.717908387158e+08  ,-6.058939306653e+00  ,-5.214124290077e+01  ,-6.103408358910e+00  ,-4.922244968237e+01  ,-4.608230359412e+01  ,-4.311904132346e+01  
  1.727825980508e+08  ,-6.046936790871e+00  ,-5.203788319825e+01  ,-6.088112945710e+00  ,-4.911347649793e+01  ,-4.599094640738e+01  ,-4.302536355222e+01  
  1.737800828749e+08  ,-6.034773064992e+00  ,-5.193339422884e+01  ,-6.072669460077e+00  ,-4.900435316194e+01  ,-4.589862116385e+01  ,-4.293168370186e+01  
  1.747833262418e+08  ,-6.022446610578e+00  ,-5.182774874269e+01  ,-6.057076264409e+00  ,-4.889500534552e+01  ,-4.580530213211e+01  ,-4.283792908111e+01  
  1.757923613959e+08  ,-6.009955891766e+00  ,-5.172091911538e+01  ,-6.041331693028e+00  ,-4.878536681458e+01  ,-4.571096322362e+01  ,-4.274403512155e+01  
  1.768072217734e+08  ,-5.997299356208e+00  ,-5.161287731254e+01  ,-6.025434046257e+00  ,-4.867537819187e+01  ,-4.561557795633e+01  ,-4.264994414561e+01  
  1.778279410039e+08  ,-5.984475432674e+00  ,-5.150359484887e+01  ,-6.009381588226e+00  ,-4.856498589906e+01  ,-4.551911941619e+01  ,-4.255560431083e+01  
  1.788545529108e+08  ,-5.971482535200e+00  ,-5.139304275191e+01  ,-5.993172543768e+00  ,-4.845414125784e+01  ,-4.542156021671e+01  ,-4.246096871407e+01  
  1.798870915129e+08  ,-5.958319059343e+00  ,-5.128119152066e+01  ,-5.976805098447e+00  ,-4.834279973228e+01  ,-4.532287246132e+01  ,-4.236599463383e+01  
  1.809255910254e+08  ,-5.944983383069e+00  ,-5.116801108535e+01  ,-5.960277397321e+00  ,-4.823092029172e+01  ,-4.522302770228e+01  ,-4.227064289440e+01  
  1.819700858610e+08  ,-5.931473867232e+00  ,-5.105347077232e+01  ,-5.943587546182e+00  ,-4.811846487651e+01  ,-4.512199690509e+01  ,-4.217487733033e+01  
  1.830206106311e+08  ,-5.917788852437e+00  ,-5.093753926227e+01  ,-5.926733610858e+00  ,-4.800539794959e+01  ,-4.501975040984e+01  ,-4.207866433873e+01  
  1.840772001469e+08  ,-5.903926663323e+00  ,-5.082018455943e+01  ,-5.909713617725e+00  ,-4.789168612018e+01  ,-4.491625789611e+01  ,-4.198197250245e+01  
  1.851398894205e+08  ,-5.889885602388e+00  ,-5.070137395006e+01  ,-5.892525555467e+00  ,-4.777729783388e+01  ,-4.481148834767e+01  ,-4.188477227841e+01  
  1.862087136663e+08  ,-5.875663954424e+00  ,-5.058107397262e+01  ,-5.875167375645e+00  ,-4.766220311250e+01  ,-4.470541001820e+01  ,-4.178703573686e+01  
  1.872837083018e+08  ,-5.861259982033e+00  ,-5.045925038045e+01  ,-5.857636994141e+00  ,-4.754637334317e+01  ,-4.459799039842e+01  ,-4.168873634903e+01  
  1.883649089490e+08  ,-5.846671926637e+00  ,-5.033586810916e+01  ,-5.839932294390e+00  ,-4.742978110999e+01  ,-4.448919618252e+01  ,-4.158984881560e+01  
  1.894523514357e+08  ,-5.831898007694e+00  ,-5.021089124343e+01  ,-5.822051128352e+00  ,-4.731240006308e+01  ,-4.437899323574e+01  ,-4.149034893473e+01  
  1.905460717963e+08  ,-5.816936419299e+00  ,-5.008428298215e+01  ,-5.803991320899e+00  ,-4.719420482773e+01  ,-4.426734656285e+01  ,-4.139021350683e+01  
  1.916461062736e+08  ,-5.801785332007e+00  ,-4.995600560658e+01  ,-5.785750675414e+00  ,-4.707517095344e+01  ,-4.415422027458e+01  ,-4.128942027802e+01  
  1.927524913191e+08  ,-5.786442886955e+00  ,-4.982602044128e+01  ,-5.767326977399e+00  ,-4.695527490221e+01  ,-4.403957755432e+01  ,-4.118794792481e+01  
  1.938652635952e+08  ,-5.770907195480e+00  ,-4.969428781822e+01  ,-5.748718005323e+00  ,-4.683449409170e+01  ,-4.392338062274e+01  ,-4.108577608638e+01  
  1.949844599758e+08  ,-5.755176333927e+00  ,-4.956076703115e+01  ,-5.729921539204e+00  ,-4.671280699638e+01  ,-4.380559069722e+01  ,-4.098288545718e+01  
  1.961101175476e+08  ,-5.739248340557e+00  ,-4.942541628683e+01  ,-5.710935378124e+00  ,-4.659019333261e+01  ,-4.368616794628e+01  ,-4.087925795449e+01  
  1.972422736115e+08  ,-5.723121206875e+00  ,-4.928819263652e+01  ,-5.691757358000e+00  ,-4.646663435081e+01  ,-4.356507142964e+01  ,-4.077487699281e+01  
  1.983809656837e+08  ,-5.706792868227e+00  ,-4.914905188625e+01  ,-5.672385382949e+00  ,-4.634211328824e+01  ,-4.344225901802e+01  ,-4.066972790529e+01  
  1.995262314969e+08  ,-5.690261192151e+00  ,-4.900794846851e+01  ,-5.652817464906e+00  ,-4.621661605120e+01  ,-4.331768727636e+01  ,-4.056379858630e+01  
  2.006781090018e+08  ,-5.673523956336e+00  ,-4.886483523383e+01  ,-5.633051784205e+00  ,-4.609013225040e+01  ,-4.319131127749e+01  ,-4.045708046620e+01  
  2.018366363682e+08  ,-5.656578824395e+00  ,-4.871966312513e+01  ,-5.613086777147e+00  ,-4.596265679071e+01  ,-4.306308430074e+01  ,-4.034957001356e+01  
  2.030018519860e+08  ,-5.639423304285e+00  ,-4.857238061079e+01  ,-5.592921271867e+00  ,-4.583419236595e+01  ,-4.293295730650e+01  ,-4.024127109408e+01  
  2.041737944670e+08  ,-5.622054697029e+00  ,-4.842293269724e+01  ,-5.572554696318e+00  ,-4.570475347689e+01  ,-4.280087800021e+01  ,-4.013219878057e+01  
  2.053525026457e+08  ,-5.604470029743e+00  ,-4.827125913109e+01  ,-5.551987417024e+00  ,-4.557437314382e+01  ,-4.266678910135e+01  ,-4.002238572680e+01  
  2.065380155811e+08  ,-5.586666001752e+00  ,-4.811729108162e+01  ,-5.531221303378e+00  ,-4.544311458925e+01  ,-4.253062507987e+01  ,-3.991189328587e+01  
  2.077303725573e+08  ,-5.568639056570e+00  ,-4.796094506722e+01  ,-5.510260705665e+00  ,-4.531109262217e+01  ,-4.239230601065e+01  ,-3.980083191650e+01  
  2.089296130854e+08  ,-5.550385992005e+00  ,-4.780211277009e+01  ,-5.489114220765e+00  ,-4.517851515811e+01  ,-4.225172677809e+01  ,-3.968940093735e+01  
  2.101357769047e+08  ,-5.531906470968e+00  ,-4.764065001509e+01  ,-5.467797980411e+00  ,-4.504576950997e+01  ,-4.210874354412e+01  ,-3.957797152956e+01  
  2.113489039837e+08  ,-5.513210738843e+00  ,-4.747639773643e+01  ,-5.446341680922e+00  ,-4.491361504689e+01  ,-4.196318699758e+01  ,-3.946727336597e+01  
  2.125690345217e+08  ,-5.494332813819e+00  ,-4.730935692725e+01  ,-5.424796836812e+00  ,-4.478363290879e+01  ,-4.181502411343e+01  ,-3.935883607197e+01  
  2.137962089502e+08  ,-5.475314523930e+00  ,-4.714003716156e+01  ,-5.403213308025e+00  ,-4.465907618907e+01  ,-4.166472263763e+01  ,-3.925586288104e+01  
  2.150304679340e+08  ,-5.456123664492e+00  ,-4.696905703630e+01  ,-5.381148395319e+00  ,-4.454138216345e+01  ,-4.151293337181e+01  ,-3.916023376813e+01  
  2.162718523727e+08  ,-5.436673738989e+00  ,-4.679609932721e+01  ,-5.355221842917e+00  ,-4.437559410230e+01  ,-4.135942558822e+01  ,-3.902037225938e+01  
  2.175204034020e+08  ,-5.416937028169e+00  ,-4.662049262418e+01  ,-5.329199843212e+00  ,-4.416405584873e+01  ,-4.120355559601e+01  ,-3.883485600552e+01  
  2.187761623950e+08  ,-5.396928948297e+00  ,-4.644193767470e+01  ,-5.306299826796e+00  ,-4.400492769147e+01  ,-4.104500872640e+01  ,-3.869862786467e+01  
  2.200391709638e+08  ,-5.376665050378e+00  ,-4.626037583550e+01  ,-5.283392642503e+00  ,-4.385820016019e+01  ,-4.088371078512e+01  ,-3.857480751769e+01  
  2.213094709606e+08  ,-5.356152900883e+00  ,-4.607580364475e+01  ,-5.260064426265e+00  ,-4.371132945076e+01  ,-4.071965074387e+01  ,-3.845126502449e+01  
  2.225871044793e+08  ,-5.335394922340e+00  ,-4.588821538981e+01  ,-5.236346031377e+00  ,-4.356249284149e+01  ,-4.055282046747e+01  ,-3.832614681012e+01  
  2.238721138569e+08  ,-5.314390992791e+00  ,-4.569759578412e+01  ,-5.212278548409e+00  ,-4.341150194515e+01  ,-4.038320479133e+01  ,-3.819922339674e+01  
  2.251645416745e+08  ,-5.293139797174e+00  ,-4.550392342075e+01  ,-5.187886384116e+00  ,-4.325840492355e+01  ,-4.021078362358e+01  ,-3.807051853944e+01  
  2.264644307593e+08  ,-5.271639455021e+00  ,-4.530717504497e+01  ,-5.163182555496e+00  ,-4.310326170763e+01  ,-4.003553558995e+01  ,-3.794007915213e+01  
  2.277718241857e+08  ,-5.249887808521e+00  ,-4.510732903777e+01  ,-5.138173450663e+00  ,-4.294611081810e+01  ,-3.985744122925e+01  ,-3.780793736743e+01  
  2.290867652768e+08  ,-5.227882557255e+00  ,-4.490436822358e+01  ,-5.112861573900e+00  ,-4.278696972677e+01  ,-3.967648566633e+01  ,-3.767410815287e+01  
  2.304092976056e+08  ,-5.205621323335e+00  ,-4.469828231666e+01  ,-5.087247067367e+00  ,-4.262583993200e+01  ,-3.949266099332e+01  ,-3.753859286463e+01  
  2.317394649969e+08  ,-5.183101681153e+00  ,-4.448907025775e+01  ,-5.061328570741e+00  ,-4.246271144926e+01  ,-3.930596857660e+01  ,-3.740138287852e+01  
  2.330773115283e+08  ,-5.160321175366e+00  ,-4.427674262175e+01  ,-5.035103724023e+00  ,-4.229756609458e+01  ,-3.911642144639e+01  ,-3.726246237056e+01  
  2.344228815320e+08  ,-5.137277326343e+00  ,-4.406132421239e+01  ,-5.008569472863e+00  ,-4.213037977844e+01  ,-3.892404688605e+01  ,-3.712181030557e+01  
  2.357762195961e+08  ,-5.113967635403e+00  ,-4.384285694525e+01  ,-4.981722258395e+00  ,-4.196112410991e+01  ,-3.872888930984e+01  ,-3.697940185151e+01  
  2.371373705662e+08  ,-5.090389585671e+00  ,-4.362140309623e+01  ,-4.954558140343e+00  ,-4.178976754010e+01  ,-3.853101351056e+01  ,-3.683520939976e+01  
  2.385063795465e+08  ,-5.066540642890e+00  ,-4.339704898256e+01  ,-4.927072877892e+00  ,-4.161627620248e+01  ,-3.833050833967e+01  ,-3.668920332459e+01  
  2.398832919020e+08  ,-5.042418256293e+00  ,-4.316990914703e+01  ,-4.899261985869e+00  ,-4.144061455824e+01  ,-3.812749089074e+01  ,-3.654135257237e+01  
  2.412681532592e+08  ,-5.018019857363e+00  ,-4.294013110016e+01  ,-4.871120770272e+00  ,-4.126274591135e+01  ,-3.792211124280e+01  ,-3.639162514108e+01  
  2.426610095083e+08  ,-4.993342861690e+00  ,-4.270790068438e+01  ,-4.842644356419e+00  ,-4.108263285116e+01  ,-3.771455782269e+01  ,-3.623998849474e+01  
  2.440619068042e+08  ,-4.968384666197e+00  ,-4.247344809463e+01  ,-4.813827707275e+00  ,-4.090023764778e+01  ,-3.750506342843e+01  ,-3.608640994051e+01  
  2.454708915685e+08  ,-4.943142650244e+00  ,-4.223705459935e+01  ,-4.784665635533e+00  ,-4.071552262956e+01  ,-3.729391194911e+01  ,-3.593085699403e+01  
  2.468880104906e+08  ,-4.917614176604e+00  ,-4.199905996542e+01  ,-4.755152815057e+00  ,-4.052845056211e+01  ,-3.708144578881e+01  ,-3.577329774706e+01  
  2.483133105296e+08  ,-4.891796588388e+00  ,-4.175987055576e+01  ,-4.725283786447e+00  ,-4.033898504077e+01  ,-3.686807396737e+01  ,-3.561370125432e+01  
  2.497468389154e+08  ,-4.865687213227e+00  ,-4.151996803852e+01  ,-4.695052962046e+00  ,-4.014709091160e+01  ,-3.665428082529e+01  ,-3.545203794955e+01  
  2.511886431510e+08  ,-4.839283358145e+00  ,-4.127991854775e+01  ,-4.664454629293e+00  ,-3.995273473435e+01  ,-3.644063518960e+01  ,-3.528828010505e+01  
