"Time_s","OUT_V","OP_OUT_V","DACP_V","DACN_V","PIN_V","NIN_V"
"0","-0.0004084","-0.0007936","0.201","0.2008","0.1724","0.1721"
"2E-09","-0.0004084","-0.0007936","0.201","0.2008","0.1724","0.1721"
"4E-09","-0.0004084","-0.0007936","0.201","0.2008","0.1724","0.1721"
"6E-09","-0.0004084","-0.0007936","0.201","0.2008","0.1724","0.1721"
"8E-09","-0.0004082","-0.0007976","0.2041","0.1974","0.1724","0.1721"
"1E-08","0.01278","0.03046","0.2109","0.1939","0.1808","0.1716"
"1.2E-08","0.03052","0.06349","0.2111","0.1963","0.1812","0.1773"
"1.4E-08","0.03738","0.07557","0.2111","0.1973","0.1811","0.1797"
"1.6E-08","0.03931","0.07883","0.2142","0.1941","0.181","0.1805"
"1.8E-08","0.05287","0.1107","0.221","0.1908","0.1895","0.1802"
"2E-08","0.07065","0.1437","0.2212","0.1931","0.1899","0.1859"
"2.2E-08","0.07748","0.1558","0.2212","0.1941","0.1898","0.1884"
"2.4E-08","0.0794","0.159","0.2243","0.191","0.1897","0.1891"
"2.6E-08","0.09287","0.1907","0.231","0.1876","0.198","0.1888"
"2.8E-08","0.1105","0.2235","0.2312","0.1899","0.1984","0.1945"
"3E-08","0.1173","0.2355","0.2312","0.1909","0.1983","0.1969"
"3.2E-08","0.1192","0.2387","0.2342","0.1879","0.1982","0.1977"
"3.4E-08","0.1326","0.2701","0.2409","0.1845","0.2066","0.1974"
"3.6E-08","0.1501","0.3027","0.2412","0.1868","0.207","0.203"
"3.8E-08","0.1569","0.3146","0.2411","0.1878","0.2068","0.2054"
"4E-08","0.1588","0.3178","0.2441","0.1848","0.2068","0.2062"
"4.2E-08","0.172","0.349","0.2508","0.1815","0.215","0.2059"
"4.4E-08","0.1894","0.3814","0.251","0.1837","0.2154","0.2115"
"4.6E-08","0.1961","0.3932","0.251","0.1847","0.2153","0.2139"
"4.8E-08","0.198","0.3964","0.254","0.1817","0.2152","0.2146"
"5E-08","0.2111","0.4271","0.2605","0.1785","0.2233","0.2143"
"5.2E-08","0.2282","0.459","0.2607","0.1807","0.2237","0.2198"
"5.4E-08","0.2348","0.4706","0.2607","0.1817","0.2236","0.2222"
"5.6E-08","0.2367","0.4738","0.2636","0.1787","0.2235","0.2229"
"5.8E-08","0.2496","0.504","0.2701","0.1755","0.2315","0.2227"
"6E-08","0.2664","0.5354","0.2703","0.1777","0.2319","0.2281"
"6.2E-08","0.2729","0.5469","0.2702","0.1787","0.2318","0.2304"
"6.4E-08","0.2748","0.55","0.2731","0.1758","0.2317","0.2311"
"6.6E-08","0.2874","0.5796","0.2795","0.1726","0.2396","0.2308"
"6.8E-08","0.3039","0.6104","0.2797","0.1748","0.24","0.2362"
"7E-08","0.3103","0.6216","0.2796","0.1757","0.2398","0.2384"
"7.2E-08","0.3121","0.6246","0.2824","0.1729","0.2398","0.2391"
"7.4E-08","0.3244","0.6537","0.2887","0.1698","0.2475","0.2389"
"7.6E-08","0.3407","0.6839","0.2889","0.1719","0.2478","0.2441"
"7.8E-08","0.3469","0.6949","0.2888","0.1728","0.2477","0.2463"
"8E-08","0.3487","0.6979","0.2916","0.1701","0.2477","0.247"
"8.2E-08","0.3608","0.7263","0.2976","0.167","0.2552","0.2467"
"8.4E-08","0.3766","0.7557","0.2978","0.1691","0.2555","0.2518"
"8.6E-08","0.3827","0.7665","0.2978","0.17","0.2554","0.254"
"8.8E-08","0.3844","0.7694","0.3005","0.1673","0.2553","0.2547"
"9E-08","0.3961","0.797","0.3064","0.1644","0.2626","0.2544"
"9.2E-08","0.4115","0.8255","0.3065","0.1664","0.263","0.2594"
"9.4E-08","0.4174","0.836","0.3065","0.1673","0.2629","0.2615"
"9.6E-08","0.4191","0.8388","0.3091","0.1647","0.2628","0.2621"
"9.8E-08","0.4305","0.8655","0.3148","0.1618","0.2699","0.2619"
"1E-07","0.4454","0.8933","0.315","0.1638","0.2702","0.2667"
"1.02E-07","0.4511","0.9034","0.315","0.1646","0.2701","0.2687"
"1.04E-07","0.4528","0.9062","0.3175","0.1621","0.2701","0.2694"
"1.06E-07","0.4638","0.932","0.323","0.1594","0.2769","0.2691"
"1.08E-07","0.4782","0.9588","0.3232","0.1612","0.2772","0.2738"
"1.1E-07","0.4837","0.9686","0.3231","0.1621","0.2771","0.2757"
"1.12E-07","0.4853","0.9712","0.3255","0.1596","0.2771","0.2764"
"1.14E-07","0.4959","0.9962","0.3309","0.157","0.2837","0.2761"
"1.16E-07","0.5098","1.022","0.331","0.1588","0.284","0.2806"
"1.18E-07","0.5151","1.031","0.331","0.1596","0.2839","0.2825"
"1.2E-07","0.5166","1.034","0.3333","0.1573","0.2838","0.2831"
"1.22E-07","0.5268","1.058","0.3384","0.1547","0.2901","0.2829"
"1.24E-07","0.54","1.083","0.3386","0.1565","0.2904","0.2871"
"1.26E-07","0.5451","1.092","0.3385","0.1572","0.2903","0.289"
"1.28E-07","0.5466","1.094","0.3407","0.155","0.2903","0.2895"
"1.3E-07","0.5563","1.117","0.3456","0.1526","0.2963","0.2893"
"1.32E-07","0.5689","1.14","0.3457","0.1543","0.2966","0.2934"
"1.34E-07","0.5738","1.149","0.3457","0.155","0.2965","0.2951"
"1.36E-07","0.5752","1.151","0.3478","0.1529","0.2964","0.2957"
"1.38E-07","0.5844","1.173","0.3524","0.1506","0.3021","0.2955"
"1.4E-07","0.5964","1.195","0.3526","0.1522","0.3024","0.2994"
"1.42E-07","0.601","1.203","0.3525","0.1528","0.3023","0.301"
"1.44E-07","0.6023","1.206","0.3545","0.1509","0.3023","0.3015"
"1.46E-07","0.611","1.226","0.3588","0.1487","0.3076","0.3013"
"1.48E-07","0.6223","1.247","0.359","0.1502","0.3079","0.305"
"1.5E-07","0.6267","1.255","0.3589","0.1508","0.3078","0.3065"
"1.52E-07","0.6279","1.257","0.3608","0.149","0.3078","0.307"
"1.54E-07","0.6361","1.276","0.3649","0.1469","0.3128","0.3068"
"1.56E-07","0.6468","1.296","0.365","0.1483","0.3131","0.3103"
"1.58E-07","0.6509","1.303","0.365","0.1489","0.313","0.3117"
"1.6E-07","0.652","1.305","0.3667","0.1472","0.313","0.3122"
"1.62E-07","0.6596","1.323","0.3705","0.1453","0.3177","0.312"
"1.64E-07","0.6695","1.341","0.3706","0.1466","0.3179","0.3152"
"1.66E-07","0.6733","1.348","0.3706","0.1472","0.3178","0.3166"
"1.68E-07","0.6744","1.35","0.3722","0.1456","0.3178","0.317"
"1.7E-07","0.6814","1.366","0.3757","0.1438","0.3221","0.3169"
"1.72E-07","0.6906","1.383","0.3758","0.145","0.3223","0.3198"
"1.74E-07","0.6941","1.389","0.3758","0.1456","0.3223","0.3211"
"1.76E-07","0.6951","1.391","0.3773","0.1441","0.3222","0.3214"
"1.78E-07","0.7015","1.406","0.3805","0.1425","0.3262","0.3213"
"1.8E-07","0.7098","1.422","0.3806","0.1436","0.3264","0.324"
"1.82E-07","0.713","1.427","0.3805","0.1441","0.3263","0.3252"
"1.84E-07","0.7139","1.429","0.3819","0.1428","0.3263","0.3255"
"1.86E-07","0.7198","1.443","0.3848","0.1413","0.3299","0.3254"
"1.88E-07","0.7274","1.457","0.3849","0.1423","0.3301","0.3278"
"1.9E-07","0.7303","1.462","0.3849","0.1427","0.33","0.3289"
"1.92E-07","0.7311","1.463","0.386","0.1416","0.33","0.3292"
"1.94E-07","0.7363","1.475","0.3886","0.1403","0.3332","0.3291"
"1.96E-07","0.743","1.488","0.3887","0.1412","0.3333","0.3313"
"1.98E-07","0.7456","1.492","0.3887","0.1415","0.3333","0.3322"
"2E-07","0.7464","1.494","0.3897","0.1405","0.3333","0.3325"
"2.02E-07","0.7509","1.504","0.392","0.1394","0.3361","0.3324"
"2.04E-07","0.7568","1.515","0.3921","0.1402","0.3362","0.3343"
"2.06E-07","0.7591","1.519","0.392","0.1405","0.3362","0.3351"
"2.08E-07","0.7597","1.52","0.3929","0.1396","0.3362","0.3353"
"2.1E-07","0.7636","1.53","0.3949","0.1387","0.3386","0.3353"
"2.12E-07","0.7687","1.539","0.3949","0.1393","0.3387","0.3369"
"2.14E-07","0.7706","1.542","0.3949","0.1396","0.3386","0.3376"
"2.16E-07","0.7712","1.543","0.3957","0.1389","0.3386","0.3378"
"2.18E-07","0.7744","1.551","0.3973","0.1381","0.3406","0.3377"
"2.2E-07","0.7787","1.559","0.3973","0.1386","0.3407","0.3391"
"2.22E-07","0.7803","1.562","0.3973","0.1389","0.3407","0.3397"
"2.24E-07","0.7807","1.563","0.3979","0.1383","0.3407","0.3399"
"2.26E-07","0.7833","1.569","0.3992","0.1377","0.3423","0.3398"
"2.28E-07","0.7866","1.575","0.3992","0.1381","0.3423","0.3409"
"2.3E-07","0.7879","1.577","0.3992","0.1383","0.3423","0.3413"
"2.32E-07","0.7883","1.578","0.3996","0.1379","0.3423","0.3415"
"2.34E-07","0.7902","1.582","0.4006","0.1374","0.3435","0.3414"
"2.36E-07","0.7926","1.587","0.4006","0.1377","0.3435","0.3422"
"2.38E-07","0.7936","1.588","0.4006","0.1379","0.3435","0.3426"
"2.4E-07","0.7938","1.589","0.4009","0.1376","0.3435","0.3427"
"2.42E-07","0.795","1.592","0.4015","0.1373","0.3442","0.3427"
"2.44E-07","0.7966","1.594","0.4015","0.1375","0.3443","0.3432"
"2.46E-07","0.7972","1.595","0.4015","0.1376","0.3442","0.3434"
"2.48E-07","0.7973","1.596","0.4016","0.1375","0.3442","0.3434"
"2.5E-07","0.7979","1.597","0.4018","0.1374","0.3445","0.3434"
"2.52E-07","0.7985","1.598","0.4018","0.1375","0.3446","0.3436"
"2.54E-07","0.7988","1.599","0.4018","0.1375","0.3446","0.3437"
"2.56E-07","0.7988","1.599","0.4018","0.1376","0.3446","0.3438"
"2.58E-07","0.7987","1.598","0.4017","0.1376","0.3445","0.3438"
"2.6E-07","0.7985","1.598","0.4017","0.1376","0.3444","0.3437"
"2.62E-07","0.7984","1.598","0.4017","0.1376","0.3444","0.3437"
"2.64E-07","0.7983","1.598","0.4015","0.1378","0.3445","0.3437"
"2.66E-07","0.7975","1.596","0.4011","0.138","0.3439","0.3437"
"2.68E-07","0.7964","1.594","0.4011","0.1379","0.3439","0.3433"
"2.7E-07","0.7959","1.593","0.4011","0.1378","0.3439","0.3432"
"2.72E-07","0.7958","1.593","0.4007","0.1382","0.3439","0.3431"
"2.74E-07","0.7943","1.589","0.4","0.1385","0.343","0.3431"
"2.76E-07","0.7923","1.585","0.3999","0.1383","0.3429","0.3425"
"2.78E-07","0.7915","1.584","0.3999","0.1382","0.3429","0.3422"
"2.8E-07","0.7913","1.584","0.3994","0.1387","0.3429","0.3421"
"2.82E-07","0.7891","1.578","0.3983","0.1392","0.3416","0.3422"
"2.84E-07","0.7862","1.573","0.3983","0.1389","0.3415","0.3413"
"2.86E-07","0.7851","1.571","0.3983","0.1387","0.3415","0.3409"
"2.88E-07","0.7848","1.571","0.3976","0.1394","0.3415","0.3407"
"2.9E-07","0.7819","1.564","0.3962","0.1401","0.3397","0.3408"
"2.92E-07","0.7782","1.557","0.3962","0.1396","0.3397","0.3396"
"2.94E-07","0.7767","1.554","0.3962","0.1394","0.3397","0.3391"
"2.96E-07","0.7763","1.554","0.3954","0.1402","0.3397","0.3389"
"2.98E-07","0.7728","1.545","0.3936","0.1411","0.3375","0.339"
"3E-07","0.7681","1.537","0.3935","0.1405","0.3374","0.3375"
"3.02E-07","0.7663","1.533","0.3935","0.1402","0.3374","0.3369"
"3.04E-07","0.7658","1.533","0.3925","0.1412","0.3374","0.3367"
"3.06E-07","0.7616","1.523","0.3904","0.1423","0.3348","0.3368"
"3.08E-07","0.7561","1.512","0.3904","0.1415","0.3347","0.335"
"3.1E-07","0.754","1.509","0.3904","0.1412","0.3347","0.3342"
"3.12E-07","0.7534","1.508","0.3893","0.1424","0.3348","0.334"
"3.14E-07","0.7485","1.496","0.3868","0.1436","0.3317","0.3341"
"3.16E-07","0.7422","1.484","0.3868","0.1427","0.3316","0.3321"
"3.18E-07","0.7397","1.48","0.3868","0.1424","0.3316","0.3312"
"3.2E-07","0.739","1.479","0.3855","0.1437","0.3317","0.3309"
"3.22E-07","0.7336","1.466","0.3828","0.145","0.3283","0.331"
"3.24E-07","0.7264","1.453","0.3827","0.1441","0.3281","0.3287"
"3.26E-07","0.7236","1.448","0.3827","0.1437","0.3281","0.3277"
"3.28E-07","0.7228","1.447","0.3813","0.1451","0.3282","0.3274"
"3.3E-07","0.7168","1.432","0.3783","0.1466","0.3244","0.3276"
"3.32E-07","0.7088","1.418","0.3782","0.1456","0.3242","0.325"
"3.34E-07","0.7058","1.412","0.3782","0.1451","0.3243","0.3239"
"3.36E-07","0.7049","1.411","0.3767","0.1467","0.3243","0.3236"
"3.38E-07","0.6982","1.395","0.3733","0.1483","0.3201","0.3237"
"3.4E-07","0.6894","1.379","0.3732","0.1472","0.3199","0.3209"
"3.42E-07","0.686","1.373","0.3732","0.1467","0.32","0.3197"
"3.44E-07","0.6851","1.371","0.3716","0.1484","0.32","0.3193"
"3.46E-07","0.6778","1.354","0.3679","0.1502","0.3155","0.3195"
"3.48E-07","0.6682","1.336","0.3678","0.149","0.3153","0.3164"
"3.5E-07","0.6646","1.33","0.3678","0.1484","0.3153","0.3151"
"3.52E-07","0.6635","1.328","0.366","0.1502","0.3154","0.3147"
"3.54E-07","0.6557","1.309","0.3621","0.1522","0.3105","0.3149"
"3.56E-07","0.6454","1.29","0.362","0.1509","0.3103","0.3116"
"3.58E-07","0.6415","1.283","0.362","0.1503","0.3104","0.3102"
"3.6E-07","0.6404","1.282","0.36","0.1522","0.3104","0.3097"
"3.62E-07","0.632","1.262","0.3558","0.1543","0.3052","0.3099"
"3.64E-07","0.6209","1.241","0.3557","0.1529","0.3049","0.3064"
"3.66E-07","0.6167","1.234","0.3557","0.1523","0.305","0.3049"
"3.68E-07","0.6155","1.232","0.3538","0.1541","0.305","0.3044"
"3.7E-07","0.6066","1.211","0.3492","0.1565","0.2995","0.3046"
"3.72E-07","0.5949","1.189","0.3491","0.155","0.2992","0.3008"
"3.74E-07","0.5904","1.181","0.3491","0.1544","0.2993","0.2992"
"3.76E-07","0.5891","1.179","0.3469","0.1565","0.2994","0.2987"
"3.78E-07","0.5797","1.157","0.3422","0.1589","0.2935","0.2989"
"3.8E-07","0.5673","1.134","0.3421","0.1573","0.2932","0.295"
"3.82E-07","0.5626","1.125","0.3421","0.1566","0.2933","0.2933"
"3.84E-07","0.5612","1.123","0.3398","0.1589","0.2934","0.2927"
"3.86E-07","0.5513","1.1","0.3348","0.1613","0.2872","0.2929"
"3.88E-07","0.5384","1.076","0.3347","0.1596","0.2869","0.2888"
"3.9E-07","0.5334","1.067","0.3347","0.1589","0.287","0.287"
"3.92E-07","0.532","1.065","0.3325","0.1611","0.287","0.2864"
"3.94E-07","0.5216","1.04","0.3271","0.1639","0.2806","0.2867"
"3.96E-07","0.508","1.015","0.327","0.1621","0.2803","0.2823"
"3.98E-07","0.5028","1.006","0.327","0.1613","0.2804","0.2804"
"4E-07","0.5013","1.003","0.3246","0.1638","0.2804","0.2799"
"4.02E-07","0.4905","0.9779","0.3191","0.1665","0.2737","0.2801"
"4.04E-07","0.4764","0.9516","0.319","0.1647","0.2734","0.2755"
"4.06E-07","0.4709","0.942","0.319","0.1639","0.2735","0.2736"
"4.08E-07","0.4694","0.9394","0.3164","0.1665","0.2736","0.273"
"4.1E-07","0.4582","0.9131","0.3108","0.1693","0.2666","0.2732"
"4.12E-07","0.4436","0.8858","0.3106","0.1673","0.2663","0.2685"
"4.14E-07","0.4379","0.8758","0.3107","0.1665","0.2664","0.2665"
"4.16E-07","0.4363","0.8731","0.308","0.1692","0.2664","0.2659"
"4.18E-07","0.4248","0.8461","0.3022","0.1721","0.2593","0.2661"
"4.2E-07","0.4096","0.8178","0.3021","0.1701","0.2589","0.2613"
"4.22E-07","0.4038","0.8076","0.3021","0.1692","0.259","0.2592"
"4.24E-07","0.4022","0.8048","0.2994","0.1719","0.2591","0.2586"
"4.26E-07","0.3903","0.7768","0.2934","0.1749","0.2517","0.2588"
"4.28E-07","0.3746","0.7477","0.2932","0.1729","0.2513","0.2538"
"4.3E-07","0.3686","0.7371","0.2932","0.172","0.2514","0.2516"
"4.32E-07","0.3669","0.7343","0.2905","0.1748","0.2515","0.251"
"4.34E-07","0.3547","0.7056","0.2843","0.1779","0.2439","0.2512"
"4.36E-07","0.3387","0.6758","0.2841","0.1758","0.2435","0.2461"
"4.38E-07","0.3326","0.6649","0.2842","0.1749","0.2436","0.2439"
"4.4E-07","0.3308","0.662","0.2813","0.1778","0.2437","0.2432"
"4.42E-07","0.3183","0.6326","0.275","0.1809","0.2359","0.2435"
"4.44E-07","0.3019","0.6021","0.2748","0.1788","0.2356","0.2382"
"4.46E-07","0.2956","0.591","0.2749","0.1778","0.2357","0.236"
"4.48E-07","0.2938","0.588","0.272","0.1807","0.2357","0.2353"
"4.5E-07","0.2811","0.558","0.2656","0.1839","0.2278","0.2356"
"4.52E-07","0.2644","0.527","0.2654","0.1818","0.2274","0.2302"
"4.54E-07","0.258","0.5156","0.2654","0.1808","0.2276","0.2279"
"4.56E-07","0.2562","0.5126","0.2624","0.1838","0.2276","0.2272"
"4.58E-07","0.2432","0.482","0.2559","0.1871","0.2195","0.2275"
"4.6E-07","0.2261","0.4503","0.2557","0.1848","0.2192","0.222"
"4.62E-07","0.2196","0.4388","0.2557","0.1839","0.2193","0.2196"
"4.64E-07","0.2177","0.4356","0.253","0.1865","0.2193","0.2189"
"4.66E-07","0.2046","0.4048","0.2461","0.1902","0.2112","0.2192"
"4.68E-07","0.1874","0.3727","0.2459","0.1879","0.2108","0.2137"
"4.7E-07","0.1807","0.3611","0.246","0.1869","0.2109","0.2113"
"4.72E-07","0.1789","0.3579","0.2431","0.1898","0.211","0.2106"
"4.74E-07","0.1655","0.3266","0.2362","0.1933","0.2027","0.2109"
"4.76E-07","0.1481","0.294","0.236","0.1911","0.2023","0.2053"
"4.78E-07","0.1413","0.2822","0.2361","0.1901","0.2024","0.2028"
"4.8E-07","0.1394","0.279","0.233","0.1932","0.2025","0.2021"
"4.82E-07","0.126","0.2474","0.2262","0.1965","0.1941","0.2024"
"4.84E-07","0.1084","0.2147","0.226","0.1942","0.1937","0.1967"
"4.86E-07","0.1016","0.2027","0.2261","0.1932","0.1939","0.1943"
"4.88E-07","0.09971","0.1995","0.223","0.1963","0.1939","0.1936"
"4.9E-07","0.08621","0.1678","0.2162","0.1997","0.1855","0.1939"
"4.92E-07","0.06852","0.1348","0.216","0.1974","0.1851","0.1882"
"4.94E-07","0.06171","0.1228","0.2161","0.1964","0.1853","0.1857"
"4.96E-07","0.05979","0.1196","0.2129","0.1995","0.1853","0.185"
"4.98E-07","0.04622","0.08769","0.2061","0.2029","0.1769","0.1853"
"5E-07","0.02837","0.05448","0.2059","0.2006","0.1765","0.1796"
"5.02E-07","0.02151","0.04238","0.2059","0.1996","0.1766","0.1771"
"5.04E-07","0.01958","0.03911","0.2029","0.2025","0.1767","0.1764"
"5.06E-07","0.006011","0.007239","0.196","0.2061","0.1682","0.1767"
"5.08E-07","-0.01177","-0.02583","0.1958","0.2038","0.1678","0.1709"
"5.1E-07","-0.01861","-0.0379","0.1959","0.2027","0.168","0.1685"
"5.12E-07","-0.02054","-0.04117","0.1928","0.2059","0.168","0.1677"
"5.14E-07","-0.03414","-0.07312","0.1859","0.2093","0.1596","0.168"
"5.16E-07","-0.05196","-0.1063","0.1857","0.2069","0.1592","0.1623"
"5.18E-07","-0.05881","-0.1184","0.1858","0.2059","0.1593","0.1599"
"5.2E-07","-0.06075","-0.1216","0.1827","0.209","0.1594","0.1591"
"5.22E-07","-0.07425","-0.1534","0.1759","0.2124","0.151","0.1594"
"5.24E-07","-0.09194","-0.1863","0.1757","0.2101","0.1506","0.1537"
"5.26E-07","-0.09875","-0.1983","0.1757","0.2091","0.1507","0.1513"
"5.28E-07","-0.1007","-0.2015","0.1727","0.2122","0.1508","0.1505"
"5.3E-07","-0.1141","-0.2331","0.1659","0.2155","0.1424","0.1508"
"5.32E-07","-0.1317","-0.2658","0.1657","0.2132","0.142","0.1452"
"5.34E-07","-0.1385","-0.2778","0.1657","0.2122","0.1421","0.1427"
"5.36E-07","-0.1404","-0.281","0.1627","0.2153","0.1422","0.142"
"5.38E-07","-0.1537","-0.3124","0.156","0.2186","0.1339","0.1423"
"5.4E-07","-0.1712","-0.3449","0.1558","0.2163","0.1335","0.1367"
"5.42E-07","-0.1779","-0.3567","0.1558","0.2154","0.1336","0.1343"
"5.44E-07","-0.1798","-0.3599","0.1528","0.2184","0.1337","0.1335"
"5.46E-07","-0.193","-0.3908","0.1462","0.2216","0.1256","0.1338"
"5.48E-07","-0.2102","-0.4228","0.146","0.2194","0.1252","0.1283"
"5.5E-07","-0.2168","-0.4345","0.1461","0.2184","0.1253","0.1259"
"5.52E-07","-0.2187","-0.4377","0.1431","0.2214","0.1254","0.1252"
"5.54E-07","-0.2317","-0.4682","0.1366","0.2247","0.1173","0.1255"
"5.56E-07","-0.2487","-0.4999","0.1364","0.2224","0.1169","0.12"
"5.58E-07","-0.2553","-0.5115","0.1364","0.2215","0.117","0.1176"
"5.6E-07","-0.2571","-0.5146","0.1335","0.2244","0.1171","0.1169"
"5.62E-07","-0.2699","-0.5446","0.1271","0.2276","0.1091","0.1172"
"5.64E-07","-0.2866","-0.5756","0.1269","0.2254","0.1088","0.1118"
"5.66E-07","-0.293","-0.587","0.1269","0.2244","0.1089","0.1095"
"5.68E-07","-0.2948","-0.59","0.1241","0.2273","0.109","0.1088"
"5.7E-07","-0.3073","-0.6194","0.1178","0.2304","0.1012","0.1091"
"5.72E-07","-0.3237","-0.6499","0.1176","0.2283","0.1008","0.1038"
"5.74E-07","-0.33","-0.6611","0.1177","0.2274","0.1009","0.1016"
"5.76E-07","-0.3318","-0.6641","0.1149","0.2302","0.101","0.1009"
"5.78E-07","-0.344","-0.6928","0.1087","0.2332","0.09339","0.1011"
"5.8E-07","-0.36","-0.7225","0.1085","0.2311","0.09303","0.09599"
"5.82E-07","-0.3662","-0.7334","0.1086","0.2302","0.09314","0.09379"
"5.84E-07","-0.3679","-0.7363","0.1059","0.2329","0.09321","0.09311"
"5.86E-07","-0.3798","-0.7643","0.09987","0.2359","0.0858","0.09336"
"5.88E-07","-0.3954","-0.7934","0.09968","0.2339","0.08544","0.08835"
"5.9E-07","-0.4014","-0.804","0.09972","0.233","0.08555","0.0862"
"5.92E-07","-0.4031","-0.8068","0.09708","0.2356","0.08562","0.08554"
"5.94E-07","-0.4147","-0.834","0.09128","0.2385","0.07844","0.08579"
"5.96E-07","-0.4298","-0.8621","0.0911","0.2366","0.07809","0.08093"
"5.98E-07","-0.4357","-0.8724","0.09114","0.2357","0.0782","0.07884"
"6E-07","-0.4373","-0.8752","0.08869","0.2381","0.07826","0.0782"
"6.02E-07","-0.4485","-0.9015","0.08296","0.241","0.0713","0.07844"
"6.04E-07","-0.4632","-0.9288","0.08279","0.2391","0.07097","0.07373"
"6.06E-07","-0.4688","-0.9387","0.08283","0.2383","0.07107","0.07171"
"6.08E-07","-0.4704","-0.9414","0.08036","0.2408","0.07113","0.0711"
"6.1E-07","-0.4812","-0.9668","0.07494","0.2435","0.06442","0.07132"
"6.12E-07","-0.4953","-0.9931","0.07477","0.2416","0.0641","0.06677"
"6.14E-07","-0.5008","-1.003","0.07481","0.2408","0.0642","0.06483"
"6.16E-07","-0.5023","-1.005","0.07244","0.2432","0.06426","0.06424"
"6.18E-07","-0.5127","-1.03","0.06723","0.2458","0.05782","0.06445"
"6.2E-07","-0.5263","-1.055","0.06707","0.244","0.05751","0.06009"
"6.22E-07","-0.5315","-1.064","0.06711","0.2432","0.0576","0.05822"
"6.24E-07","-0.533","-1.067","0.06485","0.2455","0.05766","0.05765"
"6.26E-07","-0.5429","-1.09","0.05987","0.248","0.0515","0.05786"
"6.28E-07","-0.5558","-1.114","0.05972","0.2463","0.05121","0.05369"
"6.3E-07","-0.5608","-1.123","0.05975","0.2455","0.0513","0.05191"
"6.32E-07","-0.5622","-1.125","0.0576","0.2477","0.05135","0.05136"
"6.34E-07","-0.5717","-1.147","0.05285","0.2501","0.04548","0.05156"
"6.36E-07","-0.584","-1.17","0.0527","0.2484","0.0452","0.04758"
"6.38E-07","-0.5888","-1.179","0.05274","0.2477","0.04529","0.04589"
"6.4E-07","-0.5901","-1.181","0.05069","0.2498","0.04534","0.04537"
"6.42E-07","-0.5991","-1.202","0.04623","0.252","0.0398","0.04555"
"6.44E-07","-0.6107","-1.224","0.04609","0.2505","0.03954","0.0418"
"6.46E-07","-0.6152","-1.232","0.04612","0.2498","0.03962","0.0402"
"6.48E-07","-0.6165","-1.234","0.04419","0.2518","0.03966","0.03972"
"6.5E-07","-0.6249","-1.254","0.03997","0.2538","0.03443","0.03989"
"6.52E-07","-0.6359","-1.274","0.03984","0.2524","0.03418","0.03635"
"6.54E-07","-0.6401","-1.281","0.03987","0.2518","0.03426","0.03485"
"6.56E-07","-0.6413","-1.283","0.03808","0.2536","0.0343","0.03439"
"6.58E-07","-0.6492","-1.302","0.03415","0.2555","0.02944","0.03454"
"6.6E-07","-0.6594","-1.321","0.03403","0.2542","0.02921","0.03127"
"6.62E-07","-0.6633","-1.328","0.03405","0.2536","0.02928","0.02987"
"6.64E-07","-0.6644","-1.33","0.03239","0.2553","0.02932","0.02945"
"6.66E-07","-0.6717","-1.347","0.02872","0.2571","0.02479","0.0296"
"6.68E-07","-0.6812","-1.364","0.02861","0.2559","0.02457","0.02656"
"6.7E-07","-0.6848","-1.371","0.02864","0.2553","0.02464","0.02527"
"6.72E-07","-0.6858","-1.373","0.0271","0.2569","0.02468","0.02487"
"6.74E-07","-0.6925","-1.388","0.02374","0.2585","0.02051","0.02501"
"6.76E-07","-0.7012","-1.404","0.02364","0.2574","0.02032","0.02224"
"6.78E-07","-0.7045","-1.41","0.02366","0.2569","0.02037","0.02107"
"6.8E-07","-0.7054","-1.412","0.02227","0.2583","0.02041","0.02071"
"6.82E-07","-0.7114","-1.426","0.01922","0.2598","0.01664","0.02085"
"6.84E-07","-0.7193","-1.44","0.01913","0.2588","0.01646","0.01835"
"6.86E-07","-0.7222","-1.446","0.01915","0.2584","0.01651","0.0173"
"6.88E-07","-0.7231","-1.447","0.0179","0.2596","0.01654","0.01698"
"6.9E-07","-0.7285","-1.46","0.01515","0.261","0.01314","0.0171"
"6.92E-07","-0.7355","-1.473","0.01506","0.2601","0.01298","0.01488"
"6.94E-07","-0.7381","-1.477","0.01508","0.2597","0.01303","0.01396"
"6.96E-07","-0.7389","-1.479","0.01397","0.2608","0.01305","0.01366"
"6.98E-07","-0.7437","-1.49","0.01153","0.262","0.01004","0.01376"
"7E-07","-0.7499","-1.501","0.01146","0.2612","0.009898","0.01183"
"7.02E-07","-0.7522","-1.505","0.01148","0.2609","0.009939","0.01102"
"7.04E-07","-0.7528","-1.507","0.01051","0.2619","0.009962","0.01075"
"7.06E-07","-0.757","-1.516","0.008413","0.2629","0.007359","0.01084"
"7.08E-07","-0.7623","-1.526","0.008349","0.2622","0.007239","0.009178"
"7.1E-07","-0.7643","-1.53","0.008363","0.2619","0.007273","0.008483"
"7.12E-07","-0.7649","-1.531","0.007549","0.2627","0.007293","0.008241"
"7.14E-07","-0.7685","-1.539","0.005759","0.2636","0.005079","0.008308"
"7.16E-07","-0.7729","-1.547","0.005704","0.2631","0.004978","0.006907"
"7.18E-07","-0.7746","-1.55","0.005716","0.2628","0.005006","0.006311"
"7.2E-07","-0.7751","-1.551","0.005099","0.2634","0.005023","0.006092"
"7.22E-07","-0.7781","-1.558","0.003618","0.2642","0.00324","0.006132"
"7.24E-07","-0.7817","-1.565","0.003574","0.2637","0.003158","0.004994"
"7.26E-07","-0.783","-1.567","0.003584","0.2635","0.003181","0.004504"
"7.28E-07","-0.7835","-1.568","0.003075","0.264","0.003194","0.004314"
"7.3E-07","-0.7858","-1.573","0.001969","0.2645","0.001822","0.004326"
"7.32E-07","-0.7886","-1.579","0.001935","0.2642","0.001759","0.003436"
"7.34E-07","-0.7897","-1.581","0.001942","0.264","0.001777","0.00304"
"7.36E-07","-0.7901","-1.581","0.001594","0.2643","0.001786","0.002879"
"7.38E-07","-0.7918","-1.585","0.0008343","0.2647","0.0008449","0.002866"
"7.4E-07","-0.7937","-1.589","0.0008109","0.2644","0.0008012","0.002229"
"7.42E-07","-0.7945","-1.59","0.0008159","0.2643","0.0008135","0.001938"
"7.44E-07","-0.7949","-1.591","0.0006188","0.2645","0.0008202","0.001811"
"7.46E-07","-0.7958","-1.593","0.0001906","0.2646","0.0002888","0.001778"
"7.48E-07","-0.797","-1.595","0.0001773","0.2645","0.0002639","0.001391"
"7.5E-07","-0.7975","-1.596","0.0001802","0.2644","0.0002711","0.001205"
"7.52E-07","-0.7977","-1.597","0.0001477","0.2644","0.0002749","0.001114"
"7.54E-07","-0.798","-1.597","6.159E-05","0.2644","0.0001735","0.001063"
"7.56E-07","-0.7984","-1.598","5.919E-05","0.2644","0.000169","0.0009515"
"7.58E-07","-0.7985","-1.598","5.986E-05","0.2644","0.0001706","0.0008822"
"7.6E-07","-0.7986","-1.598","0.0001763","0.2642","0.0001713","0.0008336"
"7.62E-07","-0.7983","-1.597","0.0004238","0.2641","0.0004799","0.000774"
"7.64E-07","-0.7977","-1.596","0.0004316","0.2641","0.0004947","0.0009357"
"7.66E-07","-0.7976","-1.596","0.00043","0.2642","0.0004907","0.0009863"
"7.68E-07","-0.7976","-1.596","0.0007044","0.2639","0.0004883","0.0009815"
"7.7E-07","-0.7965","-1.594","0.001301","0.2635","0.001227","0.0009149"
"7.72E-07","-0.795","-1.591","0.00132","0.2637","0.001263","0.001372"
"7.74E-07","-0.7945","-1.59","0.001315","0.2638","0.001253","0.001554"
"7.76E-07","-0.7944","-1.59","0.001751","0.2634","0.001246","0.001596"
"7.78E-07","-0.7926","-1.585","0.002693","0.2629","0.002417","0.001525"
"7.8E-07","-0.7902","-1.581","0.002723","0.2632","0.002472","0.002283"
"7.82E-07","-0.7893","-1.579","0.002716","0.2633","0.002456","0.002599"
"7.84E-07","-0.7891","-1.579","0.003298","0.2627","0.002446","0.002688"
"7.86E-07","-0.7866","-1.573","0.004576","0.2621","0.004027","0.002612"
"7.88E-07","-0.7833","-1.567","0.004616","0.2625","0.004102","0.003659"
"7.9E-07","-0.782","-1.565","0.004607","0.2627","0.00408","0.004103"
"7.92E-07","-0.7817","-1.564","0.005354","0.2619","0.004066","0.004234"
"7.94E-07","-0.7785","-1.557","0.006973","0.2611","0.006079","0.004151"
"7.96E-07","-0.7743","-1.549","0.007025","0.2616","0.006174","0.005497"
"7.98E-07","-0.7727","-1.546","0.007013","0.2619","0.006145","0.006073"
"8E-07","-0.7722","-1.545","0.007877","0.261","0.006127","0.006248"
"8.02E-07","-0.7684","-1.536","0.009838","0.26","0.00853","0.006158"
"8.04E-07","-0.7634","-1.527","0.009899","0.2607","0.008644","0.007775"
"8.06E-07","-0.7614","-1.524","0.009885","0.2609","0.008609","0.008468"
"8.08E-07","-0.7609","-1.523","0.01092","0.2599","0.008588","0.00868"
"8.1E-07","-0.7564","-1.512","0.01319","0.2588","0.0114","0.008578"
"8.12E-07","-0.7504","-1.501","0.01326","0.2595","0.01153","0.01048"
"8.14E-07","-0.7482","-1.497","0.01325","0.2599","0.01149","0.01129"
"8.16E-07","-0.7475","-1.496","0.01427","0.2589","0.01147","0.01154"
"8.18E-07","-0.7424","-1.484","0.01701","0.2574","0.01467","0.01143"
"8.2E-07","-0.7357","-1.471","0.01709","0.2583","0.01482","0.01359"
"8.22E-07","-0.733","-1.467","0.01708","0.2586","0.01478","0.01452"
"8.24E-07","-0.7323","-1.465","0.01841","0.2573","0.01475","0.01481"
"8.26E-07","-0.7265","-1.452","0.02132","0.2558","0.01836","0.01468"
"8.28E-07","-0.7189","-1.438","0.02142","0.2568","0.01854","0.01712"
"8.3E-07","-0.716","-1.433","0.02139","0.2573","0.01848","0.01817"
"8.32E-07","-0.7151","-1.431","0.02271","0.256","0.01845","0.0185"
"8.34E-07","-0.7088","-1.416","0.02605","0.2542","0.02241","0.01835"
"8.36E-07","-0.7004","-1.401","0.02615","0.2553","0.0226","0.02104"
"8.38E-07","-0.6972","-1.395","0.02613","0.2558","0.02254","0.02219"
"8.4E-07","-0.6963","-1.393","0.02773","0.2541","0.02251","0.02254"
"8.42E-07","-0.6893","-1.377","0.03125","0.2524","0.02686","0.02239"
"8.44E-07","-0.6801","-1.36","0.03136","0.2536","0.02707","0.02533"
"8.46E-07","-0.6766","-1.354","0.03133","0.2541","0.02701","0.0266"
"8.48E-07","-0.6756","-1.352","0.03284","0.2527","0.02697","0.02699"
"8.5E-07","-0.6681","-1.334","0.03686","0.2505","0.03167","0.02681"
"8.52E-07","-0.6582","-1.316","0.03698","0.2518","0.03189","0.03"
"8.54E-07","-0.6543","-1.309","0.03695","0.2523","0.03182","0.03137"
"8.56E-07","-0.6533","-1.307","0.03882","0.2504","0.03178","0.03178"
"8.58E-07","-0.6451","-1.288","0.04291","0.2484","0.03685","0.03161"
"8.6E-07","-0.6344","-1.268","0.04304","0.2498","0.03709","0.03504"
"8.62E-07","-0.6303","-1.261","0.04301","0.2504","0.03702","0.03651"
"8.64E-07","-0.6292","-1.259","0.04486","0.2486","0.03697","0.03696"
"8.66E-07","-0.6205","-1.239","0.04933","0.2462","0.04235","0.03678"
"8.68E-07","-0.6092","-1.218","0.04947","0.2477","0.04261","0.04042"
"8.7E-07","-0.6048","-1.21","0.04944","0.2484","0.04253","0.04198"
"8.72E-07","-0.6036","-1.208","0.05154","0.2462","0.04248","0.04246"
"8.74E-07","-0.5944","-1.186","0.05615","0.244","0.04819","0.04226"
"8.76E-07","-0.5824","-1.164","0.05629","0.2455","0.04846","0.04612"
"8.78E-07","-0.5778","-1.156","0.05626","0.2462","0.04838","0.04778"
"8.8E-07","-0.5765","-1.154","0.05847","0.244","0.04833","0.04829"
"8.82E-07","-0.5668","-1.131","0.06333","0.2416","0.05434","0.04808"
"8.84E-07","-0.5541","-1.107","0.06348","0.2432","0.05463","0.05215"
"8.86E-07","-0.5492","-1.099","0.06345","0.2439","0.05454","0.05389"
"8.88E-07","-0.5479","-1.096","0.06577","0.2416","0.05449","0.05443"
"8.9E-07","-0.5377","-1.073","0.07086","0.2391","0.06079","0.05421"
"8.92E-07","-0.5245","-1.048","0.07101","0.2408","0.06109","0.05848"
"8.94E-07","-0.5194","-1.039","0.07098","0.2415","0.061","0.0603"
"8.96E-07","-0.5179","-1.036","0.0734","0.2391","0.06094","0.06086"
"8.98E-07","-0.5074","-1.012","0.07872","0.2364","0.06753","0.06062"
"9E-07","-0.4934","-0.9857","0.07889","0.2383","0.06785","0.0651"
"9.02E-07","-0.4881","-0.9762","0.07885","0.2391","0.06775","0.06701"
"9.04E-07","-0.4866","-0.9737","0.08137","0.2365","0.06769","0.0676"
"9.06E-07","-0.4756","-0.9479","0.08689","0.2338","0.07453","0.06736"
"9.08E-07","-0.4612","-0.9211","0.08706","0.2357","0.07485","0.07199"
"9.1E-07","-0.4556","-0.9113","0.08702","0.2365","0.07476","0.07397"
"9.12E-07","-0.4541","-0.9086","0.08949","0.234","0.07469","0.07458"
"9.14E-07","-0.4427","-0.8819","0.09535","0.231","0.08178","0.07433"
"9.16E-07","-0.4278","-0.8541","0.09553","0.2329","0.08211","0.07913"
"9.18E-07","-0.422","-0.844","0.09549","0.2338","0.08201","0.08118"
"9.2E-07","-0.4204","-0.8412","0.09817","0.2311","0.08195","0.08181"
"9.22E-07","-0.4087","-0.8137","0.1041","0.2282","0.08923","0.08156"
"9.24E-07","-0.3933","-0.7851","0.1042","0.2302","0.08958","0.0865"
"9.26E-07","-0.3874","-0.7747","0.1042","0.231","0.08948","0.0886"
"9.28E-07","-0.3858","-0.7719","0.1069","0.2284","0.08941","0.08926"
"9.3E-07","-0.3737","-0.7435","0.113","0.2252","0.09692","0.08899"
"9.32E-07","-0.3578","-0.7141","0.1132","0.2273","0.09728","0.09408"
"9.34E-07","-0.3518","-0.7033","0.1132","0.2282","0.09717","0.09626"
"9.36E-07","-0.35","-0.7004","0.116","0.2253","0.0971","0.09693"
"9.38E-07","-0.3377","-0.6714","0.1222","0.2223","0.1048","0.09666"
"9.4E-07","-0.3214","-0.6412","0.1224","0.2244","0.1052","0.1019"
"9.42E-07","-0.3152","-0.6301","0.1224","0.2253","0.1051","0.1041"
"9.44E-07","-0.3134","-0.6272","0.1248","0.223","0.105","0.1048"
"9.46E-07","-0.3008","-0.5975","0.1316","0.2193","0.1128","0.1045"
"9.48E-07","-0.2843","-0.5668","0.1318","0.2214","0.1132","0.1098"
"9.5E-07","-0.2779","-0.5556","0.1317","0.2223","0.1131","0.1121"
"9.52E-07","-0.2762","-0.5525","0.1347","0.2194","0.113","0.1128"
"9.54E-07","-0.2633","-0.5223","0.1412","0.2162","0.121","0.1125"
"9.56E-07","-0.2464","-0.4909","0.1414","0.2184","0.1214","0.1179"
"9.58E-07","-0.2399","-0.4795","0.1413","0.2193","0.1213","0.1203"
"9.6E-07","-0.2381","-0.4764","0.1443","0.2163","0.1212","0.121"
"9.62E-07","-0.2251","-0.4458","0.1509","0.213","0.1293","0.1207"
"9.64E-07","-0.2079","-0.4138","0.1511","0.2153","0.1297","0.1262"
"9.66E-07","-0.2013","-0.4022","0.151","0.2163","0.1296","0.1286"
"9.68E-07","-0.1994","-0.399","0.1541","0.2132","0.1295","0.1293"
"9.7E-07","-0.1863","-0.368","0.1607","0.2099","0.1378","0.129"
"9.72E-07","-0.1688","-0.3355","0.1609","0.2122","0.1382","0.1346"
"9.74E-07","-0.1621","-0.3237","0.1609","0.2131","0.1381","0.137"
"9.76E-07","-0.1602","-0.3205","0.1639","0.2102","0.138","0.1377"
"9.78E-07","-0.1469","-0.2892","0.1707","0.2067","0.1463","0.1374"
"9.8E-07","-0.1294","-0.2566","0.1709","0.209","0.1467","0.143"
"9.82E-07","-0.1226","-0.2446","0.1708","0.21","0.1466","0.1455"
"9.84E-07","-0.1207","-0.2414","0.1739","0.2069","0.1465","0.1462"
"9.86E-07","-0.1073","-0.2098","0.1807","0.2036","0.1549","0.1459"
"9.88E-07","-0.08958","-0.1769","0.1809","0.2059","0.1553","0.1516"
"9.9E-07","-0.08276","-0.1649","0.1808","0.2069","0.1552","0.154"
"9.92E-07","-0.08085","-0.1617","0.1839","0.2037","0.1551","0.1548"
"9.94E-07","-0.06739","-0.13","0.1907","0.2003","0.1635","0.1544"
"9.96E-07","-0.04951","-0.09675","0.191","0.2027","0.1639","0.1602"
"9.98E-07","-0.04266","-0.08467","0.1909","0.2037","0.1638","0.1626"
"1E-06","-0.04074","-0.08141","0.194","0.2006","0.1637","0.1634"
"1.002E-06","-0.02714","-0.04946","0.2008","0.1972","0.1722","0.1631"
"1.004E-06","-0.00932","-0.01631","0.2011","0.1995","0.1726","0.1688"
"1.006E-06","-0.00246","-0.004208","0.201","0.2005","0.1725","0.1713"
"1.008E-06","-0.0005281","-0.0009347","0.2037","0.1979","0.1724","0.172"
"1.01E-06","0.01297","0.03079","0.2109","0.194","0.1808","0.1717"
"1.012E-06","0.03082","0.06402","0.2111","0.1963","0.1812","0.1774"
"1.014E-06","0.03766","0.07609","0.2111","0.1973","0.1811","0.1799"
"1.016E-06","0.03959","0.07935","0.2138","0.1948","0.181","0.1806"
"1.018E-06","0.05316","0.1112","0.221","0.1908","0.1895","0.1804"
"1.02E-06","0.07091","0.1442","0.2212","0.1931","0.1899","0.1861"
"1.022E-06","0.07778","0.1564","0.2212","0.1941","0.1898","0.1885"
"1.024E-06","0.0797","0.1596","0.2243","0.1911","0.1897","0.1893"
"1.026E-06","0.09307","0.1911","0.231","0.1877","0.198","0.1889"
"1.028E-06","0.1108","0.2241","0.2312","0.19","0.1984","0.1946"
"1.03E-06","0.1176","0.2361","0.2312","0.191","0.1983","0.1971"
"1.032E-06","0.1195","0.2393","0.2342","0.188","0.1982","0.1978"
"1.034E-06","0.1329","0.2707","0.2409","0.1846","0.2066","0.1975"
"1.036E-06","0.1504","0.3032","0.2412","0.1869","0.207","0.2031"
"1.038E-06","0.1572","0.3152","0.2411","0.1879","0.2068","0.2056"
"1.04E-06","0.1591","0.3184","0.2437","0.1855","0.2068","0.2063"
"1.042E-06","0.1723","0.3496","0.2508","0.1815","0.215","0.206"
"1.044E-06","0.1897","0.382","0.251","0.1838","0.2154","0.2116"
"1.046E-06","0.1964","0.3938","0.251","0.1848","0.2153","0.214"
"1.048E-06","0.1983","0.397","0.254","0.1818","0.2152","0.2147"
"1.05E-06","0.2113","0.4275","0.2605","0.1785","0.2233","0.2144"
"1.052E-06","0.2285","0.4595","0.2607","0.1807","0.2237","0.22"
"1.054E-06","0.2351","0.4712","0.2607","0.1817","0.2236","0.2223"
"1.056E-06","0.2369","0.4743","0.2636","0.1788","0.2235","0.223"
"1.058E-06","0.2498","0.5046","0.2701","0.1755","0.2315","0.2228"
"1.06E-06","0.2667","0.5359","0.2703","0.1777","0.2319","0.2282"
"1.062E-06","0.2732","0.5474","0.2702","0.1787","0.2318","0.2305"
"1.064E-06","0.275","0.5505","0.2728","0.1762","0.2317","0.2312"
"1.066E-06","0.2876","0.5801","0.2795","0.1727","0.2396","0.231"
"1.068E-06","0.3042","0.6109","0.2797","0.1748","0.24","0.2363"
"1.07E-06","0.3105","0.6221","0.2796","0.1758","0.2398","0.2385"
"1.072E-06","0.3123","0.6251","0.2824","0.1729","0.2398","0.2392"
"1.074E-06","0.3247","0.6542","0.2887","0.1698","0.2475","0.239"
"1.076E-06","0.3409","0.6843","0.2889","0.1719","0.2478","0.2442"
"1.078E-06","0.3471","0.6953","0.2888","0.1729","0.2477","0.2464"
"1.08E-06","0.3489","0.6983","0.2916","0.1701","0.2477","0.2471"
"1.082E-06","0.3609","0.7265","0.2976","0.1671","0.2552","0.2468"
"1.084E-06","0.3768","0.7562","0.2978","0.1691","0.2555","0.2519"
"1.086E-06","0.3829","0.7669","0.2978","0.17","0.2554","0.2541"
"1.088E-06","0.3846","0.7698","0.3005","0.1674","0.2553","0.2548"
"1.09E-06","0.3963","0.7974","0.3064","0.1644","0.2626","0.2545"
"1.092E-06","0.4117","0.8259","0.3065","0.1664","0.263","0.2595"
"1.094E-06","0.4176","0.8364","0.3065","0.1673","0.2629","0.2616"
"1.096E-06","0.4193","0.8392","0.3089","0.1649","0.2628","0.2622"
"1.098E-06","0.4307","0.8659","0.3148","0.1619","0.2699","0.262"
"1.1E-06","0.4456","0.8937","0.315","0.1638","0.2702","0.2668"
"1.102E-06","0.4513","0.9038","0.315","0.1646","0.2701","0.2688"
"1.104E-06","0.4529","0.9066","0.3171","0.1626","0.2701","0.2695"
"1.106E-06","0.4639","0.9324","0.323","0.1594","0.2769","0.2692"
"1.108E-06","0.4783","0.9592","0.3232","0.1613","0.2772","0.2738"
"1.11E-06","0.4839","0.969","0.3231","0.1621","0.2771","0.2758"
"1.112E-06","0.4854","0.9716","0.3256","0.1597","0.2771","0.2764"
"1.114E-06","0.496","0.9964","0.3309","0.157","0.2836","0.2762"
"1.116E-06","0.5099","1.022","0.331","0.1588","0.284","0.2807"
"1.118E-06","0.5153","1.032","0.331","0.1596","0.2839","0.2826"
"1.12E-06","0.5168","1.034","0.3333","0.1573","0.2838","0.2832"
"1.122E-06","0.5268","1.058","0.3384","0.1548","0.2901","0.2829"
"1.124E-06","0.5402","1.083","0.3386","0.1565","0.2904","0.2872"
"1.126E-06","0.5453","1.092","0.3385","0.1573","0.2903","0.289"
"1.128E-06","0.5467","1.094","0.3405","0.1554","0.2903","0.2896"
"1.13E-06","0.5564","1.117","0.3456","0.1526","0.2963","0.2894"
"1.132E-06","0.5691","1.141","0.3457","0.1543","0.2966","0.2935"
"1.134E-06","0.574","1.149","0.3457","0.155","0.2965","0.2952"
"1.136E-06","0.5753","1.152","0.3477","0.1531","0.2964","0.2957"
"1.138E-06","0.5845","1.173","0.3524","0.1506","0.3021","0.2955"
"1.14E-06","0.5966","1.195","0.3526","0.1522","0.3024","0.2994"
"1.142E-06","0.6012","1.204","0.3525","0.1529","0.3023","0.3011"
"1.144E-06","0.6025","1.206","0.3545","0.1509","0.3023","0.3016"
"1.146E-06","0.6111","1.226","0.3588","0.1487","0.3076","0.3014"
"1.148E-06","0.6225","1.247","0.359","0.1502","0.3079","0.305"
"1.15E-06","0.6268","1.255","0.3589","0.1509","0.3078","0.3066"
"1.152E-06","0.6281","1.257","0.3608","0.149","0.3078","0.3071"
"1.154E-06","0.6361","1.276","0.3649","0.1469","0.3128","0.3069"
"1.156E-06","0.6469","1.296","0.365","0.1484","0.3131","0.3103"
"1.158E-06","0.651","1.303","0.365","0.149","0.313","0.3118"
"1.16E-06","0.6522","1.305","0.3664","0.1477","0.313","0.3123"
"1.162E-06","0.6597","1.323","0.3705","0.1453","0.3177","0.3121"
"1.164E-06","0.6696","1.341","0.3706","0.1466","0.3179","0.3153"
"1.166E-06","0.6734","1.348","0.3706","0.1472","0.3178","0.3166"
"1.168E-06","0.6745","1.35","0.3722","0.1456","0.3178","0.3171"
"1.17E-06","0.6815","1.366","0.3757","0.1439","0.3221","0.3169"
"1.172E-06","0.6907","1.383","0.3758","0.1451","0.3223","0.3199"
"1.174E-06","0.6942","1.39","0.3758","0.1456","0.3223","0.3211"
"1.176E-06","0.6952","1.391","0.3773","0.1441","0.3222","0.3215"
"1.178E-06","0.7016","1.406","0.3805","0.1425","0.3262","0.3214"
"1.18E-06","0.7099","1.422","0.3806","0.1436","0.3264","0.3241"
"1.182E-06","0.7131","1.428","0.3805","0.1441","0.3263","0.3252"
"1.184E-06","0.7141","1.429","0.3819","0.1428","0.3263","0.3255"
"1.186E-06","0.7199","1.443","0.3848","0.1413","0.3299","0.3254"
"1.188E-06","0.7275","1.457","0.3849","0.1423","0.3301","0.3279"
"1.19E-06","0.7304","1.462","0.3849","0.1428","0.33","0.3289"
"1.192E-06","0.7312","1.463","0.3858","0.1419","0.33","0.3292"
"1.194E-06","0.7364","1.476","0.3886","0.1403","0.3332","0.3291"
"1.196E-06","0.7431","1.488","0.3887","0.1412","0.3333","0.3313"
"1.198E-06","0.7457","1.493","0.3887","0.1416","0.3333","0.3322"
"1.2E-06","0.7465","1.494","0.3897","0.1405","0.3333","0.3325"
"1.202E-06","0.7509","1.504","0.392","0.1394","0.3361","0.3324"
"1.204E-06","0.7569","1.516","0.3921","0.1402","0.3362","0.3343"
"1.206E-06","0.7592","1.52","0.392","0.1405","0.3362","0.3351"
"1.208E-06","0.7598","1.521","0.3929","0.1396","0.3362","0.3354"
"1.21E-06","0.7637","1.53","0.3949","0.1387","0.3386","0.3353"
"1.212E-06","0.7688","1.539","0.3949","0.1393","0.3387","0.3369"
"1.214E-06","0.7707","1.543","0.3949","0.1396","0.3386","0.3376"
"1.216E-06","0.7713","1.544","0.3957","0.1389","0.3386","0.3378"
"1.218E-06","0.7745","1.551","0.3973","0.1381","0.3406","0.3378"
"1.22E-06","0.7787","1.559","0.3973","0.1386","0.3407","0.3391"
"1.222E-06","0.7804","1.562","0.3973","0.1389","0.3407","0.3397"
"1.224E-06","0.7808","1.563","0.3979","0.1383","0.3407","0.3399"
"1.226E-06","0.7834","1.569","0.3992","0.1377","0.3423","0.3399"
"1.228E-06","0.7867","1.575","0.3992","0.1381","0.3423","0.3409"
"1.23E-06","0.788","1.577","0.3992","0.1383","0.3423","0.3414"
"1.232E-06","0.7883","1.578","0.3996","0.1379","0.3423","0.3415"
"1.234E-06","0.7902","1.582","0.4006","0.1374","0.3435","0.3415"
"1.236E-06","0.7927","1.587","0.4006","0.1377","0.3435","0.3423"
"1.238E-06","0.7936","1.588","0.4006","0.1379","0.3435","0.3426"
"1.24E-06","0.7939","1.589","0.4009","0.1376","0.3435","0.3427"
"1.242E-06","0.7951","1.592","0.4015","0.1373","0.3442","0.3427"
"1.244E-06","0.7967","1.595","0.4015","0.1375","0.3443","0.3432"
"1.246E-06","0.7973","1.596","0.4015","0.1376","0.3442","0.3434"
"1.248E-06","0.7974","1.596","0.4016","0.1375","0.3442","0.3435"
"1.25E-06","0.7979","1.597","0.4018","0.1374","0.3445","0.3435"
"1.252E-06","0.7986","1.598","0.4018","0.1375","0.3446","0.3437"
"1.254E-06","0.7988","1.599","0.4018","0.1375","0.3446","0.3438"
"1.256E-06","0.7989","1.599","0.4018","0.1376","0.3446","0.3438"
"1.258E-06","0.7987","1.598","0.4017","0.1376","0.3445","0.3438"
"1.26E-06","0.7985","1.598","0.4017","0.1376","0.3444","0.3437"
"1.262E-06","0.7984","1.598","0.4017","0.1376","0.3444","0.3437"
"1.264E-06","0.7984","1.598","0.4015","0.1378","0.3445","0.3437"
"1.266E-06","0.7976","1.596","0.4011","0.138","0.3439","0.3437"
"1.268E-06","0.7964","1.594","0.4011","0.1379","0.3439","0.3433"
"1.27E-06","0.796","1.593","0.4011","0.1378","0.3439","0.3432"
"1.272E-06","0.7959","1.593","0.4007","0.1382","0.3439","0.3431"
"1.274E-06","0.7944","1.589","0.4","0.1385","0.343","0.3432"
"1.276E-06","0.7924","1.586","0.3999","0.1383","0.3429","0.3425"
"1.278E-06","0.7916","1.584","0.3999","0.1382","0.3429","0.3423"
"1.28E-06","0.7914","1.584","0.3994","0.1387","0.3429","0.3422"
"1.282E-06","0.7892","1.579","0.3983","0.1393","0.3416","0.3422"
"1.284E-06","0.7863","1.573","0.3983","0.1389","0.3415","0.3413"
"1.286E-06","0.7852","1.571","0.3983","0.1387","0.3415","0.3409"
"1.288E-06","0.7848","1.571","0.3976","0.1394","0.3415","0.3408"
"1.29E-06","0.782","1.564","0.3962","0.1401","0.3397","0.3408"
"1.292E-06","0.7782","1.557","0.3962","0.1396","0.3397","0.3396"
"1.294E-06","0.7768","1.554","0.3962","0.1394","0.3397","0.3391"
"1.296E-06","0.7764","1.554","0.3955","0.1401","0.3397","0.3389"
"1.298E-06","0.7728","1.545","0.3936","0.1411","0.3375","0.339"
"1.3E-06","0.7681","1.537","0.3935","0.1405","0.3374","0.3375"
"1.302E-06","0.7663","1.533","0.3935","0.1402","0.3374","0.3369"
"1.304E-06","0.7658","1.533","0.3925","0.1412","0.3374","0.3367"
"1.306E-06","0.7616","1.523","0.3904","0.1423","0.3348","0.3368"
"1.308E-06","0.7561","1.513","0.3904","0.1416","0.3347","0.335"
"1.31E-06","0.754","1.509","0.3904","0.1412","0.3347","0.3343"
"1.312E-06","0.7534","1.508","0.3893","0.1424","0.3348","0.334"
"1.314E-06","0.7486","1.496","0.3868","0.1436","0.3317","0.3341"
"1.316E-06","0.7422","1.485","0.3868","0.1428","0.3316","0.3321"
"1.318E-06","0.7398","1.48","0.3868","0.1424","0.3316","0.3312"
"1.32E-06","0.7391","1.479","0.3856","0.1435","0.3317","0.3309"
"1.322E-06","0.7336","1.466","0.3828","0.145","0.3283","0.3311"
"1.324E-06","0.7264","1.453","0.3827","0.1441","0.3281","0.3288"
"1.326E-06","0.7237","1.448","0.3827","0.1437","0.3281","0.3278"
"1.328E-06","0.7229","1.447","0.3816","0.1447","0.3282","0.3275"
"1.33E-06","0.7168","1.432","0.3783","0.1466","0.3244","0.3276"
"1.332E-06","0.7089","1.418","0.3782","0.1456","0.3242","0.325"
"1.334E-06","0.7058","1.412","0.3782","0.1451","0.3243","0.3239"
"1.336E-06","0.7049","1.411","0.3767","0.1467","0.3243","0.3236"
"1.338E-06","0.6983","1.395","0.3733","0.1484","0.3201","0.3238"
"1.34E-06","0.6895","1.379","0.3732","0.1472","0.3199","0.3209"
"1.342E-06","0.6861","1.373","0.3732","0.1467","0.32","0.3197"
"1.344E-06","0.6851","1.371","0.3715","0.1484","0.32","0.3193"
"1.346E-06","0.6779","1.354","0.3679","0.1502","0.3155","0.3195"
"1.348E-06","0.6683","1.336","0.3678","0.149","0.3153","0.3164"
"1.35E-06","0.6646","1.33","0.3678","0.1484","0.3153","0.3151"
"1.352E-06","0.6635","1.328","0.366","0.1502","0.3154","0.3147"
"1.354E-06","0.6558","1.31","0.3621","0.1522","0.3105","0.3149"
"1.356E-06","0.6455","1.291","0.362","0.1509","0.3103","0.3116"
"1.358E-06","0.6415","1.284","0.362","0.1503","0.3104","0.3102"
"1.36E-06","0.6404","1.282","0.3601","0.1521","0.3104","0.3097"
"1.362E-06","0.6321","1.262","0.3558","0.1543","0.3052","0.3099"
"1.364E-06","0.621","1.241","0.3557","0.1529","0.3049","0.3064"
"1.366E-06","0.6167","1.234","0.3557","0.1523","0.305","0.3049"
"1.368E-06","0.6155","1.232","0.3537","0.1543","0.305","0.3044"
"1.37E-06","0.6067","1.211","0.3492","0.1566","0.2995","0.3046"
"1.372E-06","0.595","1.189","0.3491","0.155","0.2992","0.3008"
"1.374E-06","0.5905","1.181","0.3491","0.1544","0.2993","0.2992"
"1.376E-06","0.5892","1.179","0.3472","0.1562","0.2994","0.2987"
"1.378E-06","0.5798","1.157","0.3422","0.1589","0.2935","0.2989"
"1.38E-06","0.5674","1.134","0.3421","0.1573","0.2932","0.295"
"1.382E-06","0.5626","1.125","0.3421","0.1566","0.2933","0.2933"
"1.384E-06","0.5613","1.123","0.3402","0.1584","0.2934","0.2927"
"1.386E-06","0.5514","1.1","0.3348","0.1613","0.2872","0.293"
"1.388E-06","0.5384","1.076","0.3347","0.1596","0.2869","0.2888"
"1.39E-06","0.5334","1.067","0.3347","0.1589","0.287","0.287"
"1.392E-06","0.532","1.065","0.3324","0.1613","0.287","0.2865"
"1.394E-06","0.5217","1.04","0.3272","0.1639","0.2806","0.2867"
"1.396E-06","0.5081","1.015","0.327","0.1621","0.2803","0.2823"
"1.398E-06","0.5028","1.006","0.327","0.1614","0.2804","0.2804"
"1.4E-06","0.5013","1.003","0.3245","0.1638","0.2804","0.2799"
"1.402E-06","0.4907","0.9781","0.3191","0.1665","0.2737","0.2801"
"1.404E-06","0.4764","0.9516","0.319","0.1647","0.2734","0.2756"
"1.406E-06","0.471","0.942","0.319","0.1639","0.2735","0.2736"
"1.408E-06","0.4694","0.9394","0.317","0.1657","0.2736","0.273"
"1.41E-06","0.4583","0.9132","0.3108","0.1693","0.2666","0.2733"
"1.412E-06","0.4436","0.8859","0.3106","0.1674","0.2663","0.2686"
"1.414E-06","0.4379","0.8759","0.3107","0.1665","0.2664","0.2665"
"1.416E-06","0.4363","0.8732","0.3083","0.1688","0.2664","0.2659"
"1.418E-06","0.4248","0.8461","0.3022","0.1721","0.2593","0.2662"
"1.42E-06","0.4097","0.8179","0.3021","0.1701","0.2589","0.2613"
"1.422E-06","0.4038","0.8076","0.3021","0.1692","0.259","0.2592"
"1.424E-06","0.4022","0.8048","0.2994","0.172","0.2591","0.2586"
"1.426E-06","0.3904","0.7771","0.2934","0.175","0.2517","0.2589"
"1.428E-06","0.3747","0.7478","0.2932","0.1729","0.2513","0.2538"
"1.43E-06","0.3687","0.7372","0.2932","0.172","0.2514","0.2517"
"1.432E-06","0.367","0.7343","0.2905","0.1748","0.2515","0.251"
"1.434E-06","0.3547","0.7056","0.2843","0.1779","0.2439","0.2513"
"1.436E-06","0.3388","0.676","0.2841","0.1758","0.2435","0.2461"
"1.438E-06","0.3326","0.665","0.2842","0.1749","0.2436","0.2439"
"1.44E-06","0.3308","0.662","0.2818","0.1771","0.2437","0.2432"
"1.442E-06","0.3183","0.6327","0.275","0.1809","0.2359","0.2435"
"1.444E-06","0.302","0.6023","0.2748","0.1788","0.2356","0.2383"
"1.446E-06","0.2956","0.591","0.2749","0.1778","0.2357","0.236"
"1.448E-06","0.2939","0.588","0.2725","0.18","0.2357","0.2353"
"1.45E-06","0.2812","0.5583","0.2656","0.184","0.2278","0.2356"
"1.452E-06","0.2644","0.527","0.2654","0.1818","0.2274","0.2302"
"1.454E-06","0.258","0.5157","0.2654","0.1808","0.2276","0.2279"
"1.456E-06","0.2562","0.5126","0.2624","0.1838","0.2276","0.2272"
"1.458E-06","0.2432","0.4821","0.2559","0.1871","0.2195","0.2275"
"1.46E-06","0.2261","0.4504","0.2557","0.1848","0.2192","0.222"
"1.462E-06","0.2196","0.4388","0.2557","0.1839","0.2193","0.2197"
"1.464E-06","0.2177","0.4357","0.2527","0.1869","0.2193","0.2189"
"1.466E-06","0.2046","0.4048","0.2461","0.1902","0.2112","0.2192"
"1.468E-06","0.1874","0.3729","0.2459","0.1879","0.2108","0.2137"
"1.47E-06","0.1807","0.3611","0.246","0.187","0.2109","0.2113"
"1.472E-06","0.1789","0.3579","0.2431","0.1898","0.211","0.2106"
"1.474E-06","0.1655","0.3266","0.2362","0.1933","0.2027","0.2109"
"1.476E-06","0.1481","0.2941","0.236","0.1911","0.2023","0.2053"
"1.478E-06","0.1414","0.2823","0.2361","0.1901","0.2024","0.2029"
"1.48E-06","0.1395","0.279","0.2331","0.193","0.2025","0.2021"
"1.482E-06","0.126","0.2475","0.2262","0.1965","0.1941","0.2024"
"1.484E-06","0.1084","0.2147","0.226","0.1942","0.1937","0.1967"
"1.486E-06","0.1017","0.2028","0.2261","0.1932","0.1939","0.1943"
"1.488E-06","0.09973","0.1995","0.223","0.1963","0.1939","0.1936"
"1.49E-06","0.08623","0.1678","0.2162","0.1997","0.1855","0.1939"
"1.492E-06","0.06853","0.1349","0.216","0.1974","0.1851","0.1882"
"1.494E-06","0.06174","0.1229","0.2161","0.1964","0.1853","0.1858"
"1.496E-06","0.05981","0.1196","0.2129","0.1995","0.1853","0.185"
"1.498E-06","0.04621","0.08768","0.2061","0.2029","0.1769","0.1853"
"1.5E-06","0.02843","0.05459","0.2059","0.2006","0.1765","0.1796"
"1.502E-06","0.02155","0.04246","0.2059","0.1996","0.1766","0.1771"
"1.504E-06","0.0196","0.03915","0.2034","0.2019","0.1767","0.1764"
"1.506E-06","0.006098","0.007409","0.196","0.2061","0.1682","0.1767"
"1.508E-06","-0.01167","-0.02565","0.1958","0.2038","0.1678","0.171"
"1.51E-06","-0.01859","-0.03787","0.1959","0.2027","0.168","0.1685"
"1.512E-06","-0.02052","-0.04113","0.1928","0.2058","0.168","0.1678"
"1.514E-06","-0.03412","-0.07308","0.1859","0.2093","0.1596","0.168"
"1.516E-06","-0.05194","-0.1062","0.1857","0.2069","0.1592","0.1623"
"1.518E-06","-0.0588","-0.1183","0.1858","0.2059","0.1593","0.1599"
"1.52E-06","-0.06073","-0.1216","0.1827","0.209","0.1594","0.1591"
"1.522E-06","-0.07422","-0.1533","0.1759","0.2124","0.151","0.1594"
"1.524E-06","-0.09187","-0.1861","0.1757","0.2101","0.1506","0.1537"
"1.526E-06","-0.09873","-0.1982","0.1757","0.2091","0.1507","0.1513"
"1.528E-06","-0.1006","-0.2015","0.1727","0.2122","0.1508","0.1505"
"1.53E-06","-0.114","-0.233","0.1659","0.2155","0.1424","0.1508"
"1.532E-06","-0.1317","-0.2658","0.1657","0.2132","0.142","0.1452"
"1.534E-06","-0.1385","-0.2778","0.1657","0.2122","0.1421","0.1427"
"1.536E-06","-0.1404","-0.281","0.1633","0.2144","0.1422","0.142"
"1.538E-06","-0.1536","-0.312","0.156","0.2186","0.1339","0.1423"
"1.54E-06","-0.1711","-0.3447","0.1558","0.2164","0.1335","0.1367"
"1.542E-06","-0.1779","-0.3567","0.1558","0.2154","0.1336","0.1343"
"1.544E-06","-0.1798","-0.3599","0.1531","0.2179","0.1337","0.1335"
"1.546E-06","-0.1929","-0.3908","0.1462","0.2216","0.1256","0.1338"
"1.548E-06","-0.2102","-0.4228","0.146","0.2194","0.1252","0.1283"
"1.55E-06","-0.2168","-0.4345","0.1461","0.2184","0.1253","0.1259"
"1.552E-06","-0.2187","-0.4376","0.1431","0.2214","0.1254","0.1252"
"1.554E-06","-0.2316","-0.4681","0.1366","0.2247","0.1173","0.1255"
"1.556E-06","-0.2486","-0.4998","0.1364","0.2224","0.1169","0.12"
"1.558E-06","-0.2552","-0.5115","0.1364","0.2215","0.117","0.1176"
"1.56E-06","-0.2571","-0.5146","0.1335","0.2244","0.1171","0.1169"
"1.562E-06","-0.2697","-0.5443","0.1271","0.2276","0.1092","0.1172"
"1.564E-06","-0.2866","-0.5756","0.1269","0.2254","0.1088","0.1118"
"1.566E-06","-0.293","-0.5869","0.1269","0.2244","0.1089","0.1095"
"1.568E-06","-0.2948","-0.59","0.1245","0.2268","0.109","0.1088"
"1.57E-06","-0.3073","-0.6194","0.1178","0.2304","0.1012","0.1091"
"1.572E-06","-0.3236","-0.6498","0.1176","0.2283","0.1008","0.1038"
"1.574E-06","-0.33","-0.661","0.1177","0.2274","0.1009","0.1016"
"1.576E-06","-0.3318","-0.664","0.1149","0.2301","0.101","0.1009"
"1.578E-06","-0.3439","-0.6926","0.1087","0.2332","0.09339","0.1012"
"1.58E-06","-0.36","-0.7225","0.1085","0.2311","0.09303","0.096"
"1.582E-06","-0.3662","-0.7334","0.1086","0.2302","0.09314","0.09379"
"1.584E-06","-0.3679","-0.7363","0.1059","0.233","0.09321","0.09312"
"1.586E-06","-0.3798","-0.7643","0.09987","0.2359","0.0858","0.09338"
"1.588E-06","-0.3954","-0.7933","0.09968","0.2339","0.08544","0.08836"
"1.59E-06","-0.4014","-0.8039","0.09972","0.233","0.08555","0.08621"
"1.592E-06","-0.4031","-0.8068","0.09708","0.2357","0.08562","0.08555"
"1.594E-06","-0.4147","-0.834","0.09128","0.2385","0.07844","0.08579"
"1.596E-06","-0.4298","-0.8621","0.0911","0.2366","0.07809","0.08093"
"1.598E-06","-0.4356","-0.8724","0.09114","0.2357","0.07819","0.07885"
"1.6E-06","-0.4373","-0.8752","0.0891","0.2375","0.07826","0.0782"
"1.602E-06","-0.4485","-0.9015","0.08296","0.241","0.0713","0.07844"
"1.604E-06","-0.4631","-0.9287","0.08279","0.2391","0.07097","0.07374"
"1.606E-06","-0.4688","-0.9387","0.08283","0.2383","0.07107","0.07172"
"1.608E-06","-0.4704","-0.9414","0.08042","0.2407","0.07114","0.0711"
"1.61E-06","-0.4811","-0.9667","0.07494","0.2435","0.06442","0.07134"
"1.612E-06","-0.4953","-0.993","0.07477","0.2416","0.0641","0.06679"
"1.614E-06","-0.5008","-1.003","0.07481","0.2408","0.0642","0.06484"
"1.616E-06","-0.5023","-1.005","0.07243","0.2432","0.06426","0.06425"
"1.618E-06","-0.5126","-1.029","0.06724","0.2458","0.05782","0.06448"
"1.62E-06","-0.5262","-1.055","0.06707","0.244","0.05751","0.06012"
"1.622E-06","-0.5315","-1.064","0.06711","0.2432","0.0576","0.05824"
"1.624E-06","-0.5329","-1.067","0.06485","0.2455","0.05766","0.05766"
"1.626E-06","-0.5427","-1.09","0.05988","0.248","0.05151","0.0579"
"1.628E-06","-0.5558","-1.114","0.05972","0.2463","0.05121","0.0537"
"1.63E-06","-0.5608","-1.123","0.05975","0.2456","0.0513","0.05192"
"1.632E-06","-0.5622","-1.125","0.05788","0.2473","0.05135","0.05136"
"1.634E-06","-0.5716","-1.147","0.05286","0.2501","0.04549","0.05158"
"1.636E-06","-0.584","-1.17","0.0527","0.2485","0.0452","0.04761"
"1.638E-06","-0.5888","-1.179","0.05274","0.2478","0.04529","0.04589"
"1.64E-06","-0.5901","-1.181","0.05083","0.2496","0.04534","0.04537"
"1.642E-06","-0.5989","-1.202","0.04623","0.252","0.03981","0.04558"
"1.644E-06","-0.6107","-1.224","0.04609","0.2505","0.03953","0.04182"
"1.646E-06","-0.6152","-1.232","0.04612","0.2498","0.03961","0.0402"
"1.648E-06","-0.6165","-1.234","0.04419","0.2517","0.03967","0.03971"
"1.65E-06","-0.6248","-1.253","0.03997","0.2539","0.03444","0.03991"
"1.652E-06","-0.6359","-1.274","0.03984","0.2524","0.03418","0.03635"
"1.654E-06","-0.6402","-1.282","0.03987","0.2518","0.03426","0.03483"
"1.656E-06","-0.6414","-1.284","0.03808","0.2536","0.0343","0.03437"
"1.658E-06","-0.6492","-1.302","0.03415","0.2555","0.02944","0.03453"
"1.66E-06","-0.6594","-1.321","0.03403","0.2542","0.02921","0.03124"
"1.662E-06","-0.6634","-1.328","0.03405","0.2536","0.02928","0.02984"
"1.664E-06","-0.6645","-1.33","0.03275","0.2548","0.02932","0.0294"
"1.666E-06","-0.6717","-1.347","0.02873","0.2571","0.02479","0.02958"
"1.668E-06","-0.6813","-1.365","0.02861","0.2558","0.02457","0.02651"
"1.67E-06","-0.685","-1.371","0.02864","0.2553","0.02464","0.02519"
"1.672E-06","-0.686","-1.373","0.02751","0.2563","0.02468","0.02479"
"1.674E-06","-0.6927","-1.389","0.02374","0.2585","0.02051","0.02493"
"1.676E-06","-0.7014","-1.405","0.02363","0.2574","0.02031","0.02213"
"1.678E-06","-0.7048","-1.411","0.02366","0.2569","0.02037","0.02093"
"1.68E-06","-0.7057","-1.412","0.02226","0.2583","0.02041","0.02056"
"1.682E-06","-0.7118","-1.427","0.01922","0.2598","0.01663","0.02068"
"1.684E-06","-0.7197","-1.441","0.01913","0.2587","0.01646","0.01815"
"1.686E-06","-0.7227","-1.447","0.01915","0.2583","0.01651","0.01708"
"1.688E-06","-0.7236","-1.448","0.0179","0.2595","0.01654","0.01674"
"1.69E-06","-0.7291","-1.461","0.01514","0.2609","0.01314","0.01686"
"1.692E-06","-0.7362","-1.474","0.01506","0.26","0.01298","0.01458"
"1.694E-06","-0.7389","-1.479","0.01508","0.2596","0.01302","0.01362"
"1.696E-06","-0.7397","-1.48","0.01422","0.2603","0.01305","0.01331"
"1.698E-06","-0.7445","-1.492","0.01154","0.2619","0.01004","0.01344"
"1.7E-06","-0.7508","-1.503","0.01146","0.2611","0.009895","0.01142"
"1.702E-06","-0.7532","-1.508","0.01148","0.2607","0.009938","0.01056"
"1.704E-06","-0.7539","-1.509","0.01067","0.2615","0.009963","0.01029"
"1.706E-06","-0.7581","-1.519","0.008413","0.2627","0.007358","0.01038"
"1.708E-06","-0.7635","-1.529","0.008347","0.262","0.007236","0.008655"
"1.71E-06","-0.7655","-1.532","0.008362","0.2617","0.007272","0.007926"
"1.712E-06","-0.7661","-1.533","0.00755","0.2625","0.007294","0.007693"
"1.714E-06","-0.7697","-1.542","0.005758","0.2634","0.005079","0.007761"
"1.716E-06","-0.7743","-1.55","0.005703","0.2628","0.004975","0.006298"
"1.718E-06","-0.7761","-1.553","0.005715","0.2626","0.005006","0.005677"
"1.72E-06","-0.7766","-1.554","0.005234","0.263","0.005024","0.005475"
"1.722E-06","-0.7795","-1.561","0.003619","0.2639","0.003241","0.005527"
"1.724E-06","-0.7832","-1.568","0.003574","0.2634","0.003157","0.00435"
"1.726E-06","-0.7846","-1.57","0.003584","0.2632","0.003182","0.003841"
"1.728E-06","-0.785","-1.571","0.003206","0.2635","0.003196","0.003673"
"1.73E-06","-0.7873","-1.576","0.001969","0.2643","0.001823","0.003707"
"1.732E-06","-0.7901","-1.582","0.001935","0.2639","0.001758","0.002793"
"1.734E-06","-0.7912","-1.584","0.001942","0.2637","0.001777","0.002398"
"1.736E-06","-0.7916","-1.584","0.001593","0.2641","0.001788","0.002263"
"1.738E-06","-0.7931","-1.588","0.0008353","0.2644","0.0008471","0.00228"
"1.74E-06","-0.7951","-1.591","0.0008109","0.2642","0.0008015","0.001638"
"1.742E-06","-0.7959","-1.593","0.0008163","0.2641","0.0008146","0.001362"
"1.744E-06","-0.7961","-1.593","0.0006199","0.2642","0.000822","0.001263"
"1.746E-06","-0.797","-1.595","0.0001913","0.2644","0.0002906","0.001261"
"1.748E-06","-0.7982","-1.598","0.0001776","0.2643","0.0002648","0.0008914"
"1.75E-06","-0.7986","-1.598","0.0001807","0.2642","0.0002723","0.0007253"
"1.752E-06","-0.7988","-1.599","0.0001548","0.2642","0.0002764","0.0006636"
"1.754E-06","-0.799","-1.599","6.221E-05","0.2643","0.0001751","0.0006435"
"1.756E-06","-0.7993","-1.6","5.971E-05","0.2642","0.0001704","0.000559"
"1.758E-06","-0.7994","-1.6","6.036E-05","0.2642","0.0001719","0.0005163"
"1.76E-06","-0.7994","-1.6","0.000156","0.2641","0.0001725","0.0004944"
"1.762E-06","-0.799","-1.599","0.0004241","0.264","0.0004808","0.0004598"
"1.764E-06","-0.7984","-1.598","0.0004322","0.264","0.0004961","0.0006535"
"1.766E-06","-0.7982","-1.597","0.0004305","0.2641","0.0004919","0.00073"
"1.768E-06","-0.7981","-1.597","0.0007056","0.2638","0.000489","0.0007466"
"1.77E-06","-0.797","-1.595","0.001301","0.2635","0.001228","0.000702"
"1.772E-06","-0.7955","-1.592","0.00132","0.2637","0.001264","0.001187"
"1.774E-06","-0.7949","-1.591","0.001316","0.2637","0.001254","0.001391"
"1.776E-06","-0.7947","-1.59","0.001751","0.2633","0.001247","0.001448"
"1.778E-06","-0.7929","-1.586","0.002693","0.2628","0.002417","0.001393"
"1.78E-06","-0.7904","-1.582","0.002723","0.2631","0.002473","0.002174"
"1.782E-06","-0.7895","-1.58","0.002716","0.2633","0.002457","0.002505"
"1.784E-06","-0.7893","-1.579","0.003244","0.2627","0.002446","0.002606"
"1.786E-06","-0.7868","-1.574","0.004575","0.262","0.004026","0.002534"
"1.788E-06","-0.7834","-1.567","0.004616","0.2625","0.004103","0.003596"
"1.79E-06","-0.7822","-1.565","0.004607","0.2626","0.00408","0.004055"
"1.792E-06","-0.7818","-1.565","0.005235","0.2621","0.004066","0.004195"
"1.794E-06","-0.7786","-1.557","0.006974","0.2611","0.006079","0.004116"
"1.796E-06","-0.7744","-1.549","0.007025","0.2616","0.006174","0.005472"
"1.798E-06","-0.7727","-1.546","0.007013","0.2619","0.006145","0.006053"
"1.8E-06","-0.7723","-1.545","0.007896","0.261","0.006127","0.006231"
"1.802E-06","-0.7685","-1.537","0.009836","0.26","0.008527","0.006131"
"1.804E-06","-0.7634","-1.527","0.009899","0.2607","0.008644","0.007766"
"1.806E-06","-0.7614","-1.524","0.009885","0.2609","0.00861","0.008462"
"1.808E-06","-0.7609","-1.523","0.01093","0.2599","0.008588","0.008675"
"1.81E-06","-0.7564","-1.512","0.01319","0.2588","0.0114","0.008555"
"1.812E-06","-0.7505","-1.501","0.01326","0.2595","0.01153","0.01047"
"1.814E-06","-0.7482","-1.497","0.01325","0.2599","0.01149","0.01129"
"1.816E-06","-0.7475","-1.496","0.01411","0.2591","0.01147","0.01155"
"1.818E-06","-0.7424","-1.484","0.01701","0.2574","0.01467","0.01143"
"1.82E-06","-0.7356","-1.471","0.01709","0.2583","0.01482","0.0136"
"1.822E-06","-0.733","-1.467","0.01708","0.2586","0.01478","0.01453"
"1.824E-06","-0.7323","-1.465","0.01812","0.2577","0.01475","0.01481"
"1.826E-06","-0.7266","-1.452","0.02132","0.2558","0.01836","0.01467"
"1.828E-06","-0.7189","-1.438","0.02142","0.2568","0.01853","0.01713"
"1.83E-06","-0.716","-1.432","0.02139","0.2573","0.01848","0.01818"
"1.832E-06","-0.7151","-1.431","0.02285","0.2558","0.01845","0.0185"
"1.834E-06","-0.7088","-1.416","0.02605","0.2542","0.02241","0.01835"
"1.836E-06","-0.7004","-1.401","0.02615","0.2553","0.0226","0.02104"
"1.838E-06","-0.6972","-1.395","0.02613","0.2558","0.02254","0.02219"
"1.84E-06","-0.6963","-1.393","0.02773","0.2541","0.02251","0.02255"
"1.842E-06","-0.6893","-1.377","0.03125","0.2524","0.02686","0.0224"
"1.844E-06","-0.6801","-1.36","0.03136","0.2536","0.02707","0.02534"
"1.846E-06","-0.6766","-1.354","0.03133","0.2541","0.02701","0.0266"
"1.848E-06","-0.6756","-1.352","0.03305","0.2524","0.02697","0.02699"
"1.85E-06","-0.6681","-1.334","0.03686","0.2505","0.03167","0.02682"
"1.852E-06","-0.6582","-1.316","0.03698","0.2518","0.03189","0.03"
"1.854E-06","-0.6543","-1.309","0.03695","0.2523","0.03182","0.03137"
"1.856E-06","-0.6533","-1.307","0.03866","0.2507","0.03178","0.03179"
"1.858E-06","-0.6452","-1.288","0.04291","0.2484","0.03685","0.0316"
"1.86E-06","-0.6344","-1.268","0.04304","0.2498","0.03709","0.03505"
"1.862E-06","-0.6303","-1.261","0.04301","0.2504","0.03702","0.03652"
"1.864E-06","-0.6291","-1.259","0.04499","0.2484","0.03697","0.03697"
"1.866E-06","-0.6206","-1.239","0.04933","0.2462","0.04235","0.03676"
"1.868E-06","-0.6092","-1.218","0.04947","0.2477","0.04261","0.04042"
"1.87E-06","-0.6048","-1.21","0.04944","0.2484","0.04253","0.04198"
"1.872E-06","-0.6036","-1.208","0.05154","0.2462","0.04248","0.04246"
"1.874E-06","-0.5945","-1.186","0.05614","0.2439","0.04819","0.04224"
"1.876E-06","-0.5824","-1.164","0.05629","0.2455","0.04846","0.04613"
"1.878E-06","-0.5778","-1.156","0.05626","0.2462","0.04838","0.04778"
"1.88E-06","-0.5764","-1.154","0.05825","0.2443","0.04833","0.04829"
"1.882E-06","-0.5669","-1.131","0.06333","0.2415","0.05434","0.04806"
"1.884E-06","-0.5541","-1.107","0.06348","0.2432","0.05463","0.05216"
"1.886E-06","-0.5492","-1.099","0.06345","0.2439","0.05454","0.0539"
"1.888E-06","-0.5478","-1.096","0.06569","0.2417","0.05449","0.05444"
"1.89E-06","-0.5379","-1.073","0.07085","0.239","0.06078","0.05418"
"1.892E-06","-0.5245","-1.048","0.07102","0.2408","0.06109","0.05847"
"1.894E-06","-0.5193","-1.039","0.07098","0.2415","0.061","0.06031"
"1.896E-06","-0.5179","-1.036","0.0734","0.2391","0.06094","0.06087"
"1.898E-06","-0.5074","-1.012","0.07872","0.2365","0.06753","0.06062"
"1.9E-06","-0.4934","-0.9857","0.07889","0.2383","0.06785","0.0651"
"1.902E-06","-0.4881","-0.9762","0.07885","0.2391","0.06775","0.06701"
"1.904E-06","-0.4866","-0.9736","0.08137","0.2365","0.06769","0.0676"
"1.906E-06","-0.4756","-0.9478","0.08689","0.2338","0.07453","0.06736"
"1.908E-06","-0.4612","-0.9211","0.08706","0.2357","0.07485","0.07199"
"1.91E-06","-0.4556","-0.9112","0.08702","0.2365","0.07476","0.07398"
"1.912E-06","-0.4541","-0.9086","0.08912","0.2346","0.07469","0.07459"
"1.914E-06","-0.4429","-0.8822","0.09534","0.231","0.08176","0.07429"
"1.916E-06","-0.4278","-0.8542","0.09553","0.2329","0.08211","0.07911"
"1.918E-06","-0.422","-0.8439","0.09549","0.2338","0.08201","0.08119"
"1.92E-06","-0.4204","-0.8412","0.09817","0.2311","0.08195","0.08182"
"1.922E-06","-0.4087","-0.8138","0.1041","0.2282","0.08923","0.08155"
"1.924E-06","-0.3934","-0.7852","0.1042","0.2302","0.08958","0.08649"
"1.926E-06","-0.3874","-0.7747","0.1042","0.231","0.08948","0.0886"
"1.928E-06","-0.3857","-0.7719","0.1066","0.2287","0.08941","0.08927"
"1.93E-06","-0.3737","-0.7435","0.113","0.2252","0.09692","0.089"
"1.932E-06","-0.3578","-0.7141","0.1132","0.2273","0.09728","0.09408"
"1.934E-06","-0.3517","-0.7033","0.1132","0.2282","0.09717","0.09627"
"1.936E-06","-0.35","-0.7004","0.116","0.2254","0.0971","0.09694"
"1.938E-06","-0.3377","-0.6713","0.1222","0.2223","0.1048","0.09666"
"1.94E-06","-0.3214","-0.6411","0.1224","0.2244","0.1052","0.1019"
"1.942E-06","-0.3152","-0.6301","0.1224","0.2253","0.1051","0.1041"
"1.944E-06","-0.3134","-0.6271","0.1253","0.2224","0.105","0.1048"
"1.946E-06","-0.3009","-0.5977","0.1316","0.2192","0.1128","0.1045"
"1.948E-06","-0.2844","-0.5669","0.1318","0.2214","0.1132","0.1098"
"1.95E-06","-0.2779","-0.5556","0.1317","0.2223","0.1131","0.1121"
"1.952E-06","-0.2761","-0.5525","0.1341","0.2202","0.113","0.1128"
"1.954E-06","-0.2634","-0.5225","0.1411","0.2162","0.121","0.1125"
"1.956E-06","-0.2464","-0.4909","0.1414","0.2184","0.1214","0.1179"
"1.958E-06","-0.2399","-0.4795","0.1413","0.2193","0.1213","0.1203"
"1.96E-06","-0.2381","-0.4763","0.1443","0.2163","0.1212","0.121"
"1.962E-06","-0.2251","-0.4459","0.1509","0.213","0.1293","0.1207"
"1.964E-06","-0.2079","-0.4138","0.1511","0.2153","0.1297","0.1262"
"1.966E-06","-0.2013","-0.4021","0.151","0.2163","0.1296","0.1286"
"1.968E-06","-0.1994","-0.399","0.1535","0.2139","0.1295","0.1293"
"1.97E-06","-0.1862","-0.3679","0.1607","0.2099","0.1378","0.129"
"1.972E-06","-0.1688","-0.3356","0.1609","0.2122","0.1382","0.1346"
"1.974E-06","-0.1621","-0.3237","0.1609","0.2131","0.1381","0.137"
"1.976E-06","-0.1602","-0.3205","0.1635","0.2107","0.138","0.1377"
"1.978E-06","-0.1469","-0.2893","0.1706","0.2067","0.1463","0.1374"
"1.98E-06","-0.1294","-0.2566","0.1709","0.209","0.1467","0.143"
"1.982E-06","-0.1226","-0.2446","0.1708","0.21","0.1466","0.1455"
"1.984E-06","-0.1207","-0.2413","0.1739","0.2069","0.1465","0.1462"
"1.986E-06","-0.1072","-0.2098","0.1807","0.2036","0.1549","0.1459"
"1.988E-06","-0.08957","-0.1769","0.1809","0.2059","0.1553","0.1516"
"1.99E-06","-0.08275","-0.1649","0.1808","0.2069","0.1552","0.154"
"1.992E-06","-0.08084","-0.1617","0.1835","0.2044","0.1551","0.1548"
"1.994E-06","-0.06737","-0.13","0.1907","0.2003","0.1635","0.1545"
"1.996E-06","-0.04949","-0.09671","0.191","0.2027","0.1639","0.1602"
"1.998E-06","-0.04265","-0.08464","0.1909","0.2037","0.1638","0.1626"
"2E-06","-0.04072","-0.08137","0.194","0.2006","0.1637","0.1634"
"2.002E-06","-0.02715","-0.04947","0.2008","0.1972","0.1722","0.1631"
"2.004E-06","-0.009319","-0.01631","0.2011","0.1995","0.1726","0.1688"
"2.006E-06","-0.002449","-0.004184","0.201","0.2005","0.1725","0.1713"
"2.008E-06","-0.0005077","-0.0008969","0.2041","0.1974","0.1724","0.172"
"2.01E-06","0.01306","0.03098","0.2109","0.194","0.1808","0.1717"
"2.012E-06","0.03077","0.06392","0.2111","0.1963","0.1812","0.1774"
"2.014E-06","0.03768","0.07612","0.2111","0.1973","0.1811","0.1799"
"2.016E-06","0.0396","0.07938","0.2137","0.1949","0.181","0.1807"
"2.018E-06","0.053","0.1109","0.221","0.1908","0.1895","0.1803"
"2.02E-06","0.07086","0.1442","0.2212","0.1931","0.1899","0.186"
"2.022E-06","0.07777","0.1564","0.2212","0.1941","0.1898","0.1885"
"2.024E-06","0.07972","0.1597","0.2243","0.1911","0.1897","0.1893"
"2.026E-06","0.093","0.1909","0.231","0.1877","0.198","0.1889"
"2.028E-06","0.1108","0.2241","0.2312","0.19","0.1984","0.1946"
"2.03E-06","0.1176","0.2361","0.2312","0.191","0.1983","0.1971"
"2.032E-06","0.1195","0.2394","0.2338","0.1885","0.1983","0.1978"
"2.034E-06","0.1328","0.2706","0.2409","0.1846","0.2066","0.1975"
"2.036E-06","0.1504","0.3033","0.2412","0.1869","0.207","0.2032"
"2.038E-06","0.1572","0.3152","0.2411","0.1879","0.2068","0.2056"
"2.04E-06","0.1591","0.3185","0.2437","0.1854","0.2068","0.2063"
"2.042E-06","0.1722","0.3494","0.2508","0.1815","0.215","0.206"
"2.044E-06","0.1897","0.382","0.251","0.1838","0.2154","0.2116"
"2.046E-06","0.1964","0.3938","0.251","0.1848","0.2153","0.214"
"2.048E-06","0.1983","0.397","0.254","0.1818","0.2152","0.2147"
"2.05E-06","0.2112","0.4273","0.2605","0.1785","0.2233","0.2144"
"2.052E-06","0.2284","0.4594","0.2607","0.1807","0.2237","0.2199"
"2.054E-06","0.2351","0.4712","0.2607","0.1817","0.2236","0.2223"
"2.056E-06","0.237","0.4743","0.2635","0.179","0.2235","0.223"
"2.058E-06","0.2498","0.5045","0.2701","0.1755","0.2315","0.2228"
"2.06E-06","0.2667","0.5359","0.2703","0.1777","0.2319","0.2282"
"2.062E-06","0.2732","0.5474","0.2702","0.1787","0.2318","0.2305"
"2.064E-06","0.275","0.5505","0.2727","0.1764","0.2317","0.2312"
"2.066E-06","0.2876","0.5801","0.2795","0.1727","0.2396","0.231"
"2.068E-06","0.3041","0.6108","0.2797","0.1748","0.24","0.2363"
"2.07E-06","0.3105","0.6221","0.2796","0.1758","0.2398","0.2385"
"2.072E-06","0.3123","0.6251","0.2824","0.1729","0.2398","0.2392"
"2.074E-06","0.3245","0.6539","0.2887","0.1698","0.2475","0.2389"
"2.076E-06","0.3409","0.6844","0.2889","0.1719","0.2478","0.2442"
"2.078E-06","0.3471","0.6954","0.2888","0.1729","0.2477","0.2464"
"2.08E-06","0.3489","0.6984","0.2911","0.1708","0.2477","0.2471"
"2.082E-06","0.361","0.7268","0.2976","0.1671","0.2552","0.2468"
"2.084E-06","0.3768","0.7562","0.2978","0.1691","0.2555","0.2519"
"2.086E-06","0.3829","0.7669","0.2978","0.17","0.2554","0.2541"
"2.088E-06","0.3846","0.7699","0.3005","0.1674","0.2553","0.2548"
"2.09E-06","0.3963","0.7973","0.3063","0.1644","0.2626","0.2545"
"2.092E-06","0.4117","0.826","0.3065","0.1664","0.263","0.2595"
"2.094E-06","0.4176","0.8364","0.3065","0.1673","0.2629","0.2616"
"2.096E-06","0.4193","0.8392","0.3091","0.1647","0.2628","0.2622"
"2.098E-06","0.4306","0.8657","0.3148","0.1618","0.2699","0.2619"
"2.1E-06","0.4456","0.8937","0.315","0.1638","0.2702","0.2668"
"2.102E-06","0.4513","0.9038","0.315","0.1646","0.2701","0.2688"
"2.104E-06","0.453","0.9066","0.3174","0.1622","0.2701","0.2695"
"2.106E-06","0.4638","0.9321","0.323","0.1594","0.2769","0.2692"
"2.108E-06","0.4784","0.9592","0.3232","0.1613","0.2772","0.2739"
"2.11E-06","0.4839","0.969","0.3231","0.1621","0.2771","0.2758"
"2.112E-06","0.4855","0.9716","0.3255","0.1597","0.2771","0.2764"
"2.114E-06","0.4959","0.9963","0.3309","0.157","0.2836","0.2762"
"2.116E-06","0.5099","1.022","0.331","0.1588","0.284","0.2807"
"2.118E-06","0.5153","1.032","0.331","0.1596","0.2839","0.2826"
"2.12E-06","0.5168","1.034","0.3331","0.1576","0.2838","0.2832"
"2.122E-06","0.5269","1.058","0.3384","0.1548","0.2901","0.2829"
"2.124E-06","0.5402","1.083","0.3386","0.1565","0.2904","0.2872"
"2.126E-06","0.5453","1.092","0.3385","0.1573","0.2903","0.289"
"2.128E-06","0.5468","1.094","0.3403","0.1556","0.2903","0.2896"
"2.13E-06","0.5563","1.117","0.3456","0.1526","0.2963","0.2894"
"2.132E-06","0.5691","1.141","0.3457","0.1543","0.2966","0.2935"
"2.134E-06","0.574","1.149","0.3457","0.155","0.2965","0.2952"
"2.136E-06","0.5754","1.152","0.3478","0.1529","0.2964","0.2958"
"2.138E-06","0.5845","1.173","0.3524","0.1506","0.3021","0.2956"
"2.14E-06","0.5965","1.195","0.3526","0.1522","0.3024","0.2994"
"2.142E-06","0.6012","1.204","0.3525","0.1529","0.3023","0.3011"
"2.144E-06","0.6025","1.206","0.3543","0.1512","0.3023","0.3016"
"2.146E-06","0.6112","1.226","0.3588","0.1487","0.3076","0.3014"
"2.148E-06","0.6225","1.247","0.359","0.1502","0.3079","0.305"
"2.15E-06","0.6268","1.255","0.3589","0.1509","0.3078","0.3066"
"2.152E-06","0.6281","1.257","0.3608","0.149","0.3078","0.3071"
"2.154E-06","0.6362","1.276","0.3649","0.147","0.3128","0.3069"
"2.156E-06","0.6469","1.296","0.365","0.1484","0.3131","0.3103"
"2.158E-06","0.651","1.303","0.365","0.149","0.313","0.3118"
"2.16E-06","0.6522","1.305","0.3667","0.1472","0.313","0.3123"
"2.162E-06","0.6598","1.323","0.3705","0.1454","0.3177","0.3121"
"2.164E-06","0.6696","1.341","0.3706","0.1466","0.3179","0.3153"
"2.166E-06","0.6734","1.348","0.3706","0.1472","0.3178","0.3166"
"2.168E-06","0.6745","1.35","0.3719","0.1461","0.3178","0.3171"
"2.17E-06","0.6815","1.366","0.3757","0.1439","0.3221","0.3169"
"2.172E-06","0.6907","1.383","0.3758","0.1451","0.3223","0.3199"
"2.174E-06","0.6942","1.39","0.3758","0.1456","0.3223","0.3211"
"2.176E-06","0.6952","1.391","0.3773","0.1441","0.3222","0.3215"
"2.178E-06","0.7015","1.406","0.3805","0.1425","0.3262","0.3214"
"2.18E-06","0.71","1.422","0.3806","0.1436","0.3264","0.3241"
"2.182E-06","0.7132","1.428","0.3805","0.1441","0.3263","0.3252"
"2.184E-06","0.7141","1.429","0.3817","0.143","0.3263","0.3256"
"2.186E-06","0.7199","1.443","0.3848","0.1413","0.3299","0.3254"
"2.188E-06","0.7275","1.457","0.3849","0.1423","0.3301","0.3279"
"2.19E-06","0.7304","1.462","0.3849","0.1428","0.33","0.3289"
"2.192E-06","0.7312","1.463","0.3858","0.1419","0.33","0.3293"
"2.194E-06","0.7363","1.475","0.3886","0.1403","0.3332","0.3291"
"2.196E-06","0.7432","1.488","0.3887","0.1412","0.3333","0.3313"
"2.198E-06","0.7458","1.493","0.3887","0.1416","0.3333","0.3322"
"2.2E-06","0.7465","1.494","0.3897","0.1405","0.3333","0.3325"
"2.202E-06","0.751","1.505","0.392","0.1394","0.3361","0.3324"
"2.204E-06","0.7569","1.516","0.3921","0.1402","0.3362","0.3343"
"2.206E-06","0.7592","1.52","0.392","0.1405","0.3362","0.3351"
"2.208E-06","0.7598","1.521","0.3927","0.14","0.3362","0.3354"
"2.21E-06","0.7637","1.53","0.3949","0.1387","0.3386","0.3353"
"2.212E-06","0.7688","1.539","0.3949","0.1393","0.3387","0.3369"
"2.214E-06","0.7707","1.543","0.3949","0.1396","0.3386","0.3376"
"2.216E-06","0.7713","1.544","0.3957","0.1389","0.3386","0.3378"
"2.218E-06","0.7745","1.551","0.3973","0.1381","0.3406","0.3378"
"2.22E-06","0.7787","1.559","0.3973","0.1386","0.3407","0.3391"
"2.222E-06","0.7804","1.562","0.3973","0.1389","0.3407","0.3397"
"2.224E-06","0.7808","1.563","0.3979","0.1383","0.3407","0.3399"
"2.226E-06","0.7834","1.569","0.3992","0.1377","0.3423","0.3399"
"2.228E-06","0.7867","1.575","0.3992","0.1381","0.3423","0.3409"
"2.23E-06","0.788","1.577","0.3992","0.1383","0.3423","0.3414"
"2.232E-06","0.7884","1.578","0.3995","0.138","0.3423","0.3415"
"2.234E-06","0.7902","1.582","0.4006","0.1374","0.3435","0.3415"
"2.236E-06","0.7927","1.587","0.4006","0.1377","0.3435","0.3423"
"2.238E-06","0.7937","1.588","0.4006","0.1379","0.3435","0.3426"
"2.24E-06","0.7939","1.589","0.4009","0.1376","0.3435","0.3427"
"2.242E-06","0.7951","1.592","0.4015","0.1373","0.3442","0.3427"
"2.244E-06","0.7967","1.595","0.4015","0.1375","0.3443","0.3432"
"2.246E-06","0.7973","1.596","0.4015","0.1376","0.3442","0.3434"
"2.248E-06","0.7974","1.596","0.4016","0.1376","0.3442","0.3435"
"2.25E-06","0.798","1.597","0.4018","0.1374","0.3445","0.3435"
"2.252E-06","0.7986","1.598","0.4018","0.1375","0.3446","0.3437"
"2.254E-06","0.7988","1.599","0.4018","0.1375","0.3446","0.3438"
"2.256E-06","0.7989","1.599","0.4018","0.1376","0.3446","0.3438"
"2.258E-06","0.7988","1.598","0.4017","0.1376","0.3445","0.3438"
"2.26E-06","0.7985","1.598","0.4017","0.1376","0.3444","0.3437"
"2.262E-06","0.7985","1.598","0.4017","0.1376","0.3444","0.3437"
"2.264E-06","0.7984","1.598","0.4015","0.1378","0.3445","0.3437"
"2.266E-06","0.7976","1.596","0.4011","0.138","0.3439","0.3437"
"2.268E-06","0.7965","1.594","0.4011","0.1379","0.3439","0.3434"
"2.27E-06","0.796","1.593","0.4011","0.1378","0.3439","0.3432"
"2.272E-06","0.7959","1.593","0.4008","0.1381","0.3439","0.3431"
"2.274E-06","0.7944","1.589","0.4","0.1385","0.343","0.3432"
"2.276E-06","0.7924","1.586","0.3999","0.1383","0.3429","0.3425"
"2.278E-06","0.7916","1.584","0.3999","0.1382","0.3429","0.3423"
"2.28E-06","0.7914","1.584","0.3994","0.1387","0.3429","0.3422"
"2.282E-06","0.7892","1.579","0.3983","0.1393","0.3416","0.3422"
"2.284E-06","0.7863","1.573","0.3983","0.1389","0.3415","0.3413"
"2.286E-06","0.7852","1.571","0.3983","0.1387","0.3415","0.3409"
"2.288E-06","0.7849","1.571","0.3976","0.1394","0.3415","0.3408"
"2.29E-06","0.782","1.564","0.3962","0.1401","0.3397","0.3409"
"2.292E-06","0.7782","1.557","0.3962","0.1396","0.3397","0.3396"
"2.294E-06","0.7768","1.554","0.3962","0.1394","0.3397","0.3391"
"2.296E-06","0.7764","1.554","0.3954","0.1402","0.3397","0.339"
"2.298E-06","0.7728","1.545","0.3936","0.1411","0.3375","0.339"
"2.3E-06","0.7682","1.537","0.3935","0.1405","0.3374","0.3375"
"2.302E-06","0.7664","1.534","0.3935","0.1402","0.3374","0.3369"
"2.304E-06","0.7658","1.533","0.3925","0.1412","0.3374","0.3367"
"2.306E-06","0.7617","1.523","0.3905","0.1423","0.3348","0.3368"
"2.308E-06","0.7562","1.513","0.3904","0.1416","0.3347","0.335"
"2.31E-06","0.754","1.509","0.3904","0.1412","0.3347","0.3343"
"2.312E-06","0.7534","1.508","0.3895","0.142","0.3348","0.334"
"2.314E-06","0.7487","1.497","0.3869","0.1436","0.3317","0.3342"
"2.316E-06","0.7423","1.485","0.3868","0.1428","0.3316","0.3321"
"2.318E-06","0.7398","1.48","0.3868","0.1424","0.3316","0.3312"
"2.32E-06","0.7391","1.479","0.3857","0.1434","0.3317","0.3309"
"2.322E-06","0.7337","1.466","0.3828","0.145","0.3283","0.3311"
"2.324E-06","0.7265","1.453","0.3827","0.1441","0.3281","0.3288"
"2.326E-06","0.7237","1.448","0.3827","0.1437","0.3281","0.3278"
"2.328E-06","0.7229","1.447","0.3813","0.1451","0.3282","0.3275"
"2.33E-06","0.7168","1.432","0.3783","0.1466","0.3244","0.3276"
"2.332E-06","0.7089","1.418","0.3782","0.1456","0.3242","0.325"
"2.334E-06","0.7058","1.412","0.3782","0.1451","0.3243","0.324"
"2.336E-06","0.7049","1.411","0.3769","0.1464","0.3243","0.3236"
"2.338E-06","0.6983","1.395","0.3733","0.1484","0.3201","0.3238"
"2.34E-06","0.6895","1.379","0.3732","0.1472","0.3199","0.321"
"2.342E-06","0.6861","1.373","0.3732","0.1467","0.32","0.3197"
"2.344E-06","0.6851","1.371","0.3715","0.1484","0.32","0.3194"
"2.346E-06","0.678","1.354","0.3679","0.1502","0.3155","0.3195"
"2.348E-06","0.6683","1.336","0.3678","0.149","0.3153","0.3164"
"2.35E-06","0.6646","1.33","0.3678","0.1484","0.3153","0.3151"
"2.352E-06","0.6636","1.328","0.366","0.1503","0.3154","0.3147"
"2.354E-06","0.6558","1.31","0.3621","0.1522","0.3105","0.3149"
"2.356E-06","0.6456","1.291","0.362","0.1509","0.3103","0.3116"
"2.358E-06","0.6416","1.284","0.362","0.1503","0.3104","0.3102"
"2.36E-06","0.6404","1.282","0.3606","0.1515","0.3104","0.3098"
"2.362E-06","0.6321","1.262","0.3558","0.1543","0.3052","0.31"
"2.364E-06","0.621","1.241","0.3557","0.1529","0.3049","0.3064"
"2.366E-06","0.6168","1.234","0.3557","0.1523","0.305","0.3049"
"2.368E-06","0.6156","1.232","0.3537","0.1543","0.305","0.3044"
"2.37E-06","0.6067","1.211","0.3492","0.1566","0.2995","0.3046"
"2.372E-06","0.595","1.189","0.3491","0.155","0.2992","0.3009"
"2.374E-06","0.5905","1.181","0.3491","0.1544","0.2993","0.2992"
"2.376E-06","0.5892","1.179","0.3473","0.156","0.2994","0.2987"
"2.378E-06","0.5799","1.157","0.3422","0.1589","0.2935","0.299"
"2.38E-06","0.5674","1.134","0.3421","0.1573","0.2932","0.295"
"2.382E-06","0.5627","1.126","0.3421","0.1566","0.2933","0.2933"
"2.384E-06","0.5613","1.123","0.3403","0.1582","0.2934","0.2927"
"2.386E-06","0.5516","1.1","0.3349","0.1614","0.2872","0.293"
"2.388E-06","0.5385","1.076","0.3347","0.1597","0.2869","0.2888"
"2.39E-06","0.5334","1.067","0.3347","0.1589","0.287","0.287"
"2.392E-06","0.532","1.065","0.3324","0.1613","0.287","0.2865"
"2.394E-06","0.5218","1.041","0.3272","0.1639","0.2806","0.2867"
"2.396E-06","0.5082","1.015","0.327","0.1621","0.2803","0.2823"
"2.398E-06","0.5029","1.006","0.327","0.1614","0.2804","0.2805"
"2.4E-06","0.5014","1.003","0.3251","0.1631","0.2804","0.2799"
"2.402E-06","0.4906","0.978","0.3191","0.1665","0.2737","0.2801"
"2.404E-06","0.4765","0.9518","0.319","0.1647","0.2734","0.2756"
"2.406E-06","0.471","0.9421","0.319","0.1639","0.2735","0.2736"
"2.408E-06","0.4695","0.9395","0.3165","0.1664","0.2736","0.273"
"2.41E-06","0.4585","0.9136","0.3108","0.1693","0.2666","0.2733"
"2.412E-06","0.4437","0.886","0.3106","0.1674","0.2663","0.2686"
"2.414E-06","0.438","0.876","0.3107","0.1665","0.2664","0.2665"
"2.416E-06","0.4364","0.8732","0.308","0.1692","0.2664","0.2659"
"2.418E-06","0.4248","0.8461","0.3022","0.1721","0.2593","0.2662"
"2.42E-06","0.4098","0.8181","0.3021","0.1701","0.2589","0.2613"
"2.422E-06","0.4039","0.8077","0.3021","0.1692","0.259","0.2592"
"2.424E-06","0.4022","0.8049","0.3","0.1711","0.2591","0.2586"
"2.426E-06","0.3904","0.777","0.2934","0.175","0.2517","0.2589"
"2.428E-06","0.3747","0.7479","0.2932","0.1729","0.2513","0.2538"
"2.43E-06","0.3687","0.7373","0.2932","0.172","0.2514","0.2517"
"2.432E-06","0.367","0.7344","0.2904","0.1749","0.2515","0.251"
"2.434E-06","0.355","0.706","0.2843","0.1779","0.2439","0.2513"
"2.436E-06","0.3388","0.676","0.2841","0.1758","0.2435","0.2461"
"2.438E-06","0.3326","0.665","0.2842","0.1749","0.2436","0.2439"
"2.44E-06","0.3309","0.6621","0.2813","0.1778","0.2437","0.2432"
"2.442E-06","0.3185","0.6329","0.275","0.1809","0.2359","0.2435"
"2.444E-06","0.3021","0.6024","0.2748","0.1788","0.2356","0.2383"
"2.446E-06","0.2957","0.5911","0.2749","0.1778","0.2357","0.236"
"2.448E-06","0.2939","0.5881","0.2724","0.1801","0.2357","0.2353"
"2.45E-06","0.2813","0.5584","0.2656","0.184","0.2278","0.2356"
"2.452E-06","0.2645","0.5272","0.2654","0.1818","0.2274","0.2302"
"2.454E-06","0.258","0.5158","0.2654","0.1808","0.2276","0.2279"
"2.456E-06","0.2562","0.5127","0.2624","0.1838","0.2276","0.2272"
"2.458E-06","0.2432","0.4821","0.2559","0.1871","0.2195","0.2275"
"2.46E-06","0.2263","0.4506","0.2557","0.1849","0.2192","0.222"
"2.462E-06","0.2196","0.4389","0.2557","0.1839","0.2193","0.2197"
"2.464E-06","0.2178","0.4357","0.2533","0.1861","0.2193","0.2189"
"2.466E-06","0.2046","0.4049","0.2461","0.1902","0.2112","0.2192"
"2.468E-06","0.1875","0.3729","0.2459","0.1879","0.2108","0.2137"
"2.47E-06","0.1808","0.3612","0.246","0.187","0.2109","0.2113"
"2.472E-06","0.1789","0.358","0.2435","0.1892","0.211","0.2106"
"2.474E-06","0.1658","0.3271","0.2362","0.1934","0.2027","0.211"
"2.476E-06","0.1482","0.2943","0.236","0.1911","0.2023","0.2053"
"2.478E-06","0.1414","0.2823","0.2361","0.1901","0.2024","0.2029"
"2.48E-06","0.1395","0.2791","0.233","0.1932","0.2025","0.2021"
"2.482E-06","0.1262","0.2478","0.2263","0.1965","0.1941","0.2025"
"2.484E-06","0.1085","0.2149","0.226","0.1942","0.1937","0.1968"
"2.486E-06","0.1017","0.2028","0.2261","0.1932","0.1939","0.1943"
"2.488E-06","0.09975","0.1996","0.2235","0.1956","0.1939","0.1936"
"2.49E-06","0.08637","0.1681","0.2162","0.1997","0.1855","0.1939"
"2.492E-06","0.06866","0.1351","0.216","0.1974","0.1851","0.1882"
"2.494E-06","0.06178","0.123","0.2161","0.1964","0.1853","0.1858"
"2.496E-06","0.05983","0.1197","0.2129","0.1995","0.1853","0.185"
"2.498E-06","0.04633","0.08791","0.2061","0.2029","0.1769","0.1853"
"2.5E-06","0.02846","0.05465","0.2059","0.2006","0.1765","0.1796"
"2.502E-06","0.02159","0.04252","0.2059","0.1996","0.1766","0.1771"
"2.504E-06","0.01962","0.03919","0.2028","0.2027","0.1767","0.1764"
"2.506E-06","0.006276","0.007757","0.196","0.2061","0.1682","0.1767"
"2.508E-06","-0.01168","-0.02566","0.1958","0.2038","0.1678","0.171"
"2.51E-06","-0.01857","-0.03783","0.1959","0.2028","0.168","0.1685"
"2.512E-06","-0.02049","-0.04109","0.1933","0.2051","0.168","0.1678"
"2.514E-06","-0.03389","-0.07265","0.1859","0.2093","0.1596","0.1681"
"2.516E-06","-0.05181","-0.106","0.1857","0.207","0.1592","0.1624"
"2.518E-06","-0.05876","-0.1183","0.1858","0.2059","0.1593","0.1599"
"2.52E-06","-0.06071","-0.1216","0.1827","0.209","0.1594","0.1591"
"2.522E-06","-0.07399","-0.1529","0.1759","0.2124","0.151","0.1595"
"2.524E-06","-0.09187","-0.1861","0.1757","0.2101","0.1506","0.1537"
"2.526E-06","-0.09869","-0.1982","0.1757","0.2091","0.1507","0.1513"
"2.528E-06","-0.1006","-0.2015","0.1732","0.2114","0.1508","0.1505"
"2.53E-06","-0.1139","-0.2328","0.1659","0.2155","0.1424","0.1509"
"2.532E-06","-0.1316","-0.2656","0.1657","0.2133","0.142","0.1452"
"2.534E-06","-0.1384","-0.2777","0.1657","0.2122","0.1421","0.1428"
"2.536E-06","-0.1403","-0.2809","0.1633","0.2144","0.1422","0.142"
"2.538E-06","-0.1536","-0.3121","0.156","0.2186","0.1339","0.1423"
"2.54E-06","-0.1711","-0.3446","0.1558","0.2164","0.1335","0.1367"
"2.542E-06","-0.1779","-0.3566","0.1558","0.2154","0.1336","0.1343"
"2.544E-06","-0.1798","-0.3599","0.1528","0.2184","0.1337","0.1335"
"2.546E-06","-0.1927","-0.3903","0.1462","0.2217","0.1256","0.1339"
"2.548E-06","-0.2101","-0.4227","0.146","0.2194","0.1252","0.1283"
"2.55E-06","-0.2167","-0.4344","0.1461","0.2184","0.1253","0.1259"
"2.552E-06","-0.2186","-0.4376","0.1433","0.2211","0.1254","0.1252"
"2.554E-06","-0.2315","-0.4679","0.1366","0.2247","0.1173","0.1255"
"2.556E-06","-0.2486","-0.4997","0.1364","0.2224","0.1169","0.12"
"2.558E-06","-0.2552","-0.5114","0.1364","0.2215","0.117","0.1176"
"2.56E-06","-0.2571","-0.5146","0.1335","0.2244","0.1171","0.1169"
"2.562E-06","-0.2697","-0.5443","0.1271","0.2276","0.1092","0.1172"
"2.564E-06","-0.2865","-0.5754","0.1269","0.2254","0.1088","0.1119"
"2.566E-06","-0.2929","-0.5868","0.1269","0.2245","0.1089","0.1096"
"2.568E-06","-0.2948","-0.59","0.1241","0.2273","0.109","0.1088"
"2.57E-06","-0.3073","-0.6193","0.1178","0.2304","0.1012","0.1091"
"2.572E-06","-0.3236","-0.6497","0.1176","0.2283","0.1008","0.1039"
"2.574E-06","-0.33","-0.661","0.1177","0.2274","0.1009","0.1016"
"2.576E-06","-0.3318","-0.664","0.1149","0.23","0.101","0.1009"
"2.578E-06","-0.3439","-0.6926","0.1087","0.2332","0.0934","0.1012"
"2.58E-06","-0.3599","-0.7224","0.1085","0.2311","0.09303","0.09601"
"2.582E-06","-0.3661","-0.7333","0.1086","0.2302","0.09314","0.09382"
"2.584E-06","-0.3679","-0.7363","0.1059","0.233","0.09321","0.09313"
"2.586E-06","-0.3798","-0.7642","0.09987","0.2359","0.0858","0.09338"
"2.588E-06","-0.3954","-0.7932","0.09968","0.2339","0.08544","0.08837"
"2.59E-06","-0.4014","-0.8039","0.09972","0.233","0.08555","0.08622"
"2.592E-06","-0.4031","-0.8068","0.09727","0.2354","0.08562","0.08556"
"2.594E-06","-0.4146","-0.8338","0.09128","0.2385","0.07844","0.08581"
"2.596E-06","-0.4298","-0.862","0.0911","0.2366","0.07809","0.08094"
"2.598E-06","-0.4356","-0.8724","0.09114","0.2357","0.0782","0.07886"
"2.6E-06","-0.4373","-0.8751","0.08899","0.2377","0.07826","0.07822"
"2.602E-06","-0.4483","-0.9012","0.08297","0.2411","0.07131","0.07849"
"2.604E-06","-0.4631","-0.9286","0.08279","0.2392","0.07097","0.07377"
"2.606E-06","-0.4688","-0.9387","0.08283","0.2383","0.07107","0.07173"
"2.608E-06","-0.4704","-0.9414","0.08036","0.2408","0.07114","0.07111"
"2.61E-06","-0.481","-0.9665","0.07494","0.2435","0.06443","0.07137"
"2.612E-06","-0.4953","-0.993","0.07477","0.2416","0.0641","0.0668"
"2.614E-06","-0.5007","-1.003","0.07481","0.2408","0.0642","0.06485"
"2.616E-06","-0.5023","-1.005","0.07249","0.2431","0.06426","0.06425"
"2.618E-06","-0.5125","-1.029","0.06724","0.2458","0.05782","0.06451"
"2.62E-06","-0.5262","-1.055","0.06707","0.244","0.05751","0.06011"
"2.622E-06","-0.5314","-1.064","0.06711","0.2432","0.0576","0.05824"
"2.624E-06","-0.5329","-1.067","0.06483","0.2455","0.05766","0.05767"
"2.626E-06","-0.5427","-1.09","0.05988","0.248","0.05151","0.05792"
"2.628E-06","-0.5558","-1.114","0.05972","0.2463","0.05121","0.05371"
"2.63E-06","-0.5608","-1.123","0.05975","0.2456","0.0513","0.05192"
"2.632E-06","-0.5622","-1.125","0.05759","0.2477","0.05135","0.05138"
"2.634E-06","-0.5715","-1.147","0.05286","0.2501","0.04549","0.0516"
"2.636E-06","-0.5839","-1.17","0.0527","0.2485","0.0452","0.04762"
"2.638E-06","-0.5888","-1.179","0.05274","0.2478","0.04529","0.0459"
"2.64E-06","-0.5901","-1.181","0.05074","0.2497","0.04534","0.04538"
"2.642E-06","-0.5989","-1.202","0.04623","0.252","0.03981","0.04561"
"2.644E-06","-0.6107","-1.224","0.04609","0.2505","0.03953","0.04182"
"2.646E-06","-0.6152","-1.232","0.04612","0.2498","0.03961","0.04021"
"2.648E-06","-0.6165","-1.234","0.04419","0.2517","0.03967","0.03972"
"2.65E-06","-0.6248","-1.253","0.03997","0.2539","0.03444","0.03991"
"2.652E-06","-0.6359","-1.274","0.03983","0.2524","0.03418","0.03636"
"2.654E-06","-0.6401","-1.281","0.03987","0.2518","0.03426","0.03484"
"2.656E-06","-0.6413","-1.284","0.03829","0.2533","0.0343","0.03437"
"2.658E-06","-0.6491","-1.302","0.03415","0.2555","0.02945","0.03456"
"2.66E-06","-0.6593","-1.321","0.03403","0.2542","0.02921","0.03127"
"2.662E-06","-0.6633","-1.328","0.03405","0.2536","0.02928","0.02985"
"2.664E-06","-0.6644","-1.33","0.0325","0.2551","0.02932","0.02942"
"2.666E-06","-0.6717","-1.347","0.02873","0.2571","0.02479","0.02959"
"2.668E-06","-0.6812","-1.365","0.02861","0.2559","0.02457","0.02652"
"2.67E-06","-0.6849","-1.371","0.02864","0.2553","0.02464","0.0252"
"2.672E-06","-0.686","-1.373","0.02711","0.2568","0.02468","0.0248"
"2.674E-06","-0.6926","-1.388","0.02374","0.2585","0.02052","0.02495"
"2.676E-06","-0.7014","-1.405","0.02363","0.2574","0.02031","0.02214"
"2.678E-06","-0.7048","-1.411","0.02366","0.2569","0.02037","0.02094"
"2.68E-06","-0.7057","-1.412","0.02247","0.258","0.02041","0.02057"
"2.682E-06","-0.7118","-1.427","0.01922","0.2598","0.01664","0.0207"
"2.684E-06","-0.7197","-1.441","0.01913","0.2587","0.01646","0.01816"
"2.686E-06","-0.7227","-1.447","0.01915","0.2583","0.01651","0.01709"
"2.688E-06","-0.7236","-1.448","0.0179","0.2595","0.01654","0.01675"
"2.69E-06","-0.729","-1.461","0.01515","0.2609","0.01314","0.0169"
"2.692E-06","-0.7362","-1.474","0.01506","0.26","0.01298","0.01459"
"2.694E-06","-0.7389","-1.479","0.01508","0.2596","0.01302","0.01363"
"2.696E-06","-0.7397","-1.48","0.01396","0.2607","0.01305","0.01333"
"2.698E-06","-0.7445","-1.492","0.01154","0.2619","0.01004","0.01345"
"2.7E-06","-0.7508","-1.503","0.01146","0.2611","0.009895","0.01143"
"2.702E-06","-0.7532","-1.507","0.01147","0.2607","0.009938","0.01058"
"2.704E-06","-0.7539","-1.509","0.01069","0.2614","0.009964","0.01031"
"2.706E-06","-0.758","-1.518","0.008415","0.2627","0.007362","0.01041"
"2.708E-06","-0.7635","-1.529","0.008347","0.262","0.007236","0.008674"
"2.71E-06","-0.7655","-1.532","0.008362","0.2617","0.007272","0.007944"
"2.712E-06","-0.7661","-1.533","0.007541","0.2625","0.007294","0.007712"
"2.714E-06","-0.7697","-1.542","0.005758","0.2634","0.005079","0.00778"
"2.716E-06","-0.7743","-1.55","0.005703","0.2628","0.004975","0.006325"
"2.718E-06","-0.776","-1.553","0.005715","0.2626","0.005006","0.005698"
"2.72E-06","-0.7765","-1.554","0.005066","0.2632","0.005024","0.005498"
"2.722E-06","-0.7794","-1.561","0.00362","0.2639","0.003243","0.005558"
"2.724E-06","-0.7831","-1.568","0.003573","0.2635","0.003157","0.004378"
"2.726E-06","-0.7845","-1.57","0.003584","0.2632","0.003181","0.003867"
"2.728E-06","-0.785","-1.571","0.003184","0.2636","0.003196","0.003697"
"2.73E-06","-0.7872","-1.576","0.001969","0.2643","0.001823","0.003729"
"2.732E-06","-0.79","-1.581","0.001935","0.2639","0.001758","0.002822"
"2.734E-06","-0.7912","-1.583","0.001942","0.2637","0.001777","0.002422"
"2.736E-06","-0.7915","-1.584","0.001597","0.2641","0.001788","0.002287"
"2.738E-06","-0.793","-1.588","0.0008357","0.2644","0.0008478","0.002308"
"2.74E-06","-0.795","-1.591","0.0008109","0.2642","0.0008014","0.001666"
"2.742E-06","-0.7958","-1.593","0.0008163","0.2641","0.0008145","0.001387"
"2.744E-06","-0.7961","-1.593","0.000655","0.2642","0.0008219","0.001287"
"2.746E-06","-0.797","-1.595","0.000191","0.2644","0.0002898","0.001282"
"2.748E-06","-0.7981","-1.597","0.0001776","0.2643","0.0002648","0.0009153"
"2.75E-06","-0.7986","-1.598","0.0001807","0.2642","0.0002723","0.0007487"
"2.752E-06","-0.7987","-1.599","0.0001605","0.2642","0.0002763","0.0006863"
"2.754E-06","-0.799","-1.599","6.219E-05","0.2643","0.000175","0.0006653"
"2.756E-06","-0.7992","-1.599","5.97E-05","0.2642","0.0001704","0.0005802"
"2.758E-06","-0.7993","-1.6","6.035E-05","0.2642","0.0001719","0.0005374"
"2.76E-06","-0.7994","-1.6","0.0001756","0.2641","0.0001724","0.000514"
"2.762E-06","-0.7989","-1.599","0.0004243","0.264","0.0004812","0.0004809"
"2.764E-06","-0.7983","-1.598","0.0004322","0.264","0.0004961","0.0006721"
"2.766E-06","-0.7981","-1.597","0.0004305","0.2641","0.0004918","0.0007479"
"2.768E-06","-0.7981","-1.597","0.0006764","0.2638","0.0004888","0.0007645"
"2.77E-06","-0.797","-1.594","0.0013","0.2635","0.001227","0.0007124"
"2.772E-06","-0.7954","-1.592","0.00132","0.2637","0.001264","0.001199"
"2.774E-06","-0.7948","-1.591","0.001316","0.2638","0.001254","0.001406"
"2.776E-06","-0.7947","-1.59","0.001751","0.2633","0.001247","0.001463"
"2.778E-06","-0.7929","-1.586","0.002693","0.2628","0.002416","0.001402"
"2.78E-06","-0.7904","-1.582","0.002723","0.2631","0.002473","0.002184"
"2.782E-06","-0.7895","-1.58","0.002716","0.2633","0.002457","0.002518"
"2.784E-06","-0.7892","-1.579","0.0033","0.2627","0.002446","0.002617"
"2.786E-06","-0.7868","-1.574","0.004574","0.262","0.004024","0.002536"
"2.788E-06","-0.7834","-1.567","0.004616","0.2625","0.004103","0.00361"
"2.79E-06","-0.7821","-1.565","0.004607","0.2627","0.00408","0.004064"
"2.792E-06","-0.7818","-1.565","0.00534","0.2619","0.004066","0.004203"
"2.794E-06","-0.7786","-1.557","0.006973","0.2611","0.006079","0.004126"
"2.796E-06","-0.7744","-1.549","0.007025","0.2616","0.006174","0.005475"
"2.798E-06","-0.7727","-1.546","0.007013","0.2619","0.006146","0.00606"
"2.8E-06","-0.7723","-1.545","0.007897","0.261","0.006127","0.006241"
"2.802E-06","-0.7684","-1.536","0.009837","0.26","0.008528","0.006146"
"2.804E-06","-0.7634","-1.527","0.009899","0.2607","0.008644","0.007764"
"2.806E-06","-0.7614","-1.524","0.009885","0.2609","0.00861","0.008469"
"2.808E-06","-0.7609","-1.523","0.01063","0.2603","0.008588","0.008688"
"2.81E-06","-0.7564","-1.512","0.01319","0.2588","0.0114","0.008569"
"2.812E-06","-0.7505","-1.501","0.01326","0.2595","0.01153","0.01047"
"2.814E-06","-0.7481","-1.497","0.01325","0.2599","0.01149","0.0113"
"2.816E-06","-0.7475","-1.496","0.01434","0.2588","0.01147","0.01155"
"2.818E-06","-0.7424","-1.484","0.01701","0.2574","0.01467","0.01144"
"2.82E-06","-0.7356","-1.471","0.01709","0.2583","0.01482","0.01361"
"2.822E-06","-0.733","-1.467","0.01708","0.2587","0.01478","0.01454"
"2.824E-06","-0.7323","-1.465","0.01841","0.2573","0.01475","0.01482"
"2.826E-06","-0.7265","-1.452","0.02132","0.2558","0.01836","0.01468"
"2.828E-06","-0.7189","-1.438","0.02142","0.2568","0.01854","0.01713"
"2.83E-06","-0.7159","-1.432","0.02139","0.2573","0.01848","0.01818"
"2.832E-06","-0.7151","-1.431","0.02264","0.2561","0.01845","0.01851"
"2.834E-06","-0.7088","-1.416","0.02605","0.2542","0.02241","0.01837"
"2.836E-06","-0.7004","-1.401","0.02615","0.2553","0.0226","0.02105"
"2.838E-06","-0.6972","-1.395","0.02613","0.2558","0.02254","0.0222"
"2.84E-06","-0.6963","-1.393","0.02774","0.2541","0.02251","0.02255"
"2.842E-06","-0.6893","-1.377","0.03125","0.2524","0.02686","0.02239"
"2.844E-06","-0.6801","-1.36","0.03136","0.2536","0.02707","0.02534"
"2.846E-06","-0.6766","-1.354","0.03133","0.2541","0.02701","0.02661"
"2.848E-06","-0.6756","-1.352","0.03306","0.2524","0.02697","0.027"
"2.85E-06","-0.6681","-1.334","0.03686","0.2505","0.03166","0.02682"
"2.852E-06","-0.6581","-1.316","0.03698","0.2518","0.03189","0.03001"
"2.854E-06","-0.6543","-1.309","0.03695","0.2523","0.03182","0.03138"
"2.856E-06","-0.6532","-1.307","0.03874","0.2506","0.03178","0.0318"
"2.858E-06","-0.6451","-1.288","0.04291","0.2484","0.03685","0.03161"
"2.86E-06","-0.6345","-1.268","0.04304","0.2498","0.03709","0.03503"
"2.862E-06","-0.6303","-1.261","0.04301","0.2504","0.03702","0.03652"
"2.864E-06","-0.6291","-1.259","0.04499","0.2484","0.03697","0.03698"
"2.866E-06","-0.6206","-1.239","0.04933","0.2462","0.04235","0.03676"
"2.868E-06","-0.6092","-1.218","0.04947","0.2477","0.04261","0.04041"
"2.87E-06","-0.6048","-1.21","0.04944","0.2484","0.04253","0.04199"
"2.872E-06","-0.6036","-1.208","0.05136","0.2465","0.04248","0.04248"
"2.874E-06","-0.5945","-1.187","0.05614","0.2439","0.04818","0.04223"
"2.876E-06","-0.5824","-1.164","0.05629","0.2455","0.04846","0.04611"
"2.878E-06","-0.5777","-1.156","0.05626","0.2462","0.04838","0.04779"
"2.88E-06","-0.5764","-1.153","0.05828","0.2442","0.04833","0.0483"
"2.882E-06","-0.5668","-1.131","0.06333","0.2416","0.05434","0.04809"
"2.884E-06","-0.5541","-1.107","0.06348","0.2432","0.05463","0.05215"
"2.886E-06","-0.5492","-1.099","0.06345","0.2439","0.05454","0.0539"
"2.888E-06","-0.5478","-1.096","0.06577","0.2416","0.05449","0.05444"
"2.89E-06","-0.5377","-1.072","0.07086","0.2391","0.06079","0.05423"
"2.892E-06","-0.5245","-1.048","0.07102","0.2408","0.06109","0.05846"
"2.894E-06","-0.5193","-1.039","0.07098","0.2415","0.061","0.06031"
"2.896E-06","-0.5179","-1.036","0.0733","0.2393","0.06094","0.06088"
"2.898E-06","-0.5073","-1.011","0.07872","0.2365","0.06753","0.06064"
"2.9E-06","-0.4935","-0.9858","0.07889","0.2383","0.06785","0.06508"
"2.902E-06","-0.488","-0.9762","0.07885","0.2391","0.06775","0.06702"
"2.904E-06","-0.4865","-0.9736","0.08137","0.2365","0.06769","0.06761"
"2.906E-06","-0.4757","-0.9481","0.08688","0.2338","0.07452","0.06733"
"2.908E-06","-0.4612","-0.9211","0.08706","0.2357","0.07486","0.07198"
"2.91E-06","-0.4556","-0.9113","0.08702","0.2365","0.07476","0.07397"
"2.912E-06","-0.454","-0.9085","0.08963","0.2338","0.07469","0.07459"
"2.914E-06","-0.4428","-0.8822","0.09534","0.231","0.08176","0.0743"
"2.916E-06","-0.4278","-0.8542","0.09553","0.2329","0.08211","0.07911"
"2.918E-06","-0.422","-0.8439","0.09549","0.2338","0.08201","0.08119"
"2.92E-06","-0.4204","-0.8412","0.09769","0.2318","0.08195","0.08183"
"2.922E-06","-0.4088","-0.8138","0.104","0.2282","0.08923","0.08155"
"2.924E-06","-0.3933","-0.7851","0.1042","0.2302","0.08958","0.0865"
"2.926E-06","-0.3874","-0.7747","0.1042","0.231","0.08948","0.08862"
"2.928E-06","-0.3857","-0.7718","0.107","0.2283","0.08941","0.08927"
"2.93E-06","-0.3738","-0.7437","0.113","0.2252","0.09692","0.08898"
"2.932E-06","-0.3579","-0.7141","0.1132","0.2273","0.09728","0.09408"
"2.934E-06","-0.3517","-0.7033","0.1132","0.2282","0.09717","0.09627"
"2.936E-06","-0.35","-0.7003","0.1156","0.226","0.09711","0.09695"
"2.938E-06","-0.3376","-0.6713","0.1222","0.2223","0.1048","0.09668"
"2.94E-06","-0.3215","-0.6412","0.1224","0.2244","0.1052","0.1019"
"2.942E-06","-0.3152","-0.6301","0.1224","0.2253","0.1051","0.1041"
"2.944E-06","-0.3134","-0.6271","0.1249","0.223","0.105","0.1048"
"2.946E-06","-0.3009","-0.5976","0.1316","0.2193","0.1128","0.1045"
"2.948E-06","-0.2843","-0.5668","0.1318","0.2214","0.1132","0.1098"
"2.95E-06","-0.2779","-0.5555","0.1317","0.2223","0.1131","0.1121"
"2.952E-06","-0.2761","-0.5525","0.1347","0.2194","0.113","0.1128"
"2.954E-06","-0.2634","-0.5225","0.1411","0.2162","0.121","0.1125"
"2.956E-06","-0.2464","-0.491","0.1414","0.2184","0.1214","0.1179"
"2.958E-06","-0.2399","-0.4794","0.1413","0.2193","0.1213","0.1203"
"2.96E-06","-0.2381","-0.4763","0.1442","0.2164","0.1212","0.121"
"2.962E-06","-0.2252","-0.446","0.1509","0.213","0.1293","0.1207"
"2.964E-06","-0.2079","-0.4137","0.1511","0.2153","0.1297","0.1262"
"2.966E-06","-0.2013","-0.4021","0.151","0.2163","0.1296","0.1286"
"2.968E-06","-0.1994","-0.3989","0.1541","0.2132","0.1295","0.1293"
"2.97E-06","-0.1864","-0.3682","0.1607","0.2099","0.1378","0.129"
"2.972E-06","-0.1688","-0.3355","0.1609","0.2122","0.1382","0.1346"
"2.974E-06","-0.1621","-0.3236","0.1609","0.2132","0.1381","0.137"
"2.976E-06","-0.1602","-0.3204","0.1639","0.2101","0.138","0.1377"
"2.978E-06","-0.1469","-0.2891","0.1707","0.2067","0.1463","0.1374"
"2.98E-06","-0.1293","-0.2565","0.1709","0.209","0.1467","0.1431"
"2.982E-06","-0.1225","-0.2445","0.1708","0.21","0.1466","0.1455"
"2.984E-06","-0.1206","-0.2413","0.1733","0.2078","0.1465","0.1462"
"2.986E-06","-0.1073","-0.21","0.1807","0.2035","0.1549","0.1459"
"2.988E-06","-0.08959","-0.177","0.1809","0.2059","0.1553","0.1516"
"2.99E-06","-0.08277","-0.1649","0.1808","0.2069","0.1552","0.154"
"2.992E-06","-0.08081","-0.1616","0.1839","0.2037","0.1551","0.1548"
"2.994E-06","-0.06732","-0.1299","0.1907","0.2004","0.1635","0.1545"
"2.996E-06","-0.04952","-0.09677","0.191","0.2027","0.1639","0.1602"
"2.998E-06","-0.04265","-0.08464","0.1909","0.2037","0.1638","0.1626"
"3E-06","-0.0407","-0.08134","0.1935","0.2013","0.1637","0.1634"
